ID,Target_appetency
877149,0.040548873642730604
109603,0.008133370623935002
560424,0.034449851389795096
386592,0.007748896722407268
857379,0.02057327407574387
585547,0.045293171393182556
425127,0.0021481298313666755
797931,0.008695103047646818
645884,0.028804887142156014
110203,0.003392092495204372
442587,0.006272733620898076
727292,0.005152003645248951
804369,0.041315590679390404
111301,0.004745867008843239
312651,0.01874087233419294
847734,0.007970475059856617
314882,0.005559711255898167
334969,0.02370903769100946
352618,0.011829264400923675
794130,0.01767743290200907
299927,0.05348807635439007
222274,0.0012458715311814209
758024,0.0776632229392458
788327,0.03636294245669055
864688,0.028828934519772677
119718,0.02932525005946183
408280,0.026527973555815033
367423,0.07917561023156021
866442,0.0025878515931706267
588827,0.04949134127381851
565426,0.03327714892989081
818878,0.002307938624842541
423898,0.0039006270242651253
984183,0.005742099736418721
786575,0.004932148957781768
317739,0.006127344067399527
352289,0.005259339766303009
761981,0.0220168693324677
622995,0.0024993863244421382
785973,0.029551696484487997
254437,0.00835373484222857
181934,0.007499142499662683
753576,0.004439689382198401
331452,0.003989696959887262
501512,0.05499113289060416
350695,0.0025188358165555156
190803,0.0046692074772891395
886789,0.034757108567962644
879273,0.0034408166786208407
571363,0.06536041823478948
829376,0.005199913656786165
750366,0.018767044927841953
879384,0.007987383753400632
111801,0.006961140672194706
919841,0.0179192878059406
634021,0.01570837142520786
764737,0.043301970481691196
525234,0.006017480695731219
405136,0.012492685831867687
574901,0.06839218108177256
400202,0.015954038817591536
207417,0.005057686216255609
787199,0.012318417548774795
402016,0.03679140503930287
656801,0.006385064439818013
619661,0.011396238714430046
734906,0.01071233208616782
973592,0.008251462292019453
813507,0.010709448704288858
717943,0.011064781019591715
502097,0.006434297379821876
719164,0.0741359020108038
374254,0.056325056166104885
338221,0.005418515709562495
964075,0.0061310429030017755
739351,0.011507748565245342
336214,0.021390315328806857
845705,0.006690755256768756
598404,0.023981608575076606
474513,0.022150124464061755
497100,0.06489231495371768
324394,0.013451275841702253
983001,0.0027223106876266842
121496,0.015015454641775356
302244,0.004890037928777287
290355,0.06869843472423542
520141,0.027580215492433682
274870,0.017738442162465826
640908,0.0055065031136363445
436509,0.006655537857012984
811324,0.023025555965045814
909865,0.011184513860695876
210079,0.03532463561288203
304879,0.03660007334852526
706351,0.008963457109959114
984129,0.014912481119724501
817221,0.022123585867735603
530553,0.02351506937945919
281492,0.007462012037932678
483107,0.012616374779122941
117774,0.006151807002642735
455381,0.006833636837241409
410322,0.03330955678302137
992173,0.012434131221442763
255408,0.0023431640669188663
929343,0.006478027196625018
112583,0.07393291477192654
218649,0.015005032508679485
902661,0.015218082296192622
871563,0.007294615752065031
864742,0.003402699638312109
642542,0.08506290028904699
547402,0.004225316231773755
303137,0.0076169092671323265
693551,0.00523143655992706
449998,0.004271530061595987
699054,0.10225358811897621
141939,0.0035518906806198034
687870,0.003399371145689416
141454,0.10322649598549553
665557,0.06372044298606118
318524,0.00391193896694479
649593,0.028103354635496416
180856,0.0049452398177016865
473885,0.005165646916388594
347593,0.05093277371540588
607389,0.00478201373686111
115091,0.0124207256700231
531983,0.005573753781981409
812622,0.005377000840073249
759359,0.014324231818923434
359039,0.028392125996249053
290606,0.00790127483835397
996775,0.033380747932518204
157672,0.008507836700919128
367117,0.0059686811373722655
875623,0.00820719190301991
103522,0.012154012779709083
686120,0.008832207577529942
688459,0.05429644757554361
759690,0.004490088589910097
861354,0.01063338781954219
619332,0.059119307391358275
894958,0.010850803459032644
275030,0.005172355336307461
756109,0.005333388662505116
836312,0.08385110731890082
913369,0.005692351012001024
238971,0.011539408655875659
975165,0.0016465381070735192
644027,0.0314468593924602
378354,0.019513385894710265
327015,0.014629658587574866
480506,0.0046419933678278095
835233,0.008041117413605189
589847,0.006101373651619679
117808,0.013180387128085906
700298,0.03295954889260472
292380,0.0040272995676462735
935982,0.028711973338186647
213079,0.027822162831361342
443235,0.005759229116616919
990423,0.035507677349240464
532264,0.015724019650541533
568766,0.014857763388380343
871595,0.004914179898919933
154705,0.003912032289998344
968468,0.023209189326432293
979680,0.011743471415837857
728562,0.004132484827043375
119147,0.026308353272770663
771053,0.00458369957241506
433332,0.004230422973899136
581326,0.021474577401165793
793141,0.008790161948895831
952945,0.0036028772466333895
641745,0.023496740248044625
797286,0.008123339790412578
537046,0.014615220533408132
234857,0.010566961652975711
165100,0.009175402423983625
221395,0.0061733308606662625
858546,0.004561431499037112
748967,0.004369544499864241
532105,0.017198557736996637
764698,0.003787819401510276
704796,0.015033355099335309
567903,0.013441109074238311
787541,0.015710261139017533
125797,0.008102296279023794
898641,0.007195125264210038
243795,0.006755722799218192
480992,0.05771343230859631
382276,0.027909454200923844
772593,0.004174928573071586
669499,0.012589482001005712
571802,0.013212251557579024
125594,0.09506039444694869
393363,0.046136723214817155
885943,0.0039401734869006005
836265,0.0055598506528195465
704526,0.003573466653575809
230111,0.009277746630322747
477153,0.005807416087130741
663986,0.02102584078918299
962564,0.20099698380191908
746261,0.01650285925213258
351264,0.0037344608129566085
119021,0.006330093014756621
794707,0.02970676806933996
116490,0.012988241497931954
136921,0.005570961691214441
453127,0.004532794556493692
371985,0.002042780247426498
270598,0.040875527745141325
531926,0.012240928654884796
292404,0.013682413316459658
959733,0.008460935368241641
925602,0.0020675233240955086
724704,0.01920773819051631
150282,0.004193917682863348
330112,0.12018828835838005
695583,0.00948930197246822
653776,0.011015288598448294
923278,0.028007799138753415
875912,0.04079030028095515
580094,0.033084814382017595
268243,0.01623158819739354
162782,0.016092682074282817
648936,0.030169197946492473
611249,0.007344087867262501
374540,0.005908186857727255
939172,0.0030445760478521717
835113,0.00703007908196198
283850,0.013590701270276314
665602,0.059632333330394714
365708,0.0059162116161056355
931762,0.004977759711761644
509137,0.003019466928869446
966306,0.0028700479766915793
230712,0.09372225728287005
543674,0.035380590468666005
217003,0.00824823296262654
301652,0.0031643770170788994
177659,0.011914654021561069
363364,0.0039785593206842895
979115,0.026279141297912426
310977,0.0051140160966886925
339539,0.03032737846494077
449694,0.009524848928041523
756545,0.010807708645312513
975052,0.004984278865314895
547416,0.026743419366003295
682990,0.01133490831181506
380700,0.007763391902004675
760484,0.00816521820494468
589231,0.03158670598227135
925935,0.005072975150825158
782147,0.007607279205680075
433111,0.004585663679842776
165086,0.01545839606205435
541330,0.0028240018753696917
609900,0.015099724763065746
166529,0.013346248948642265
622779,0.008151658906583337
550509,0.011584874611236697
978305,0.003230189403898489
411295,0.002868542167453889
379781,0.05898673273151859
877739,0.004311264951805424
890856,0.022379000636215975
448302,0.003913067257091746
106958,0.006724655311242709
764785,0.005833872011368784
500525,0.012085302403750057
621967,0.004607486853480641
573582,0.013025535875238185
505334,0.004553973633330383
418144,0.009005832107483827
750749,0.005360364770091803
832967,0.0056731610442748775
732595,0.004542270538949317
814705,0.009112245975381466
288605,0.0024174666818284544
266990,0.0333472053257404
142016,0.006685901695134855
489454,0.0036369768590448154
176509,0.05529044266959968
350013,0.00689082229671139
553657,0.004418116214974567
224899,0.018772555181501133
995553,0.006827779480478811
466130,0.020515569682561408
890093,0.0037699993279810013
793826,0.013096218101694408
905113,0.010687078921508181
742987,0.013233322475301621
697769,0.004087901182213887
340599,0.014022234420339568
802241,0.008916316633824556
754965,0.0131763158872771
316873,0.04133337213820513
650303,0.006687831589249355
956499,0.014182879848598782
970583,0.002472549563862346
394998,0.012532473238873859
420196,0.007409669111413952
145730,0.0717493176406401
538022,0.0036358417105198017
694138,0.005615972892618075
383464,0.02070769419907261
493842,0.005820163060241363
132891,0.003822531845918854
963545,0.023844841348969213
296815,0.004539586451951086
702210,0.010956180126146655
351419,0.0025998555844168668
231323,0.042793064386230206
287502,0.03725967985320425
902096,0.02493109568057505
365650,0.03379598051118518
687570,0.008067690434561759
640333,0.11014921929583081
400673,0.006476406621819492
957857,0.005924915428737191
120551,0.003941684268709427
808636,0.041174563110055004
364667,0.0401848158057183
667671,0.0034144859847934092
466716,0.013622727621177463
714118,0.003951012854607015
194461,0.007072093221677175
578190,0.0064968905768143575
286361,0.06865888345081775
868147,0.01016345692165446
343337,0.004791756111232332
230993,0.03394309464867682
720326,0.010997986812088504
373093,0.025098899000336822
527285,0.06177109786079201
598937,0.009920022775432339
499209,0.03814591560835837
172521,0.01255717713874663
624241,0.016035510630400922
610712,0.0024100026955736166
907588,0.04525556690798463
305705,0.012915036072894789
686960,0.006835936424848254
553754,0.001762780190256534
559579,0.007358136406395134
349196,0.028951166349228428
115575,0.04540336807178444
602480,0.024806572958401118
185877,0.007747012122944425
183038,0.06946893539237171
283952,0.006674282623349937
313345,0.003376703957970898
148901,0.02245421087149585
108006,0.08859344123439539
121934,0.00225976265603204
991479,0.01476881142595944
664234,0.0366524223166981
565815,0.006161746595921005
704028,0.0058181892527983175
824578,0.0033973244878645146
532721,0.0049088737802864355
600520,0.03606460329415317
945744,0.01744158918073481
614781,0.026376235175730338
181226,0.003157761045164399
593690,0.010083970530765736
234794,0.013667270257135305
449189,0.01019837250553717
453616,0.002462135704333438
452231,0.009346423445424412
790031,0.009817701296613744
847176,0.0025978336309678894
116882,0.015983862012094882
287485,0.008339079556521025
408327,0.007768131698289703
175273,0.0024236980793276392
896140,0.02007117091691074
712451,0.005073976315713773
437439,0.01222477486321382
756262,0.018540831295595587
887273,0.013961202489990106
700566,0.019250679533868
989809,0.0037933320679357846
614651,0.00655049578810493
966020,0.05319464363553432
133516,0.022078536384499584
374458,0.004087644009137609
632279,0.026396350983531186
238069,0.03688658949063479
349102,0.010974435001876339
170028,0.0018719625241930343
475618,0.003344029864865878
543547,0.03166804826379818
303994,0.029898508823747665
335538,0.007652105056263455
890423,0.002542912448007345
202800,0.015585428726566382
860599,0.017392559988384276
296910,0.013409682038684879
444626,0.005111293867472186
632961,0.006304223094315574
515121,0.012130246727662245
204858,0.006959875037143964
710826,0.01240272836793414
869548,0.006167125343798657
766452,0.013015977882824116
531437,0.006836135450769883
939799,0.01505901406970451
108790,0.0030504642414178763
314911,0.004403152075457831
126724,0.041901670026406664
264503,0.1294409994092293
919152,0.019751351899734176
609381,0.005174387170829146
561980,0.03774856915109249
930012,0.04040436588097097
978536,0.008140756920990432
697809,0.017928827962554423
510356,0.004650250260039898
666857,0.016782917322955105
311830,0.01358638662462172
438738,0.011961198201162378
633091,0.010906504266341018
190590,0.004711403698982194
597161,0.015049799186052799
468540,0.07909470333898691
811133,0.0087043309918061
632570,0.032884557173798595
893640,0.048108507649557285
530953,0.015214948303554283
607512,0.0036083338975933105
117142,0.02845750123959535
446964,0.00751039253736768
704925,0.00796402654612946
827489,0.006913342361843675
922217,0.012605592515894038
347987,0.006109762281702482
840973,0.37101011006356993
878309,0.01153866779045559
233557,0.007542846027456196
503732,0.023423175397933597
312701,0.004289736392681494
536309,0.0025554161846710922
344080,0.003542878349541205
662291,0.005127756553553814
977673,0.03489813891392321
712236,0.01323477620137297
429289,0.011170976950882516
368151,0.00609096633293904
744846,0.004057726641511978
588316,0.02335094325744305
571967,0.012990025685196832
177018,0.0058081134956476325
430130,0.020432423831166047
334540,0.03915098301070463
385132,0.007056348278549606
762178,0.042154431486990517
355589,0.0031982101873358473
561860,0.008524039265133329
360605,0.013134841224251558
814690,0.0024939778947904293
454885,0.004907538345033662
151025,0.006168474604136862
589137,0.030897161330693625
283265,0.006925890951655888
976374,0.02553354327627509
497082,0.007458247321167162
336490,0.004576838649394932
387169,0.004820097311944236
586600,0.004592041940331768
919994,0.03748334588049508
638047,0.012222609950920678
746542,0.003946245267850471
838267,0.005488218763682953
389321,0.018848717978253254
141364,0.024825880545899525
230418,0.006442133912329265
554528,0.005790472290851564
671985,0.005246646873672708
679716,0.03654612089361878
539967,0.14672745036850388
646707,0.005181894690540306
712589,0.030252396771992138
179571,0.010871450288155237
389120,0.003761341792168787
954253,0.01818832479169964
516025,0.02394803496920969
294436,0.003633820979524115
747946,0.05809527269726557
325976,0.020199996910121903
974706,0.018710925555259064
638292,0.017891423735434616
288410,0.006254722481613116
190521,0.0027328965393785525
665003,0.02454634382540322
916041,0.018098151092557534
414593,0.014153270407148982
606669,0.028201872058851985
481587,0.014392248190792972
550969,0.0031549531012015435
161130,0.015435133305304083
776625,0.09039654218504556
474594,0.009077818827293953
219913,0.03486223710243046
867270,0.00976803203413426
357253,0.040892872619830455
762075,0.001981212965636796
716241,0.018054333874390018
615201,0.012093481761131493
312337,0.002418588240236766
731785,0.008606999961486164
388514,0.0035776084586904796
430109,0.004555269351636673
414162,0.008051214075577908
898025,0.0045271533183571305
674826,0.026959838377735874
914661,0.04626768708302593
240875,0.13839603244041557
960333,0.002904796102000953
893965,0.007256307454912928
182240,0.008585699998531822
303756,0.003262913022541445
214003,0.008994632303833848
172468,0.021067869039163106
210888,0.006868146360212482
361234,0.050970687065324496
112025,0.0057150224117442725
939430,0.012225893611761228
643321,0.0052674567996226175
478702,0.006787020181194688
804573,0.009149759359535714
815391,0.007069204957121481
659182,0.03365996014339138
609667,0.0030672982487983656
986513,0.003233120413583653
630928,0.05433216270051884
901291,0.025796494462908152
379833,0.04401786346817035
715234,0.013065592790761821
885745,0.003009146022947966
832318,0.008277521281288785
685614,0.0047688704464141935
600706,0.01245920887184377
717976,0.07859828267206438
200129,0.004907538345033662
580462,0.004353793737105038
217885,0.007565305462636991
157944,0.1650142663634499
907642,0.007898866622381946
148682,0.033710398829611084
796697,0.003414482048198102
932438,0.011212306612324295
537446,0.02568381537510632
836905,0.0049974321316919364
814831,0.0018522932390374687
488075,0.01437870996884696
475963,0.004572350057807865
507637,0.11162307093842985
387282,0.007868612021689422
142248,0.009135358418876728
300757,0.009743778235223636
426888,0.018724754889324062
829915,0.010537604658484993
947408,0.023913556813072796
592651,0.009065345440394773
465539,0.007480123905455763
765956,0.06579328115293111
758632,0.0051634659751825076
317994,0.017369499179706673
150129,0.1121115391710392
657256,0.003322623212630667
711005,0.014122222405549206
647037,0.02961841459521546
365453,0.011141449743315551
448238,0.006203864506515384
531959,0.017305954620748
619956,0.003755282966556067
901127,0.004907538345033662
494484,0.0036302795127762656
679809,0.02228558863687044
280570,0.006963754928297676
711554,0.009501205903949036
998697,0.008963366603511503
675494,0.011032377079719826
303648,0.009049253561684992
876953,0.0024866416251936203
255297,0.013781733729496235
359745,0.010215608741359294
659955,0.013959837125336464
663769,0.013819793910220448
834167,0.003012086192206798
852295,0.009656879945533228
844733,0.00823180005757821
307301,0.006301140859363437
440445,0.007125926404270683
513637,0.035141354075870025
566209,0.023662911556823367
148358,0.029524717370362972
938183,0.010589365788552097
973620,0.03821170343954852
930234,0.049262789374934994
299228,0.07923351968288904
226527,0.15213639315520727
314297,0.04470942320351236
581997,0.008913317702194454
773658,0.006771805209387888
985479,0.012862583396524862
299785,0.001716171873310606
301544,0.003388486825124475
717725,0.030391328907462475
655320,0.011223276778024045
311487,0.007747108671418151
397308,0.003367754687374534
861309,0.007138801850395275
513104,0.006594930782020945
452736,0.003599284784567313
849964,0.03167079000695057
257828,0.02292633599363882
139212,0.0032578158697696815
235443,0.0034352839135718214
222364,0.005796938835532688
987748,0.029507570788891803
905224,0.004142082668057398
513680,0.005772220298762564
115424,0.005516284156010954
761617,0.01241191606231193
547318,0.015427645049753799
799385,0.026451781311868285
306911,0.008135923412414871
379548,0.005064249599976773
546548,0.010689995801429627
296526,0.04205167475064215
157683,0.003344374923155994
578166,0.0022304630840137844
377840,0.02033922091379295
357364,0.013564915532211399
393373,0.009417077122062726
724139,0.01216400606001884
918331,0.008146662887958572
841507,0.0033695328629911292
151775,0.008393954225498107
318691,0.010255251979197398
696721,0.004218983372116979
424418,0.011005433407723687
880029,0.011396900276487192
223617,0.0022947592349975504
117946,0.011155365504388127
170647,0.00420066962238545
909096,0.011199463094311114
533192,0.004631882083389718
367743,0.01351338860565009
171809,0.008754911415326076
276281,0.005265804474175843
191735,0.005698090867291953
680425,0.022631558431039245
743853,0.004754996012415982
790966,0.05551119946149803
585626,0.004550932770456876
255891,0.005996960576758759
665450,0.031035625695494902
728010,0.0030333933249496762
973919,0.005904950008937498
595916,0.018461801502250567
935332,0.08971319642593406
718428,0.004600277464289308
465958,0.016021157523978927
431534,0.0025113912717523936
995561,0.004501703596998361
703648,0.0050629985720161
337482,0.0044096738236205765
274841,0.0439836313968799
426611,0.005120516831765877
775892,0.011079338093765817
835467,0.010516895104741969
850700,0.01673845671161878
820617,0.03416409496073474
382934,0.016258842990664393
677321,0.004525111214163682
328956,0.005396622335786504
376595,0.003494199336640915
348917,0.01491538157073885
462756,0.006613820986696579
315729,0.003881372929121248
382182,0.01803960465405723
638175,0.005726971215778929
171401,0.011611584541148835
271742,0.002416229300577733
225841,0.00950425230724647
476562,0.00664689276469128
290867,0.011525388822207995
870648,0.02886867932753481
598218,0.012172096388987929
454261,0.003320880754618506
846934,0.007560265058975081
205471,0.010925124643629418
654808,0.008784017449211173
531427,0.013423320189910024
466767,0.11588517470093253
271221,0.07216027411285675
487277,0.005254535219818804
855702,0.008714520341783234
608166,0.003232023217496486
175888,0.020082263616852412
420260,0.023405336721573945
739771,0.01467531177310037
583157,0.01908079456993429
716124,0.008853916204903297
968671,0.05137908955617813
405775,0.002989412279518478
751607,0.006116947732056367
607958,0.022364548608678435
464488,0.1111281686578711
996877,0.007293981950191125
565338,0.005270861828976403
108816,0.008036231360675985
801448,0.015443320063421742
752572,0.028902903134549383
766352,0.01653480323151092
498191,0.007261728766301662
724445,0.002617697351782151
698913,0.016398482352890067
678175,0.012205434202173768
879993,0.050123834400631874
627176,0.004801722055538819
681587,0.001876328015159513
854026,0.028840812295381154
655713,0.02325543538800855
677117,0.006224611950185429
886901,0.00794302398728764
511347,0.01595061745389597
198535,0.036934760891314075
162312,0.01613175319563783
138165,0.005800306770116224
948839,0.007002908400917003
812270,0.006935442706353373
994935,0.005627250065309424
195888,0.012404809722218562
955058,0.005900067454103322
772740,0.03263243612291562
488222,0.011268572776291272
757614,0.04106865899861366
421534,0.0041276185980644725
531384,0.029285390754968485
975072,0.015961112979023813
785996,0.010880065349697595
607639,0.003580115398072004
740231,0.01955748367879791
774534,0.003818698384893597
684904,0.01264179276084084
504955,0.011573026634189037
584604,0.0025543404745797574
947601,0.0078012089546889265
732783,0.02416042343974095
514561,0.011479886290516866
613334,0.035919772739163136
708400,0.00892949817506272
538336,0.0568405835869663
869958,0.04421061294525056
317410,0.012182622704604747
985403,0.004503776273208307
646238,0.007175855157077363
617422,0.00981781840193143
754273,0.004455520615898358
574323,0.008246732302562048
114804,0.003245731339621915
206722,0.005505282733848472
728811,0.014414741211423209
116681,0.05695927563588416
361824,0.006480493853029146
993396,0.03423709786961616
930518,0.04610636160440972
336550,0.00958237805397049
914659,0.00695270154480367
369860,0.004403152075457831
125692,0.01764628165482864
859354,0.07446122158967723
172056,0.004423563839323593
433977,0.004279828780273806
649667,0.0034856325888490323
106922,0.00796263478273511
132543,0.006567190260510834
915063,0.02274681509650762
937006,0.00899989248730081
692769,0.014170491377793911
953062,0.006069801558471396
476609,0.021290956821184665
981311,0.004512321635472115
725449,0.025976574091460286
367224,0.004101615396940609
423147,0.004212503220365997
816088,0.016579286755695234
362337,0.006902996101729741
829515,0.0023075235054301328
267341,0.0034101747464891203
459542,0.00892534119959491
369807,0.04171531001418288
121699,0.055987295172195854
801359,0.023858728648149717
564951,0.010531459854676416
125514,0.004501404978154446
195763,0.01269121289987177
577848,0.002806313443732432
617490,0.006678152483237873
926805,0.004470658707670812
280128,0.00508552478856504
778841,0.0077012482024859125
724922,0.009450839609579764
350617,0.01238662733216869
211455,0.016405349781756604
678027,0.01119863124143292
144758,0.04082401498354996
601881,0.008294045495934974
963264,0.011400026362165857
622920,0.02914892302956852
583386,0.0047614688601507575
982969,0.037922595326627416
425907,0.01511779107559203
287507,0.003592013380923864
897283,0.003042855203095881
464252,0.011313108610729199
763228,0.01079544391051065
361639,0.0076522884530237055
324561,0.005438800442215241
647821,0.008603721850944577
799470,0.013096062368101687
797778,0.005707036487783311
277798,0.009456532548762818
718974,0.013204980757433878
399957,0.005777178106189116
464507,0.08358319056624441
210216,0.01359091177707625
457272,0.03188422993720405
207132,0.014478945993329316
854234,0.01762366926044413
810270,0.004897746240532267
763594,0.0023307076077449256
462850,0.015104762206200058
653092,0.03740428610606904
226316,0.0038634593508715676
224981,0.0028134414619134396
198415,0.002429902534126523
961651,0.021076031960593974
216875,0.012220489845310824
671850,0.0030212730127213523
810473,0.007746605060555751
534099,0.005516485793318617
423275,0.006975709183357529
643142,0.05489527459029125
664761,0.012490357338785025
597393,0.0024090317373332425
977347,0.015371498833765977
629069,0.00272324157096568
481324,0.005284719108248235
692746,0.01242303042961687
863125,0.02315138163868276
121000,0.03434126222608789
888569,0.015072355592219904
763410,0.0059976255080704316
272569,0.007788739102673402
108616,0.01774640979274174
417142,0.005773275316473077
898655,0.04944923062346412
673555,0.006760894503401643
194366,0.021815827936618095
909429,0.01268947994924405
206874,0.03858700255047264
725526,0.04277162950887614
892232,0.02233234978740307
319714,0.010278735280768586
737581,0.010848280732220137
632326,0.02355407522306152
719554,0.011045052766121527
382162,0.008731916447582639
919757,0.02160372533969832
712686,0.008455518699865758
424035,0.005632581664726729
849317,0.007856032508136756
323426,0.0061607146181711205
507276,0.01694253884614654
804550,0.00942820913811629
562694,0.03553043024798524
859242,0.0027520327546678375
466237,0.005909691222402539
303873,0.0034935112929604544
182330,0.008613642028354988
779631,0.2518090219927316
136101,0.01085704606136907
239283,0.002906302186149902
445970,0.0054426230446762034
890082,0.035373123478602136
344655,0.0019825702506960706
626288,0.004251130887796318
365092,0.018793210871528583
525270,0.0034319107616601957
248396,0.006563133112883336
979931,0.004907755656577935
953518,0.011525093513513747
733445,0.003517790270246348
167549,0.004514261667845625
288023,0.01921021478502141
977163,0.02903417590463101
679618,0.005908265400855567
327369,0.10324095487778226
975973,0.01201354135432121
902502,0.00823285036029096
290432,0.010503425789816048
307907,0.012542977882612296
641153,0.018156135962503695
550146,0.04381752825735074
632605,0.012695439800592751
766988,0.038103152169664
515415,0.0048220222363976354
601006,0.04660942042905781
438324,0.017109943160391803
438208,0.011611804433759814
807223,0.0041484103164153
622502,0.010458079442172136
112632,0.03149421369497741
591780,0.004737047968472729
833323,0.0032454700218337304
859387,0.015037883837595634
578511,0.010431069408894092
664322,0.009500764901349977
398728,0.004907538345033662
346127,0.0052419951042623324
219835,0.0025982431736689786
874191,0.004716264879898459
112111,0.027019694451732256
312287,0.0340181349676575
113732,0.007713652275433712
865965,0.012687727592370952
614922,0.004862423266476267
307934,0.006200432606020001
212979,0.005217729274953538
258855,0.021821420143357757
833023,0.050932830857387264
752165,0.015799296413694205
489129,0.020225666084837522
212064,0.0498920849814296
426651,0.011904008113050365
841397,0.03566231806400355
409941,0.025766471156291628
551486,0.004432959154411637
524021,0.011486355595281543
848220,0.006560495520251755
289710,0.006980484331909477
405209,0.0050192603938421865
683567,0.021746991243628166
869766,0.023119227797732456
913478,0.05654011880744676
167610,0.015023475592505811
120864,0.01131026097995506
336458,0.0046722009932876046
517131,0.08602888630835859
721969,0.028981578028251534
911013,0.05018868276027139
450884,0.016183978734730944
213333,0.005148857736181313
931539,0.01761697402241331
654377,0.0030564521695726947
494418,0.03270061108349342
679745,0.0047272246469129715
589771,0.009771449501099552
186540,0.026146527391573367
755834,0.004201839764248996
991047,0.008203861597341777
853664,0.00458066838571239
650375,0.005332434955159881
475619,0.03952226964705196
873626,0.03155084434367631
501176,0.004641936427532678
575644,0.004513828821837424
469373,0.00482487759396573
648421,0.013587731015327762
856252,0.029174402169732674
801006,0.004465096467266786
172650,0.018297810956463746
205679,0.009414545219472542
445368,0.019467519835012315
114722,0.012133540440927817
701474,0.09047407924565391
867215,0.008999981719454871
569590,0.006740375306250623
142768,0.005476081276573407
837338,0.0954554913050145
340835,0.009781064606229444
284936,0.004258812530724325
794327,0.01229616526476292
424600,0.003037982314444835
499550,0.0093581284672785
503362,0.006414574940812911
505993,0.0052405605509943595
800352,0.019997903350643297
779125,0.017687024963525498
426919,0.009503668771107957
833402,0.006881709264773453
509245,0.03768505465946219
974717,0.012176808672407224
678840,0.01424312608904443
781804,0.004013058070428954
397395,0.013631916589573584
488304,0.0025342668673017737
409872,0.009731313813946098
102312,0.0952859648988294
929830,0.002381813718606036
495637,0.007904431964191704
575314,0.0425087222651186
665366,0.01668842383392515
684630,0.012487043427235053
848046,0.004267524168420378
686457,0.004980510972342407
312219,0.003044675641028553
587159,0.015296000681845532
554545,0.013905808303212265
826975,0.00690875258876225
301871,0.0029925239156669272
749754,0.011793488733344916
225726,0.004908661278406593
288147,0.003551546577103453
748015,0.0025896803902486446
307389,0.008359822283472115
403270,0.01909924535595245
167520,0.004676068817967829
480000,0.06912818009209494
847783,0.02613273742207869
124249,0.0028264648549780978
333767,0.09193083775202333
585535,0.01932468300304029
552045,0.0034722875116058515
825714,0.004791347263987578
124307,0.002365097164237616
134486,0.007932977289443942
120223,0.010056617203296227
203690,0.004742656036747788
370912,0.003444532720563324
373667,0.008891323162863642
433497,0.013291723266529647
311334,0.01346929923333021
136523,0.04385990325324503
689620,0.0046172821119379115
741784,0.03520982806025864
206868,0.005640285700549907
446443,0.010448409080207551
852672,0.026865383294481886
554468,0.004432959154411637
343815,0.007250719603827423
892563,0.010125926160709255
154615,0.0034016302109107434
333850,0.04236322603920637
539098,0.0034645732543277263
297417,0.0023715015170759717
172852,0.0050891296981270375
418262,0.011697238609402099
814411,0.012785559260340865
663281,0.011758431245623405
323985,0.01889761387954956
387130,0.006500709253143617
461699,0.028246746251802946
658977,0.004223037327494892
633317,0.009498932850253047
692897,0.0064749253554051076
793398,0.025270031497765504
514989,0.038465110711614334
314892,0.009346794914099616
730842,0.02080763661007498
536829,0.003100410925168965
108095,0.013372856099259828
746240,0.011838155734552951
495594,0.030229290048723274
774559,0.004044975684642005
116386,0.0042237488161470625
142414,0.0114471936914046
404049,0.006444072549941637
569353,0.012779951150110904
203404,0.031540632409548984
674234,0.0058006767559398995
220093,0.01853020379288968
138909,0.021505296583930352
752665,0.04928963076875056
676216,0.006820241387303703
223552,0.016220626004534177
455875,0.006072167219386587
223928,0.008136056946886155
358208,0.028322559645818708
501031,0.01701994589168202
891326,0.012702407699006227
372765,0.04861293591216013
919235,0.022883475248172098
937879,0.01024521439272037
788062,0.0041149634120827405
161523,0.012782831608446097
834010,0.007001540117727043
519302,0.004907538345033662
165287,0.03647774413914761
760184,0.007401969395805955
950078,0.011136031701611857
402514,0.011321888504258115
872757,0.0064387190146711955
627574,0.1500562376118462
601712,0.006077935455725872
892412,0.006803113104320857
708761,0.018894748358741418
151988,0.012507974186717912
482771,0.008956961973827336
883007,0.0083577763967991
346369,0.0023079311972239508
497255,0.04460134068063925
825335,0.004283014305307258
236089,0.005475738545849595
497476,0.026111216982940604
945915,0.0060793227924896024
873691,0.00529438334821682
861074,0.0028982500007199608
441676,0.01739556759208153
575459,0.011133308542233466
814378,0.01144896893114995
825183,0.014914643861262674
972371,0.01584834455301947
562663,0.0032317721331747247
872394,0.020268938996618267
127519,0.004225947528377398
587073,0.010529692610744311
371696,0.006540122088321193
376549,0.037554368683166035
820830,0.02258234661949967
421655,0.009080914479281884
167386,0.004825563203147555
445502,0.07211677999154718
476149,0.006870411784134223
633782,0.0061369659073434325
492481,0.04678677979508952
894253,0.0048133763235837885
758414,0.007045881154072443
541338,0.003822805802240324
483149,0.010601896958077341
100130,0.0030106451029114517
634312,0.012776571363968987
912949,0.03613189650282323
167262,0.013209023487322957
412287,0.008919909016300588
956757,0.009660171853714239
592937,0.013488558844549475
812141,0.09263830491120348
737947,0.008094975888182195
285076,0.009878797904509103
783270,0.03279564716263014
279004,0.0511803944136347
124822,0.008815678549423181
126681,0.06341695466350653
721536,0.00447359883251642
330907,0.0077440997684431355
729689,0.007106086853512734
275422,0.0323572323226717
868720,0.012199277607479976
673642,0.01819897591702968
749711,0.0049406740397110295
112029,0.004911632276026732
271618,0.010154465105452032
129716,0.004186422637390981
306179,0.012041678858875055
124393,0.0033448712884370656
359967,0.006053552829548626
242939,0.016116615334201827
244456,0.008163417763333007
781230,0.005155480371898156
737953,0.009669110964946584
731823,0.031081183143799547
788424,0.0022985517946156253
811646,0.011540660449924458
618815,0.007347248937239448
236734,0.0098184363672041
248179,0.003064560563843109
845244,0.008881078380050741
103933,0.00448807855009981
755176,0.004120360663885495
141567,0.003519165824227569
861689,0.005059077013011084
231455,0.005430417520796558
411977,0.05354901461315346
678038,0.026214906351671143
734909,0.004319949476579063
239615,0.003996709358062965
549169,0.005575991517687269
483676,0.00486154550070987
121379,0.003626990625750991
263074,0.009884160062175145
802623,0.06379151821390615
613930,0.006862536914073313
875462,0.06182351462833365
137324,0.024713300817694704
494874,0.014325740406101134
475530,0.005055182205851366
296747,0.0073973878673432815
903949,0.010409061504264605
205123,0.03032107935488032
775565,0.006998681307155926
312341,0.0018222409382800029
590469,0.0025266132676545474
210455,0.029074490255977293
129283,0.004907538345033662
676883,0.016908487655570018
553740,0.013136746622499938
831028,0.0031168034046495387
696913,0.005099944861601172
696940,0.007695759744463652
985781,0.0025257465858962297
631748,0.038412773466361384
585618,0.006827578620232361
850026,0.005719113207855625
431439,0.015613101001855601
495334,0.010341489721136177
618168,0.013223240626584696
261714,0.0035361893534536877
736756,0.0041677068409167505
353383,0.017998464161664857
523054,0.0034005633920570614
573258,0.01018871907289007
291880,0.003566090580703943
717667,0.003541201243447837
606671,0.007478354521221486
699507,0.036147362914249755
121433,0.004024042194408775
947094,0.0073507119873353205
920054,0.006093949673183526
840345,0.026288089203292585
643100,0.03076463621110259
163729,0.04561135543176215
201647,0.01696722662972311
431857,0.031643881966174126
226023,0.010521876734076558
731507,0.013771897902561381
271697,0.027810936018096893
118126,0.0067332370605773725
605506,0.010944855826650984
928953,0.012790950732638291
840391,0.00939017328939142
323899,0.08669386074983224
962563,0.044782726484026224
469922,0.012878772067122917
715505,0.015532682410229462
112645,0.007439264200739735
445782,0.004400173133756799
167924,0.002080699273575749
757122,0.013654232893140696
121188,0.020156289522058963
111175,0.008174152548173674
831381,0.011937014498401934
554221,0.015439103859772065
201771,0.010570649372857868
376204,0.018240884667555322
142518,0.0800967379659673
570205,0.005718992425357377
454507,0.09363481532360332
504849,0.04029801126137677
566538,0.004002395396411604
320627,0.007211601962627515
718400,0.03244381483555996
719497,0.00997837651946697
941410,0.028804084161279747
548567,0.0445770440523098
837137,0.006055835803017381
554549,0.018485147578582876
500949,0.010501490852976369
732705,0.012771299474858406
413378,0.018530665364111003
974231,0.009332001574337525
594905,0.003373599752194945
966349,0.014633330880956773
555667,0.004466107411812739
966183,0.00595670357616448
488856,0.00712238408218279
553220,0.027288666960415552
709648,0.006730882080643903
515211,0.01677531719678738
332516,0.03558203042754302
161101,0.038263670694407045
215185,0.002914015254658
405986,0.058655628629058
900855,0.03253619671539576
786197,0.0044910387222201545
264183,0.01855038311771081
319021,0.00701464331651815
443503,0.013428106156999645
636962,0.006827579069924141
255097,0.004769929638932698
893930,0.005495126161998716
236469,0.009383957351512586
372423,0.025223931076035825
239421,0.08100521735853732
144338,0.010099961262678564
766389,0.06341137037822643
417033,0.012709724953091013
528138,0.004786360127136131
927531,0.010848778321082074
723599,0.05761837003247832
796536,0.004366661039433294
792538,0.004534823670129849
952419,0.004066518771500115
804715,0.012536348889743731
365622,0.031087915413031686
669118,0.0031089213377419995
426709,0.004235553284455683
548477,0.007398932948485238
104881,0.011390043090653102
639061,0.00634447719250009
777417,0.01266801555865067
219525,0.00574500477426666
860572,0.032572713074483846
668385,0.008469011952871924
473964,0.006339198035949646
117635,0.006279089114826402
739324,0.07631658638528081
647997,0.01816617976777242
122117,0.01763221388760849
309780,0.01321805894942343
605854,0.00912021822975724
210263,0.006791602752667827
350558,0.03180800882232808
780758,0.00224960055896746
750620,0.004534567308504917
892174,0.004289721734596977
449101,0.10833286956715044
615125,0.0047241111107289594
175063,0.02093420021347878
638606,0.006914039462950775
738743,0.09667335614526924
482012,0.010097494883849532
452462,0.003259065935297069
633349,0.0036993344674189597
923539,0.03141277679171207
211391,0.004417669265044442
682666,0.09363281341372633
626449,0.018869115061203135
188905,0.11076265530959555
867182,0.004710005944280716
851809,0.06660803891701376
266308,0.006620553159779911
838198,0.002731011306163916
616825,0.032911079158822326
214931,0.004669921457330954
572154,0.003408127478809351
989055,0.00601869801471767
348846,0.018539436492103895
569850,0.006077752590141604
777558,0.02588053237046626
107010,0.042802782016730184
526107,0.00490152687516586
107635,0.0159816801942709
882567,0.008245147281911924
367026,0.005716787164074776
409741,0.013383646954310326
317346,0.007174958935977849
494714,0.02536442328202044
242773,0.010490223464150808
604827,0.07148795270618034
812219,0.0337489043012741
150190,0.00915626665590839
888581,0.053667229900716554
661903,0.014003891497995009
781433,0.012333645183063983
468901,0.010439368125614386
534296,0.016436983000644386
758346,0.003418470859368555
653420,0.005990924634289675
624794,0.010464040054751048
674345,0.021371548208258
344258,0.004589850430341503
167356,0.011599205601435358
450154,0.01331334763563525
476345,0.006599257644300635
554912,0.007590004917742132
134879,0.006281519595844009
674232,0.004611238985831958
357771,0.01297184207427879
918630,0.011404897339152013
941320,0.01667183904824685
440169,0.02306890353536511
161587,0.02325652977863464
932094,0.008761882831718132
556000,0.015842641008783943
919114,0.05876496219158356
925129,0.006911347959078263
331847,0.006750132104584891
199638,0.01325803011159973
690942,0.010361142753710703
644254,0.02927225006604777
163437,0.029433992776362113
416474,0.005138307102986841
848859,0.002541415192332443
657549,0.013007134763019797
418593,0.004490292238525068
143293,0.010150363629660632
251296,0.010420856821962638
699235,0.024087099515949742
475721,0.060517065170437576
565881,0.007226962475492427
336264,0.008393564893355467
895517,0.004432959154411637
887733,0.02277174069409259
804901,0.00848117867273836
670914,0.009337546921994441
960565,0.004102245068545937
643464,0.009693965069997122
128874,0.004024783103405909
728817,0.00624494087829028
561025,0.010774251510247268
475582,0.013540017931443153
184620,0.010862713112044136
566502,0.027724778633097736
891652,0.05872782304071614
407356,0.029382068780402993
164347,0.004774141702966874
242809,0.004362715605849459
974875,0.001630124965516905
830430,0.024274713826785452
208715,0.11027007451670942
634062,0.029234431186842175
184425,0.00415737094462696
140664,0.01909739612647033
462857,0.01744742586916018
479515,0.02000325891918999
843883,0.01623380628392299
152212,0.0023035376395538205
894449,0.0022287717562012943
764738,0.012100320231366592
177374,0.008296148639323594
962707,0.006532640555340939
536792,0.012171272190302928
658854,0.009455547235947484
873246,0.012928173407792263
427605,0.010298737446593422
765742,0.01754568797727643
979260,0.004481294680780063
836736,0.0050043509655092345
748399,0.03762528546388932
470735,0.027455379884434826
397639,0.005545943104053078
578987,0.04152337237137141
564847,0.006601869038418416
673733,0.009628679312074385
941269,0.011230562363535907
894172,0.11168175918947833
443037,0.01694133601573947
452149,0.02143177972266641
271649,0.03308898724474588
936111,0.018440319605417747
777645,0.09921071543313215
992255,0.004440955808638919
728919,0.01118776562720293
469332,0.012316183119628123
855837,0.0035013340773614836
329973,0.009071176112983264
991900,0.01681583613039699
339242,0.004934265372770425
330619,0.018584247467962958
991287,0.008060550864554223
838331,0.008102810912314505
969564,0.005492886063756129
787519,0.00463553167016358
630267,0.017440007612917464
531787,0.006506427324642732
153541,0.0018077571805555487
780895,0.021730586017471038
754582,0.016993010332519074
967222,0.03604618852155828
817742,0.05570543084368395
108835,0.01089243202887285
502889,0.0025062774734839277
625854,0.007027358988676101
836766,0.004190789137078419
307202,0.013024386462129198
906272,0.019479349018596086
425952,0.02101693041106359
754264,0.009102189972380525
308900,0.0110034769412583
325035,0.005971008966151856
779823,0.01376578138811629
233015,0.044059043469254516
154519,0.029482949226416776
799797,0.005335371884957573
111747,0.03404643916268407
316650,0.025139476810139914
380177,0.03984297698746619
905694,0.0063819949319125924
679899,0.006841793544715926
904997,0.017186776249839497
530421,0.002430690695277139
880439,0.003320849588215649
347010,0.022749398726920004
238987,0.021961656933031502
234626,0.007293759885470783
137433,0.006189998591884329
328425,0.037394612211805386
243980,0.006363144101853836
590838,0.0061414159107539045
676395,0.008835639349538085
854615,0.014182164440530047
577968,0.011719331034335126
507513,0.012997614435999214
531875,0.08399013506110922
409373,0.005794654500615234
320603,0.005322372937163356
389927,0.020340368271394973
581925,0.01415021243731762
633176,0.004421988000371105
883011,0.006789167310870609
423965,0.002961573779888382
120002,0.009369130077905742
552179,0.003579266765296013
900202,0.011645587586200533
960385,0.0027410006980430612
467774,0.10209799741536059
601189,0.00855660963905716
942623,0.002838147097778327
383947,0.011995988768648208
163172,0.007049304609597062
814104,0.030502919391179783
915676,0.021759759799509268
361609,0.03633794776039344
251534,0.013133748692809817
805771,0.007949729374469763
201799,0.004035296496536488
458880,0.006593635941767085
763167,0.02904784212443831
566267,0.036152873716744936
493713,0.0029352206062732552
297460,0.030099697560742898
798852,0.009661810408255466
793325,0.005175704141877493
504466,0.00447779997013105
591357,0.006722930959951401
577798,0.010623222346705576
749976,0.09846610445619149
125590,0.04172989233515794
135521,0.02185107508053005
460885,0.0036960933432883146
451607,0.012631594168407348
582423,0.07292973517066223
100949,0.012001413796470257
481253,0.005330530650845714
219029,0.0044918938965518365
240050,0.01377238948127053
775169,0.009374501250121335
718050,0.01298434155369696
209714,0.019242486941698
277086,0.0045895893944830485
257033,0.010537815024318685
497402,0.006168474604136862
154343,0.011893468984153303
208351,0.004876028687610014
820266,0.06789008248621298
106902,0.028818244401288263
430542,0.025933899260075565
868065,0.10903783406084855
700573,0.011076989330385258
409405,0.019115090664211173
195908,0.04242847515097237
400077,0.013993184331854043
379288,0.022810322776906162
156400,0.0066971430575608875
686194,0.012894354179633685
281489,0.01650936627580002
666906,0.006101625536713845
832819,0.002171389733056118
620623,0.05629774397724522
327403,0.02395360390352052
417874,0.0038464450659907168
940059,0.006000146380319808
996821,0.004543903366952653
675683,0.009858459516270363
860709,0.0031187595304980565
217846,0.021923126719535113
262764,0.015634778043495508
469402,0.014255956471767016
638417,0.02570342963290428
535706,0.006604957903007646
142006,0.0029447964192672806
642532,0.03951738298129016
809091,0.005759099169678911
889741,0.03906096295981407
174188,0.018103542822393657
247644,0.03818325091422228
311130,0.017161946799049695
777670,0.00906029540518792
859888,0.007624954876496137
335481,0.049940067755409635
789495,0.03899740222216
455798,0.003945451225738475
375944,0.0033459764976619187
908836,0.022422400827200185
182978,0.011355476480289332
600649,0.015498349687105561
233546,0.024647360101164608
592099,0.002488723643422307
783029,0.07180334173253226
280846,0.0055834758037129895
688597,0.09739722859914966
126138,0.03910793816861862
875753,0.01024579926080126
622454,0.10651379700211411
840353,0.01004339355323867
219798,0.044386797340895075
767458,0.0054577649855622095
721307,0.008928513980413957
881659,0.014307229252696308
494688,0.026635903448325657
172652,0.01836313965326596
670720,0.13278791073465676
964505,0.006826277932302589
813130,0.009840491816119333
366795,0.034807262194908505
393751,0.013723871094733954
100989,0.006247540539201286
288059,0.0031805095335641475
104624,0.010657115528051351
395223,0.014707059174292051
566807,0.010204128315595754
250399,0.005435066588777626
650903,0.007581553189160844
528591,0.014173300585786268
542287,0.003629908170334927
240059,0.0047637961141797055
838508,0.011936039562905926
320993,0.004385558405726779
694617,0.01832769332882051
163541,0.046649190873924884
559282,0.001782664313349174
297020,0.007517023021655158
837157,0.0026895142092532754
844972,0.002620471458330004
712330,0.018951853061188736
257813,0.017789686128226
194621,0.04265688727612855
578123,0.004447058436217405
934504,0.02979887974264982
651392,0.0032037068593029567
273514,0.00920113669604808
616780,0.28592717069233303
979647,0.005321084387455224
944148,0.002716303192647169
936057,0.011492539759574278
309542,0.0038668620299849568
969523,0.005333211123630723
655906,0.011200446782363427
235156,0.008032733030124535
580467,0.010578979585130266
280393,0.014942837329474738
946389,0.00587919639126408
934380,0.005947194266029701
639888,0.004030836065695494
700110,0.0055897696134110135
914167,0.017088721400187586
720417,0.010673176539835977
351154,0.014504455399931473
372563,0.0055445922486462166
839679,0.02103983938469366
574557,0.004540885134869207
569344,0.01836457678903727
457361,0.10940869144132065
836747,0.030177563772961106
304076,0.015094092356456807
752548,0.01903972725118446
211048,0.019010004465172915
233885,0.012514125487649626
774188,0.024695885751124486
622840,0.048725843579101966
732259,0.06702425454023773
784330,0.027392931619986426
244377,0.008181144058377363
382459,0.007363475948206476
414175,0.1251256168600465
539262,0.008288292788218394
932727,0.015473429823061354
826841,0.004574842181205272
487963,0.005378878096098641
764401,0.035687345484078106
640037,0.03508424886108458
458085,0.019412020854654457
750588,0.00768028290812254
164295,0.02362927477892423
524661,0.006921577104835001
890740,0.023761033879617276
222579,0.010958263383907532
911432,0.005327166332793801
229934,0.008681511775359318
271151,0.03801233998931082
881385,0.002884402221567846
648540,0.036171578200034554
338749,0.005560853021406676
385646,0.015372625681522641
944312,0.004612129743986185
468041,0.00484076197866131
970988,0.00662925080913923
964475,0.01165051489203126
493979,0.04069512941669616
571939,0.021627741218988167
330151,0.007615186345289062
988532,0.013766139001040206
504844,0.012220451727886312
350525,0.002300463217818381
544158,0.016083347850639397
219003,0.00362859403009996
653567,0.03102552967494799
434830,0.0024114583825576557
999470,0.003663560827825668
307857,0.009621428558431441
640492,0.025737969953891625
626948,0.008823711116452478
631790,0.009397759111748845
656017,0.021031075475663057
135145,0.005537240295612388
266815,0.03791134025563501
170180,0.037584532704980585
236025,0.01145666495746159
266442,0.0019469097594394754
205406,0.018700415110501908
454580,0.012641968130037614
913791,0.028262613696116472
232359,0.012877665964313254
755306,0.0031828821279376077
499321,0.011276323542626013
417229,0.015817733246156918
912580,0.006874472341515146
701275,0.00535454419317825
917328,0.03768105566500151
453804,0.02580446146580653
681649,0.04802480432047751
458007,0.00626261721932191
180644,0.012296058186239207
247797,0.005617267578201564
338110,0.02756709442393812
235326,0.00651934535308794
921077,0.01029980733015933
558865,0.012072226676146523
986364,0.07601768642156517
861236,0.009085685830065745
501494,0.021186295551894965
524188,0.003829837804306027
531420,0.006245141487044766
800146,0.003520062628922762
546853,0.009706739398280408
888711,0.0035905385956723516
142999,0.008432989334036802
140731,0.004787157436179025
350647,0.017994369437602905
521837,0.024767697433277464
695478,0.0033991980767927067
872497,0.006504881149574032
353525,0.03913504034221055
920479,0.0025410134649091008
374862,0.0030027700714655107
730922,0.004790517117601504
548013,0.020741282173941368
724881,0.012165616409923474
763706,0.011453221451053994
218380,0.008207356104076097
753685,0.01619877605427773
618201,0.033049153539272715
625200,0.005131452994741524
210289,0.061137637883661555
258350,0.026944304287440945
714818,0.006134521011056602
371231,0.005192654972239911
133372,0.00836322038506699
456722,0.01292398673575703
979957,0.012819569216585594
684176,0.02521545681805015
727863,0.0028176742350404763
448638,0.05871267159119541
135645,0.005373547365970173
336872,0.0016498586467554258
799609,0.031624057752296986
418206,0.026458529970001612
136488,0.002785841661565177
731725,0.00762982207521944
833232,0.018194244611054167
509318,0.006631948446892734
820991,0.09725172277488972
383116,0.004424214596072957
679425,0.007745806794132968
369990,0.006548755579310056
866793,0.00605647237109965
587047,0.01991404703615179
458626,0.008878826875704168
834015,0.003827724386110084
256541,0.004900691672207343
497883,0.009833205514522289
977946,0.0399412045764439
598859,0.008148863379022212
995898,0.018095544104068016
645810,0.0046572921469947
150847,0.0036151721368321813
935134,0.0020456184833161214
710296,0.023304540740356528
899222,0.005760847050102004
213444,0.014653668068351179
221470,0.0459481157177088
930640,0.008844068899378154
474153,0.0059088517712147775
904387,0.017086597491917647
485399,0.004776452112788087
122989,0.07651370296607891
550117,0.027338777853249955
933625,0.03282358298035505
465960,0.005681401027334843
341377,0.004294320270246594
796920,0.006217336295612771
699859,0.015798023806689876
646916,0.004254631342201693
863041,0.013096098597368412
622076,0.004209716241596393
913921,0.002643378755241918
301040,0.002276113952380936
893975,0.009072071910159681
361293,0.10741273400805479
247601,0.041883885713616335
662368,0.024858322314924314
379595,0.022992466273010253
607183,0.004282584542841901
648307,0.0063562988352821
785891,0.017899494852277157
440560,0.011132939622202208
923182,0.009344871235275087
903772,0.006885734055741983
524094,0.014657950819375933
576943,0.025610978839749
728615,0.02925642466251483
686805,0.006952450984547339
317562,0.012285663524434842
840744,0.01599489401769262
444586,0.011538035653868307
370353,0.01678471968143083
390685,0.0033162973367211325
776046,0.014872896080972368
135241,0.017307544695173503
356065,0.1410158674643838
467660,0.028642097260578567
975959,0.010901625441148767
171042,0.005247201230012674
771687,0.02015694770082375
334238,0.02688581478944678
838203,0.0039674353882782985
966165,0.031104165642205247
609791,0.00388868481300498
663003,0.008388514762400044
770206,0.006002901735121648
940249,0.011373114602129643
997171,0.01041458347099678
257774,0.1358505532117626
642103,0.05321777127431778
659692,0.013823556322890755
614677,0.0029706248250006076
781058,0.5246170215410436
875500,0.011571272461553534
706933,0.004547936027151948
205816,0.0033758469662084956
752021,0.012209901477416806
195230,0.027501107481431395
889019,0.08124959080566319
166902,0.004680981223258631
890486,0.003441072454855657
431335,0.0035486537703265293
682894,0.02296183059970513
881536,0.0038020234678808615
790971,0.007892392656129019
486913,0.006900828530484805
304685,0.004727839885957479
867780,0.005040132970624469
191036,0.017417157167197342
609518,0.02807931474549342
914403,0.004585602707911646
930399,0.03665165040546318
106933,0.04965966516103982
680616,0.005103305036643728
110148,0.01705064064386188
531182,0.006774050822430164
965610,0.003694661641680179
916977,0.002447898306574179
935871,0.012659117962836303
116849,0.005284273402376421
380432,0.03996973300146177
571306,0.003366470740294053
412953,0.003863457876464778
812402,0.0052361322386985385
180107,0.004557682690585766
869900,0.014529083463567185
187554,0.050992675237725056
766805,0.010422474012629492
960980,0.008137872632656848
454269,0.0061146997206967145
991444,0.012090719090630685
327959,0.0031002552876918787
539447,0.0046165021619576484
272918,0.0023750141814292904
871234,0.0034746622782341986
313671,0.006075211638686842
629936,0.013365886323200666
519519,0.011389174284390676
828511,0.003440519176991758
784083,0.007041935530957136
226421,0.01787890385545288
392258,0.08730621455101155
116387,0.10847618073556649
740981,0.0035235983759675073
129233,0.040502785067945565
317792,0.006520376558760371
184568,0.012339003058508834
416978,0.01549313356200703
791857,0.04863268757409898
124059,0.003353263184311918
952368,0.0032906106713135094
922861,0.004746078595970183
579301,0.12927015791452987
378945,0.006989077381975321
297177,0.013017433845487187
323505,0.005002940205112147
806582,0.003192618375395046
594037,0.005079936604429374
696443,0.016660971281627673
477489,0.013810671668025956
684143,0.04017093634979943
374613,0.0041752271842472625
729794,0.00688712681650625
937216,0.006395909692099264
171656,0.0023064635800279765
842579,0.005236221351727504
306514,0.004947273357675305
625230,0.004846566410063937
381482,0.039045476487624894
674637,0.006796142732841235
275575,0.035601652228531656
685825,0.047966569691890296
188747,0.004013889444872566
406129,0.0025128173909205204
895684,0.1922654109300345
511564,0.012327033824064266
923893,0.005808915877899704
551881,0.004840424249710208
911613,0.012928071167788137
740940,0.004154757081796227
981602,0.01103927036015029
519707,0.01736085248972901
887900,0.03569882579744791
620574,0.013188808914368712
598315,0.07917152040244238
743199,0.009176670841377034
374499,0.019532345857343588
418203,0.01730536416307923
443787,0.03605111185759134
983287,0.040584856143541875
279482,0.03757330177839766
232520,0.008593253587642896
305013,0.0034350172598436412
454778,0.03029510542057937
674164,0.005883141929680485
199449,0.021806373919754193
452823,0.043857643830891115
363985,0.009761651861967402
944170,0.006235544332264143
964149,0.01243157535793096
342596,0.004784188465322862
838890,0.011836545310803439
271182,0.004207260735323432
508081,0.03128663708961812
220668,0.011243785322073237
824487,0.02038982845976684
575719,0.008294482427465694
213473,0.008158846055289567
391968,0.004108860062359932
894358,0.009928448919984732
474096,0.005494272361754476
102843,0.010311701421424856
802469,0.004692593463225869
407381,0.00557699904192253
774393,0.003661471250182481
372664,0.0038672521509638853
799304,0.04778811150822646
160279,0.004533632464789805
560752,0.0058509009555014506
281394,0.005588939686394638
972810,0.05313107418211426
109065,0.01664042809158604
265043,0.0033986964476606534
409021,0.007059090530389077
808434,0.017818338420796994
244997,0.025015240419803155
829800,0.02501445454497485
744038,0.007742869873286399
753261,0.011127393744889835
701041,0.0012168428882924028
730775,0.006685894561178871
300252,0.004922001270114233
603273,0.008072962070397018
507696,0.022511208739692642
171810,0.012550462087534969
282457,0.004046957353996508
970206,0.00743146963903193
537372,0.0030729912989987777
410716,0.008823711116452478
530937,0.007924121972421271
824791,0.053076212577002665
259269,0.0116137574532831
117368,0.032483274420708
610918,0.0035043711712204263
875930,0.01933620698742401
552109,0.009768538029168378
926040,0.009051562856717304
565441,0.013328710474662619
888603,0.013133748692809817
206363,0.003164297122406858
342484,0.02686593216255068
493069,0.013094949205121479
676829,0.005128386296177628
786917,0.004516836689231859
283409,0.017899602844649202
596303,0.0025772283517563233
897744,0.006745432629704099
111159,0.007834729426023939
825984,0.008224791894357108
594348,0.021886322537093935
113047,0.012222785753931353
546781,0.08257152868243584
493535,0.016668963342274072
633028,0.04305021005029067
122816,0.005697665265661171
930831,0.030329149869806744
909530,0.0056609587524813565
969260,0.012523599290346058
229503,0.010614854587561454
527505,0.004282506885523846
412984,0.008671430581079812
441472,0.029094081058347227
560104,0.037543184696504084
618792,0.007252498313248242
838219,0.019368631209731278
558744,0.019293721461974223
233960,0.027034000836486303
807483,0.02793909120728723
770511,0.00600066875424747
933384,0.0026887003888442897
348034,0.006892884358226552
163085,0.004559431594206172
227945,0.029093020752263967
306708,0.013308468774090709
404505,0.06331208263989002
583404,0.010193748933086564
132247,0.03417565984608833
243996,0.00617291845797201
105572,0.00413540446308826
803768,0.0098940128234271
638493,0.013494765808029082
325116,0.004901322723519913
600089,0.0037526831809702055
967081,0.0065625355135789905
616112,0.016237039838341568
467593,0.07955255956732447
318294,0.015578978185311959
196187,0.041318745856517534
744367,0.02099678177023702
812325,0.006245895883058428
458726,0.02941693491041079
604889,0.008125910368797678
424515,0.010496215908710459
793614,0.12042878487591024
708563,0.005036111633022631
522865,0.0023796526399703505
907114,0.012798603887105017
266751,0.0894421257850144
609966,0.004484473677011691
445053,0.014193036032997382
633103,0.04073571755690748
725976,0.030634300017121762
434344,0.008608134334383526
244897,0.012030975362981752
275115,0.009434316831893552
909999,0.00835754023688622
806331,0.005208949867863078
988455,0.009328633458423769
426960,0.015224050611945456
821246,0.0068734501586330075
563529,0.004091762577430502
591968,0.008640766090357936
427400,0.002413371002985249
392642,0.044921990919857276
516407,0.008450686394399332
752421,0.019078245770314504
932747,0.006738470571164077
251555,0.008233682165590636
486010,0.012049596381930431
580432,0.0018881873884743973
941453,0.015000422878646636
351429,0.005951868378706861
219508,0.004907538345033662
248945,0.028539361240039578
977947,0.007405636938735733
888526,0.007149634139772732
818402,0.009212045755395045
827151,0.012324807277210185
481090,0.04466342512999319
413716,0.009653469416011492
301107,0.00617386562604039
876207,0.028778917258561517
308926,0.006594807922655143
298138,0.007364696353231163
168839,0.007349672315702163
620082,0.007323196641006874
464406,0.006172630952630866
782537,0.03766591025062564
286633,0.002549357246015073
111580,0.0025920323526037524
811056,0.0053355328308558984
935481,0.004309506682874751
620158,0.008937203394704824
516623,0.012034367167837349
256896,0.0023028043241597115
739472,0.03292335901408151
812149,0.018984225603703928
163746,0.012121806143645704
570187,0.03584137483812025
316209,0.015062464258489254
811684,0.003429720378376157
401841,0.03396308879160444
439404,0.007856767527234467
579058,0.007789289945221138
714654,0.008286730051253521
633679,0.011746912084789583
628565,0.03355839038756106
552226,0.010044207833235536
568711,0.03695720802774359
554162,0.01236083272843591
968914,0.010797796798223427
586039,0.03418219167928167
694627,0.020308653268564895
104137,0.00864074354729538
887440,0.004648879104997072
531958,0.028300853998753775
406553,0.003035550545027816
621821,0.0279144963011766
648258,0.005611977420548102
905533,0.012724249209589625
901128,0.004677925573187412
216824,0.0045209693669767915
380610,0.006845287987914581
263581,0.023753458720243276
762527,0.025480746645377285
425139,0.006299957102409325
967880,0.004237581934150301
712092,0.02799878009607614
660091,0.0347344286433176
851447,0.009213443581755272
872526,0.0023905260908157902
235493,0.01721382116482669
696266,0.00814019798802205
833406,0.0032369587991472938
491394,0.015759931790457146
757326,0.006600064484083517
249726,0.011062978030810657
195684,0.011679843110194455
191742,0.013407271740446895
480420,0.005004659476246567
370312,0.01799822684174153
593128,0.010381189675513396
337158,0.01109950193543238
969614,0.036651826396742374
826226,0.0033444602968088267
672646,0.006830204871937667
643065,0.0038358937067679002
733609,0.011011324709816422
853847,0.019360774105349955
223465,0.004091526737330671
862392,0.00536265312383892
857844,0.02300087879829835
147819,0.024805482888712326
429470,0.022884272727766157
580964,0.023528036088824835
553124,0.08576767460422655
657249,0.033201234902074946
501188,0.0030673791164394404
194546,0.006614973926010625
555023,0.004907886825407681
737074,0.0097974317765748
261812,0.00549760083009181
601153,0.007697380152429509
146149,0.06534460304528944
292345,0.06593069245756647
195412,0.031179910683795147
571263,0.037266933430205575
355841,0.008049807583415825
483467,0.05425528573426115
995380,0.005761416375773606
903096,0.006079141901332162
578990,0.00747882107888714
393008,0.003967143897119435
919483,0.006831323100855431
667236,0.006168474604136862
121167,0.013082787667845902
863235,0.06105044943773789
611875,0.011727770157861254
755313,0.018523203763442016
983152,0.007313529220672549
903242,0.016175921860248004
358172,0.01653065471991181
202086,0.007850280464265297
463840,0.004202388315419467
844014,0.08198339572978648
496694,0.023996275775590402
356157,0.030454374053161138
150411,0.007019031173394249
475690,0.005679676217525814
195103,0.006372997182159688
160231,0.020934793250236665
856761,0.006193735314693609
908460,0.008927767456412328
699232,0.001830424948900948
977832,0.03353071950999645
260694,0.008998194313726485
848847,0.006492073114712204
225787,0.00312348946876234
590957,0.034465194028373176
574094,0.040081182012051006
956196,0.003770304782968213
737998,0.01180666616337775
573414,0.018848402803396596
675643,0.030544146634089185
215667,0.009239536121566996
641891,0.009271682761019685
505755,0.003704720769254054
520805,0.012977006016030634
674186,0.012147806932834054
910915,0.0279840183754325
876498,0.004551737330850825
411675,0.1210363235654008
336950,0.011221941353851383
320934,0.9998338852192998
466467,0.0034258109871091735
552101,0.015805796736749467
554678,0.038469238452709095
212832,0.008721071329154444
472761,0.07044087177498702
418035,0.01324613120554609
293202,0.016825075969596776
985391,0.0029325011473638036
454105,0.005903886245119357
219243,0.0021721658932524375
779907,0.006050764796972205
474374,0.001853369497955268
240217,0.009890690499983642
301885,0.00791708187035111
246102,0.005867535574215115
405290,0.004117216669000022
710754,0.013632850009827387
475763,0.03225639491800074
200661,0.050773730347786025
571747,0.02570200850319875
934402,0.002827592657556081
310884,0.012346625635476794
718267,0.01428718703924614
270844,0.008848414672063052
808921,0.0035563104391036385
984089,0.008538841830668926
885436,0.003669936009122276
510955,0.00947183751684373
477556,0.004434737226218186
405834,0.020452262478848512
353953,0.09234472699135393
863241,0.04605498140714889
148820,0.007103714099642412
294470,0.010258621232551897
927892,0.003421515162234969
330498,0.015076696275378769
541107,0.0025297741655274427
791293,0.04384365903841584
763138,0.0954304115145099
621055,0.017477875312868898
338698,0.008903069821904853
146367,0.013692151496360138
719772,0.022476204248262913
756204,0.014921090213260208
642702,0.006600417976936876
941321,0.03175554992411714
540682,0.0901033966613196
335829,0.004617640112302358
953968,0.004488446912081573
662191,0.04530259300201024
890771,0.07230279112348498
134811,0.009835145340681337
970196,0.00927106893370624
346133,0.02120821038645126
317987,0.014244123775942967
938083,0.006318904535347763
551773,0.006478205331465443
814008,0.015875301947446803
208368,0.013338748510462555
199144,0.005903112553817525
526064,0.005259738847998852
959070,0.007063515991900295
265276,0.017497164775839874
955517,0.002480785308604954
869051,0.011018402431414854
836454,0.0036163448524742215
978657,0.010699980920623745
906451,0.0025410134649091008
771461,0.011333308658773836
538392,0.002877654177651655
189304,0.013955353375027754
305065,0.0023108821348713678
152046,0.017772124418734065
132627,0.009091015826358675
312904,0.004308342185776505
142340,0.011698339618758312
377185,0.03540285314922258
861425,0.0055207005702395855
709880,0.009186056421238988
635700,0.017767722487196918
466413,0.024248899176779595
568772,0.01854240802723602
339638,0.0037259886867468876
957651,0.007171044490937165
201365,0.009198650974975117
153809,0.01746919707530323
887039,0.03697134603406355
332783,0.050977405301787716
169793,0.00964736436475215
689009,0.005981227985779737
896888,0.014115565377687066
577372,0.012116105204978508
492099,0.007473507435265973
917563,0.029626804304313182
868792,0.018863394813747214
397085,0.027183664409602494
707442,0.012023653668566866
848737,0.04091511995361997
666682,0.024362092705784332
485105,0.04728488724193557
903606,0.04740045245419977
281080,0.010524380128619983
784958,0.018262581145771374
769375,0.007784071193592512
745736,0.0024974406722556327
687063,0.002871819687306939
190905,0.003872851084856544
282104,0.027519476235807357
699537,0.025497632199860152
413442,0.016521350713222912
299238,0.013617567601023206
709968,0.03154452311447774
418744,0.023600255960085297
312002,0.003396681072439684
858619,0.015225813990449925
172688,0.009457102531659246
219711,0.023498877033752787
951407,0.0064870420088607664
506830,0.0033580279726979885
514310,0.030183605251496843
260382,0.008129567234279678
615751,0.03235651921235275
196029,0.0935662979870208
866889,0.09811333922818365
934735,0.01294328708592498
992048,0.007034149266023952
976728,0.009226931464366235
927528,0.0033296285752894028
783492,0.011774634853334935
340362,0.013529668578838219
714758,0.024263731636962202
340974,0.005442736264271944
626741,0.007195056571981148
522159,0.002961067289287914
728969,0.004684158971127264
991044,0.07654844219310375
855994,0.003275429090094195
971985,0.00876250628667042
756562,0.00658148887807322
696486,0.037120675871255344
329971,0.026287032400184627
777374,0.012677718275680762
905339,0.009753691932776325
967850,0.017480569225087297
349981,0.010973806211386725
997298,0.030957005584252024
265502,0.011873152821485778
880617,0.014320345641992829
314472,0.03328027995264513
868900,0.011775385182637335
331325,0.029438275034064022
217900,0.0057191767683765
569913,0.397935698623175
201427,0.003313152352035195
790525,0.001743369300349148
422398,0.02281021403174882
522922,0.0031357557735056645
485443,0.018661756289789156
133595,0.006722216579267482
136249,0.030791254324816025
474195,0.009613207873769907
738377,0.003363846745917748
664901,0.10272812454503447
835277,0.012300735473471177
990504,0.0053565366891600175
368687,0.00233131881446726
755000,0.002745467953466084
259260,0.0023000249549844066
599030,0.0297224347030579
252396,0.020237418443748222
847501,0.005273953087747008
520119,0.007219281040967548
787030,0.007225756487904038
896381,0.03215345186632817
382032,0.004911001895283079
606675,0.011991511191251188
542224,0.006289350507083397
914330,0.09072536713864338
713033,0.0052123796028212144
840094,0.008792240998356403
317321,0.0033694556101481086
187475,0.006117568790125468
144947,0.013249596316911309
634546,0.006477265844788568
741736,0.011796931626634031
324400,0.010629972186211353
793368,0.01830765070659754
562569,0.030921394374430124
727057,0.01127915648940986
806649,0.03498883687600187
857719,0.0068812986368152525
875222,0.006879696973086188
207246,0.007090213323867769
212863,0.012501484385298326
939945,0.013641991397022931
558374,0.004740349501980357
148783,0.006923502290042842
502338,0.020081987610082005
223926,0.00891257938304696
495915,0.009608556950123729
331335,0.0384305418139584
434243,0.02556614073519646
773036,0.0024532709250628952
192536,0.14015165432531024
359624,0.04416471091039146
707355,0.1052835977390947
822080,0.011571845608108275
398787,0.0035571716913922313
625624,0.010974228843858376
302990,0.016069709095168118
335915,0.0029746564685126705
346719,0.014491319772634938
806496,0.011884194286658163
524349,0.003959530392439429
518538,0.0066415467836782455
406310,0.0062820488997373004
225674,0.014434535287567328
572155,0.00950485049423957
885605,0.01960648729742182
996339,0.008687093568723324
102816,0.022827274212511104
626612,0.012059068478179455
803369,0.006247556516776109
475108,0.00258475962761197
549217,0.005506239296931192
293893,0.016836068777465504
755286,0.020478163388523516
468792,0.0036548658724215874
252099,0.01363957501023653
885024,0.011108703942199621
392556,0.004393781094719778
377677,0.013586788882720253
987648,0.003280933454868881
765817,0.002338507966748748
443139,0.0032807281443624635
272849,0.07450046485893723
958336,0.010213175922563522
631087,0.016438006667276316
649161,0.003459242691571999
910086,0.03444416047260252
805954,0.021421556752728835
590896,0.007924872798839348
507395,0.005408473967734014
152246,0.00649588348502607
201193,0.07710317436752293
780431,0.005524557502541277
805697,0.006977141285121492
807432,0.0025902469375326197
504718,0.004256593355442052
825256,0.008117852363534841
612717,0.006393245445834817
960020,0.00338535780719087
693625,0.03249180133627128
613522,0.005244191068463897
743221,0.0057921837669694
241807,0.002759272237077139
291451,0.0067225315885168484
222385,0.0046232158776846905
719344,0.0031625264757038675
710109,0.012424964549058068
508900,0.010476563486726417
135302,0.08053178458704226
492139,0.008489619705085388
123871,0.012314054818496876
309682,0.030084458679703992
452949,0.02888978394343786
412924,0.008383052418839366
506358,0.02115784164836809
519367,0.00238018535463765
412756,0.0028614075358600983
160275,0.006723561677744901
305620,0.00658517465078068
647214,0.005478771015052742
396787,0.004301845398012221
798987,0.008636411533639232
323974,0.003954189903400194
574322,0.052087230854851424
478302,0.04089178856262739
333755,0.04469417252506162
828951,0.003360514366063598
152584,0.033168913409364
750689,0.04921025254487862
134978,0.0023065465875396927
865440,0.014196096115910408
774954,0.004877641488589797
954335,0.025842208208223333
144566,0.07942330676494444
736550,0.002548992215154145
357683,0.00649999845815234
466317,0.059298178684314806
297201,0.008741287673353096
916084,0.02381735201105068
951663,0.05719462221101727
426272,0.11529607582478406
822961,0.005715461642281071
675547,0.0023176340563971823
249092,0.003593068105242753
247369,0.004238461692490382
892948,0.023580496796110025
253501,0.011105171322848209
525662,0.04580596763462482
412551,0.0022788219772725726
505742,0.0025241292575993155
880307,0.012754322893756052
773917,0.02170341560570173
143524,0.01906794766635595
313247,0.023157556262850498
290591,0.025813388854786137
766236,0.039672500221774085
214461,0.0036576681269283587
460605,0.012621183498162162
442758,0.013401110937810195
573125,0.02910855914787248
720381,0.012555719113992543
672491,0.020449236535575233
377950,0.008403342096829226
306558,0.0048375190425642995
122222,0.037837851699323424
864808,0.00550047655795449
947248,0.003172498426208875
171440,0.05795328035530932
569354,0.041921101951670814
659759,0.018290356038597865
983381,0.015295282488494745
982509,0.027813718921789823
494117,0.11235018843555801
712813,0.012431311361840804
690427,0.07460908186312178
181984,0.007223971194607518
962568,0.0047857575472574
488968,0.025064715456155573
923727,0.012771899796997787
992771,0.028776077130669698
147147,0.005183912561808347
638554,0.04017380984733592
699407,0.012201071723188264
111499,0.011631651084326474
265239,0.007227870794492092
582078,0.008162175751621257
139957,0.006383918683701149
275562,0.0016506143533784254
187972,0.004534663988645114
954065,0.043687704671683245
485125,0.02043219134922848
532974,0.010231440485755786
662911,0.00767709055063211
265509,0.05751366344596505
399244,0.02992974938397648
613658,0.006590046833608216
886002,0.011263947123949665
586297,0.04444186056193341
840064,0.012416997614927852
276308,0.06222389617136154
550136,0.006127718148869928
458258,0.04860322542668508
166714,0.017614915645038073
599764,0.005035814663053781
248573,0.006393062751588119
117112,0.005752187764788041
900717,0.007526881111524137
313911,0.020948841107025596
869470,0.03871616067608094
298061,0.0044337860422142255
114457,0.006723743249679509
543285,0.012053681539658452
575867,0.0022676671760989793
929665,0.008005398134865295
592692,0.11112282046384783
686813,0.007802140484320848
712338,0.009211932578775412
573846,0.012161667167233424
539330,0.00349455304776886
784759,0.003720943198906601
778994,0.018978090809547817
779353,0.015580691116433084
681847,0.031433509951233056
734871,0.004875533792948358
835326,0.009179721770921035
484694,0.012674794703092499
763086,0.003786350073661231
111782,0.0032812557767676886
173390,0.09370368490522601
225379,0.008519950537578409
276893,0.031497231426115484
568006,0.008228936510465598
450373,0.01611454418788456
159358,0.04537623671610762
960649,0.022058359211600265
632527,0.002236777908151207
443946,0.06254429371300178
739429,0.09828932123038947
503103,0.02167784772397048
199489,0.02040385118435241
744253,0.0905826016805699
462168,0.021359291201509405
611127,0.008468455191952861
831124,0.11199162462608801
340983,0.0037644515653077605
961868,0.005155106540610408
559013,0.005112537547695296
449119,0.004506773999978868
800461,0.03442524529516282
486692,0.004298906043905665
786501,0.008665756518366334
321381,0.0026719340576445393
338805,0.013618926328941728
819814,0.06546104245304465
853401,0.019244112008025317
155256,0.00628934363334844
497916,0.006758667217940836
915351,0.02761859198588093
151045,0.008858856027301626
504447,0.008011517352624767
617482,0.05876033055549651
330860,0.005866801926749318
307358,0.004224053413109014
324507,0.005819383793188001
279148,0.003590819109443217
942255,0.011144178106601668
459532,0.010370657077438498
283134,0.0021369916314636
190473,0.012208852309553979
480074,0.004713714179981543
182316,0.002138807213688337
877404,0.026441691695700723
877016,0.005013152061724678
720828,0.004952471043096898
428276,0.019630127008993865
657276,0.007865753808300246
259603,0.004126244949817845
383825,0.008223342113026465
723928,0.007868680649758679
885156,0.006347187694313966
507256,0.008053028897932073
201506,0.010495108230321628
478342,0.009737885622868462
131136,0.048442482396139366
655275,0.013688603749192755
437658,0.01247196244665657
141109,0.012864653921984331
662385,0.0155540493802789
346637,0.01581036133667071
515765,0.010114733887853762
601327,0.015141582300922819
816131,0.0023783250689417804
762227,0.006789736612394512
670266,0.07035425779958765
235163,0.0045442329653769585
319650,0.0836165914445174
891565,0.018595352104779386
954142,0.06183377622113283
121144,0.0029746411180944323
574985,0.006694707314912327
966747,0.0048851674396623865
881898,0.029356084867417302
893254,0.029322928308328333
493209,0.003385220008911906
170635,0.013920643327023509
910630,0.011877809647183664
831831,0.02033668892850776
237518,0.003313238531963344
241536,0.007069688289986323
341697,0.005569676938828066
824181,0.030711880047314875
446365,0.08022025574984867
912875,0.008231859914504279
433561,0.018123655595027478
165456,0.038945893871131065
262587,0.004269833104128093
606553,0.029076239322766
838432,0.008221836060272773
249461,0.03989234493069103
583225,0.004357147002061045
108761,0.00594005679964213
225354,0.04528611088203176
708768,0.017238924350137547
446072,0.004517199942397496
145023,0.021089561979027383
587902,0.029584948154417402
665354,0.006536566096010405
747569,0.00994919991531311
175350,0.00913832465905709
267833,0.1161014897352264
283434,0.061347543617424616
596733,0.005317753041274224
760765,0.03714893556955463
644725,0.014344454678869136
765406,0.015102101033467617
313948,0.004683971463093676
453905,0.019367127378382136
613750,0.003859293562863715
351728,0.020604075028553163
387631,0.003954462031701544
859446,0.02570749260267096
225555,0.03774540109262938
829488,0.007832337999976532
663325,0.0031812707961940494
500278,0.003430469972961234
284461,0.019804580534815635
967455,0.0039412877073422324
113343,0.003638447034945229
840110,0.013017553119820174
951984,0.006231348853745998
349278,0.006320059635700647
458349,0.03427975598326422
388795,0.016316639792758048
284580,0.01227720254711735
835458,0.0024266101247387623
103088,0.03703602771230319
993690,0.008197098206263284
741624,0.006444983857426321
790298,0.029469004789834732
175711,0.03116374558821311
543307,0.017627549628084428
313652,0.03076270996498378
140404,0.011856316035882254
433901,0.04371273705961553
674796,0.015896720517136424
983110,0.13577278133172535
299869,0.008838799497178342
737720,0.04342372259510634
473084,0.011984147195199015
183823,0.010644681028574583
572285,0.0025835316546462296
315138,0.08261949856586083
711369,0.002518945372768839
637335,0.009415332215198004
577022,0.005550300262977761
425936,0.019284376746267613
429893,0.0015955944765241724
706332,0.04356007241695027
113431,0.012269539326953979
371665,0.004059214287872407
892453,0.03544195810800081
801866,0.012519096740792376
801900,0.026188105319504745
804621,0.009740011999452746
882439,0.007789720714583109
265594,0.008197360077823635
408929,0.006904882167690539
828954,0.015650805082989227
448596,0.041789614529337056
251457,0.0045240493334535205
102670,0.005864673678644444
928363,0.02659331370730634
129331,0.008554985023066135
566781,0.007026213449326661
892860,0.05834207919933828
188334,0.00700390087343721
421354,0.0285275742648105
814859,0.00502423531954903
162781,0.015567854566602188
815374,0.011058808776369635
473924,0.07899289974675888
541547,0.01384240304405401
160156,0.023006622067733597
540416,0.013203277423181625
283720,0.005269011393533217
435695,0.029241395287719206
577374,0.0475627824506846
374716,0.03178098015498843
577731,0.0041058228286723454
962278,0.003942500656654707
119492,0.003169248068249328
936713,0.004224114323973776
736846,0.018514002952384333
503705,0.04585075390252024
903830,0.0023024014327125146
140531,0.007173408729752093
892925,0.006286833662048489
279242,0.03770863627247387
674787,0.018121554602717246
352423,0.0028877803170410605
648629,0.010267995206518247
765833,0.003185269101345644
950538,0.012343052427867785
571995,0.013311149916190416
697799,0.020751915010266842
309226,0.004178340818009387
847631,0.08576961172763611
306858,0.004516244920249934
816416,0.017541018467221153
419324,0.006369201843988622
417047,0.014639415208227041
307627,0.024018614528039068
895745,0.002574755830479026
825509,0.007042857091455415
575503,0.001974248829986915
756328,0.02234797430412883
992489,0.06882767351641642
957108,0.006435331775239193
421588,0.11208470055153469
705424,0.02355407522306152
237174,0.003961543996416773
867802,0.013932970544201645
573174,0.004693366452687029
132899,0.03789152686981618
325292,0.006684099029390031
771629,0.1381599230866247
683737,0.018891522924923698
186929,0.024310654707535767
276056,0.0036180894362148434
731169,0.0044668480320105616
493793,0.010849114821707187
479921,0.0018848118603334322
276161,0.025551262579554975
152845,0.01647280914310295
425423,0.032899853140047564
810977,0.035742239467732244
875555,0.08418668734283526
264647,0.04577029731714861
415142,0.024321134370420504
656665,0.006382051733526381
332856,0.017966679142928238
595325,0.020307651971978757
474708,0.0398108419591608
632436,0.022779434843257132
909095,0.010701752219622147
720122,0.021813923293435785
701032,0.01945744634638433
342133,0.006708816988539194
534847,0.007589362672824901
765143,0.011263811362937522
933289,0.0147893860400385
126014,0.0048826233122657384
909055,0.01909724368111256
360342,0.03653929632106917
555269,0.01743992360500046
314490,0.022958386387858434
476441,0.015157252881680187
841457,0.006054527020991822
138828,0.03775765317219413
135338,0.032242920705186785
757308,0.030301584084223537
341586,0.003313087293198803
476975,0.015605857761386458
350230,0.008308847757063694
662614,0.0061237860919952
916513,0.02889160731745427
239391,0.01271687578222034
727889,0.015499226505298697
835395,0.031560639810405945
721046,0.027677510552813797
892249,0.012629213285612926
944487,0.01557205433401896
823918,0.007058208705438453
844060,0.015471564203602545
732033,0.0361249286722567
403147,0.0042439715222052045
201867,0.02264583836097768
733320,0.0036764487563561033
421083,0.006286613006191381
684420,0.007148913166495797
684475,0.011730644514529513
980269,0.00426026585532647
646081,0.005216718663529213
502989,0.007014370860018563
932039,0.014613742707143357
428976,0.004048237398584989
294566,0.05455103896213788
275985,0.00628205671626812
281341,0.005598154731593692
458256,0.009893305569592649
489704,0.001538234347249573
609373,0.003096651851929502
435052,0.011861202938527297
896658,0.3882396491791747
985549,0.007237643051728775
808324,0.0060437762848506585
752360,0.005696799705134803
986019,0.0032955240505292147
659395,0.011933127126968953
206059,0.02365342347612048
354531,0.011013458073097738
734146,0.031624663457629036
600119,0.002780225292757856
269997,0.0320663449631171
670848,0.0034476877395295414
824260,0.03607366585708008
265900,0.008724193617236042
236741,0.005801839375951199
784794,0.01276691716147551
547507,0.006459685441064335
282088,0.004861239377238794
747941,0.002606569901054453
749274,0.014767175063529264
919015,0.025522239348491592
677379,0.007649349253248809
480754,0.01707978796664102
977065,0.019412647014452073
540750,0.006567367963269234
753842,0.12167533143554013
130792,0.010827692892733711
917409,0.012572785139103235
628625,0.010847508318705132
881519,0.006328684252029193
305947,0.09293000403728272
104957,0.01311222911864858
143742,0.015191045658582656
871299,0.004748816144424487
822475,0.07928948056403053
162322,0.004651966302683998
887487,0.006814271899596731
123788,0.09315576710770382
687220,0.05340363005783411
948068,0.02917361939072828
410196,0.02299404201498906
208119,0.014707447098493748
839055,0.0023447932482213575
331229,0.008911480151341357
887332,0.016119436863129038
773904,0.00886066926901869
642013,0.018883664080832138
341358,0.0266226357060886
146619,0.028800379176763837
544004,0.008934097603193579
581820,0.02920423680282751
479345,0.012030851516043528
287222,0.013542471828283732
399161,0.00700564504094899
900561,0.004234635233577922
659853,0.005539106131832391
622399,0.029411577401792136
592071,0.013603959248430024
875525,0.009445686982223103
557789,0.006613873093718164
635277,0.005155461694478856
437739,0.009150996057337778
528665,0.020709342236744175
970396,0.00677937297234295
914300,0.02485812607364766
718795,0.02428851122219572
435367,0.0051619065585651516
152225,0.0034438976555023213
301318,0.0037758486714482803
524063,0.005166145546995463
540089,0.0036271130695900793
245100,0.006493918742771226
407233,0.01036766901052943
736613,0.0070975227090996525
898517,0.007457850747391456
555519,0.004587393683073207
860719,0.019224761719248334
428183,0.0035665233798637163
394640,0.04573185138742505
524029,0.006827578620232361
729573,0.012268608303917093
135739,0.004516166031247037
369124,0.055296457754627666
278690,0.07787569655281308
281431,0.005117871332494267
519819,0.018361342928955006
757388,0.03135245879010901
760644,0.012097857147742877
984158,0.00487672750435253
423752,0.006603046851612684
572333,0.030760305354190935
990421,0.017169259568778815
350972,0.0056687346794979
630104,0.005645108646757039
683462,0.0058472173398218495
459866,0.0111058676811945
287805,0.006191162470276507
139500,0.03907224056552202
482756,0.0049661119815634985
697457,0.03612797014973563
486177,0.003115809059052969
393002,0.05188669752357201
959988,0.012495437786930973
260087,0.004993594371758883
489657,0.022155677951250497
790664,0.01716269705108
912566,0.02753502509089983
410717,0.06469607944295064
966990,0.011541837423588054
718535,0.006585664718960514
672001,0.01357742066893142
221350,0.006081169155275791
930094,0.014741634626385587
828648,0.04815498546480492
445786,0.01254348719466815
487217,0.00877398247030447
474127,0.025405336485614778
495578,0.008999642472535213
114103,0.015844030610967293
346347,0.022508323023620477
197052,0.06461876667415072
290232,0.012858498742994991
545009,0.004413034099183397
220853,0.03368974698274495
472612,0.012680505846298129
755411,0.006814005116500096
720438,0.006314056507168774
398192,0.00674629454420159
167176,0.0030587235741522637
692846,0.019035314151011968
836390,0.018033528618332635
505698,0.0017214084879495406
823829,0.04325371001326779
229795,0.1431005151597999
305984,0.025130272743961738
435605,0.004501522602427965
604035,0.01219661055812914
342573,0.015024078618583597
646560,0.01887308855019717
481583,0.13340144758230682
612171,0.012852087499995057
744875,0.00769964543310835
251291,0.0034773697571812818
963981,0.014753692371345837
730845,0.01840969578282527
517643,0.003332251392179626
927314,0.006324173039964103
161121,0.01127628618688207
727361,0.013932597774023272
128096,0.005240229058300484
862251,0.020808558931361232
170030,0.004295251790361957
276014,0.013761194053156154
660811,0.006492272288143471
849355,0.0023421371138665705
731797,0.05887086492200438
262600,0.0043871731907923536
598803,0.005162403564496043
173171,0.006171226025550815
895005,0.044880868160283645
258283,0.008567668968750965
797475,0.005585804623132507
820491,0.06082392692701061
762691,0.036154238068428525
989635,0.012807168584758057
986703,0.015709235779708324
535498,0.012497892119968356
977710,0.006810099152989706
556018,0.006303446820386833
496811,0.010832958944577368
533302,0.03098955216878217
663697,0.008597477034035574
464041,0.12252910816888657
440684,0.09491660950514196
609766,0.031163809152882554
631500,0.11480752955438855
389448,0.0045651255614881725
429619,0.002714846734593503
428229,0.004140089002320676
293191,0.01611447251376961
709092,0.019928265404227173
772116,0.03006151121815838
966267,0.010204483536089305
804190,0.013700568223780353
973035,0.00933810712827495
113415,0.0025488304936534196
389803,0.04370566812658062
561083,0.021712684970296523
154283,0.12254002282622818
100740,0.021233381571427005
818131,0.009175909282562785
670131,0.0026236841820689786
328407,0.06439475438762246
188180,0.006289065844487684
514533,0.015185071168796482
792462,0.13620260693071065
289525,0.006056554695447383
717352,0.01207268928057986
345973,0.012133872423465574
543427,0.01484010635597815
611669,0.006738104374367558
537519,0.02419191474964415
361528,0.005234027253955339
432589,0.03433403254874062
229826,0.03137632467582626
246343,0.008873492535585765
678887,0.008175748639903167
202685,0.0029996850191771687
194561,0.004991640271155519
639038,0.03633599598972221
437968,0.03903259438906781
101783,0.052857822088528954
200997,0.00263675694736852
407564,0.0046540326047648985
248849,0.002335789224071175
500023,0.009965975101253754
501465,0.0034553268308704596
479909,0.030023412801165637
400472,0.02827535889328418
871231,0.00679162101096528
866916,0.006582496228333327
811543,0.00831350842669481
917756,0.014546349246819966
100216,0.009378972937087308
994149,0.011154396538576658
193824,0.03299637679954868
684454,0.024734462860314426
465379,0.033412147012962364
628169,0.018279832328473453
516324,0.018742976134173982
864099,0.04085643689542462
463750,0.04972936208365622
442374,0.0038360323179663174
526363,0.012822827187345212
516247,0.03075446689989585
127093,0.014430900866999294
903110,0.006552339207651326
767293,0.014139553904801105
728990,0.00853343360270475
494746,0.034441153066941205
694750,0.10274619933001322
818847,0.030385183332316445
694157,0.010967716759925781
354701,0.003689549777562368
819964,0.015421200005652485
579912,0.09354347383162533
983336,0.06825513459550031
385344,0.008613268609705994
924956,0.011264388271291854
815857,0.006201317958520998
438850,0.01937215997469807
587641,0.00513147685401995
877486,0.00488705191626752
779089,0.01493800413297062
390534,0.004143155661366176
296156,0.004080327939715358
963285,0.030344729943303738
836919,0.07830248200293206
460136,0.009527959060900435
723310,0.01123945694986053
448135,0.01452302798951117
682342,0.0060965760737396076
535415,0.00490528950702232
413855,0.01866236363885266
736708,0.018558175549323982
348392,0.03049191741741856
423156,0.018572045698588075
313017,0.01529512484291308
729578,0.02355916010832356
816912,0.0037157782012161816
389376,0.011927832645094132
988581,0.01101935716715251
802659,0.010989079453578002
221968,0.036260600600960174
564498,0.013135573804819516
235817,0.0420341322500414
380660,0.013637191149254612
640487,0.005940901185555841
539245,0.021880271864623824
594073,0.08770916353908277
427990,0.004306057855084517
169313,0.036785499551370095
463282,0.010420566835477903
984516,0.04210298011629129
526171,0.010539227961411227
597982,0.00810378346008612
801291,0.003626081407052535
637663,0.008617361032422739
746212,0.011209450387012588
396231,0.0037014389282267815
855230,0.013133748692809817
803054,0.05477701976232296
167213,0.010689294800032776
224675,0.010050940551452853
410633,0.004892590663049491
598903,0.012889315811287069
927771,0.0014112677021706052
160132,0.01214294179861547
542084,0.005732769618824305
748628,0.020606276946262353
466801,0.01974145190356987
754347,0.005052975341743518
763757,0.00685715997223353
149860,0.03034576623875489
233763,0.009808603875427004
577107,0.0030591466611477676
573035,0.0021233060339223135
365083,0.014528286812684645
667882,0.04873344670994433
295169,0.012659422124555994
937558,0.027385879106699762
587170,0.011851252389426532
124834,0.01023639282356671
602235,0.008081274921434423
686533,0.019221651315780904
551872,0.0023271203654746954
809929,0.005202501205195203
271559,0.04275499520811691
843545,0.06543985824153442
822371,0.0033402896878176637
862985,0.00608678007225921
441828,0.011452115822345796
180447,0.014817432825231085
432792,0.004561723498651619
600466,0.007668908407919356
278005,0.018070189445549993
866993,0.015092698281153916
572581,0.0037452307681839665
890477,0.01671411068704097
461159,0.005906214533260819
179266,0.002469965196286951
698480,0.015423001031654275
233091,0.0041450528854414135
604776,0.02767740451755302
340287,0.04170686992522641
681237,0.06516868733499662
905107,0.024393856154171903
472237,0.005269763101475196
907290,0.03717806534585461
231774,0.002934200085451379
844785,0.004348658869564583
511859,0.07868647288097358
340509,0.016643083724583806
639590,0.003311652799755928
473257,0.06761053156714425
264974,0.00624045846606219
158202,0.013144516339196295
753070,0.0030063923201310476
440802,0.03133356740570085
149700,0.006386133969619436
992126,0.01202105589264847
322959,0.14770824861821785
375477,0.006720704146594599
704132,0.0058256329078527095
225291,0.009568387187327707
963890,0.017000716386457
707468,0.0054417827118122715
162514,0.012511064145786422
820419,0.0024868053969543946
561448,0.08282388434656297
365987,0.004622670709435866
479502,0.013133952407449743
849185,0.005519099697877188
622184,0.014707197270234921
347598,0.008718605153364393
437876,0.011816067868364465
732477,0.011873152821485778
545684,0.0018779662781607251
656426,0.07697407698070048
767875,0.02590955466757644
104618,0.09875977824624017
395088,0.00811345448518198
442197,0.008120662560710933
145231,0.00397454384451048
162969,0.008424609419509324
817778,0.00314556658473656
769442,0.010539199908378963
505063,0.0031159594863401784
118320,0.030386760626394716
892042,0.01560693146466515
293627,0.013660606879355868
365241,0.0036806775535189835
824558,0.011205739312697523
357565,0.0033794293972164977
705323,0.019980471105392174
805728,0.004691413578991937
647263,0.005668601848893717
210639,0.005793470980451139
190978,0.011266219697779498
222533,0.00776723680949413
344991,0.012079799514099253
547832,0.011876458393012152
676964,0.013527395920540678
418862,0.03100252717727517
940223,0.0024892335522378253
843219,0.011768695864708507
326533,0.004079270474532059
920192,0.006613347789457073
592134,0.03497042378797685
586985,0.003123416407206543
993566,0.02156856138610808
393858,0.04939641401236264
977017,0.010150486994070418
793999,0.0041807253348761465
893203,0.006816052409336115
220960,0.031500101430163324
283847,0.00640253258131177
168893,0.006472902935437398
162516,0.009699177275260167
683311,0.006829164866053202
611066,0.0025365752581769014
880920,0.01628610348192252
382540,0.006974491273427201
182939,0.015609161777654179
598135,0.02973176822788872
968587,0.020489826076675793
956907,0.02352587963346246
628855,0.0037640157378253094
512593,0.019526881681015087
750141,0.011873152821485778
352522,0.02883042842077901
191825,0.018234069740219475
805557,0.011113826488240709
382949,0.004537940142842301
609493,0.005601406546692117
834757,0.024708621464495976
580332,0.006459370041786171
693345,0.0060832158221477296
439489,0.004463136768260308
249605,0.004893933898601392
381456,0.0034760185726151523
989595,0.006011481190805984
782963,0.047139932171136406
520963,0.0042064843457977575
299237,0.014566647574187672
813167,0.07783146306922725
161204,0.009439918320793847
962354,0.22731275620259792
786793,0.005650871074099779
104914,0.035997974416957686
979410,0.011960853341024966
246901,0.0073086830160714635
374023,0.03246746320840592
149760,0.007822979719272297
564896,0.004617271320667466
470554,0.006971116262342492
611067,0.016246470530887538
791611,0.02167877419772533
835165,0.001897152975474941
492600,0.005030120873634134
550325,0.0060893812909981635
512022,0.0028876325719299095
896310,0.017906847432814253
518597,0.0033321303247516093
966377,0.007887849233475028
478145,0.006225858229215922
626118,0.07215361817337396
823716,0.0035403561274905265
244543,0.01096786341200641
578618,0.006717654254930954
184981,0.008255328860262133
954246,0.00420121034004792
760550,0.005028537248397994
287663,0.01792030338499606
690505,0.010208103725006199
508446,0.06206063053568945
703463,0.10268879792607345
568509,0.013824506181227105
881094,0.008845687210592793
403359,0.007014816826424325
164268,0.0025773836573480826
141656,0.008749281724852427
962168,0.010262854927558414
178182,0.0033755397880484155
845556,0.015355122758494237
939487,0.009156346001179023
150630,0.00389269941742607
504602,0.011992035401149792
503730,0.008825182472331375
735808,0.009219750758905146
972111,0.007123577267561477
999442,0.007264332845605928
128614,0.005629605792452406
395827,0.07619062638446639
532334,0.01781201049068823
213655,0.002959857978150033
427061,0.026305794669191824
608453,0.053064978671504795
187187,0.01301969989915296
730529,0.0073537797390895825
998941,0.013245351113076016
623183,0.002433800620246181
180040,0.04303657743560469
856998,0.004907538345033662
725624,0.0029401986944986042
969461,0.007098632228444795
449205,0.004966241104795747
354448,0.032105344081665224
846210,0.0023186353654981225
559698,0.004907538345033662
697251,0.011450588246607676
791130,0.011127049707615282
872279,0.005149273206693031
129056,0.03153704113468856
542928,0.005603212783234906
476237,0.07316406747849384
846449,0.060719206396601264
141479,0.0049201030596166435
757192,0.033643129653772794
872743,0.008287032846996664
866124,0.008030375796342377
557119,0.007088849290845247
571725,0.007305726066127111
102349,0.03369051831706458
107318,0.021336349327569035
343195,0.02874167750676929
849803,0.02528807785963526
367910,0.11439419047929657
623669,0.02572929727930572
945626,0.035363185757742846
909602,0.008886927542094157
393136,0.004587198718943779
303969,0.01659446339905788
329307,0.02944483344845622
822089,0.00914493320180808
618697,0.018439141525187545
981477,0.09514689563817974
110288,0.07285483299756418
740853,0.0035715783170947404
164635,0.01230836724609592
457444,0.006452736364765696
666082,0.008153238917779372
486718,0.008025662063032296
885665,0.016356177996125446
436463,0.016631815314012522
529945,0.020079027685530906
718806,0.013133748692809817
147859,0.01674679663396541
564828,0.017557269168191565
232700,0.009484844571093484
390434,0.004024026554747188
787308,0.006962381482073045
689275,0.012740446485559647
700580,0.013621390934679543
654224,0.007911070682961251
734489,0.051582739123979
293256,0.040176951612040324
562561,0.006122557891485879
990306,0.012473163008290544
751558,0.10096891754547822
647278,0.009785869419500211
452608,0.01186875550564218
984666,0.021005634864524128
902002,0.0018695365565668323
357443,0.015325937784615478
742469,0.008225356396422131
257258,0.019546269227369843
149675,0.02531087613318008
616031,0.008659496103188159
659767,0.031433279890117585
804066,0.01340793091408286
516259,0.005327011848250877
917889,0.0017897638801201278
958996,0.007250960602937741
447872,0.01338857893150893
812912,0.012517004080282881
658220,0.008143328653063093
261221,0.187252960590564
288512,0.004818911486863836
252513,0.004068397908220054
901331,0.027980062559839904
888147,0.004807800346251688
988258,0.0065394947986086634
136933,0.0030911091510290576
353848,0.03639489537851617
298062,0.017551414643404734
601386,0.011873152821485778
668790,0.08196678528361238
507877,0.005789302291977539
227450,0.025108438550524068
589491,0.00968236116704972
880744,0.0039630453749097535
560860,0.04019572162056892
638232,0.03275371950334968
377058,0.006061662437872405
311591,0.006735972222057925
207633,0.2326355022582269
314905,0.0064378088648359135
366105,0.003021381678709205
940572,0.008455026296615703
451074,0.0019094822828506735
394876,0.006058427455044426
429685,0.010795428269207293
330835,0.02056341689044312
865434,0.010314615716752627
184226,0.012714536678935696
303651,0.006630846315760874
294256,0.011736811663273264
798932,0.08904623884883774
761989,0.008271037979544264
925085,0.004770490502134619
405260,0.07055117808064156
902900,0.059643526272863887
923416,0.006935378546017484
792095,0.011369826935440534
760378,0.004668765220237358
988900,0.006479679657922851
673215,0.014695924393272334
993882,0.007236616761750794
324119,0.0025331176456122716
902930,0.40429501565602993
316758,0.004920920996533847
221949,0.004472751852135914
761128,0.004807103633254288
373408,0.009314759115239402
887840,0.005393539552152104
985225,0.03657855502746606
525795,0.0018716291712468668
283368,0.006609636849154049
311144,0.0073420906083654066
880873,0.008605602493425086
956723,0.030510955413112478
871007,0.046943130936134635
269931,0.005711854154217988
577539,0.025835104837143533
633267,0.0070426310762342235
704549,0.011822396983633583
276366,0.010831585277265503
912458,0.006959300504510209
649283,0.005996385955370876
880568,0.007740999746691652
116675,0.01255723990316031
231407,0.011427817815483304
804555,0.002447446185484598
282963,0.006693185761478967
794678,0.01580800701904584
270437,0.02064703156917696
607600,0.01998805387722167
174887,0.045076928189070546
336796,0.029654628330554697
306420,0.03671512601681053
910008,0.0060308242589171505
423047,0.04041936061548878
518133,0.040958282985250054
519220,0.0036966596653250044
671770,0.062392397828983905
914515,0.036830798564114774
361817,0.00516742736912949
217825,0.004445659783316142
752541,0.011650819325333413
162657,0.026269619633873267
999489,0.002976522556061454
320695,0.008547900779308093
867443,0.005065843712138463
527219,0.0037323704265291476
757735,0.00867479517448911
231450,0.011011142686703715
993602,0.030425777347730262
410261,0.0045948610653192236
331195,0.004193297421665293
204769,0.022589221010530715
849105,0.010117593728329068
623532,0.0065561410516793775
365664,0.033087799580024634
611582,0.004079556228220578
687480,0.003786211746242223
303774,0.06736253655331347
240643,0.004984877681636247
257826,0.023673414230106892
668628,0.012757515602277412
241728,0.003217185584036365
480382,0.006824250378627951
866161,0.10518262364313324
419934,0.004767552341776925
961374,0.13790914992053513
616795,0.008173069917769999
268824,0.005945520405113753
583252,0.0038139448472250064
328516,0.006177326734219495
170496,0.0049627121831676045
710188,0.0043773505066168495
266998,0.00353808771279804
464388,0.016270851859115018
456287,0.016304335486017334
501637,0.0027028828875948993
688776,0.02374264845571866
372722,0.008750419704434704
623835,0.012601423924677758
131324,0.0023519023389249128
479676,0.00953360473734224
536899,0.00869352561474483
995249,0.08358393158746465
283976,0.016281574271162693
513920,0.011140381845810128
204643,0.05174403645846856
822200,0.03353790677228315
914900,0.013790059097171042
530230,0.010891522641005631
274323,0.02730659790605364
994799,0.09689328969190236
178716,0.008885435596924207
292966,0.06332846942916355
731042,0.006511478202283019
682403,0.03950828947789107
184424,0.011043978648687194
780898,0.0025148929758169562
900177,0.03182689066925334
324117,0.002534799508828842
290231,0.016082841560596025
480249,0.006999581744759261
584303,0.020594480155367426
385080,0.029216328694850167
622841,0.11828597226667903
564700,0.0041405535450293445
942633,0.003802994957837382
725008,0.005745294216395662
943901,0.003669049052227039
432121,0.004733285006892442
783998,0.016421428131361646
388143,0.004197831205671149
300609,0.004440466975813578
590006,0.029220731477923766
194021,0.04015386987450181
854667,0.002383738235732229
253960,0.01995860012908939
778664,0.04523372811911691
698168,0.021463422401295965
505043,0.00985250836410574
725345,0.0032397093348346764
890091,0.032009496740066604
906045,0.039766561080270664
401584,0.02446780932541967
975833,0.010751479133892485
595766,0.009203143534148443
204475,0.009869065728365147
142054,0.0036852159693077286
164501,0.01848980528152338
983731,0.022546289700306074
229815,0.003761966171871493
681884,0.038603464525150094
599796,0.04842221835258564
747903,0.1253088713765862
516576,0.01900515788151768
676655,0.014554864917706748
804740,0.02807752202216534
250499,0.012330514792461894
599054,0.005570888471063606
638139,0.03178595544060294
883823,0.022564331752214256
317105,0.0038842268064458105
340090,0.0034248411922682747
181068,0.006815629231538881
452458,0.002223341630456006
140848,0.021171585241000237
783314,0.026921054850368893
227303,0.005883762274438281
730260,0.02167240058181768
396242,0.019549677230827543
462845,0.005919108127822076
765456,0.04037297814527765
729255,0.015635181137635915
396038,0.03177485136404925
135207,0.011599456137615293
650761,0.005631415566827983
271443,0.006643329043499575
985665,0.03109130451063149
583353,0.011032192310231665
943152,0.014581674751776685
978576,0.004914725206914769
525305,0.0029082166927351816
787528,0.0025075227157235432
109249,0.004011753132424114
302052,0.00995484683967927
245653,0.007693542485253538
245922,0.0053312387760168665
111225,0.009567224651669596
459145,0.004215336862396811
848583,0.0315137736680034
147793,0.0026438481195972994
585865,0.038526842931119645
301646,0.008590011907502903
908828,0.002030024434389082
986830,0.0022437434603944885
796038,0.013212436033622849
900241,0.08334685057316107
821039,0.01080149115199411
978883,0.05240854030996297
225703,0.003217126055121184
962515,0.016478617052836462
986741,0.004579670366215989
680532,0.004273602560556881
581681,0.008312740059425408
667880,0.013133748692809817
628561,0.0024829340133297006
738705,0.0443291056359462
115266,0.030376300457249872
503714,0.006881655086877862
471104,0.019777415534495135
604239,0.04191699735113726
986240,0.004154939704844728
343324,0.012833500511525365
990992,0.03139057927809798
771805,0.00462161806101441
888017,0.03428391968398507
139994,0.004859521218740791
813135,0.01879786276279087
239180,0.009961180582159342
846790,0.013779523873412278
417987,0.008361992009120947
227749,0.004447641125376866
999093,0.014491733114358602
647567,0.004552389288882187
832635,0.004330231589303925
190360,0.06127471270243125
258175,0.03660230339701895
564803,0.005979544920027782
348030,0.032306036372459886
461891,0.003186781297398791
345742,0.0034550964811318943
649798,0.0018668132918655037
861853,0.030645752319801715
439152,0.010973492786312346
974441,0.016405246051030456
246648,0.03380037601733753
445354,0.020442347609094306
440719,0.04738249217384831
639250,0.0035068356378766125
613528,0.0027337122533042414
522852,0.003345863406230054
580831,0.009946554086660297
953920,0.008147871984069058
443062,0.06997358466467439
913394,0.0053202900084042045
671625,0.004579579814362283
770915,0.021845955575254625
962857,0.004255382774169825
113208,0.04352911425654599
853229,0.010360874593050481
865991,0.010653668840685259
862105,0.09404744900669863
761350,0.045599335842901094
368938,0.011799750381137019
974362,0.004525352176941105
513390,0.01161491189060448
613261,0.021491908218306585
314746,0.07382210618771146
746944,0.009706598893399794
921326,0.0042308518159700405
529443,0.035840077806377754
577093,0.009545603983109791
525616,0.009690886832452781
636947,0.006898253625665521
903872,0.0017689342079875742
370829,0.012713139534924214
357549,0.008572378723010851
603316,0.004204829940131379
144168,0.03018610244810663
763536,0.014516202164748306
952386,0.0017717404603535933
966550,0.06210832727646447
349795,0.012526841575954399
333988,0.0024996585539043535
542970,0.005706215328134335
896099,0.008786789994406508
182639,0.012014646115961253
505722,0.011290560298431337
409132,0.02145721695604845
241610,0.006560294190311271
499954,0.011805994937134637
840339,0.004113391833364657
726123,0.01609100379917438
463851,0.005074331439941139
169303,0.0062699381683908135
932121,0.012591355557979671
104460,0.004113029915179402
648976,0.006539739640916972
233200,0.01513898873839854
659984,0.002516781116550623
839922,0.05870208546268886
984107,0.014356616619863791
188360,0.011643225818533677
744263,0.008204546441926386
581183,0.00279743764874099
642033,0.0026983501284276973
882695,0.007520545352115567
747101,0.015682505797893175
954621,0.011408567994512961
897553,0.024519351121229136
873558,0.01995449432267442
929518,0.006466444492146193
208698,0.003658062373550685
701611,0.031870540877845854
648398,0.0034882314640084233
967511,0.004522918161687012
268904,0.010424266857721175
426257,0.004169828535752482
213567,0.00958330786282719
555128,0.014269016122600895
293185,0.00628576894388398
515564,0.002536961076833163
802972,0.0050081098604904985
178648,0.0044900720254657705
582172,0.042500953609432235
608736,0.0728766479485371
765903,0.03679253267283503
566468,0.006521940691739471
510451,0.012092765733502424
542412,0.004426703599944347
411796,0.010795431389843202
207204,0.025853539403018665
241547,0.014510767464106651
153814,0.011879882654681033
499211,0.015540840832497491
226712,0.03529538277922987
284606,0.011532335262193216
920188,0.005680759830799753
530383,0.04897707918520915
974201,0.007229424476380355
544124,0.008414149294001924
634994,0.028251456869754762
864115,0.062347290278634
804972,0.0037777295877140507
907919,0.006762029823963951
111463,0.07857040022224296
228889,0.029054120778588703
605524,0.0035653674659484364
297627,0.006589898495188355
788457,0.008404483501675965
657883,0.005868544131452962
618591,0.020064043692975167
421287,0.00898298625350527
953871,0.046071300998725154
871220,0.013104882463278265
227528,0.00890417224455692
358460,0.0050786943317646495
952437,0.0030524947064327628
824990,0.006746109035553342
414291,0.03213547469259532
828542,0.012135895073185477
601742,0.008349685826178156
735458,0.02940246586136323
363792,0.00801283804452399
715181,0.0045046746594802215
773114,0.018594317116449908
351827,0.005774702482257874
443957,0.013420791781488589
508584,0.004278597213564775
971615,0.004268898184799368
356056,0.02211151033817256
282556,0.009763024555447511
763093,0.010676570358122152
346818,0.032947251407524906
497140,0.008684612569502507
138913,0.0051238934926727256
863831,0.0145822948811831
905098,0.00237004629598865
898275,0.0054995448467226
501020,0.016497089261118883
431640,0.029423271786067958
815784,0.006483321652869756
301751,0.009181491904135483
199291,0.017127553991841474
839999,0.018043158936749678
226218,0.09901344429496475
712841,0.074390916025232
805282,0.015233210788872463
261568,0.03417326162981965
185822,0.012340118860668641
524432,0.009745495084583201
179755,0.012171686511286304
524426,0.009319844450807987
803799,0.014570468420640614
753258,0.0053061911239885235
864408,0.033580909489706316
620652,0.015349429776596963
495260,0.041897645199163024
712848,0.003305642919817907
494486,0.056505242656116984
920689,0.005355208237592871
226562,0.036612228048722675
846268,0.04915711092754587
830392,0.04876513449366431
576589,0.024923717982422967
980884,0.007013932185313246
378419,0.009118477373685556
675738,0.004485814603294268
633195,0.015149134425298381
745008,0.014614626811458455
196360,0.032475223347568624
279686,0.035295065254068905
287942,0.0063143527807443004
865492,0.017121495584382602
459508,0.04449967288309239
366430,0.006640227025822646
731228,0.011289673354709373
730816,0.016599071330084033
372459,0.03294673301364039
547811,0.00610147482193291
381120,0.021794087400809414
343498,0.005100698310927064
899652,0.01923886503885947
976608,0.029451700577799778
554540,0.004908704361127179
548760,0.010815041099662566
958665,0.017939297480169723
509352,0.004481127290639786
758970,0.009164676184862754
354921,0.007401025100764016
478526,0.009234620003803054
624187,0.014047611731292526
728122,0.0455815021278785
635415,0.006454751483836503
532483,0.10192693863903017
570714,0.03265753110612137
746314,0.03560573941249875
473128,0.006103750517338934
650207,0.008573562010344605
780073,0.04899847356225066
932957,0.00986682132475608
103480,0.006885160312969243
390789,0.014519887252377264
595604,0.003459161470830967
193110,0.04723408298528858
642719,0.038263052159872066
616472,0.00517792634436771
975201,0.012151611258633415
461877,0.07082134362165937
873755,0.004654514086558643
869781,0.009586052440135922
471519,0.05326897144439793
913464,0.035818447960382103
526631,0.015557634980048755
406694,0.004804909438658052
658562,0.009869919077946626
234234,0.002454870786509089
915929,0.016316359922623282
656335,0.007619140887896848
169221,0.007587782990558682
367620,0.005919334930118228
455364,0.007413050296754397
875533,0.003531211900777566
945748,0.006540436211526375
622339,0.003451493354304839
422313,0.013521961476107704
593137,0.008531658442392698
813284,0.017986817522673584
443487,0.006253033018167742
240107,0.002960856959992056
986146,0.010531130672553035
691086,0.001713848415280895
828368,0.08513171750120004
584151,0.028586704696294825
233501,0.0026927947309044508
161769,0.021782457472596474
377090,0.02094575411441803
324300,0.01411842310226394
609105,0.00666124801572425
685685,0.01625316334485152
839970,0.07418249063009386
951778,0.012086070105069145
771804,0.004883050917816704
937405,0.012944574824142319
401668,0.00472743411836345
832072,0.016613150288521023
216868,0.01189311109420744
459520,0.016620834912338425
528451,0.007594389156331485
955819,0.014468023816985497
784942,0.014218054575249928
303400,0.004704367120303274
383200,0.03036627585833351
144449,0.006567179881555326
188626,0.011493816339695347
686910,0.0076702785541826225
720584,0.012225177515950555
573092,0.005615946845017132
329543,0.017589415578834994
704651,0.009056838965455442
594878,0.010439889282580037
369911,0.01614865246706693
217326,0.0039710672753813835
415428,0.049708215049395245
429406,0.002355667064419281
566340,0.004220644315101993
967554,0.01933958233365273
228280,0.025507938014735002
405591,0.03401331737887732
999337,0.006508367024405087
559323,0.005420023987313764
306605,0.03932345316279644
689107,0.004851220918390663
882113,0.004799778490296123
428929,0.009016730216352298
922926,0.014327225954195806
912635,0.010388851846990323
254147,0.005144628274970806
681179,0.027837777289365817
986893,0.00724628480993547
883959,0.01063921371106043
276329,0.035525113583590034
612844,0.022519528377392874
717239,0.005543003412217363
559095,0.004648985922542329
871194,0.10714733944649447
155560,0.045525868544134054
539144,0.018848594496502544
675382,0.0036401945891287165
598436,0.026935212443345735
594694,0.006939210913958688
611750,0.00425477519988309
449014,0.008904031811090894
882623,0.009186819270207645
595874,0.0402553486159344
981921,0.003670359259058905
641788,0.023474433114133306
257874,0.009274014817761375
284781,0.004778983975597527
250605,0.0036015743473514195
461488,0.01003510062805186
857205,0.034846603209620367
723264,0.028181270136383788
596478,0.004941392509814665
626882,0.0026818218124912735
647677,0.009832647926101782
729498,0.02360781700096225
533410,0.01494467410533548
478537,0.0299332276646531
496177,0.01597333237204337
338898,0.02940815584797674
357551,0.07467759903370493
305330,0.025412806852444358
702108,0.0065928394042886794
882496,0.02055750078676834
972186,0.025255696061869184
742874,0.01798406145027515
101781,0.04959456244335056
662655,0.032060742952603055
993862,0.00933920596764104
651191,0.09376452219358464
826823,0.015368984071519447
552453,0.002873196169335431
210073,0.015177122091635041
204933,0.006671175925093811
415254,0.00819884526325974
311474,0.03696753274381092
912550,0.010967716759925781
223893,0.011190937913260498
735549,0.054866688475337946
581719,0.004817835235178826
855793,0.01897220471310054
621470,0.005343601778602138
835216,0.00926780811921848
367735,0.006643950823292568
183726,0.00493556930991441
719038,0.006031785510938392
874462,0.004157142429291273
214062,0.045962389234067313
392622,0.03310976394197243
841687,0.012492452204264507
804350,0.007842907375234711
632628,0.025663729020295522
813326,0.0471395821711973
498535,0.008220251157290942
717191,0.010265518924998326
693462,0.030738760179343964
738676,0.0034962059449995006
491123,0.005521729856535991
747606,0.009557171082733093
532572,0.023014818859026284
567958,0.007001316015413731
172118,0.0032600760232882144
340084,0.011873152821485778
246756,0.019625357131295828
747605,0.010399449086739022
159007,0.014402452201870674
498757,0.011918137956055216
112884,0.0050198486109805434
905816,0.0027124130068784014
937384,0.004947862995905565
754541,0.020843064988012222
997693,0.03841488520387271
210056,0.016229043727030316
939250,0.014389075617213842
514707,0.05421877927873471
967457,0.003100601523433079
502049,0.016312487018176242
726895,0.01888097218531819
888064,0.0027978471230778314
169140,0.0063321726350380305
273562,0.01574872421439028
976776,0.003150877415618693
205127,0.003684124476288028
275837,0.002446076376687021
495803,0.0024529688617532103
230640,0.015210434522722407
177157,0.015312663521807207
898400,0.010598576031198298
574812,0.021558581391704693
657509,0.006827357305545362
139377,0.016231230909768832
915953,0.008014286761308862
551394,0.04498442278737204
945881,0.007762860114945331
889127,0.003419220780990637
240806,0.003708532846792743
248734,0.004927675972659949
972530,0.0041454963864852
897111,0.004272476292771482
315068,0.024415575021514244
721963,0.011652938348160419
558636,0.012031852888124282
630218,0.02577814294477599
442881,0.009628551228101318
911295,0.022391776177729666
568157,0.0025067210303536705
564003,0.00889902499703795
275557,0.005738916115602786
253146,0.11523183739982026
669305,0.018915054991469473
314898,0.0762306832161503
817091,0.005983082997074451
851639,0.002780469321644744
519187,0.004234672669306634
484451,0.002781528510589408
313997,0.013191516240030622
940046,0.008722868240002842
426653,0.00945566606903938
621965,0.014361737185307998
597978,0.006524727482686198
294584,0.002999411671780289
312603,0.008398059032408358
138914,0.004293526136672161
106617,0.011008559778390109
961596,0.015135605928160694
437973,0.008678197585982091
280118,0.032290084506312905
143542,0.0239904100292659
423516,0.02414248853207078
913941,0.0312136120010669
414307,0.0024553465759019
757271,0.006038195395013027
655382,0.11649288783442356
738083,0.013835183544280712
940799,0.00624155089614686
423232,0.031212676588735597
789277,0.012233518599498821
555079,0.011633989772725643
176150,0.0310350759417921
811572,0.024898474127115492
132073,0.017381848848688958
835859,0.006567927500676396
129908,0.01578080573404681
581337,0.03200902362068466
424307,0.016498898676759802
158268,0.005429082563720518
274874,0.002906852050029223
757599,0.003634582071965923
172576,0.0058967057922191006
340006,0.016025959004367086
432100,0.007554003746384759
757489,0.005625913269414604
875573,0.018573561750496112
606804,0.03922296577573375
484756,0.006373872006310405
167692,0.008792303779572175
664810,0.022011087412315108
991002,0.003087122031842436
565577,0.005276108880928882
827178,0.004393295488764989
463897,0.07398404058331262
114570,0.007411129003975793
798368,0.008672144314174056
953144,0.0565394076003306
728382,0.048007786794074324
144620,0.1653341365806238
396020,0.033945909875315296
658659,0.009322684442862116
105970,0.009122699812816864
839433,0.036455132566620266
473083,0.00700041531930911
451409,0.03477321955729098
892102,0.0224061297607345
823870,0.002507774348091255
905782,0.004393676607592074
212494,0.012928786184790987
653286,0.005092335509898395
409898,0.0031671180470783955
792023,0.007919197056331574
442830,0.11054157188423999
533341,0.11396100063659058
223976,0.010509479743563541
924823,0.017195513369995023
506945,0.011346881102747636
688885,0.030816024558440888
317869,0.0034399567377622134
359076,0.01568730136678267
958694,0.003102009431447552
167745,0.0036067019797230786
662684,0.00894444169077232
604579,0.0013133098641412882
134796,0.002918837008791434
244693,0.004667967293487678
172699,0.0033059819472761017
742748,0.0020187506768898486
323120,0.003101926594638521
599303,0.009972923415759054
125122,0.004379702036720372
447377,0.0033878033861691236
297040,0.008722266327168347
827661,0.00892321337732688
601592,0.003135966665294232
223764,0.003567388020260268
878984,0.07675165233332963
453175,0.010498556380641995
548998,0.004113969317183976
560661,0.0024427149903180805
745380,0.0029153117368853287
905842,0.006130440725564909
657863,0.009162796332821872
966586,0.018668485698628678
931112,0.03766755033101826
385985,0.009286541283387758
638660,0.0013021400939817514
899273,0.00917041425195468
563084,0.10061590288656319
293125,0.007943297221834063
957425,0.01314433548113498
593828,0.009776096920024346
450043,0.0029312938082213845
637142,0.00415385398389964
501352,0.015167115352930938
800160,0.035657242142772806
366673,0.02140766441177236
157435,0.006373540053460654
299887,0.033990565655430634
316697,0.005536929212653605
725917,0.001729233857398656
365668,0.006843635245807994
121394,0.01001380326165198
567482,0.005944237007166065
120598,0.03373791712718198
476334,0.044073721365458625
910292,0.011260436266542068
592428,0.002615242115179622
422797,0.011787741837038323
357802,0.005609158283528261
170885,0.006813750350869991
689828,0.016915383059497423
637336,0.009271898265954339
459703,0.011922608928461519
509749,0.011873152821485778
276157,0.009438649273845717
706477,0.029820538091075873
251105,0.011674258277469455
298360,0.03508651536289835
839929,0.004467688127630212
262189,0.00289070876341081
562240,0.007214599407333386
957802,0.00381692924655699
124591,0.03961648909711835
787238,0.046762295589658796
659720,0.0048685073386717575
849963,0.021422356509226113
260884,0.05886038462136744
894395,0.00416357090403251
102182,0.022263007622278008
955518,0.04613734738808237
953288,0.010440414462640893
534358,0.005734554891142193
160361,0.008356911878147875
600177,0.012719416008171412
329043,0.004300579930100218
657937,0.00674610220478586
571971,0.010198840676481405
783744,0.007538059448317161
959900,0.0017329140239222213
590410,0.0030790440826894898
972803,0.03088879376216308
125396,0.003270995205707206
127313,0.015092546826662993
412463,0.006679340051301159
563667,0.006178663583704175
819852,0.013133748692809817
214661,0.003622053500956707
425140,0.008531034557066797
123879,0.07191824150613171
151605,0.0038053565456056086
233556,0.015401852438076524
290375,0.004635738854427729
626460,0.005914662643194552
979603,0.0034548788143638383
461487,0.013609574632836506
525576,0.01237150958387978
779747,0.002184710368153092
974151,0.006002182658899608
881426,0.006323343329483031
405716,0.004098008269385566
945072,0.017255311471867315
742974,0.017930181584754436
127095,0.009002113061366016
621756,0.05346885851843319
560169,0.046055035473398925
957193,0.009101138504489386
350338,0.032073371255330746
384534,0.05586435039980392
430660,0.004049559687426754
656100,0.01678448329373126
706339,0.00474184050964303
902783,0.0029805812464945972
225449,0.046698296416254274
206237,0.011192251795436352
688482,0.02356327142977072
364361,0.004874937201510915
456329,0.005255027048865935
413000,0.030744198672934944
977002,0.003367669931925782
762827,0.002758898433716518
920738,0.00554402326795255
220171,0.009403307425368015
500069,0.00974133721120645
493034,0.03424233838791554
443404,0.027433464887749656
936534,0.0240112991189852
963129,0.01967319006493946
325690,0.004325310634418051
748768,0.004284278916816319
401790,0.011564675497472298
234093,0.015334117889535375
910130,0.011461592407149083
539864,0.0038749056838128368
646320,0.011347478054616781
895474,0.00876719738472939
537956,0.025573199064530826
569919,0.023505102268068373
382962,0.022662194991125935
997289,0.005277680915566933
572135,0.036062973566701136
363380,0.006206817257893715
467418,0.010619231854019926
588095,0.00343329262285585
636294,0.008591318988896394
440382,0.010004269317042624
799029,0.007082001427147436
796486,0.01188659130356696
756243,0.027482182080875203
648783,0.05610017940950382
615973,0.005719952089784256
845965,0.009354694150766014
864995,0.013892385399704651
625439,0.004276326542485166
842767,0.04024254611747958
702454,0.0072779365226513775
307832,0.035921748786156345
384079,0.0051799646329456425
283402,0.011315188025852872
375565,0.0026820073590384176
941153,0.016970048180641236
942715,0.0049082560601026075
471546,0.009637480059367761
698967,0.0035502745174802552
715902,0.0022800840050832397
782806,0.003927909710693909
587846,0.002911901474824395
900785,0.08009554860632476
921376,0.009222737113968722
234586,0.023960587269056886
167825,0.12635054308119223
909418,0.023435686660105124
699853,0.00646420598867616
826253,0.09277420263262405
399663,0.013947352535422397
561022,0.008395626383152558
691893,0.003458815098784823
228775,0.024067529660091028
491035,0.01812690750046657
565996,0.054439889287273883
182665,0.007436814845283284
375278,0.005273722378116694
924751,0.024553302322812328
124683,0.09408672831831945
215479,0.02195588381156152
742275,0.004909555726946697
224105,0.1284100180190205
708266,0.021189512821317764
334820,0.0277630363239803
925374,0.009148425629127875
630043,0.00353107236860882
458798,0.007930181573940686
326492,0.005289284285986905
978312,0.010529299304072615
888978,0.0028961023101755244
641940,0.0031681318423026237
247600,0.08110038310417021
743258,0.005632660989358772
821580,0.0037242313285882427
337561,0.029960604735909613
215436,0.01109455746571334
452306,0.01322363673506614
522430,0.01464030413449051
785783,0.0021917080747203854
523560,0.009100336594989667
124571,0.05334009641043205
815314,0.12200805498335598
657589,0.04552769210344973
362355,0.0023448207175218666
209313,0.01883921057812369
247249,0.005693246504391767
241477,0.007958080245159585
199245,0.01306654284911765
344505,0.030208075324599893
287937,0.015787274871743525
703821,0.007976168022524295
301659,0.008752150280290825
622340,0.004750249158367639
941082,0.012277924262147823
730681,0.0112357075705444
299081,0.0028960043442418557
705419,0.007263750863488371
807696,0.03238745293875134
681726,0.01891591769762547
529446,0.007604411153154682
714464,0.002611257380350869
382812,0.00983532479836757
994873,0.014885014334317334
608787,0.006648767263615815
540142,0.004237332938106405
253059,0.014451545784618
987995,0.015430813460613339
345144,0.01968563239290231
421755,0.007261405385401222
402114,0.011270134542037484
214968,0.0032275740809934107
854697,0.02309322630234046
790759,0.00799102940913344
479423,0.0846556636809306
405600,0.012808996742462575
693157,0.033994159272149105
825152,0.008440801274997545
331861,0.0034724525241659502
661648,0.026978155578579972
774313,0.006575831818173582
232957,0.0066473049041941784
707620,0.023911038731171792
975239,0.0336007783132573
973415,0.021722709819914348
525898,0.0025784794005223157
372490,0.011480745210472256
431393,0.013850916774990809
481689,0.0028720302146061243
940475,0.03645266769880157
770649,0.018733506459203738
266273,0.009561389617403384
199420,0.005336555468208636
364930,0.011906743281609003
787806,0.018879306975850333
836105,0.01402496877818124
628011,0.002747261793805832
274076,0.026388134306097613
451676,0.007102413412830888
385973,0.008808595482986013
361492,0.051700062843496215
867000,0.028827756552641793
254549,0.00684632869309486
814289,0.063857007555631
104919,0.008446921032001984
287113,0.013777468187370854
174369,0.005335678757539356
861290,0.004356586932025621
991139,0.005526576548742278
711460,0.007062197111427537
541382,0.002438557385086197
885029,0.0103015645625421
371109,0.005177655902341229
874614,0.05638643685234746
315824,0.010328219203443578
891480,0.004392792496107288
229082,0.039808639904412156
317966,0.02222658508125299
768626,0.005949389145345789
695331,0.005065890516760638
307989,0.0037565003120569283
356139,0.004184198239756233
967452,0.005758126686100012
439101,0.07692514793088702
420237,0.004153764936202539
428491,0.01193556596895101
119967,0.013300926537595141
104936,0.0390850583019088
467050,0.0056413762932137086
140632,0.003358729863973714
443510,0.03760088792006091
866462,0.005444958406861335
414700,0.01623411059062155
865392,0.009346568173954635
386124,0.008846670088676288
998795,0.008004490962945041
884553,0.0023610600754646553
738210,0.029789594901287398
131961,0.01428038468728304
878613,0.0037038968195244357
470482,0.03217916492594731
444544,0.006160461099672553
922992,0.012455841601407098
112655,0.005219569614835188
777395,0.005895979499552135
221111,0.007434403644135866
196711,0.015233215487236504
152767,0.006830754177266955
131886,0.01349644241076839
710383,0.004844684436511513
722727,0.03237054319149004
713141,0.01042019769057792
402132,0.0089769660362171
455320,0.003961626699970423
726182,0.0031030969374458914
833424,0.012511664612150883
221898,0.0045401501024585145
840028,0.008104390315342682
423887,0.008049067301869559
651158,0.06908798069246516
897096,0.11363992851203313
480157,0.012185937054923749
781218,0.01580042453819594
988791,0.002599382678888965
732575,0.013354903249989461
313261,0.03247508734657022
417489,0.02543336994100361
263403,0.005159455791393634
572599,0.005480027339464547
562258,0.004982861980694438
170286,0.0374722604469938
800969,0.01419570631408739
242458,0.006267822500988433
798835,0.005531299903672401
431660,0.012836525606698184
380252,0.021719257894636298
187423,0.026987970434062772
908837,0.00811778517541374
435712,0.006148414138380647
220487,0.03773349159184212
100425,0.0017396108242475577
691369,0.022346207090093235
272162,0.006174825935562448
648650,0.029320922048966365
867305,0.0056431161774349245
651923,0.006793271602191443
469732,0.01402516542227604
388626,0.004511515727231454
718562,0.008121202850033737
815123,0.007968140578721708
226348,0.009038331166526055
644562,0.00498473540843492
277925,0.07578414857998551
363909,0.01118365058486497
103757,0.004287265344194387
231929,0.024574762426722765
439925,0.012891288496534098
140018,0.0069405472187151875
199757,0.007309670334024874
996068,0.003501481247470265
496806,0.0023249549364679272
353735,0.017257445688521958
746004,0.006744341812193632
858384,0.011276808726141957
256024,0.012713600732455211
146397,0.006485731444495712
880001,0.0048291323605883455
916995,0.007261402850684998
536894,0.011630733855109978
723254,0.012314100575832395
772076,0.012570920336305514
477816,0.0736028356824803
142797,0.023827799812939126
824763,0.01722118575481726
262666,0.0035696466172248807
338337,0.011793758240513236
302883,0.011291539770688199
401821,0.008281682663392124
796705,0.009405374034093984
876532,0.003270317658984559
685378,0.026195570826749726
923131,0.009674899468150342
204926,0.01216108656480556
536892,0.005620597570793907
619815,0.012805212606478412
216021,0.00880965626757217
356563,0.006299513346560879
128379,0.012211572075206133
923294,0.008062897175764713
499607,0.04022060947606127
475139,0.04410246241161189
704530,0.01692961919808313
542871,0.025290343504026692
216412,0.017253671812466464
785559,0.03484795697847717
780229,0.0091058312381562
873919,0.03590552939029192
401760,0.04235681162079355
605843,0.008255330643243934
129520,0.007253736478862117
271498,0.016811947666002098
937904,0.03484300176287673
227979,0.0024318921024175815
298915,0.0044993308916145315
253283,0.006388686868505739
302631,0.03222405612511169
493378,0.029847102535848727
279746,0.004432959154411637
381627,0.02328350139807707
223591,0.005211521016019904
186828,0.013740316426545328
771916,0.029827814891577
895729,0.05336638790992325
385314,0.0027913219988124254
514219,0.01337754226064826
510031,0.057332901093396935
258728,0.0077570248395094675
316108,0.026872543994932014
653932,0.015416198343284865
222770,0.013487096047082611
814137,0.013398366522619148
592242,0.001687344629600941
385879,0.06113359754293842
867075,0.03458213220725386
292198,0.011428643202395653
972263,0.019611658111841918
132257,0.020787479187373153
659402,0.0067869371813968895
962945,0.008130797186204443
243260,0.004698942934172281
992730,0.006851024064156251
274027,0.0058209665951667044
650738,0.045252588958168354
526654,0.006072315436374194
104934,0.016145630615424927
717630,0.021705148837700954
497639,0.015038293675167649
467177,0.046698880656631914
568875,0.07506632841450026
123823,0.010581803232268497
776436,0.009187735463662463
250375,0.02490800763440787
174039,0.008323213327268755
399295,0.00345267235329961
988720,0.04138843396932037
835497,0.017164947282914567
839113,0.05678059805799948
888661,0.004610176746266518
529492,0.048071049219793924
329611,0.024367142698415518
805351,0.029376729245669052
596657,0.004939476494288323
218785,0.09187686724608259
196769,0.06209651435974872
803021,0.08972659949394253
282229,0.009666524894761608
422799,0.0168911225485908
996489,0.005337058151572502
607699,0.08220160284254038
931055,0.0024174666818284544
390549,0.003880130078276093
922809,0.0056991500114693845
689924,0.007245761279217261
255594,0.005195740350945438
344190,0.006315965571592627
368919,0.031101769171908877
612147,0.014063819399658352
163513,0.0813659912498109
755719,0.004193550577445357
272348,0.01387401797872809
141319,0.014168679420196494
333615,0.05227968702565079
354467,0.07213061448699959
892310,0.028024033165602747
921573,0.004985730576705745
784808,0.016256610024682195
477997,0.016129457328163597
470333,0.033955417239357175
796915,0.011784416672104421
112947,0.0056358819844468675
311878,0.0033395466141857484
161278,0.017782087812002544
891919,0.011172703974162757
966954,0.008485031845743857
530064,0.03561069409014524
279935,0.04795470303782855
944838,0.03297985113563823
367198,0.005474564118330598
158658,0.025211278766529305
530812,0.03878313741741112
843531,0.012392276655363844
917504,0.0020496516665277054
162126,0.013978107311709129
911281,0.011063596478186243
620801,0.014447668115184118
287782,0.010378996457130368
666943,0.009469887325038376
750850,0.022696610855161736
499338,0.006216669566862903
251892,0.009231909810196276
547862,0.023769904952430906
847360,0.004531516841996205
228947,0.03496176013575142
347374,0.03219928627401472
462469,0.012144984063257818
818501,0.009685572271867476
518549,0.007812675814677062
155061,0.017537969520789027
125534,0.0202792858960217
610964,0.045439074609496616
144444,0.011151318115430962
133804,0.011204787799766502
666711,0.07728666813212713
691756,0.005925508978427275
881143,0.014276611760189108
451295,0.006325833599718199
233117,0.0044818609127363586
761903,0.013519564480680956
743471,0.008782663579971347
767842,0.008060870280744373
295398,0.05453203022045806
351247,0.005243189620843233
954940,0.0034826102004190144
160535,0.016427913195580807
177588,0.006819029107643678
936251,0.035751914683857175
911684,0.021201970816981268
635176,0.018362012506853854
460559,0.06349913468464125
450375,0.012123254437932267
148174,0.006325466221005651
266025,0.07977258282447473
103231,0.012279151928327972
864868,0.0047067978940459575
584916,0.01146820284432475
316147,0.005777193632400303
207926,0.1107115336935057
982324,0.15580194480541135
809177,0.00671496981763131
837770,0.004434148164963446
498261,0.01937944449417048
806512,0.009908058526096665
151290,0.03835140971737856
281339,0.010037722265761655
498630,0.06679178311080089
638428,0.008510427289118414
507206,0.09533866649198697
996949,0.06812131073131075
768296,0.012397383541966246
749619,0.016146205000024935
646216,0.004813794063565853
860812,0.11202689500213173
232672,0.009345429734545198
456540,0.0023574011951391642
233673,0.09388119294616762
612369,0.0035214964374062434
740506,0.01464575450993827
163680,0.013835538167259565
827592,0.016793473927574853
593043,0.05022335896432083
287648,0.02336884672921136
134982,0.004340026625021724
111612,0.024617639424628284
343453,0.01737189696592334
929269,0.024056037702359943
334761,0.004777052565388268
211817,0.08272088520936656
988616,0.005569781386523771
521158,0.012271991746879353
338478,0.011047828153294668
545623,0.010833770126726877
647528,0.021466644408740382
923872,0.015165478730246361
683574,0.05168869850595251
224661,0.009153484928349836
807451,0.09121908356690869
248204,0.011560340215648845
876829,0.012847040055872352
378469,0.009523731061390366
903698,0.0027085467000778616
268644,0.005622461232823771
907621,0.0029884367673304038
592891,0.014215044342598534
339395,0.0016992351876701495
100361,0.013693079933201202
256408,0.01608942362360018
197646,0.007707634128325479
529448,0.01757504870301453
565289,0.020066515266578495
204135,0.002449566522174713
124843,0.003612252915757772
188794,0.003722500294881273
288151,0.013696820054510634
347494,0.00250067124366402
886518,0.021007806496180413
667277,0.004611061914445081
467163,0.007164126591337675
471920,0.016961804424044276
321104,0.03339873188330343
780630,0.007148888319409616
271445,0.004819550465818485
644620,0.005821792752619914
348564,0.01752167442295446
561374,0.002281232575176771
520459,0.005586812446353184
267626,0.041626472749490405
482047,0.01675660269355725
758860,0.016202286983174455
511300,0.002175367782792325
829119,0.0024994067556929488
579147,0.05093689672489984
675584,0.030719691537665243
629046,0.02587840620011113
517385,0.014226924370659259
575443,0.039881282458624955
639009,0.023438435401370635
190242,0.03220511969753474
471331,0.0061842727440979475
476579,0.01115911323576768
592584,0.0048284525835821344
699100,0.0062840973709066186
545102,0.04530476266659205
221601,0.033732026599113285
618286,0.004552456384855042
716628,0.011257938968708015
153089,0.01372558248136656
186947,0.010242709582619107
570935,0.0014109192803699977
864507,0.01093824146452474
850078,0.013423792578905034
958813,0.07752136095025859
572523,0.0032188692387838964
446389,0.006434848683098891
281079,0.06279109038120455
703610,0.007131485865281661
915867,0.0065189517541203255
563637,0.006869892034033748
669095,0.0664456809133792
440437,0.00877592165162901
831154,0.0030625210714061496
951128,0.035923910038706444
573774,0.004794602234480422
501237,0.003977542448610375
435326,0.043296496577191916
224646,0.006593913998568568
879863,0.0024635690541563557
145330,0.048936622122126176
114338,0.010801151320069067
574798,0.014778899093701593
312445,0.039410809943055916
163843,0.009295267041229514
695231,0.004558771265600983
511660,0.01798598619793606
826319,0.02293706106207593
616932,0.012822919467895702
739113,0.0030922577457449655
237249,0.01670362314844849
853320,0.0024969509855944697
162212,0.02889843507998726
334504,0.004490173404003924
421217,0.02770080072961754
148806,0.020010008635372844
920917,0.005248565621309406
343513,0.03006342272888254
163952,0.008811732072339633
534289,0.012594957916817716
615462,0.04262672516717431
703322,0.017149280450038284
114148,0.006706978092063313
669959,0.006281614433722875
579668,0.007630414665134751
916852,0.014131857718836634
780421,0.005978249690603302
759556,0.00747533623357979
736014,0.025026669347377736
271833,0.012145777322436813
831651,0.009382645820680196
353004,0.006660173923333966
516477,0.003032648834649613
435961,0.006850485102355898
185979,0.018442464898401737
916428,0.06300593261580183
815628,0.002054411057296377
654370,0.0054220493504688085
608428,0.00732345001748379
232120,0.007915531559010648
390621,0.012683311548919976
503428,0.011038856579702796
857922,0.012648203729409278
251648,0.12391613148269891
529656,0.017014777459999842
502115,0.012433521875306858
635152,0.002277539614721926
835662,0.0312351020093122
444421,0.012152565548645473
719020,0.01109719889101944
947996,0.01432111409455788
810927,0.03227238138181745
405597,0.010728935242316377
601188,0.010980572926554674
121577,0.003587647507778373
298343,0.0037561648569570303
570057,0.007100494820380986
994681,0.04047886752704126
938324,0.014579208962320001
932528,0.008400319453496568
941573,0.012671951180530662
491487,0.00679297310949222
890319,0.007905277132303242
623987,0.002395158630619228
326907,0.005385102713159961
591574,0.010738586971783756
466020,0.013068041602446283
948972,0.01210968988269042
573195,0.1279903629037493
869158,0.006881691124430443
298680,0.07874927420354544
201561,0.003338895771963064
187335,0.006521184535891031
265761,0.05051975567065719
634424,0.058826122022880525
680562,0.0020459538154257912
887187,0.00517509092599692
585816,0.003585691026566954
142323,0.013674980743423087
788075,0.004350694374998082
779753,0.0044956902660070065
208063,0.009843036086423925
687624,0.0033086092253244823
732411,0.00491514994915019
356254,0.0025982972492038232
778812,0.005032477300780233
423481,0.004252422352738332
888746,0.004217730759109351
557835,0.004268796769465268
663870,0.044303121821696705
745816,0.006167784565853664
779455,0.006007751779771438
350491,0.01298688264105058
265894,0.008004765276507673
304944,0.009721492905074696
249335,0.009129095505301705
868206,0.04789758231873764
352886,0.006399401507689646
428447,0.010120295727098869
534620,0.02470760227110968
789573,0.007010916679373166
103523,0.004890796358899763
321519,0.026186311361287254
477847,0.0364108631622559
100786,0.010221961746933272
877609,0.016801635311064243
663244,0.004240769666983783
130505,0.020882419171450263
300751,0.009980814655982705
358773,0.0074897926445054875
826214,0.009078982026434116
395714,0.00881369261210851
756324,0.005962542797727671
109497,0.018181100099391143
476574,0.06375138218854408
472587,0.011296545851879055
323266,0.009190967180599896
859756,0.007704237322819069
714795,0.003231712541144522
842047,0.021135092913205675
724513,0.007455005021286859
819193,0.01891770184325942
406678,0.009676375022051913
318507,0.003009594754492855
584953,0.017237224613474784
887960,0.01604574283633671
127642,0.031321573450504604
317325,0.0031450390248803336
565068,0.018759283611886057
467602,0.007261088168044506
893244,0.008723963463291242
598716,0.002916482360491054
491358,0.02029033168455369
203073,0.004851059758925849
997019,0.009199772177994713
938873,0.009394351785897032
974503,0.036697801609780395
510405,0.009392110481336266
101364,0.4986968174036456
661587,0.01591029676978868
897673,0.007423567879943492
970946,0.005804470161896371
259242,0.008021941116203135
119915,0.007447892012242553
724771,0.0056985102362650175
128948,0.0060394996995897276
138740,0.0025617303611120924
765222,0.005561029568831076
520223,0.0256298795004291
685003,0.00875096903591603
641803,0.03540417398181739
264211,0.0043727202032439565
834934,0.008490751532682791
596477,0.024153541435156693
234774,0.002370030306796674
780747,0.003173642669188376
495175,0.00870030097505921
386498,0.019804788043593747
337983,0.03312219701288227
516893,0.013489490319155117
304313,0.020795711264519668
370225,0.008894313340784178
673030,0.010667476468446686
927513,0.03461864298098472
913123,0.025607911135557503
951124,0.012108224493245898
460426,0.004135589444603884
819168,0.0103536170191703
381710,0.006900767910282426
163970,0.011311750062694281
967500,0.0049235953640492675
126458,0.009804077720766316
911356,0.004586441017550566
241239,0.02319437368287648
800842,0.007254742383732623
968457,0.010235099410283869
542290,0.013432265077205914
532940,0.006753479835496067
943833,0.0054743141283868525
314372,0.008579006445572523
582318,0.002697311054488466
324490,0.051205364582444256
674023,0.008413094265179138
568643,0.014519034574562249
233067,0.047367134271994106
796411,0.003397347697344047
859826,0.024754175084928304
358181,0.011206175266422895
113162,0.013821056998755698
940532,0.06568220120566047
717608,0.00765716519413111
155840,0.012174258668413356
586521,0.026140580968606168
717546,0.016768421693483016
171269,0.053520812053140084
515035,0.005333600899670531
742521,0.2640596568355609
262068,0.0281505237696167
141949,0.05098711099494558
568440,0.03770013916439904
249968,0.00613264959885102
765238,0.05996868601665827
189282,0.00508256914362387
368525,0.012762009699911314
431627,0.016233632219659892
173936,0.0087495040528136
854290,0.011873152821485778
371443,0.012205468679997823
211554,0.008473514346088855
413961,0.005862889076227363
823061,0.037716588688902035
347267,0.006344312906950901
843954,0.06813273527088455
399401,0.004364657669502524
318397,0.0022720707834612813
424024,0.006429069181427631
975818,0.031676030681369545
222882,0.010015707647851875
296095,0.03191273013236332
623565,0.011557196057328294
263935,0.004288868482331837
737498,0.02992855468590931
747203,0.03689967461810262
520384,0.07462845220024825
529991,0.0062058494336637736
336676,0.030010812878345852
425330,0.019399628936406496
529985,0.005235450270857545
463828,0.01263840242285782
522210,0.004160114820304063
745253,0.04041713356036307
560547,0.009870510375393465
884489,0.01279016695460028
996296,0.01670017444957519
907803,0.004413771322662338
391576,0.003434367868704835
961348,0.01601261433123046
367857,0.026044083541286123
160698,0.031530900397190254
936627,0.02778782346682339
751339,0.0026003262905946937
440117,0.02658526976796395
524479,0.005059675011044074
110862,0.010681009794528531
106061,0.023832907474409536
469249,0.011751474680197575
959914,0.009460013856077745
903223,0.01194606973955162
731871,0.005113075135250265
610230,0.04757124987576088
603014,0.13010663907948375
859112,0.06534908504502172
616611,0.053187597342648364
345089,0.037755010773954836
161290,0.018524504750728976
473901,0.0025777690190353923
677238,0.02190022086462151
644683,0.010927256765683492
889348,0.011660594895207368
690673,0.025051099325511833
588559,0.005320916381825085
511706,0.04542029684199637
727565,0.0058771740088088085
557186,0.005507098373613279
870600,0.0030132002517911276
176192,0.008182933324881616
311919,0.036346156680674854
781093,0.021363387861022383
745434,0.012688560534393684
762237,0.0181121730261944
599028,0.005694295058150271
938110,0.024099640095707333
672093,0.01657633877469395
384654,0.002900668378991411
264672,0.03740277523406725
701833,0.01011957271584345
581077,0.004570107788483357
576465,0.010651898363802845
335986,0.005037561445426871
182020,0.004104566040909434
625379,0.01090786721749728
777684,0.06978091235609148
716182,0.005478435413308625
784834,0.015415794622658581
681943,0.005989571551026734
936063,0.0035476656337476834
958765,0.0348573895307892
977047,0.011212076021269118
848886,0.04795704693423815
669341,0.006735174559963842
885290,0.004879372068644514
849281,0.04153643287687683
435847,0.035784050416489986
635031,0.023958930742935414
182035,0.004907345822872901
280594,0.04576066135472232
390010,0.028854088686935973
878931,0.011982856165509174
597748,0.009496219229861096
147761,0.05230177695927213
964264,0.0296641907726843
977469,0.01006908593374534
293732,0.004464858215602106
941230,0.009291173352333445
454889,0.017236731229957624
438959,0.004734154039995968
781006,0.0542956067559271
239680,0.013962845904325994
726379,0.015490458179215915
779909,0.005861690985987188
179274,0.007779156161232941
432506,0.026529266004818447
841958,0.0036735179133701294
648769,0.009567471490423975
118033,0.0034039350896868754
918035,0.006922718425654582
148491,0.004509986623192508
537505,0.0297138502741857
762455,0.007031543714832014
371523,0.0163142025908296
562105,0.032619535498464074
924627,0.03518567689211096
437804,0.004575080531380979
505248,0.02822017077005523
251742,0.003693345003342343
724531,0.04204305954996391
693452,0.01570845538460109
344099,0.007626489534374098
649706,0.004258069288922533
905644,0.010626841019922662
376343,0.03025452505466279
378162,0.012464133531204355
402009,0.0018964788406432012
720676,0.0042303368168642224
750433,0.1173944012390056
992502,0.012904633224491546
781049,0.02940390611336424
812904,0.009205044663193284
825965,0.03175809538982577
365226,0.0501237011593627
930712,0.003469646943801049
209897,0.012569187271868182
974072,0.03917707713271099
446358,0.02000739517417339
702161,0.030588289836907877
891915,0.03347083376466049
157976,0.006831851294166809
994471,0.01185496314755576
354002,0.021522735260998068
443086,0.016726595884052495
697675,0.009621190684067348
496367,0.03508288973027356
308740,0.00834518108038716
726270,0.0017897107839252404
874916,0.009163597061806852
525347,0.006764246995241216
854555,0.0377446325767723
851667,0.008314854042576762
773548,0.0035753053444500197
624336,0.004263557594005563
424508,0.042080073877880694
266486,0.0063896184457170385
766637,0.017634995996455786
884219,0.012202918019987593
697901,0.013717991440647847
123751,0.07337965844427033
911156,0.06126585092534883
239313,0.005960151587210498
643187,0.02134721221625356
818255,0.017056792503794226
685487,0.01188655088014465
312275,0.012586255341773225
882817,0.01280275454955639
137995,0.004531277256422887
393310,0.005926420470476915
412970,0.009489990669142025
642841,0.017124700454784543
744931,0.012862308274335814
780797,0.04621357174860246
571128,0.00907572967181964
303300,0.010045839792922432
904266,0.01106902940451356
134915,0.00466508024509741
178974,0.00950865312422005
593599,0.007235701973035414
304519,0.0043422747971232824
573374,0.033445722453313786
138287,0.02946168655031038
105717,0.006611877435601306
128964,0.0039040035932630963
446007,0.006096069532070851
252427,0.002859731452685002
873337,0.041093705812415934
618181,0.007030387626291605
366626,0.03349976590212116
871191,0.08111115117856914
110113,0.005971529271815683
131116,0.043815188961018846
877767,0.004103100940628395
796732,0.04223789535430571
665323,0.021066930605269586
234983,0.0015877319801746272
930060,0.037351017559907676
368946,0.0041032741814892686
179237,0.08641109468415661
336615,0.017314044463838402
182713,0.10973807577803693
732676,0.0018893598387238033
868861,0.012125368091970862
282334,0.04373896700466453
359564,0.028130625991101357
732894,0.004856452096634002
185349,0.019010244862372332
231324,0.004405235391180698
433824,0.005573378367946156
347067,0.014528850397529542
751908,0.051600949742715806
915872,0.10846089944561113
832143,0.01674783150915152
859035,0.013158114249215298
723956,0.010058711870335578
949378,0.03137205038536956
297196,0.004588323148127585
846974,0.005646913364537881
990659,0.012678149165979391
712013,0.0033061465179998776
818379,0.0024124638359726124
350405,0.031346324534497025
330549,0.012258035667862283
833065,0.01499498396937952
512709,0.004601119523763721
475943,0.005296175797908924
254056,0.01849047878105155
539146,0.010764499397195796
683342,0.004888346705002624
328007,0.024604864046013412
748062,0.005235412052912111
583142,0.05230605742764217
174929,0.014935048890548516
417299,0.041557012672331126
151650,0.0468277844617149
969880,0.012351742089876072
108367,0.007251597927505352
483705,0.00964912364288927
350716,0.006515237545316446
989804,0.0042013573490108334
808225,0.0190105069229644
303093,0.0034690497037083118
120800,0.011480737160945087
767815,0.004099851261569176
406292,0.004622282057730704
933237,0.10032276391186824
317131,0.009017350526325633
624439,0.009439998283678227
529702,0.010706903171143903
249882,0.025966027960079272
122873,0.0133200816045807
550026,0.018854470732857245
196499,0.005194743953089272
129380,0.00707053725806155
711387,0.018718793964498336
803247,0.08798805896135864
628417,0.005493705835800626
239679,0.011407295165807534
772095,0.030485541909412887
606743,0.015267204900755633
911239,0.0025554557598818964
359894,0.014147023209141267
597207,0.007403855995700678
195309,0.008512929853226681
574787,0.02039687345284668
837391,0.05230663712524889
118296,0.0030932274520780916
805579,0.0021108235947857354
843339,0.003615151683984945
875908,0.01368866022007738
966621,0.0024388390391298386
449996,0.014946707352277603
516734,0.004563680309699176
837494,0.0038149392280640054
990028,0.004178824736767045
309053,0.0024185406062079886
573877,0.023620954241641488
492598,0.010546291545392638
418212,0.009080942472575763
286096,0.08641589665712751
557560,0.0071220189524732426
997185,0.004014559980911526
863140,0.009774067681040102
477647,0.03745556058981928
994115,0.013285152821562812
159625,0.03142391848361459
547034,0.012985762161190783
666086,0.00999528131536713
485327,0.015462055335548088
297295,0.03799198687343821
464625,0.02150617475011184
564055,0.01379859246358653
113224,0.006391316100317764
799471,0.03558990416569703
386347,0.009408125493671963
939031,0.015020811101309706
408060,0.11785928040515549
289888,0.050565497538892966
636589,0.010697068262925494
456056,0.019369886555642625
235843,0.004261725887866614
667335,0.012416032968855947
211582,0.03686506038232771
599953,0.024245416116263473
857661,0.03592976383250236
148189,0.0216783561493265
414152,0.02039634447450515
673915,0.004123651823901308
988759,0.0281057169327679
210456,0.006469086511892161
847216,0.02220289615202117
974581,0.006688328602527764
645072,0.009283919722600058
916702,0.003974561702968141
596199,0.005817459199837072
657985,0.03279461780734259
726505,0.002433879789720834
738696,0.0039405335498010445
523401,0.009630255894399973
851017,0.0025268466660534642
711924,0.08559998341512233
780213,0.007051628789807555
869234,0.0027539653340031937
568275,0.017557199260863438
901923,0.01169774593201148
415507,0.0024393352905323442
772445,0.006533169499727937
970612,0.005886683533360368
867458,0.061530935803704466
295866,0.03010164851270876
296047,0.009622845461852164
107014,0.011913102511474493
943254,0.24777997467810495
263174,0.013298671884902701
184601,0.004931052287648809
593010,0.006661188980092976
570297,0.006910525549567271
245883,0.030169124773509345
788065,0.0067832482461649465
244744,0.008116707224259771
235423,0.01088402848977093
882573,0.007742366774435457
678738,0.004297816534872931
531388,0.007244502493689434
796973,0.03077369396775633
386389,0.005402168800278519
716324,0.009712474239545259
998492,0.04478858300738733
383049,0.020398326632106237
823814,0.011624203905946333
641980,0.017229184666348145
278322,0.0064750658746120645
239036,0.0075634049244820666
475851,0.015923656950576667
146675,0.02182008713613349
146938,0.01628607976577403
964003,0.015212778222695051
144214,0.0027979448178869545
463707,0.004124475022877381
460007,0.045913040856842856
901650,0.012049602282782177
758178,0.010171986922623066
195384,0.012234593010719615
318792,0.0033886939452685283
210929,0.00572563409590103
154811,0.006312397038930879
504683,0.013880713111032485
732742,0.12199867501480886
388694,0.004643763315885928
939771,0.010967292707789842
217185,0.03324996373126049
487988,0.013313226718278436
114228,0.01726085845948133
351011,0.02191614060636381
205998,0.001962705494181703
484283,0.01192317359097851
734011,0.004475872510812283
879820,0.04939818612523952
656512,0.03755996661006487
146992,0.002413371002985249
473842,0.05083523612668654
214674,0.007976177313050479
936558,0.04014829178391638
934206,0.0742853827420846
311788,0.007801284707950497
611230,0.005572985786313567
936268,0.004425230004085543
785877,0.024325099025125654
833851,0.08012687992844411
600497,0.0035119200463154202
947985,0.010516310776568097
609189,0.009461880825890152
517193,0.011740658206723646
847595,0.011280489551025648
750691,0.01473938836946304
141313,0.004125880976138838
549120,0.02129571126327058
538443,0.009731894441490842
363345,0.010130982844412903
329942,0.025004920178964773
731299,0.005941410860107848
774877,0.004025170957303179
489664,0.020750015447081417
278386,0.013982033947453893
619260,0.002221727840553956
289153,0.011079042164465229
365278,0.0033974399673746833
968854,0.005987831925936743
282019,0.02857670127802578
431341,0.08732433070517304
161071,0.060086198009203846
447238,0.005539796461922723
303875,0.008867046822230523
984710,0.03992662718223369
782669,0.004171367999777626
904167,0.03907271887089661
444718,0.0028430852756231137
425436,0.01826886477906875
901296,0.00334400435505128
641443,0.0027953199867411602
330284,0.010503567442468002
996116,0.011482626748733555
391330,0.008393474939728435
151870,0.003139813793104886
396932,0.006996144528352307
447204,0.01320477444709244
327930,0.00458526448750362
156008,0.019733740554012804
569483,0.006512038842901598
658833,0.00944549832440876
180689,0.022340576930592607
573925,0.0031330535753685707
660160,0.003489997190229896
561445,0.010730616341404382
335279,0.005481810165157275
426615,0.020840765029333543
674280,0.004584266502427855
897294,0.007114599285720784
730946,0.02444386828775564
564944,0.02928772259944661
321190,0.006329731378299386
394624,0.04026349465243743
644382,0.017903650464275497
852496,0.007901964446049068
423037,0.08532145645281887
609284,0.004701625766452271
633869,0.012304711774365942
179969,0.004865168605087711
791037,0.008097067235311076
358342,0.004620148899783967
237189,0.00935009647957283
834354,0.021970728523817495
589940,0.03734883912079759
501159,0.01773266680133897
218978,0.015527379405195487
212671,0.008221394941002436
506037,0.015695745239016266
603573,0.007902499239438174
179394,0.06146008442595778
413169,0.006749494492947994
398500,0.010613878342597973
936561,0.018382608191943258
839591,0.0030894871117584906
755787,0.0017272155202010366
659617,0.005440476340522568
727456,0.014164896941453621
581111,0.004533071360335009
328533,0.024791546182464673
598016,0.00609895237462103
424724,0.0018441826315373343
510768,0.0314720489672322
215206,0.009835245343375881
518900,0.0039618323135272825
365607,0.003458573158015769
303529,0.007423004789147146
270091,0.011023427567804363
372142,0.005904315318504877
630216,0.005420190981859601
464226,0.00582919860412343
283989,0.014961845447666005
184327,0.00599909748465526
847137,0.03631727315559235
377208,0.00346771997692844
943245,0.0139996253746166
843082,0.007778560954914195
101713,0.06635053600038543
566068,0.016593835089261193
881024,0.01727169967942079
348938,0.004075602520111599
791656,0.006162404392117566
417452,0.02318481228069525
507068,0.010936762508581555
473911,0.005005777123434451
819235,0.017444036251463846
127099,0.01975969189302544
974261,0.011408329332055827
420426,0.1535739563964087
303331,0.030204154480771076
772735,0.002134654466546772
529524,0.015845726977195208
480270,0.019128465170790268
457887,0.011833515357006245
825322,0.0029867049078438207
755743,0.0040580241307747985
996235,0.004088357093427247
654987,0.011208674473310802
645557,0.00816347026753436
278082,0.004151924323430999
905195,0.004735896045342168
853544,0.07094683727964789
286450,0.005222552988035228
980480,0.0027475750944413718
766025,0.01351611093626215
126332,0.00397749874891771
109778,0.0633868425744497
633341,0.009769259857441722
187420,0.0033193775263437512
649020,0.007476388483302551
815387,0.008431474127003962
696205,0.005284498118686096
309656,0.008213172568185713
571629,0.0347627099473878
401727,0.03943081749266269
112216,0.03261461735352035
532911,0.012500484043316084
955129,0.006866990934635539
755835,0.01660034099461547
651731,0.004459314008388542
718482,0.011880591190533661
376465,0.005211223194527668
343244,0.006271124989252869
841528,0.01025485474142948
460817,0.00596965119394646
762938,0.014966037631352675
818106,0.04565614008962255
971958,0.002994222138070506
980538,0.03284682017787407
877521,0.9999998604649895
369610,0.006706573356020819
292124,0.006197936924454079
158970,0.0045901369853546614
323242,0.012605320497224284
793026,0.08327816998656257
893841,0.004943316624848432
756400,0.03165406245933915
480464,0.02517361563901251
731268,0.004743692600235746
446859,0.014571444996265321
168714,0.010768009729901471
469376,0.032317016350614014
226637,0.023058204991357523
434067,0.053242130834139596
132189,0.007198229141770511
454071,0.01199078363874251
336861,0.010281349670061137
328356,0.0025721092774801603
260617,0.0022947592349975504
729855,0.001868157182886685
420638,0.008787988191511418
395314,0.012382886338880614
167728,0.016047710016442743
866270,0.0033230370837562923
698963,0.02419209138695763
211873,0.0019934410750562207
757395,0.006130191003583014
392602,0.004342014544202832
568581,0.02449033624639995
892824,0.03712918203932012
866589,0.016899148270605076
895347,0.02735243506875738
585954,0.005762401770863055
818914,0.004702760161718192
132929,0.019165883370476346
610331,0.010046377854353186
632248,0.010111415462153777
586478,0.004704963683793133
572501,0.02562744659272431
961834,0.007891359868084747
969167,0.006791366905983588
670882,0.004160037221155014
168003,0.0020010118075386167
225168,0.021441351328901567
883825,0.020074903612733848
326493,0.002298984975665057
620987,0.005473170782966361
719354,0.004421885956969413
544308,0.010378855581699546
182504,0.006758382107321855
283707,0.002983326256269128
956356,0.03266266162128219
671030,0.018162483576586633
584593,0.008310694163074056
113527,0.032442594356175275
684862,0.004912375700031783
427117,0.0046310862858680866
983986,0.004370725131315946
389024,0.014166460173559752
572142,0.035603277429893235
504343,0.006332066046175839
758064,0.0048018140997724045
473774,0.012210393836301925
697080,0.0032208971881598617
227427,0.009004038903927019
548172,0.009820187908743904
418692,0.013481255891709884
383428,0.005763461066688058
933277,0.004771533595756922
369768,0.011433445846543934
629533,0.005969941981736775
244077,0.0030067330607848365
868552,0.004532604311093649
661880,0.0028460347142725472
423808,0.006625640886548014
525879,0.012941806498971357
484356,0.01387542440227675
644129,0.007316890504140206
948100,0.00451051752700129
190432,0.011929078648545463
239845,0.0030440327326097813
690826,0.01384778750331743
335893,0.017189996436155135
110518,0.004827122736316418
952967,0.014783469757950333
272234,0.013556805317138945
737589,0.047347298424454294
134119,0.03362687728283967
155968,0.0018885269381907154
149581,0.04898511472821423
354576,0.0025410480903855204
936926,0.044201914210203246
665928,0.014927308150811067
683618,0.006532835504059979
296985,0.08361368389747068
366448,0.003501503647755583
496567,0.00473073215983661
169414,0.05716373863248491
348416,0.008216305491941122
110319,0.012180981292957957
685374,0.0035163597970744066
807001,0.030530546689213615
196459,0.014248952685172456
826183,0.06887434087916428
326037,0.017552650950147557
143966,0.008718795497040853
562101,0.004507934074324855
979665,0.005140594670617787
337025,0.011810550328286505
612519,0.004577293181233142
828098,0.006244179322472608
680441,0.009278900359764648
959002,0.03557089040416048
918538,0.0030346836872789974
902838,0.03084144560688415
388345,0.0043132318397262216
832261,0.016465662974186314
732775,0.008715436718109017
280458,0.0060256877384025406
901113,0.018344373124870816
681456,0.005922175327426872
650409,0.03781943436867949
282500,0.026051105730808537
555360,0.011205273982137446
749409,0.015151470877467077
211069,0.007843147628532875
724122,0.03345314599712225
948473,0.003375977658060002
112987,0.010396339216642483
698161,0.007284886089828644
235503,0.007147991609316624
986843,0.00571377322836187
725554,0.2207518312090353
872648,0.029228334124890697
997159,0.005464754082343886
300636,0.016092989402569178
943544,0.006609864898505555
431686,0.013230460406281454
260858,0.005865727270238248
772551,0.010236558791417235
983214,0.09046363233771507
588406,0.0017258336841463901
122905,0.04618538100224018
733877,0.01305225622548736
836710,0.00568388335769485
363010,0.011084532574385584
463791,0.005799985305506604
807758,0.010511910982366396
785074,0.004933945458767369
968909,0.005840566961690195
935845,0.003496790517918611
609264,0.010109660425213432
712914,0.03346004322092431
705173,0.01472402332101452
664742,0.004291789622749332
419168,0.005052918670370622
880224,0.004095027935215139
342429,0.0038289744020083504
142512,0.012611761345871017
637343,0.0046894920546481375
519655,0.00637142576001276
303990,0.020371946965199266
894520,0.0055477092691589265
699509,0.0035672490898463046
636633,0.013506507031159777
855530,0.004655130766692166
766561,0.022967370769445477
139112,0.00518263111726848
596277,0.006404991113461708
345096,0.007769923125060527
889118,0.016670105685851425
986087,0.004751161192130625
895183,0.009118110250191798
581463,0.027836228384095486
114322,0.04137110322679268
795068,0.005645306457878555
659581,0.02088055533701551
877854,0.0038655615855596914
495235,0.013773569375369174
158616,0.005944698339118795
722078,0.009734667512138742
833314,0.004416143180172656
394532,0.02044882774515829
606709,0.012677977270923037
107915,0.006081821651921908
948668,0.010840971345950674
962591,0.013211476294471324
861239,0.012759726185301473
854632,0.007210973491338752
375832,0.004472409544967643
844703,0.0052360892752643315
837372,0.01304635450691138
197651,0.01674685944446424
982512,0.012365185844057143
988983,0.0051948829351623855
890214,0.0049470023344134395
768988,0.004401464614019172
917784,0.0014134524718374451
474989,0.0029724623446858544
188133,0.03517097935130456
883151,0.02387826698415473
688633,0.0050273987348358395
758022,0.038541940286742016
245779,0.15235210785231762
336899,0.0024937514437628366
935055,0.005562680619930064
127595,0.010447005328591115
375710,0.0201728111962257
352819,0.0038530560944780626
260268,0.004003992709757045
789279,0.003443525677533342
782675,0.03305806768038449
408694,0.0048989142030064405
890669,0.009230724491600738
667919,0.008923486927626813
770773,0.004539433306577672
654886,0.023899807781607017
223376,0.04768726112536903
359971,0.006401449077612439
179381,0.03065638896790474
762874,0.018537389531175185
355874,0.012258390592189363
876570,0.021620320530832772
970220,0.025883046684295426
684115,0.003413873330236059
395153,0.0031683032693022575
894762,0.0065781191026954055
107084,0.014124706239986818
489807,0.03748799820238633
572976,0.006488987677867021
417744,0.0052270219919117135
672885,0.0018374998184453504
726070,0.013506057097398006
765260,0.004907538345033662
630952,0.0034264902765832926
880576,0.01281692009622991
203011,0.029207426263098996
415285,0.015050103608920059
788231,0.002355276919296451
807078,0.006413446578353257
805372,0.009648686804180916
197179,0.009093335657210754
642458,0.008481723542227447
859839,0.004842061425099564
949746,0.027882865487496546
787354,0.003475944128303015
446307,0.009363120575859923
907090,0.011631228327646
234666,0.0030912143428369057
567820,0.07387538353842461
588647,0.0362663798085591
663601,0.05184418229669552
260286,0.0047353903153011965
941925,0.08128087362165938
929188,0.016524001589220023
647387,0.015692105157493808
788164,0.010446082448966769
352767,0.006702043112285176
939537,0.005902263846562165
793216,0.012088739396333275
725223,0.01570347962532844
586397,0.0045645097006408895
857035,0.011799352487952221
693248,0.0042618369984700494
348088,0.011900459199714842
716448,0.003065322263055656
483910,0.06051603320225108
120822,0.002562532514908496
384325,0.0240740600872144
558883,0.07787767955780073
728168,0.00249378366477724
716184,0.0250579014170125
574962,0.0037277195378093253
296267,0.005929386144366333
177016,0.004302652305672655
663053,0.06207519005034646
735859,0.03361694005457881
357857,0.056419354659355186
170045,0.03935322210552067
271809,0.03596071578651374
966760,0.005950489099556622
639648,0.0024729678322934117
992247,0.022743481943963865
263516,0.01828225047979244
676189,0.03572404826771575
579820,0.006058840283321853
898371,0.004291013411143128
182460,0.03901056720168814
109000,0.019084541982081954
483057,0.017816044308227384
843576,0.017419890844587782
957252,0.0074803213663312135
175896,0.09531226795465095
327198,0.004465323840140815
956457,0.004139275574063685
310682,0.004999011872147735
543020,0.019748221061194064
276194,0.004711482522005404
983917,0.009929983183486282
801189,0.0036876708428840088
339833,0.12558976067800684
974560,0.011592878897764905
233861,0.08631703764770314
841244,0.0024032587323400945
455130,0.01333360806534087
560739,0.0024338096725140786
489826,0.010849558383226777
838141,0.009737463708385819
676365,0.009195539584893308
992706,0.01858298783312831
842962,0.015610981587565865
525287,0.009572678608672641
948061,0.012484014077660763
829692,0.0024722505562647496
510698,0.03207510481019196
741382,0.001764948680869818
353602,0.01015810868043874
723431,0.047703594798447616
796795,0.011883760983225283
265400,0.012773758734766754
939186,0.002366043304100523
771816,0.008824921367432625
914672,0.0053314761199299695
923366,0.0025840704759649835
667793,0.015924373502329267
219605,0.023906020753592994
285273,0.0042508376852422635
498172,0.014206871896771727
749408,0.01458761935837979
606179,0.03014355891464136
816653,0.030590251068391795
385819,0.014343162937726918
355464,0.008074835029024442
806415,0.01600396887678548
837320,0.002544132227806581
114381,0.017421948475392066
236203,0.018696538648409946
525545,0.020245474966956025
385703,0.005478944711960959
732328,0.005126122162645778
627710,0.007788465109868606
566391,0.013135551288825377
933993,0.009228833410141702
934878,0.007137778365522592
706521,0.025793451040341836
973412,0.007002204658749965
790361,0.004330860016780343
892431,0.010572353502114997
431367,0.0037336047826302347
775214,0.011638525487615006
514572,0.0029382621851026464
837455,0.006219320451248598
702445,0.013371359212771224
495494,0.0033549949146930874
191173,0.008888078095034866
855938,0.038025004798810325
759349,0.03375367333156189
244806,0.0343098160433872
299016,0.02686629648785563
193954,0.005152810719183414
264245,0.003026821283665726
968331,0.006884793544922798
265580,0.0026898830635826675
347655,0.011892873459290548
822206,0.04930513653621741
349074,0.016975147960687494
133036,0.012746217502453533
698600,0.007253852688463717
734747,0.011260964489561771
676742,0.0023364900296823686
633418,0.012834536924943036
152907,0.00676043268531578
586360,0.006988918984891061
720008,0.003951584527270894
142470,0.029015325848985824
728789,0.021730265946987827
459659,0.003976958984164381
781647,0.020362538516269568
944914,0.021092484161651565
510884,0.01599986259753985
582127,0.007002113430937002
810818,0.009825323873463227
213148,0.047790904235782965
629059,0.002329287996323966
503789,0.006628918507480016
879015,0.02397195528086432
157626,0.006612429107770068
446602,0.003414803053415026
505302,0.068559326375823
578205,0.011862943257289997
694717,0.007469198866077703
304331,0.03819329340654069
546683,0.009257601848595086
297369,0.0019904346005154582
362981,0.0034032620079512566
684214,0.0062892043735188275
779492,0.008482048684561257
505622,0.014466746074324514
451085,0.013666597179597615
739312,0.008111497965135238
153681,0.021937023998585797
653864,0.003531443356962053
477944,0.003665028098058291
417297,0.006791631404946619
656608,0.004432959154411637
331584,0.011520551459206529
924252,0.020928362049388548
890637,0.0026813703989365853
633011,0.005586753808583368
362657,0.12484522638569066
226848,0.013441393191076524
113374,0.012828909373310285
230633,0.006538650638872699
231195,0.006686682514518093
183786,0.005775032181301551
699757,0.002421782089158382
827210,0.10335937841439853
278505,0.004323427726312706
898728,0.004351227243041097
415635,0.021022673131179646
160806,0.004314675296615881
796241,0.03252228563232534
677340,0.015595142614296486
899228,0.0054024234321430244
613449,0.0068852758467481
786648,0.0127059789426477
700049,0.03263086351168877
211797,0.031018480547085135
772368,0.0030272578461436237
232683,0.0025073223990753632
354574,0.004155396470089396
100384,0.10019110052491258
881887,0.00419561717860546
345094,0.018299939422009904
745417,0.04765275179779666
819210,0.023713103167192533
597651,0.0024616916761570212
269146,0.0056782421971814535
612047,0.0666655270367673
944922,0.05740038989429534
245556,0.006470192747840262
893290,0.002667872838408801
958563,0.006587167688503871
466562,0.020708661213484587
449354,0.014917267506706822
803156,0.014407459286774078
440940,0.08716944418062489
300507,0.012646712872184829
366349,0.013675574860081826
874358,0.02359973249374403
648985,0.002788100061123134
941090,0.011761805393623256
859225,0.005731810965860289
734099,0.005075122379575745
399941,0.011698452052408373
637615,0.009423937855172834
482645,0.029651842519191552
299430,0.0028585677449117727
722594,0.04022289426118129
230609,0.0026525222209140133
140309,0.013009002170822298
641696,0.015370807263168876
398876,0.048945584733863845
791002,0.0047367970824798615
342832,0.005570280413128563
639185,0.017804098173452538
827281,0.007322529353619531
618047,0.005955512648449578
831140,0.019090981382101253
708606,0.009837723206446327
215236,0.018169294675868822
998233,0.02019537813348351
911785,0.024333388024861263
294453,0.04257741333261025
483978,0.016710791770104177
867523,0.011552217467286454
642652,0.005812724791877463
939217,0.011251439993003383
792691,0.11042304195782789
574743,0.10378233995294124
428271,0.06068715568306276
119121,0.0023444928132033103
908092,0.0027867602808740533
319195,0.003969242312756695
669780,0.005131704280811569
139105,0.006132189080191923
821062,0.004218063547116035
393551,0.003938990929540916
186215,0.029493071933869013
171389,0.008440507645563186
208193,0.027595877337771364
953551,0.00456490994385032
792879,0.0031028822521077548
920877,0.00610267960270471
612270,0.005955358750377595
799316,0.028869427643605124
416597,0.02265518644013753
323849,0.0025433554676428877
645907,0.04872183620996716
917065,0.014094923277824547
616907,0.024353226843522792
541540,0.015106055670267782
396062,0.007139343185928793
424765,0.00557886244379428
955982,0.05942332963063457
777971,0.0031238698425211492
837247,0.016111305080202948
147994,0.012447842220572292
923914,0.022524417104492114
446498,0.008107495905507234
101587,0.0031318315975145147
469473,0.0035463893573360653
508898,0.017294458952106406
696715,0.007793513613203674
159545,0.005710204461359837
424109,0.006580992552171318
784676,0.011953184994455168
578195,0.03590984178430314
715231,0.041267345163963645
987805,0.008008709486951269
921870,0.018495113030278964
116126,0.022186716436882123
561728,0.010742761538945865
852363,0.0291505825892606
679196,0.049167848450814886
318151,0.005729694337288004
673364,0.06505826342903924
488507,0.0145691854176852
483577,0.006820657753154089
998162,0.006422878024534258
101934,0.013449896173968882
444368,0.00358684288743507
468036,0.029075930425503414
144333,0.011266424007207142
838056,0.13437352219709012
617753,0.005207615109128531
318427,0.00185006820335534
897155,0.00645337670906957
983839,0.005999228475179591
425820,0.020928128487087274
431985,0.0029615987778690575
513562,0.03834203820056711
691722,0.02260235686255174
604260,0.01709003537992591
202891,0.01087924044477804
339031,0.08165071587625915
435141,0.0038972359073255786
201891,0.01117353649283153
887496,0.007443851394688919
224559,0.018149843585587296
257187,0.0030920580243946863
133672,0.012749937975511601
555610,0.006646860309733
745343,0.03835257029357569
408000,0.03674447081888449
412319,0.01397015054979635
929867,0.023985278500594065
652601,0.013990433623745562
390622,0.0280655878798634
766197,0.006838498694213611
283251,0.01877275454430252
911014,0.020387055551968087
212093,0.009884582412137877
567113,0.011847949984893785
298623,0.008174204047706142
658732,0.01516349796937296
347714,0.0108008598421144
997499,0.012086704467252104
392415,0.003760470360632839
141787,0.035090934347410764
294894,0.01536722281580951
126545,0.011192259262802835
487401,0.012516810888739289
296389,0.016308981501287893
330324,0.015603993915015827
988514,0.021048029820827326
412254,0.003686628054716173
544835,0.005292026626036772
352293,0.042254487045130205
227621,0.05141073427050788
567711,0.02091059940460618
993281,0.002119056576681226
458764,0.01028264922882697
915756,0.010744004068847169
735800,0.010449756181633817
574296,0.02776276738944202
446617,0.020792450013251213
664543,0.00321916749004932
656769,0.029310292323436467
901321,0.0057761254592050195
352294,0.013766817365553272
727562,0.01539016701293407
294035,0.007732107794490676
916748,0.13400797183516464
728780,0.0128277394835908
633595,0.005059670182561706
168765,0.007990330441613075
236941,0.009840161027462203
472788,0.006662845914839618
749570,0.014341202102019172
504944,0.003912924429007947
294992,0.00243273546384206
760905,0.019188489307583524
790602,0.03658645431396102
587728,0.008259265992229666
722365,0.011680662026162289
398467,0.00404697313676996
502468,0.021858293502343737
415022,0.010375915605719436
598975,0.007809343152362722
439956,0.007743547077356674
706246,0.007338573879152328
814074,0.006199413921539258
705791,0.003205964893064187
891794,0.005782371539404139
168908,0.016141715449528908
562989,0.02865594414387278
237743,0.003097327272042221
961518,0.004873282150477124
843119,0.004856667178677188
380196,0.02704908077984042
530056,0.013598385093239799
419778,0.005544022687142509
547038,0.01268714791192967
375119,0.0037602124271382195
743678,0.0038664999761008822
660933,0.004504446264432104
920155,0.005316046711838896
765015,0.013133748692809817
921229,0.010158846076044625
560619,0.004509363604144251
700388,0.015844083257586954
587063,0.03056438511724001
145820,0.024832407233686876
250685,0.012144473249944329
820685,0.0931660214792489
823164,0.010255765395137154
607859,0.008734662775036227
674842,0.0031094946244245637
552687,0.004970376434973384
135218,0.019601107785640077
663536,0.006177766786521174
172858,0.008804007733454074
906797,0.00499075098434367
882058,0.009514578596412755
907960,0.014761431041156884
930017,0.005197857873449898
714064,0.0019445579815166245
357279,0.09114956215313683
149964,0.0270899737451087
343903,0.003191803658935805
520624,0.006428080651025781
773579,0.031238016842884905
596676,0.05611787619115726
468657,0.00958119061242094
803805,0.05887818230399853
967742,0.006651197705047469
242129,0.03158524877619822
555463,0.01396019911272841
615573,0.002409282246294338
863708,0.007958748952745497
929995,0.0033863670747349217
386605,0.003709063354550863
927107,0.008489637282890001
730518,0.011873152821485778
244876,0.0064207191456075625
115473,0.09827302380840751
846519,0.0041615856230363115
662025,0.0037226023783023614
853390,0.005772744410866874
466388,0.008881612211424758
751032,0.0025160113152639108
629532,0.07748488277856343
620973,0.012854560793482326
829650,0.02085935960888079
474672,0.010367476894892688
184668,0.003539806837485553
867597,0.011972557970936796
409596,0.009766643322928426
804674,0.0048328960527134245
889989,0.017429819652477013
264370,0.010955702769928919
873387,0.005345387219384149
613418,0.005022869327484326
231836,0.012046965500864674
462114,0.016984040507914577
257528,0.0072013588414320505
785446,0.0033249723402844654
746590,0.00811624360508042
821353,0.022539028903960687
648863,0.010413431283318973
595977,0.03753412979019198
888338,0.007684490770966966
341829,0.1330197163226925
332750,0.010169090783789619
840957,0.011559321092750059
955957,0.001930824429654659
259453,0.003354578322782193
367332,0.0037155913373902545
797654,0.004584391581048547
587533,0.0050552569586712415
763291,0.017700199257321067
719713,0.03261360463948439
274843,0.025412832983981698
863103,0.004659815928438661
361825,0.01565281567164726
253479,0.011930949562617454
758480,0.05258757569141249
852667,0.006074060148486844
470338,0.008486554578741555
938915,0.0298165260543355
807840,0.08693683007563383
463168,0.018602487928933997
640678,0.004639935784319242
562230,0.023558400598411366
318124,0.004487772468935258
259758,0.017452883883629096
554718,0.005461656474787515
823437,0.049041835861770744
141094,0.14115804362798404
951420,0.00427705854957851
596472,0.03325534458226294
201806,0.041619925551784724
935069,0.006956645831814619
859218,0.03202273476020472
447643,0.04484540732385354
175039,0.011713072103138648
867633,0.012231021127115863
523437,0.012170824127419908
814258,0.006385184070810194
232585,0.005538503955919903
557319,0.07043772638030228
705891,0.01838959733338775
785998,0.00974115693275785
980362,0.02180794993355277
377456,0.0058738992198874755
577986,0.02892580738404053
136987,0.00512984584986479
436994,0.09566656369789708
854154,0.0028566299571522484
266102,0.017838923163390478
423717,0.01235454059242925
291558,0.018504384813050404
272333,0.01371274621265764
511359,0.011060290252534261
577478,0.017961295552441244
822433,0.0030866925518222062
599340,0.005260698337343297
826114,0.004493476936520899
817432,0.030318402675006458
853399,0.016282902123577307
247089,0.006827578620232361
772018,0.0074680664906721355
845626,0.03498207303924147
930665,0.030513414792004305
573124,0.04187489922365493
172422,0.0049872529877717005
342485,0.01594156771032982
801411,0.10202415859063477
637399,0.0066740724562595905
927521,0.016675039038574833
406379,0.0036936569372240827
110084,0.00903882602051734
586807,0.011177114373308532
102417,0.014671410722827115
301851,0.044925996606790836
552818,0.010520462876015775
879733,0.011642820006279316
257438,0.0056450393241083
493375,0.024018296815337587
823352,0.04429626732477876
483636,0.012124165052785024
804150,0.006010905069211897
902393,0.02030126678279949
680781,0.04194069425566383
384393,0.0023159844796632597
154110,0.019085037449596078
805964,0.0036689540699290707
456104,0.006720770588617184
449342,0.006305489423749196
410466,0.007413360834915247
488871,0.007154885590441054
764098,0.011437097510771597
676033,0.006248314663612981
428203,0.014731668769606639
421710,0.005597621338473952
598304,0.03826226672098169
735372,0.0039929636121172505
903711,0.009025479359243034
697491,0.009585656306115074
151658,0.004940073683886361
308002,0.014547603500831497
721646,0.07490453939531497
777303,0.00629257416150376
240389,0.006087692076958361
312799,0.007020884358004126
574851,0.004869204653795931
694183,0.034385433952440425
549479,0.020202272873133493
834872,0.002359834505103793
696954,0.007907337827991736
570770,0.019806573426321892
308958,0.031768958144342316
421598,0.09146569038763404
907439,0.026608382054028892
634332,0.03015986814061561
288116,0.09934062895433807
875720,0.10021003863885147
773326,0.03568417772102082
240947,0.0017836746762299935
455933,0.062359334598258466
821473,0.005069918046268405
952606,0.023818383667733912
955615,0.06370202882434077
492615,0.0033166225801641255
721882,0.005872632195215482
295322,0.008154946915500907
559240,0.004611869036228158
163114,0.006810516817348172
441351,0.0114136356420634
108615,0.006626342090937167
794420,0.005833035020523589
828555,0.0030148744653742195
392655,0.040760658874974584
964232,0.0047003084133571986
674895,0.01287525757561347
210672,0.06641258715067157
366341,0.031743170906414916
645480,0.020517987711659
689664,0.03749150292752573
260205,0.01629899504675839
198375,0.01766955692309563
673678,0.00561750960746572
796383,0.004454797680795127
741068,0.018183081677721875
272229,0.00420349603487529
676922,0.009686516651631411
545037,0.004970494169429569
207004,0.043093703335948204
897760,0.0026793489260316552
500202,0.0026102528931856365
798996,0.0035231072049244664
875584,0.09051657304021857
980266,0.006846706724564438
401055,0.015422780469169646
217464,0.0044890520898874
122825,0.007522923349212181
570060,0.027564631168318872
327409,0.009423258004661962
738913,0.015228734223070571
629611,0.004180371565277859
667684,0.003288061241604266
788486,0.003745966434527199
728374,0.0050108257908238986
519354,0.058019167931094205
886473,0.03870578399456824
386610,0.00312311054637939
989776,0.00984525089356098
984560,0.004365986940877795
472479,0.01061771728249295
858141,0.012318729187686553
707071,0.0037170631099811865
128870,0.009219657368354412
312000,0.004788720627884479
471054,0.008411922261513055
225982,0.05222896410959314
147310,0.005114227578943293
684590,0.004571596351061914
386965,0.00568211299230264
950259,0.021096412269152497
123487,0.033732933926225075
311578,0.00605746921459773
851034,0.04054495980762536
296957,0.010452400689620226
566980,0.01120160075821144
838902,0.006679924058170823
564687,0.04093002400473869
774815,0.0029360429817508714
807862,0.00585742760227175
821276,0.008632702024784748
770130,0.009295936107364481
342632,0.006418571184406165
646128,0.02515509065173796
228982,0.006816339033202586
708421,0.007219186847565773
212734,0.010050462080874335
730130,0.005745464326701517
675285,0.019833827760236532
548853,0.010476563486726417
446796,0.0034010140197011703
951415,0.004282592998202432
535892,0.008116626655016654
880343,0.010606489785557276
622704,0.01272472836717135
110776,0.04415773127436559
885093,0.01656734128368391
629415,0.00495105453196407
500981,0.007338236270900213
654597,0.029670463515460196
789001,0.003740736830962227
934481,0.0033377443706004402
430028,0.006327262314546846
487837,0.003744566110957287
394176,0.011125200954668117
949270,0.029336302436464765
604684,0.009535601547972566
770999,0.03476335188860189
237569,0.01144711418244194
415356,0.0037764015375004747
669508,0.0269319221665905
240335,0.0035360566244281313
938256,0.03216707179618832
710698,0.014920749318616025
440279,0.0051569690437985646
739919,0.006492158089036932
692044,0.019109079883205465
191288,0.006307516810561487
283762,0.012505649226302287
145681,0.024428925907075842
913998,0.011224815229002271
183866,0.005422226068650912
496195,0.12923610388473275
305668,0.009410093981523237
950268,0.0025793825888477794
269749,0.0029969658467580407
339141,0.004534525464386676
969890,0.00605037245195706
454337,0.005683509649272491
421547,0.023677095281713186
753193,0.043328750220039874
319841,0.0034900779023891086
138848,0.03287738764585794
368765,0.007640068979177776
777739,0.0332190459269595
120020,0.005860311731868612
211653,0.00915539180039432
782156,0.0038986836680053863
584005,0.00472457753728594
447742,0.010518007581211852
646151,0.004904296185606977
578794,0.002475052537927129
452491,0.0036155743769488856
404276,0.039961333108908606
643777,0.0036628099857976834
276532,0.018062638800603267
418904,0.005828511795205241
324230,0.03092263154396505
592098,0.0056454307341896205
313560,0.005303453646294384
499220,0.03128472304294187
337990,0.0035219816340096386
593192,0.012132461517471216
294341,0.08053630225240943
539501,0.012770021096338242
686909,0.009174208101267022
392483,0.017524644205034485
779205,0.0077166607172317
177155,0.07022584429695815
783110,0.027309215554245918
417494,0.01059169958432205
400083,0.005261929116264654
412393,0.005161189898626315
533971,0.03773092783568061
427920,0.018033904295623612
909824,0.0043323207901481975
106298,0.08639933149575603
683352,0.002705216522039519
485478,0.013686879868998364
189944,0.013767968544270653
515134,0.04967903308298986
540222,0.03668003681548944
679207,0.007205583700021953
115572,0.040404588633784905
851181,0.03541364852443854
297470,0.012256163394640451
200707,0.0275831527138193
726983,0.022043843177288344
562136,0.11122113389464579
161734,0.010046656178428063
603713,0.004796752946575385
455807,0.017353432598785114
273858,0.9999723225334557
533574,0.0319177473359675
524626,0.01905261372235439
786786,0.051149642359609636
574133,0.0013932707024423884
541775,0.00885201251698388
714759,0.029033443137149905
878841,0.10444827385259298
730977,0.00491033689886535
596355,0.011565580966132931
484305,0.010822152313442518
965475,0.0031847248031627294
453781,0.06171195504593518
865981,0.004140672620404473
923240,0.02111275375856319
482256,0.005727240903139897
182656,0.00267531420924792
439644,0.006634827252020632
412357,0.010649501498428854
593241,0.004965615017423923
161953,0.01801876504706563
143816,0.003398973413920656
736692,0.0038511265719287442
159761,0.003994511159476295
639760,0.0060669392737257005
691129,0.0038853030390343674
431144,0.021260491359188536
722185,0.02222807465416628
935868,0.007616354920963127
995070,0.01885276218773136
453343,0.019680565900545628
489023,0.024203181313165602
409281,0.06300976604531519
674831,0.09192403091925999
129519,0.020628620604517856
790322,0.0118630165246008
359915,0.13516732706207235
209716,0.008638663354715205
159060,0.08679164478957241
977276,0.012157542849114482
929751,0.006877727897290258
317277,0.0051198558572230135
500902,0.00471133389172146
837407,0.057174373451443536
488679,0.0025506348002168563
715013,0.03154988909593172
928058,0.03163391711543804
118398,0.007243351982313472
517659,0.027369765390600532
959751,0.027602853533056474
581379,0.014433938625424789
834040,0.010174557539603397
772538,0.0027089010208101384
743783,0.009217032071361616
480001,0.005058057013175423
752151,0.009787474215204933
539428,0.07533182095657746
574965,0.022971545866600215
731909,0.010934862863066582
699730,0.010434345229996216
209944,0.0101751534587966
267713,0.017785243171131327
271286,0.013198600884509788
257118,0.004331059810468784
131485,0.053328720784136585
484043,0.005546954570471235
334965,0.02489479383242474
177472,0.012508593805117714
476957,0.032729240162533556
649363,0.018480186327280643
800533,0.0023437050098304617
809750,0.004640471254777348
199048,0.006299183993032406
344195,0.01237885316963622
559870,0.005092880517200597
731921,0.00417732891122943
511539,0.03057271765613074
696799,0.02280010670158703
290951,0.006767889198804991
509586,0.004951764381266197
701271,0.003210703467371654
871903,0.011913102511474493
113279,0.004796648816342404
897779,0.05713138975513835
431467,0.04962530278293998
162814,0.00799748255398095
706706,0.06314887538289973
615232,0.004907538345033662
301258,0.014293188652155063
845238,0.031961568962284984
688818,0.024173414086701605
988350,0.07391068480907047
460710,0.0025598738542571987
317593,0.020164174644257613
634436,0.004355168778620786
175429,0.05163560830816337
575473,0.006777923153226983
195611,0.010003605036120194
437807,0.012284987376147078
829504,0.010579398915027738
738162,0.007973354477004299
639349,0.0028128308038720654
361838,0.022457083394837207
915559,0.08822851860738878
611488,0.007729673038066899
680815,0.032712564465467206
429193,0.004726670618768023
384153,0.008527766493397138
459123,0.00787198663266786
870521,0.014737323021694178
266591,0.0037428512142593604
586995,0.005537102370020274
930608,0.015402316978180662
963936,0.011203644382743204
894696,0.009210189230973977
440796,0.011273469760775322
944569,0.007981575740616946
549959,0.008509229823217784
161735,0.01896061628760713
480894,0.028837118130361654
435284,0.0033339259762512783
545744,0.003973953952145042
786128,0.008376395522765931
205586,0.043045854304957144
223765,0.004907652667200871
985090,0.040744793819900677
834734,0.005722830752252943
919192,0.006259164311628553
915547,0.0032473071793056953
778340,0.007660490889540723
226440,0.04588756166655474
568948,0.004574939612143349
108013,0.011296499142482744
415011,0.003002399199334873
708649,0.013432544328715842
699072,0.016619310784152536
229420,0.048418173771974736
715853,0.013968797847663458
579074,0.030789682450626583
189529,0.006314671012352406
518409,0.003754226487690147
265911,0.07692803174113831
962779,0.011451769070744104
345254,0.007186601292909376
872701,0.005706277674858641
386737,0.0032586414373063613
733381,0.09297697456070093
224211,0.007628632085088982
643230,0.03594323586762406
558871,0.006868056830011099
102385,0.010149183999557663
800747,0.004030290035973027
162094,0.013272231191920753
385621,0.17837308069042782
794592,0.011877519979338757
340099,0.06159671390035435
118770,0.009894297639642096
803690,0.018562645817667266
848469,0.003038553152985327
604025,0.01819816866444958
913890,0.015611444054292753
691808,0.0041501732386072035
959872,0.0075254503878216675
468734,0.0781306599383643
200733,0.0037823110036812784
126457,0.014251667757573706
750930,0.034146756666379216
162367,0.007383723251061309
198028,0.00766621269453166
188954,0.01764251427368534
198322,0.017740697863734663
953991,0.009348841495060847
288052,0.037593101121234034
123793,0.03218310991567083
901735,0.004710482425386813
747737,0.016581311464670633
243050,0.0048818077364284835
450031,0.008208390170694772
619566,0.006831518598959003
772404,0.005998411223578716
378603,0.003760234296182391
549721,0.03981607928570626
284576,0.04772178441065733
141337,0.08113340358595676
776733,0.019276068484421486
744839,0.008431584604384043
649770,0.040868261372847416
166293,0.006338806180738745
843638,0.014108920012096736
155948,0.003434614239164707
964042,0.0054948905716012755
804434,0.002918783901227729
942200,0.004531231833874248
927841,0.011328779944804565
299994,0.02141955399215931
290741,0.002868675890183307
254648,0.01931944709151556
593013,0.1224228479803892
534415,0.11737256397048103
911344,0.008224014820633887
760161,0.004439799521915403
453131,0.017118276209975726
298315,0.0046020356580218505
285316,0.1742744018604864
983963,0.015370236085726355
755375,0.0034434422711596417
340790,0.025525809987196776
349055,0.0045576409281640915
181636,0.026224471911197908
603960,0.008613551593783382
601523,0.004626405252589389
886246,0.0258018209357115
911021,0.004496988768438954
108475,0.1087748013818029
971142,0.026798201004320035
638194,0.015671635328507936
743999,0.027634838729800337
851489,0.04239444996675421
738044,0.004316886404182085
689907,0.002502032939597875
778297,0.001857221516041872
873333,0.0018499112994001573
460723,0.0038301731602233724
165921,0.011502927361726768
469538,0.03443866119184639
259624,0.008156345774234481
946021,0.003547907572629178
353306,0.005395606206597525
992172,0.005194802856612899
450022,0.013802042060849265
261489,0.004749682808075196
245642,0.005915969980520206
649936,0.029897310205764846
693436,0.01191550334293297
393299,0.007490008239433745
938634,0.00977899706889402
379413,0.018847840557986148
864068,0.004930496589457649
596281,0.008984798516151535
973653,0.009619865069465112
830119,0.002136761258641585
433474,0.02000393411717118
102361,0.002454435387316234
180460,0.010591215137315733
996390,0.0027313368918903133
194539,0.009759921000685165
371321,0.010634242403213602
159296,0.01147819449922632
426899,0.008572792328943426
426587,0.01756648749135602
203318,0.029329342424075252
293583,0.005142948740374199
787775,0.0064922123432587875
575529,0.0025825271006720907
534857,0.002489043956300355
218319,0.13502344153816176
985364,0.05716242615159522
361679,0.01046513085165847
332752,0.017566386865928537
463380,0.022408252362262147
789023,0.015451972551959816
198816,0.017999334572723825
793469,0.010437103804272074
513827,0.010703393783419779
772240,0.014084435518104153
824250,0.006327515790236381
548860,0.004593013425396872
404653,0.008892903170254157
406176,0.006809129521076666
768738,0.009080435516224044
329804,0.00731759545595788
124512,0.021856830642329243
958345,0.09230175219291152
408986,0.020972391680660497
637310,0.01632415185080639
904854,0.029624978170711486
863913,0.004341250554621746
839249,0.025844951144388548
814517,0.0031512912917952144
547353,0.04907194432309575
824372,0.008842501007642683
685320,0.10939319120728004
506968,0.006655248831246841
467042,0.01795421415817577
809891,0.0043715715626800955
121357,0.04605602621483079
907564,0.005487303545765265
856297,0.004279767963293418
134911,0.01296434685271552
795856,0.014002997293196066
652722,0.011993571695181476
223218,0.0050792972401892565
682474,0.004907824317357427
758131,0.02964315438365792
751965,0.023964720268306854
529437,0.00467750618784591
892181,0.010999419520887439
503050,0.01188169390825743
623650,0.00407361885536604
891372,0.007527523019717531
690973,0.01928636973939741
527326,0.02573085488795864
964379,0.004687071669133985
293135,0.011253462963489001
629473,0.029542855435932894
689773,0.05196672404937528
891902,0.008273440511720714
152169,0.013815889783020717
309484,0.00447841295204997
444827,0.015101080709672756
299416,0.03924426470188098
197755,0.009295457868713301
579335,0.004867759079015023
397081,0.004046129403784366
528007,0.00918534567617261
578491,0.0036022744933813314
870441,0.013084045822544854
215843,0.004503908496495894
857698,0.0066443517958759
979751,0.012043620388648427
959212,0.011247577993879437
379513,0.006386520744937751
905853,0.020196013605271953
158244,0.012345696356510233
769891,0.15097427727326249
824889,0.022948478905329205
614126,0.005944554770028516
953314,0.04729187945237198
284843,0.0017761068687900821
417253,0.12252674788412792
761059,0.006671313193585203
394988,0.010781555583310558
103123,0.06445762256858813
452724,0.0022948356076980168
893859,0.018832081487030417
226523,0.005130551393021556
831623,0.014607469142208724
511292,0.01276585011339347
134503,0.004675426813061593
845823,0.01260431386369478
687640,0.012495292499016566
225821,0.010821520355025739
596548,0.0027161872562101222
716062,0.011259654888798463
290672,0.018326429920138786
181932,0.005270471274902624
848443,0.023849556290098807
428265,0.0037900660374474726
612411,0.004787673719779449
209194,0.006366883789758069
471212,0.01032807257968531
634622,0.0030157160367230837
574417,0.01491206364367624
366221,0.009746289074697025
530067,0.005391870418217425
811346,0.007480608595791115
418291,0.03286867839159983
165121,0.0030667288165919294
430239,0.01761835008992124
557011,0.007086092938124727
807779,0.038713946748442356
452959,0.006430896872153772
197587,0.0023901056823524606
497790,0.007023563443712272
889624,0.005284001946431891
850304,0.03357139879841291
617001,0.009905886391689083
438500,0.0051373077374507895
590851,0.1055697365833869
424539,0.0057521219091906375
550911,0.0220922173685508
795475,0.007831566085101537
536652,0.008099330346090294
118623,0.033869351623995736
521569,0.08107881433219591
596672,0.031442039371531075
281678,0.03809056252730439
841249,0.02964082893815424
355225,0.0037012024357379707
771846,0.01021815249426617
504169,0.010280892965364403
648905,0.04671809150751483
907767,0.004430417879246704
540646,0.02181024692545224
531366,0.13174159220007034
108146,0.0031938924757174874
802969,0.035022776562491705
351490,0.016182128190025874
899466,0.008704985096493575
739149,0.005544437323275042
209424,0.008460454660307187
528516,0.00655532482546292
962781,0.010681524386081236
574170,0.004883768993219226
233363,0.017557447922666263
136469,0.03347910200045709
774292,0.039209690407224954
156873,0.09388725181842883
690799,0.013128608297312704
246190,0.006938139655022042
995026,0.09721983635821103
943564,0.001996861897523583
744412,0.006529969316178442
766118,0.007000066064405928
188729,0.005189370932746585
831434,0.016242449899807995
140660,0.012657826541563406
300260,0.0042109541730537495
880790,0.02294026605431472
898861,0.005327818284840774
549250,0.030316153828455625
799391,0.013774777845167568
100163,0.007575559660462424
937522,0.011953184994455168
738685,0.0067961134688505785
629538,0.004784974307153126
737338,0.018611675488893798
439388,0.010479653067920404
192970,0.003126929870201974
620654,0.010258370494096145
534194,0.008799502451467654
628722,0.023921376597414345
738431,0.03513686522736764
672808,0.009068781088675558
100963,0.004000107711082098
801193,0.004914160444426018
838889,0.0035004494919602933
712820,0.006685159146093249
899635,0.01272714962458192
754580,0.0047970512235371065
966249,0.006017873502757479
268992,0.1042845092041471
604314,0.08146386115560043
751872,0.0028987100030560277
272299,0.013245879415956185
382556,0.017974032193246958
645255,0.014885072586277566
575538,0.018130390358895618
419238,0.011537778168856804
667144,0.0207911328067735
357826,0.013865410348517581
920114,0.01369705102036738
931605,0.020675361518972032
766533,0.012403339257180727
714131,0.028579006117984744
734709,0.02607242040966106
835850,0.007986512638998149
298600,0.004594090883158461
905393,0.01151431249111657
968881,0.027629645139551285
341741,0.012507716364828251
318223,0.05529647582777688
778644,0.0030117839565422643
676919,0.004829235538452925
893997,0.016837939857746623
116501,0.005771735243755226
875339,0.007465001377695325
383468,0.017460731254802075
553679,0.016656324471226416
216322,0.008612968966379532
276443,0.012222814173861122
458044,0.009486832600282663
682732,0.003297655060802364
848412,0.008617959655742915
413579,0.009584116796975413
549867,0.006723528145833411
955280,0.03262939274982626
580702,0.007455959131577332
960501,0.010517258778815567
516260,0.004281966759991277
424632,0.015353408542539613
208433,0.0026795328607467483
390516,0.0077596168401625
566446,0.004576371294799039
417171,0.02398674445132714
333932,0.028270651084222255
847793,0.04466332219396346
352425,0.02082630046651696
933376,0.010499653675790815
470079,0.007535065093589218
544204,0.009059082368390085
911911,0.03460507624853278
339730,0.020861398047323714
533745,0.01829772407025077
644255,0.038689090288152164
335883,0.049350546671895944
286725,0.006365885519779312
302542,0.02090386176141184
867006,0.0030528872564239045
920336,0.00965201701651919
366289,0.00440208826303337
648615,0.03294043543595479
364328,0.03347742901413199
870121,0.031079188415243767
641964,0.04003639107407313
501574,0.014820562558539533
852570,0.004158051825940223
395811,0.00514215578975791
716373,0.0427324161525468
695971,0.01822846025608719
565479,0.007909138727956917
691586,0.08028331082999939
776450,0.02467403818205315
305358,0.012546665113100512
972713,0.012935518297676387
902328,0.009839382469107495
536541,0.004432959154411637
692903,0.02891065311061723
569135,0.01877765237307696
576551,0.006034729749074406
973602,0.006152971584461455
867210,0.002457863190349637
737642,0.004320676908853736
996071,0.06097881236794319
104989,0.07528395957211029
965614,0.012019457454170513
977608,0.004174212756245851
210059,0.014054272625926732
709629,0.12743882848197313
285829,0.004535987974061463
243001,0.006091217544181353
622139,0.06414667403708744
405941,0.0034816971963727832
450283,0.006192648375510423
176340,0.02662868261852475
588770,0.03460979434090477
827915,0.0034486586547756363
293948,0.003409090639654937
432062,0.007838188009520337
310880,0.01948824709633743
975130,0.0037495318784999416
201803,0.01890433349096864
230746,0.03681204760416867
116990,0.004485811189191401
503916,0.012662556553347946
355154,0.009586146151521159
762758,0.010975858456328189
606705,0.045998336112585976
597062,0.0033634939564192662
265928,0.013542390745165852
523413,0.006985221652400752
904507,0.002734171411732
691469,0.005620081707047354
107869,0.04012344500715762
367013,0.03819598068964685
919203,0.0052201658668746724
365916,0.028197798035390787
486970,0.018858252754185262
968602,0.008691192373760707
108716,0.009748680875759374
458924,0.010628007977255317
330684,0.010626245736180493
480016,0.023515643854576794
407496,0.0040911688372420535
187267,0.012753831597880601
407115,0.008144716797924043
966650,0.014881842505674814
500136,0.03208489210218079
546710,0.007641118705415894
172029,0.0030403264797481985
867074,0.011517529972201132
520432,0.01383832479431622
518750,0.01187488914430513
528522,0.00331574390950306
297067,0.006880070933998643
281900,0.010291040498841183
830226,0.014255158092859157
156717,0.006601045227312432
342869,0.005643624748362766
709499,0.009396166948990831
383494,0.020255224508245993
505933,0.006704174760970546
283668,0.007629508567505021
315276,0.006111809745874217
751211,0.012670746994707332
612277,0.04505509283579043
469428,0.0022866111904323505
152923,0.005457599235814511
693669,0.030411039327001413
969524,0.0742903158462831
357485,0.011966611260234575
859755,0.008658549514256963
426663,0.01474234905527407
876602,0.005897839126303655
792117,0.004526246753817579
310913,0.0639057017457002
548401,0.02950719788897486
335038,0.008385156335644737
690138,0.0024615822028579764
865892,0.0367769847412093
906983,0.030702995946835503
163908,0.014847226642548237
838869,0.02500884550416566
640198,0.004838117499050921
661365,0.001625120986107144
558538,0.00638813535543106
152901,0.005010418386315441
939509,0.019998130403710252
312939,0.00531699872248374
974107,0.004907538345033662
940351,0.014711931622416156
421029,0.022695102686904372
982068,0.006416409501480692
894712,0.040132945175276886
374137,0.008079008403483199
442366,0.015027337321454651
416513,0.008335470969132258
765665,0.009094745066377719
332692,0.012881841974913141
876705,0.006584729706295912
236512,0.004683765041444661
594326,0.012969331598722992
224303,0.054408787585037914
696195,0.00413096778006771
628757,0.013136345643230584
770859,0.018842839064625173
969980,0.007224703280851979
114549,0.002465540779684468
600581,0.008439372884651282
340933,0.002901673172535202
367581,0.004474188368864733
920567,0.00435096849839813
346023,0.042851509721917196
688128,0.020688638067561965
738498,0.005444430487528943
486271,0.006551276046607267
436506,0.006715368869037354
182304,0.0025195990551862687
704309,0.004074927106089899
898001,0.019893727761640417
829308,0.7429569916091529
514799,0.005347011921720498
199018,0.011381966558768088
790011,0.008867462128703917
611533,0.006463607441486284
763206,0.0026733575286808815
526008,0.0019037888099796608
675808,0.0020790549286952924
266336,0.0031380644254043587
862256,0.01309154928327148
794838,0.007509266958580294
624101,0.05676166643910829
420956,0.002693543876502931
790611,0.00728713393687894
742973,0.023526759193514664
735989,0.001960078279221429
336762,0.022178632740534304
291629,0.0030601658348421634
202854,0.013069983538686296
326892,0.014933905891043835
470218,0.003489615819091869
978103,0.058885402464924345
214880,0.01396567467172344
896586,0.0036394111309291156
989187,0.017147773938102177
404656,0.023991175024493737
972834,0.007589913607020044
787936,0.020232980205563057
494815,0.04537110906046688
890070,0.0054050259996736155
193735,0.04774199964364652
975417,0.01015850983355214
713887,0.012458435100870897
847787,0.04070924302485007
756653,0.003546814102187239
418895,0.01582194446014989
960303,0.023847609723544556
455830,0.022253664537538256
306339,0.05383010767684499
719280,0.007578472742104731
168064,0.005913183579914124
378221,0.007165381451129138
362148,0.01096854291103271
127285,0.03852523452153739
974692,0.00452660069145403
200799,0.008927107917666918
616387,0.02052565330717937
577932,0.02453230294785077
753761,0.004414744427430984
455883,0.011336793003324644
179315,0.007029991058697101
814231,0.004225749415059401
373856,0.019985772046270042
198180,0.006173513443721973
324097,0.004270613178817126
788794,0.022997244079241034
424972,0.016482582692533134
880182,0.04385279786507245
109904,0.008742740929277326
671311,0.004159687679555774
994785,0.02373480713213916
178477,0.013322103128388128
695981,0.021657418683711883
806775,0.0029852162572864406
292830,0.006529031781026376
721911,0.008921011491229983
950302,0.0030858430269544803
696708,0.011127431681114998
478901,0.005941851588698715
322103,0.014459890869451552
679623,0.01128234590228282
977279,0.0036581257882668705
161259,0.0027104279044162863
907311,0.022043560947439377
761705,0.0032549416378220802
705738,0.011655700784457084
983200,0.00377637845395147
542678,0.12750789865032644
548702,0.008918944483973358
853840,0.013526527765399853
846557,0.006333262630708356
784375,0.011224248200150902
502634,0.02895576907181703
974449,0.007926581331159165
192847,0.005448193694175837
787171,0.01896447126349229
835374,0.006211481934461946
825102,0.01452962014987673
144181,0.008246800033828368
616470,0.05112642690689074
502997,0.017628828038231285
302827,0.005664384982946999
262324,0.010620518484603587
123147,0.009272631032341312
240155,0.013424159293328367
582261,0.0065205627725503715
635783,0.003721851836425657
642032,0.007951051630015329
772807,0.006357855109449539
424627,0.005441311348215567
598817,0.0070678227259048714
779322,0.014071243095128264
742926,0.003663580015430301
480719,0.016684875213604386
588325,0.014466015395840798
877649,0.005412200282353911
783176,0.005426606051266214
265411,0.003977943686306116
988229,0.00851008524189853
707633,0.0062299513153404274
639765,0.00840105278766744
989789,0.015571998422509187
700776,0.004269610608430443
968738,0.0158894506600729
663279,0.021256981214925107
535481,0.04427800486706045
569782,0.022927974809360603
576879,0.013559983794910732
699103,0.013320983259487093
406513,0.007565433335154831
871579,0.004055612947204926
735954,0.0024188827805836457
617954,0.0062029737718808054
779609,0.024904643153916998
951759,0.013600040515386476
517464,0.006638584153376397
186261,0.005944926815509339
970795,0.010384803864574401
542455,0.034604107381765094
170499,0.029716021054393534
568308,0.011873152821485778
736028,0.005054479678336325
678321,0.004445962388233463
602222,0.06378316814121894
873272,0.00755874272644007
228810,0.03167481693646654
248269,0.01550846868584287
618825,0.013133748692809817
853476,0.014281739236190397
624984,0.0026967635317525778
826716,0.0025653160695344734
649302,0.048029687205474306
206669,0.01680682905913545
658348,0.006964614893254962
545444,0.022773589946405583
503155,0.0037022231420619964
176763,0.06592047929984862
449071,0.06112811781085795
286435,0.21498994428030502
236008,0.017430030467425573
510038,0.06609775057034441
137537,0.10878816005033748
880822,0.05511570201260724
764001,0.00849383797633452
522849,0.01110821904279379
685112,0.03286490290785465
698957,0.027907733996282335
870492,0.004950087883640207
592109,0.022148560516204452
821745,0.007952351675491532
979243,0.026405937972439692
222078,0.018368391963263942
938744,0.012214482489823108
525515,0.01108125552831972
383011,0.0018850036295089262
844496,0.009430283886030021
781892,0.028140331301699645
875922,0.006878448641133288
172320,0.029536621879291625
551770,0.011060995686909967
819561,0.011283123662472106
766295,0.011008986333689852
165348,0.04504949117294895
462043,0.032209634759480125
658792,0.008484743252024985
672857,0.004584560730988999
602528,0.002557537339335154
389607,0.025646007402542772
683917,0.013294019592648337
500071,0.034101739942970805
288120,0.006811929624245818
401722,0.007686244016840562
323074,0.018871735508931613
588546,0.0067831022950959
261872,0.0497186163994788
536844,0.029192304759505103
994317,0.01668982175948441
735251,0.017097714985538217
590303,0.007750945227870499
515992,0.005598657123021251
846162,0.00674737612297931
446889,0.020548682974642636
810031,0.02211711778117221
130698,0.002580604268995059
317109,0.00942751165087659
333252,0.022530870862722065
265395,0.0021342877416354513
360496,0.01694212224658739
163471,0.060765439570605304
796860,0.00416702902594646
181430,0.009363960750342355
781358,0.004320248822017825
240517,0.04166129309431257
953657,0.009503032982127756
706149,0.0801705743112924
772878,0.0038352227295370667
990151,0.004739492361174262
888909,0.01185707678290305
666028,0.006337267505048465
867842,0.006315693075117714
387341,0.020802630175174835
392275,0.0030502453285876883
932621,0.002053134303557157
370375,0.008940700181395197
517076,0.011577387056387034
999303,0.08149936364053245
248270,0.014160600746606524
658784,0.0033823585368526754
608479,0.003715151037045018
708335,0.013364236065518575
820665,0.004311357653771757
721451,0.014986050622116574
320184,0.005418006713880872
329298,0.0782237832778014
474611,0.007444524301524484
960427,0.004670559589563343
254610,0.009897701261535692
201699,0.019507188359498696
623303,0.004909605297290865
402815,0.014932226328119996
913173,0.03930066259783495
823398,0.015380037535929102
173905,0.017113177697965207
633369,0.0029143835177319576
526672,0.029519255363838384
523446,0.024925594262048132
882639,0.007754081111013249
619854,0.004175659797409644
941104,0.024594938632194023
166501,0.022234121306385645
756439,0.037122362782763416
507902,0.009377124410716914
262956,0.013275157707559519
375034,0.003089807552669462
599328,0.0031135200840825025
139022,0.0017308412634024855
715034,0.029901184099406456
593350,0.01747308992216325
783530,0.002912498639909681
259975,0.21110351458105264
185497,0.037828806866113084
482564,0.00649835461664296
375568,0.11839284440942155
724670,0.0034566655174605144
820752,0.06627865119609729
603341,0.002644281952391358
969919,0.032223747793816794
781867,0.002891335017403368
751475,0.008111183816886754
906651,0.0036127470578492154
852290,0.0870444517686032
621271,0.01501000750549737
636843,0.011618875281786848
169257,0.008387460344121312
903980,0.1168360825953314
329979,0.02787037313427803
403756,0.012127481726189415
386758,0.007576288035403101
718205,0.00723353310672771
774642,0.02607152257708684
568283,0.014070199015259898
617740,0.0032461839616715104
392971,0.003563396458157187
273297,0.023572701309325865
109020,0.0032208000273641697
286995,0.005358607549012794
321963,0.0028259044900208466
996645,0.007404984918737343
282043,0.0017242095401390118
520962,0.0043154242197584
806745,0.24558579509881887
782881,0.008079612806795984
720331,0.00722986370247927
529129,0.00534862752436525
791699,0.12195803805658706
698540,0.018174005650592386
206392,0.009245308051916555
547478,0.02145085280928231
522764,0.007718146043997692
850045,0.03424737368266528
542679,0.010309579636846944
543342,0.04202296063926651
843088,0.007078695096702114
466028,0.024572508709766232
997619,0.007347028881475209
193445,0.019428568555161937
828534,0.006828689898386384
475158,0.008851286825186636
210956,0.00698671470901254
729668,0.0071424894790355735
773170,0.0025391078531177918
369898,0.012070529035771072
236019,0.012763958906824583
593680,0.01834630003601091
727708,0.0033605676604484707
956254,0.011616471946891074
647591,0.03187248896321417
655289,0.0030884641537988664
193220,0.013829182463259104
644932,0.005802588201935078
251595,0.003230221429302153
866245,0.07033392305157164
407748,0.002332969920313799
392857,0.00423676791600718
698896,0.00231171333658635
548742,0.07522276699820511
554556,0.05153657881351172
109590,0.03458657618412502
173050,0.03012059253585671
492734,0.018232626130435223
809617,0.004669243036765967
580548,0.006302377031363964
243703,0.04565852182361195
988773,0.015289784357432269
570086,0.00912970617689037
110911,0.0058680394655365115
913829,0.010852533631488028
102570,0.013066835034183233
562130,0.004505666791773447
969215,0.006332955140606843
277024,0.01702734516027261
604824,0.15649572172582982
805419,0.006948663996882259
512020,0.03041642988684437
260130,0.005157990425712584
164809,0.05530447152050639
793349,0.015141964143635177
233259,0.00405895644867107
356006,0.015558677869539244
198134,0.006897590274524965
724584,0.01780385737832012
337895,0.018184319096421337
878425,0.01001263262210913
384381,0.03352369582598143
146253,0.00826923951963334
765947,0.003465043538465392
884423,0.01803015761654717
759354,0.06065860322255672
518489,0.011128196002722005
970306,0.0025771973272376925
620660,0.004850316999109178
361328,0.011723638555166017
266098,0.004620243795230101
176511,0.003940946848667382
787797,0.003309736739311486
981826,0.155288808182358
294600,0.010865828120071867
559456,0.0126974485759009
442015,0.0056573861100581895
526573,0.13594200335651338
627282,0.014033150781936116
939689,0.00213939465002389
489355,0.0030618194387867564
125177,0.010967625420402756
231369,0.003340400734180372
825268,0.06357137475334355
495892,0.010519372309912817
602114,0.06424286424252751
420356,0.0034209381158371247
236818,0.006598526746738282
768721,0.005095442000276447
974802,0.0033469106079996353
975582,0.016019512857218032
381011,0.004459041982226603
626579,0.004427436485697161
166640,0.020912488946058662
753569,0.014142001456962434
805330,0.02221743261298126
749936,0.002879202900950123
611741,0.045780168781218704
913825,0.008618576798935448
654309,0.003483750563079827
271571,0.0073952317291257124
709387,0.0366845881767687
717799,0.00853501721968998
350265,0.04576790095174788
879659,0.03406983219623625
371587,0.015128399890361235
973033,0.0496970351902448
313133,0.1454356324809582
363148,0.007568556988263886
817743,0.010801716626090108
656838,0.014483792362930408
735625,0.004593801358988884
674459,0.03328662090796371
114122,0.009723802770960353
535613,0.011448546729078739
649568,0.014012710383601589
636881,0.002980893374062891
473781,0.005900926325220562
103265,0.061578140290107414
659797,0.0030383342497236924
107852,0.015905750886929384
623658,0.009511922350642223
459777,0.020679461556233826
226578,0.014100414529171124
103333,0.006712750282790643
833060,0.010206540076941193
245051,0.032647038328822674
855715,0.01983723193497098
715548,0.004134494715240123
496891,0.015824538454788473
785746,0.010682382730003982
468368,0.015814340079281248
157423,0.0018821113541350246
536260,0.007214544002176774
766180,0.0065166917764655176
555643,0.004907538345033662
647477,0.015145093145824948
687490,0.006444796891927249
990756,0.0063187709867144285
817868,0.013536957207640721
737725,0.013851766986238117
208804,0.006380610703511837
611585,0.004557869697403134
918082,0.010933461626163644
659905,0.004182035000902982
348899,0.007440058285309219
991694,0.058646836700978394
772810,0.04266146463670823
577796,0.0025064104903057146
100248,0.004666045121537315
862765,0.002415304605150619
480060,0.009977011315614766
531716,0.007992159125611006
462976,0.0037507223562083117
428596,0.007985518843530584
917249,0.013597247689640483
530105,0.0076503877156465375
854842,0.004867297941579891
323786,0.036013033048494125
397630,0.013725174547299065
936411,0.005556042435434223
421386,0.11090602511648938
727320,0.009106842606415094
786028,0.0249441224007466
725055,0.024703050910618956
268256,0.03888555674924032
509016,0.0024983314883129074
300565,0.011359139975220681
266560,0.004622652609180082
981457,0.015331346507119158
102872,0.036727210365002975
182159,0.009955958529811392
542014,0.012530992047241896
757398,0.029197496784205013
654119,0.041155570368491295
948550,0.046099545637338646
377633,0.017464724465338276
748171,0.008656580127787182
714576,0.009669776940064097
723974,0.034285399725605244
972956,0.005883728006683339
629113,0.018046829087636496
813144,0.00238491110713239
789860,0.01739712982249493
674967,0.09289451764573127
828266,0.006635598630628163
932055,0.017092700199186486
483996,0.029473447758769103
476313,0.0035121947482844446
403459,0.038475644987164784
277236,0.09918035254368525
895886,0.044957377344916845
507978,0.007300068227003901
191054,0.005531537572413183
590004,0.05991416260409363
528676,0.00672400912481021
362666,0.002508039907155868
948084,0.06691319438464713
145541,0.006958715165908522
982579,0.00665230633699942
527735,0.033835657273168354
133555,0.004519045096157853
351348,0.013088423655731245
454015,0.01177324879052955
773538,0.02161248338905584
755332,0.0075827523578244115
687285,0.019391595584196418
878453,0.022961443623025345
438350,0.012733306005455643
640014,0.004522030017097323
426530,0.029708244450331954
597470,0.031832257918258375
813629,0.015046458611533007
660441,0.00631930302299647
706535,0.0085597736881298
166929,0.025926316985155903
471144,0.0046781106786044965
307490,0.022081474418209446
228726,0.03447216257094669
655091,0.01742519372801368
266321,0.006327374996109364
846225,0.003457056900666737
139382,0.005076142094126375
766681,0.0067941766350664325
287512,0.005287328377988553
319551,0.002483946536262517
771079,0.011741479220397
742700,0.01802310611826405
500956,0.03347345155267658
382198,0.12583098656639755
560368,0.0072083054757540455
627192,0.029007994714365857
729714,0.013556669269226858
610481,0.0045386266644931745
465126,0.010673517853077
939800,0.008414884016960828
757656,0.0025231512106943426
303720,0.004657533507055468
562780,0.023923577571092012
859012,0.004517260636030706
619728,0.004456565701336163
975471,0.004171932898247221
970044,0.005713586298741602
391295,0.10967587387835105
848043,0.03462284038612043
166957,0.02659949571927429
372675,0.012559185545924875
524519,0.016052842334198562
167742,0.008374391298989599
442303,0.027840807979704903
881125,0.008950551789307738
446513,0.0052667351092628234
804088,0.013304921249683634
385665,0.013493591758009389
563079,0.002580545554596249
515623,0.0030812414905686345
953180,0.011325875131611795
325516,0.004698505338997987
421797,0.06072493133099881
270298,0.007082828483026894
324435,0.004982931170138611
768654,0.0037184651115646857
380958,0.005322966527390713
627473,0.02763030440029643
724755,0.010032760906679093
466254,0.010046377854353186
787916,0.008027014744387499
171470,0.09067945238933253
454757,0.01254437608453522
176967,0.020503277064081102
523498,0.034891991096833136
946298,0.008907313590506082
397172,0.006805633759698162
865462,0.011971749165546412
403167,0.0031701057637779414
791076,0.0067622257548648574
305429,0.011075809960384052
594202,0.0041240545766141985
717071,0.011194771917760131
750830,0.00854843936127153
850030,0.0057420256318323655
759996,0.018269704454903696
889319,0.008853287518920437
979395,0.011519583385022496
740019,0.005061020941650076
409384,0.0037842154009418033
569646,0.00804522984871728
479212,0.012879000100659135
295123,0.027459124510746776
313971,0.04486552150912308
198633,0.009719392448855977
274599,0.0062348879517795065
125061,0.017984385116537275
614208,0.046719609124583256
134621,0.053837872337742586
806507,0.005944364587666753
430698,0.011868826961030445
218933,0.028622511773612275
399239,0.00430661623240868
616847,0.007179291054488884
913226,0.029934531539455675
813027,0.034952817494048945
695228,0.07117879110229959
931401,0.052923820242622974
680809,0.0216083400549813
856594,0.029273041105532985
811488,0.013096065320008314
312752,0.005298860386203874
217038,0.033191258678977154
470322,0.007243697222361823
456861,0.019967449439297465
406985,0.006438377526740528
979080,0.03848603808649939
406092,0.0520443787244619
292567,0.006754759554150702
249723,0.011578527797401629
621180,0.0018835805706652012
840034,0.019781013332441255
556209,0.006767847421531123
596909,0.017618433149640757
936793,0.0047630310340590004
800787,0.006556812459945485
477763,0.04525902402689229
735515,0.004907538345033662
276408,0.010093701122270492
104027,0.0026164725297818797
559137,0.012994610453840469
134165,0.013360008296524157
367415,0.04747348970276412
549833,0.027930898905012422
494020,0.010240954486888387
405862,0.006780437474900757
211774,0.001889813238085387
692444,0.010335287732899084
386312,0.019340710416072864
678924,0.7189828631055967
766620,0.02521229609791986
819105,0.004459747961918592
970174,0.014315459691607727
652766,0.006428337199084219
291139,0.01128300444315707
100620,0.041605539929687595
524248,0.013200005525507175
254671,0.05629610742643308
626648,0.03617552265507348
105489,0.024875784096467676
968647,0.006200119983537721
199264,0.012923096375122407
841639,0.010758671637950282
948256,0.0066106811603922275
439167,0.011148241837019002
483856,0.017750952827629497
211854,0.005620279393223242
247589,0.006248627735021439
898836,0.0028996084795454413
752966,0.021154471585614676
430513,0.013537750946589084
733856,0.011873152821485778
903622,0.0037451622004866466
285497,0.007652281114283725
995946,0.003250705953202774
656067,0.006063737333262297
229953,0.015771033134696598
259920,0.0030753297539524807
182190,0.005482452015985905
401855,0.01079497955554185
161405,0.0035479103069562053
576874,0.014655648146850267
894302,0.01130262727136501
400752,0.011933495418477805
345376,0.04164330809407156
587981,0.011478957983799208
403545,0.011432739770533147
614937,0.0025598872541389207
369351,0.018819827008902355
345425,0.009388431962928078
728128,0.011274265568780894
908870,0.03131328313391365
830315,0.017007517583162653
409788,0.016331825774546043
600613,0.11162954309752952
631800,0.02374616337288703
200039,0.0360042293893667
517684,0.16832910820413077
494425,0.005112253143582703
456763,0.004115638367373934
445417,0.023740793821325556
907254,0.08535448745062496
673919,0.0050908723822528324
234484,0.004536632396331303
489538,0.068677197102086
572091,0.036227484397165194
150116,0.027587196310025465
425701,0.013865353329413053
293027,0.007954607847774964
221359,0.0021892435427971996
176831,0.004548885390228059
707533,0.0055365660325018525
850695,0.003822384850658082
599969,0.03535400338129233
391040,0.009858945696788727
104566,0.023836374834939496
446417,0.07885348545976477
321425,0.011871941554578687
448946,0.0072797801987542635
996906,0.04950849068343649
902238,0.008331266443017769
489415,0.006681379142952777
892429,0.020877326123509097
440308,0.011505138557516427
350521,0.0027362332874383013
710985,0.007223520948531663
346965,0.0032865628480680197
913260,0.021725490965972958
777781,0.007998354432364253
519331,0.010772447838592542
344686,0.013054927125012003
362308,0.010194926023098046
832177,0.008640423908748468
209838,0.0034199298801015888
909351,0.0046875747971096395
257927,0.01799191899846743
215167,0.012800725655998466
800698,0.03789814157037068
448854,0.02304008528092699
410224,0.004451700688679282
718280,0.0058957040038085905
749221,0.006643695270600766
126718,0.03925394968882711
720288,0.015315815281976602
841935,0.10717127405287649
661556,0.0286461097677336
875784,0.004946593496245356
468679,0.0082086925955859
949675,0.01858756197326122
385634,0.021416080359603795
923591,0.006422959063792394
791955,0.021885678233638094
331565,0.006845017363585051
823653,0.007306089320337454
134901,0.0036683498382655863
754699,0.014679312646117664
424046,0.009642593973295227
741407,0.0045832325848792505
134968,0.040355707445142205
141404,0.006801094515760943
166073,0.005551127393914155
684516,0.004171459405714628
532190,0.026295870776839005
307757,0.002539277505374005
594841,0.014212239693722697
963576,0.03197927181683668
479751,0.006317043470056295
540442,0.008884808854734264
233507,0.011644800380778106
704977,0.012156307862127026
535644,0.008435938978214451
306980,0.06934531659401756
886121,0.00865538580092504
402477,0.01803499945822465
855276,0.08115371630590089
603253,0.0044348077899727355
242894,0.004442311421279252
813423,0.007063073540971136
381441,0.037727277026919075
166442,0.02470851054807054
440274,0.005485381660835619
963894,0.002944265885681096
968176,0.005434827499642542
668770,0.008950890878961582
750465,0.006565229374723471
222293,0.07141306176616201
270515,0.004536056475152756
895228,0.003958187448516917
645147,0.08944816278423695
762705,0.007721581200152432
612762,0.010648255902863356
776520,0.03598583336396467
488967,0.009840717229314157
284517,0.030963293164938805
370256,0.01895650913907888
775488,0.003647450601732967
280475,0.019898948870883566
221235,0.017518727233123105
436910,0.041872055561948514
969871,0.0035750262449452228
683615,0.004230070239066452
659638,0.012296507798101763
357465,0.030600848107254143
369628,0.0028290520687511526
597059,0.006532621745732524
571564,0.02966973713458357
993088,0.015103986977051427
607074,0.0642216671722108
768146,0.010229336176410659
539767,0.004518040285513256
876065,0.015158514970734447
200691,0.015168363885721231
527396,0.06562264209691283
730152,0.0029242156859570112
612745,0.0029519808786797686
738846,0.03627845187053449
235719,0.004709213941808123
557363,0.0315925105956784
243041,0.006026388439170397
512496,0.00451220701466484
870793,0.058206736305275945
810511,0.003615691277333269
387543,0.010413589124139875
642681,0.010777390528839992
976666,0.012557347686951416
768773,0.0041935437604635655
677920,0.01626104704143362
879579,0.04275335158090996
781366,0.030472243709251216
676970,0.007618172785470799
476540,0.028145658147414952
799417,0.0045008756884630146
416098,0.00433286541843404
327936,0.014966581238399876
113326,0.012785851485177174
629691,0.00379906156698282
515315,0.037627473905609936
265896,0.008989438498290776
665225,0.012221748650131125
404078,0.0473254598997361
140951,0.0071168905446183164
372632,0.005946597223879449
148476,0.054200373302745644
532445,0.00596501199974952
479768,0.0018651516505330604
484352,0.011002458004678924
473910,0.019597578251306893
533600,0.05653387855521509
165140,0.009709039057404091
392365,0.028653296852580317
234123,0.015756336087945255
650048,0.009032003171457085
726993,0.0037905518281867727
417264,0.006477652397918378
689804,0.016990796208221616
700252,0.010671868855418987
286502,0.002825709493508702
259215,0.01043376059965907
397702,0.004685293572312535
358392,0.024623892237259262
251279,0.025067338175866996
423011,0.015119462982880322
775461,0.013539902767766027
688293,0.021295775339207415
316710,0.012351756653204156
298372,0.03720465362207817
720770,0.006592692121530718
950970,0.0112195995206063
880407,0.014642544784692187
699398,0.04067898999472889
616533,0.041085989602688625
877809,0.0018482211602674273
419481,0.0049247582406930085
330505,0.008749059772441817
105481,0.02450480531815084
732428,0.01526629273764996
854118,0.03509381697882173
440662,0.037393814338137904
402053,0.007774902938524901
530800,0.01559745663710495
825266,0.027740568213131648
287884,0.03228662580664452
333942,0.022787925240549255
788386,0.003956854224119433
939063,0.004641685806102137
322443,0.01104527160202708
974697,0.016527500719486804
148923,0.007164818988188063
728571,0.006155022625701407
866477,0.004558964958235847
174555,0.03734352236415028
633360,0.01772376198533203
588077,0.0023727142302791345
774365,0.02054842899236192
314796,0.0050561174374929106
886435,0.09272411084205838
608175,0.013453743979297123
589351,0.004304658018957721
829640,0.0046494477524804964
338323,0.0048357677191938194
560153,0.036086644095425814
747792,0.0019062350823359775
410910,0.004544251402976402
366531,0.003769392306510126
333691,0.00929559629925184
266343,0.07762427280572408
992739,0.006756654556773622
407321,0.004879970783622662
384178,0.02825790911435948
102933,0.004644130561826093
571259,0.016509164638709158
125930,0.010277487029757955
527217,0.005539270146990395
758939,0.0037992438837280472
449890,0.013781733729496235
504327,0.015059568315666658
217415,0.012168452942271856
347156,0.012526198168148716
539533,0.006505557783166
107911,0.007243813107995539
683097,0.04161831582652638
401685,0.010158559946392325
147779,0.0035134832076095996
838629,0.004905361416350992
524105,0.004213758504800057
558494,0.06331686210371566
282521,0.004205064322816083
533324,0.013819928991431455
810650,0.006964693255670478
599553,0.005993175945821604
860258,0.009763302444893625
179419,0.0031039487569242516
447809,0.040291473636163734
742217,0.006958075113735806
478037,0.026702007924384027
798913,0.01202780600311047
507581,0.08407660354041434
147738,0.013294010672770086
162609,0.01667902050281404
333396,0.010249607406663032
299401,0.014197356301078117
738915,0.010073845744960978
707299,0.014442230506723653
984093,0.08916858171021634
511486,0.006475161460748694
932409,0.004468749820480363
242789,0.005141732498938369
356933,0.011686287713396378
550644,0.015083099452371804
718235,0.007932794203677328
128099,0.009330461951537417
498814,0.008322303360468868
459295,0.007453479970193307
657290,0.012135012342868378
719061,0.014273678920983902
727466,0.02956493384405623
496236,0.06373052126637398
628751,0.02504215195236614
568188,0.02262261242603846
402444,0.004519390836476816
103676,0.05585305198722317
390567,0.00423189012159039
559163,0.024838375094799876
705218,0.004141038652168547
419400,0.006243218341068887
953477,0.0029000859627651377
645609,0.0035227156202477755
807548,0.011566414218024026
231093,0.010574012392129883
238105,0.0034568402640343062
433278,0.05679785845087134
844240,0.004982414758340034
815855,0.003049425941296286
956207,0.03410579149788962
510781,0.0025934039187582776
884130,0.024455077610984872
718904,0.00240337994130549
655204,0.002434956856674792
242060,0.006015719335624911
234513,0.023636184548942618
405178,0.007790639907644987
832747,0.026457254222114066
453560,0.004055379291129025
422429,0.029834110091267175
537665,0.01309489449352356
574375,0.009866340660186407
359752,0.002409282246294338
838769,0.002526567912777165
413308,0.017745457999602372
923300,0.03854122354267804
209309,0.007865253874565999
705279,0.0025545740235042636
526118,0.007877855315998111
643973,0.007328346304609888
732508,0.010160246266520455
375641,0.00514746163233046
611286,0.011174208988893562
286328,0.006561685792144008
411993,0.004147810716544403
528084,0.004310004001852025
390645,0.015558958789863573
171795,0.01725648908995118
663505,0.07030847815961883
176349,0.016667146661635542
818420,0.014582457108801107
733383,0.016728929962317927
750941,0.009452858231196177
215733,0.036563888796055606
566466,0.07515731802346205
303602,0.019685387330644604
802263,0.014201029628632945
651076,0.013001835616420135
849968,0.0030396159943327566
436868,0.006538764108656601
848091,0.007325878478654162
257373,0.006526099640740808
699183,0.015655457491300328
948827,0.009052890945392671
959285,0.0033999617087810507
734852,0.0369357302916717
729694,0.004484644157779868
842022,0.00316414103605565
875825,0.01669258753368878
528349,0.03018787771305008
851117,0.0034235097260817034
730058,0.005727981697113159
178485,0.004544778402902817
687979,0.014643339583610417
973007,0.018797064482428554
546398,0.025696376157319435
876895,0.07662088782496103
540395,0.012169667194275967
379325,0.017276140620522636
222686,0.0043553012122144776
820181,0.030150985216785865
374154,0.03300986307402164
543618,0.04231158062212889
414840,0.008650181602677451
715004,0.013534350182170082
401593,0.058434837583872946
613855,0.0571650703469049
490571,0.020983332307877862
416727,0.00988106774366384
208077,0.025490054801606234
785247,0.017752045757145042
868882,0.042191660243107096
796109,0.006013223207642436
936917,0.01035612310342371
861450,0.01794587931162352
716580,0.043568937937519654
513162,0.01171711233767754
797984,0.022591328512486766
858210,0.010957696074415327
192989,0.003040923338983464
372277,0.00536510270504387
673175,0.003696236387248835
670992,0.013786965268115334
265542,0.002229684728502808
942344,0.04479954917137455
895527,0.08831089517345157
727988,0.01351598304419905
768552,0.004445083950438534
686138,0.027284335209120332
873434,0.01858385441318924
145961,0.0033266288371514617
646180,0.027635445921081414
315517,0.007360209012431184
977330,0.012107645604556933
126459,0.008982868468585856
316066,0.004943811134188775
586859,0.006351573265319262
781347,0.09035037049118655
674364,0.012063052016231925
341141,0.00975573612387305
678125,0.06229757430990012
736780,0.0098478756447428
476856,0.007789591183646369
277650,0.007339128273665331
255336,0.008372139255648144
762870,0.004930852108737169
604254,0.012023988869153407
357448,0.005135620253666305
552477,0.0035545938417364887
965379,0.008458735436647729
381162,0.03505364294517527
705426,0.01242581742960413
780485,0.03703900906572075
765724,0.025024783995292454
783454,0.03607724819475605
808321,0.004142203546729579
352168,0.004537453034912585
620245,0.004186023138989177
292410,0.01600452891680672
153068,0.020617404762859178
485384,0.031355109018055737
582587,0.08035199693975707
497195,0.04217188260782947
503179,0.011861662226147552
757488,0.001793671314114105
887614,0.004323948530046781
782584,0.005243657439161146
646487,0.023764417503277062
744860,0.020727487271296207
272692,0.01814752181460799
343614,0.0045733669321963155
586815,0.006248388888594771
366922,0.0060532482993654775
269673,0.002471546295393631
558216,0.0352614575605865
263138,0.005386812184082608
895669,0.015454558148241782
468865,0.0047102963991808924
589317,0.033549070065609206
863781,0.0046970654922788395
395449,0.06202833521142223
430754,0.022287446426523208
252459,0.008938204139460752
347968,0.007082980733017143
686802,0.018162985632947062
852185,0.004144432563466702
249455,0.004502735255254963
542140,0.02830109431393944
592191,0.002340209467231148
405945,0.00995884720315247
516268,0.013137936650977072
838274,0.03474577474750316
216194,0.003002851562233456
490682,0.0037885354643168462
218816,0.00503410506333224
626714,0.04058433706450467
520407,0.003046927651934634
555966,0.002844826624509568
215126,0.003147092581744341
135114,0.009189467357199716
792215,0.01428733621968978
228409,0.0034103456120778957
578049,0.016017624553219822
905938,0.014416472544953943
887933,0.034565209844947625
794777,0.014472196197898834
478887,0.008888740801985557
154043,0.014719907725967213
134476,0.007014984535051152
974957,0.0073015942264363365
986939,0.0108807877060255
681187,0.12015365086397256
921940,0.026228598660366875
215342,0.021830763034337782
892324,0.034365561753373214
449916,0.02057221482359195
490013,0.10265226021525187
944363,0.017536166670543255
109548,0.042143765567258615
183728,0.012201679890835766
279999,0.007422631890015319
994874,0.021744472906743147
222592,0.0216297875011186
695057,0.01072232804854167
822100,0.0332601039161889
137600,0.017487282144764766
999809,0.00950463449157563
351790,0.02171027686202556
319935,0.011323672180161823
123566,0.012535359498866964
736992,0.013448966869188492
375282,0.05699563299610299
910149,0.018917933645419275
341462,0.004840473580919506
172091,0.006599456377150583
489447,0.014093094343345587
980001,0.01521372134042547
103171,0.025994720402475434
451359,0.015981805090546832
700484,0.06833091892462798
603089,0.006924096796083535
300013,0.03488915236173884
720258,0.007374753806991182
500965,0.030512160664257517
859368,0.0024281657915614274
154791,0.030766967685908926
993131,0.03133781536500747
984048,0.015518162614169962
294049,0.04416333080688037
925653,0.012265659429296251
161046,0.005626434572200279
840382,0.10923283773149875
402939,0.04056141021120883
120294,0.003416377182815519
963538,0.00334949138343329
238555,0.006533074103696496
911111,0.0190077576782794
462583,0.043494590408377276
633236,0.043268909681112425
239031,0.005051947031388288
586659,0.006616483277196066
935068,0.03986640031301707
595688,0.13297479602744675
205771,0.011104406967266235
527113,0.010554539366549726
587059,0.011266973578786806
768545,0.005994086746324714
503424,0.008158378916640422
486894,0.004763262679061645
474999,0.030438863325236442
341345,0.022078518220348453
132299,0.012802029990241224
957829,0.008017464639611591
138463,0.006669321571923777
744890,0.026075520143837516
834247,0.03387971537590493
131810,0.03067932394996188
175070,0.10063396150692006
476448,0.011357327711932251
554063,0.010200633694638387
436045,0.0042825466216888965
284831,0.001899421218945801
671972,0.030716207679836533
967595,0.013369794152967233
838772,0.006282826154305132
633450,0.004570236685669479
365470,0.014510660270509396
735196,0.010132847676192868
607973,0.017512566646455296
757600,0.010882053003074767
508986,0.005186456035361542
648290,0.019353511333146795
994209,0.00653368447577793
384002,0.03161287934605654
482677,0.01009998510901317
606116,0.015176597757024216
246323,0.0028447802593428795
335522,0.0031926585079242575
242906,0.004707437051020026
939116,0.027990123673661646
248383,0.006994760269964183
192177,0.009342184323543834
839973,0.007649730482374526
172485,0.018229264331180096
155510,0.004252361078442673
872183,0.005008243672907599
137714,0.013146148239316164
418136,0.005147632852637573
863563,0.004050440674274452
634401,0.0034449801598237604
610879,0.024437702450581363
886878,0.07457343305586761
790053,0.006725460242830159
529954,0.0065630712297757065
975062,0.018949882523909597
154003,0.00527943092995789
526935,0.005184088535991018
273187,0.0023713065650809596
264756,0.025920116598259393
546121,0.006431439744896411
469938,0.00368312895187605
616583,0.0031119238445666488
177852,0.012310581674983539
294958,0.0021749490863558333
656753,0.0049254202810781016
100815,0.004914863876416091
834317,0.0073505619762522225
259289,0.005141000863510522
891925,0.004645949509801449
259196,0.028754135721861734
892614,0.06426236913366562
585998,0.009492645911914116
283961,0.01416579993143405
635276,0.010817560658489917
476769,0.004142032866525418
703930,0.005091245443706942
709512,0.013261800181135869
210231,0.031984571986731374
388324,0.007483052305478622
492168,0.0027663434703145222
232749,0.030422099778586724
306660,0.012584259643481218
940590,0.032056657056926445
446123,0.003637057642573198
549856,0.039996312733092766
819711,0.0122952449868378
283072,0.004481923696074865
551736,0.01675256319333682
814001,0.0032405269753281057
447400,0.0038146645047866857
751232,0.004467517795842065
527474,0.0036986192201066913
792244,0.07633027735925632
567220,0.006558991022414276
113246,0.018587847360949702
115795,0.00641973618440033
512603,0.030590578179060895
779525,0.007317685332771285
763504,0.06899015347913438
653428,0.005513184931764041
126744,0.0058953222281588
400344,0.0033740041216713196
609243,0.07883345930240182
304463,0.002726724494036671
725153,0.004819939829608194
275051,0.017926338815174775
680478,0.021398887603503114
592573,0.014179611875044988
521758,0.013420342605137987
170431,0.013728997471892629
957136,0.0063404263583529685
563381,0.0668879246617512
530356,0.012591939457725899
578507,0.0030457529987468574
602919,0.004609275234009629
827196,0.010851982927899287
842226,0.005209871442354525
397047,0.0359673638907386
805853,0.003541255031378178
845973,0.0033636196525127057
991201,0.012684529483093999
461374,0.00963788643863051
892735,0.004860332134111329
792467,0.03456404289174169
880914,0.0045095361624647575
205729,0.00514862237230527
779927,0.019598428059987984
502467,0.01239310475273863
288442,0.002586947162802869
908089,0.05874223291382961
851968,0.08375355317830789
767327,0.009716425441853362
395582,0.0032806060994384828
185535,0.07041417693195752
214083,0.005770618620533191
131920,0.004158687672717814
439608,0.030231558255413703
904904,0.0017797970438639867
981543,0.004933734354119505
776099,0.027024069077235074
115647,0.003324933196092022
308852,0.03742901225404748
179142,0.05922409513869524
584412,0.0151081863050815
708061,0.008057122920554398
717423,0.005297256572245299
423298,0.004149911624499323
501834,0.005069536840142898
132777,0.0021676920253708076
154042,0.003819599125384699
963203,0.005113708703617974
683673,0.015110458713729293
439700,0.008627255797417898
830687,0.008762338518016438
344948,0.011567958175609253
686386,0.007610495555283696
992557,0.004119799028884029
858857,0.004258423277989591
342918,0.004907926014796577
198717,0.006912810056658662
132656,0.0034499228940558227
577563,0.013019417560570262
248258,0.07746134486465427
420946,0.013128336249209472
948072,0.026255760507439566
346476,0.014444341824337441
904480,0.030704217640777198
964044,0.057731101421067146
608847,0.02028673401414955
736419,0.027761445969172394
663594,0.002108734406785724
224804,0.0031078142468763574
553476,0.011792763683051826
976692,0.005854045847369956
739657,0.004899650892003642
128371,0.00684268362143906
322294,0.021311668197617595
144371,0.006015876646602584
721006,0.049993913716552825
125456,0.003370836305034486
537672,0.002966783794625799
171531,0.0058066680567023885
614091,0.013027453450112808
467946,0.007710082342254154
374122,0.001972539119196963
958584,0.005988644699975396
690259,0.022599654094081507
743499,0.03883570813790766
354959,0.016516635564165903
355946,0.005426316062905184
111188,0.028842029971671873
781796,0.013394024447963651
349860,0.01369675378350375
365817,0.06427390960152311
635728,0.006958069655401097
105833,0.021259196821364443
341592,0.010393740508782116
864398,0.016793514172503837
866707,0.038855761505217676
341653,0.042762283087339106
871241,0.047004621989801425
418765,0.006314354609945666
896511,0.006614430705272979
669391,0.016978773718870802
969152,0.0073396038292925965
540823,0.01525503867126916
351183,0.03821156018876991
606621,0.0993874293533036
821642,0.005820029308933534
879815,0.0204355635164387
536452,0.018116192853554827
815249,0.0034802271344761605
631847,0.010282998246089392
928257,0.03097594382378572
591404,0.017903528630824915
397678,0.0004435772279550737
746778,0.012387556124521132
699734,0.0045140447732393086
542040,0.018863468465709562
374266,0.009904795556586384
184236,0.012693446509083868
240365,0.03188272274552835
199614,0.004330175876501394
116522,0.016095426175744703
622086,0.024187046410534943
754786,0.035710250025474885
533209,0.004246951801178865
750619,0.04780281976698834
486105,0.043220560100801
220572,0.018285512325047826
885036,0.02922612641092879
661902,0.0025410134649091008
998249,0.00849342010562587
154735,0.005215789471103064
105215,0.017893177351590482
676011,0.005020303167128271
832420,0.0354663459080574
247564,0.0035299398803643714
299149,0.0074213412104963275
708453,0.008353709214194755
502314,0.011259886901722936
365548,0.04091530773846913
644946,0.013999249757628849
940277,0.003908979128728435
753820,0.01148519040218593
395935,0.005932144750566469
944432,0.013577536726141039
741546,0.07951004348858699
159297,0.019473870210623214
142314,0.024125400565620254
272042,0.11605090923793442
256238,0.023183245538384002
311342,0.014150090507450575
129538,0.005318643053359045
826829,0.016704745184928142
542748,0.008773406073332875
858582,0.012361408793643813
971218,0.0065614761659514445
763232,0.004826628967179345
336389,0.009102620214730359
996292,0.003605291335591212
179680,0.003201553953197524
613502,0.005826283560416312
798285,0.014488161541341327
255100,0.009348962770566327
428027,0.0058080499989955695
414899,0.007148497785759445
442856,0.11814174272523853
683463,0.011873152821485778
338300,0.018411183417017064
603149,0.05767178268778712
544466,0.010653155850525524
561294,0.0024488382349458176
465001,0.01277304316080277
743430,0.10966869028833838
205720,0.014788485665124062
111802,0.019691885580460724
370354,0.00432655819873205
409724,0.006282970331914433
847454,0.004430282054578256
688677,0.01260327164396795
787406,0.018164873863118776
413191,0.006078890867895497
677425,0.0059023825647737315
598261,0.02594651664256877
619833,0.004970206629340242
860760,0.03034100606324364
477674,0.012435731260417563
299865,0.03049266691900169
784296,0.03550878016747292
221108,0.042079763922466894
782966,0.040806805229938375
302623,0.02003664197132539
697760,0.018828049319721808
591928,0.005379090194837105
767071,0.0031845087240573093
938545,0.006386795963465988
660789,0.012729540178029651
794459,0.015425792132772394
901078,0.007191346649574445
339818,0.00946963758093864
880989,0.011831491666614843
146109,0.014679413217677063
486224,0.010724161929230359
396096,0.08350834051693451
212001,0.017152006387279265
401213,0.002065388395836444
514084,0.01016004987622046
853897,0.004658157927289893
721121,0.00483011720900713
986744,0.012045691251148266
157339,0.006522616206699821
378940,0.1709409489593663
797122,0.027469638052754323
679980,0.01817048412746082
434496,0.004701848310686239
252634,0.005356496065503483
669465,0.01167952845398266
934672,0.014318652979210178
917841,0.004774252948833398
298190,0.03239313287617753
612337,0.017261427478835314
173746,0.005297227588080575
572603,0.04548352154640646
609372,0.021311670628797977
382238,0.011760465034252066
440658,0.004305749888166415
822841,0.057860902886616994
610922,0.0024963777061472155
627218,0.005876178367786177
896707,0.006768669475472476
804591,0.01160527360780525
882678,0.014953786587666466
190414,0.005853155177520897
950148,0.0033792755438523973
460243,0.005146086769531172
674690,0.1266605156544572
214448,0.02762217590477355
333808,0.0415341874066707
770803,0.029304707738077845
686836,0.013401683836859584
467656,0.006510447677415263
793342,0.01946755758919595
938380,0.10236927838053017
743234,0.012292396205965948
304413,0.01639986523954784
325964,0.021805483943934018
902033,0.005211984754646636
558330,0.00822529622276355
836484,0.007696777483853879
409835,0.00794014393880238
884878,0.014387480334725243
429767,0.01114911886452703
142176,0.005931520719460797
636106,0.02091794217656675
672934,0.008130834359889478
607141,0.0037541912262492507
610390,0.015033965382601126
211804,0.014843661069220932
183202,0.0680876037488788
405882,0.004768619794131304
125981,0.0033590394492752917
210482,0.026113974720670823
865775,0.021351747243389695
743295,0.004873204530355404
929914,0.04458435064226113
579928,0.008520409544703171
737349,0.015882010652838806
113942,0.033392546641679025
735846,0.01170074320699912
432821,0.011167108143578365
786688,0.03862749844085761
491669,0.07035366313105393
609982,0.01163226999772933
985500,0.0036739242884608904
455710,0.006214830498904257
202787,0.009159553707217
615598,0.036875617356764444
116157,0.00706170823934637
645999,0.005822002113268672
337391,0.0112607212494102
930758,0.009518126297983973
447769,0.02423618766522954
853319,0.002907396071717858
170022,0.03983409256692532
685221,0.002489121624137354
144797,0.018478252603179476
225269,0.0030195240043500962
928513,0.004687413997956991
987740,0.021243619040247796
419609,0.05624141381337036
667440,0.02291361771211979
366600,0.018847908392240285
872774,0.004907538345033662
406079,0.015082020292331936
155801,0.010642027001550343
621582,0.0053698614238209845
270586,0.019663719138262502
434425,0.004335957275759612
931272,0.011029193383826697
334011,0.0025592317941552237
924870,0.04899424083619131
133409,0.013765183400848162
534791,0.014606457922797892
614716,0.054764015250970396
444058,0.029919593447368466
348478,0.002648758686900298
117313,0.005455814814008039
387355,0.014139091968350012
770480,0.046931621743495855
901186,0.006433067340508632
692252,0.008713527005008843
252504,0.09533079862732996
172303,0.006389162715994279
425622,0.004334097211944806
160661,0.027810797324116034
484903,0.08917842641940807
703044,0.00964109767793599
761457,0.015065426359755938
247910,0.0059213254823835835
335816,0.02322549851414876
736537,0.005902021882334725
927230,0.011266572173091334
809132,0.010894882172022342
249421,0.006464669325059068
901131,0.037914437868098366
501587,0.08030502567735993
483515,0.0023400904057436903
827515,0.0024976706118657517
463235,0.030667112132198512
602441,0.012244704520945917
912560,0.006104409091320021
540049,0.026038621331485958
468731,0.011821295068274479
770437,0.03969369089361068
819303,0.0037998745394675656
520547,0.01720415820271077
305139,0.002425678852638769
913426,0.006677528772839764
365374,0.0035941104310707028
784538,0.0037844963257781276
833889,0.0028164960018018342
819968,0.030165890836411073
713682,0.01201118891152204
762399,0.04565707957216208
879989,0.003194385592597101
807487,0.05259338826997902
446364,0.006693507997668874
477381,0.00667647279648622
906661,0.007835412527519165
663248,0.005602661802320902
701192,0.0024338189925897694
550907,0.025084483462633932
130306,0.08036342661426814
973093,0.004811034674550901
428707,0.009076523187444046
767910,0.007077088918755467
963137,0.006339123016283683
561624,0.003296177645736775
529675,0.029610568147791214
302497,0.04124443169309864
817505,0.03882625233609316
571976,0.00578647307570388
883834,0.0027216095461650145
975192,0.0023887028081793034
366768,0.007171953101851214
623030,0.08994668704081973
442835,0.0056723879107281015
370367,0.023676626572712304
568483,0.004761534080777596
729468,0.03214562446425106
346898,0.022249417596655857
370028,0.030821393763372583
114695,0.005001224358386826
845201,0.010308451586670446
617653,0.006637136139825432
112012,0.01488225239706301
389892,0.014150492500865149
636557,0.009404317665501987
192471,0.0317574536916662
896973,0.026071277344531147
978606,0.003986285445052893
542147,0.00475990996794892
608152,0.005528629398218094
341890,0.0430814041570879
458105,0.019739701804614016
187538,0.07493373860620417
105948,0.031549457707702684
687005,0.037885650940612546
284083,0.010602304122983885
377648,0.007869629340832966
156842,0.01935578508232294
926526,0.05834343422252389
601423,0.016625384468563036
493016,0.007537385637850058
641676,0.0038223851906755953
124678,0.010502335053463163
526992,0.05305030753219131
950884,0.19121173401833613
603683,0.015834134340069663
762512,0.008185022746584131
213896,0.02164370990190621
926424,0.018175120006070307
566467,0.011694326389742198
892991,0.010870312664949183
192559,0.005034697108352274
117729,0.02142910685990799
897716,0.01120673722143815
262705,0.030574517481894384
310204,0.008786717412518867
310990,0.01740628552464814
844754,0.05081941497987712
234818,0.998759984183268
448824,0.0211890803277791
513701,0.009616345818171274
367800,0.006171508128630163
577192,0.0031436134510173792
367740,0.0041390201357513175
142482,0.06337350671591725
257262,0.005956923015962567
612313,0.0085872953935853
856739,0.02780778698686629
262889,0.00529670014560967
633484,0.012373578847646284
462102,0.017339331353906418
394538,0.004820588818352479
681856,0.006603682194857212
588313,0.006171661476899653
645944,0.005758117947159057
371406,0.004843459089474011
867738,0.0034857683354926044
274437,0.004782351205197856
723490,0.029479849535938126
636391,0.0033457885379081665
762622,0.033172781805471084
538251,0.007066488281067378
345811,0.005826952604542647
158921,0.0070396331164101125
596589,0.010127082802092078
644471,0.03570347435147679
764020,0.004631128552101998
618404,0.03344798813274018
573971,0.024668888318610915
550600,0.015014613083753866
436444,0.0032658612716622544
125507,0.017698763471060742
111526,0.004127341251936424
583711,0.006170662538062171
651301,0.003226267580222579
314067,0.0030695949152683504
270062,0.01475075838885508
252075,0.020900511461468593
337201,0.0028032077446188634
949514,0.02757650553005405
441223,0.011583580755782072
449708,0.0080897593487463
776013,0.026697866651637356
375811,0.05244129250679344
504636,0.002185758601095504
525364,0.024083062446219952
786673,0.00969450921325615
236267,0.010028708755965971
170986,0.006161602365383008
258188,0.0024613434651112043
530149,0.10075278815502241
693752,0.037214902000472554
811471,0.0036702547339929766
399248,0.004091536666708662
930957,0.012189943899377866
398459,0.004244025574252064
515228,0.004282468577682446
856964,0.002322220478780139
867359,0.029780162463346995
663681,0.006372022667685153
902988,0.010651332557586629
339888,0.005488729810797817
766633,0.05269713687109389
701136,0.012451428517957193
266950,0.09836604390666724
868961,0.005485811413561025
455645,0.0112558240570385
844047,0.005459770601550364
675475,0.005986676577944875
208857,0.027635639165235416
183454,0.006122381269795425
394095,0.03894226698490434
565100,0.005793507228938989
658132,0.004350244291505472
511979,0.0049086500293690225
478533,0.002851516733810931
866213,0.027210878095872013
427305,0.0032685307025426547
737909,0.01767375899189653
301645,0.05784941285524248
139951,0.014827367203887564
279823,0.0235092833211286
342599,0.011646748340867213
818735,0.016592876179957694
128489,0.0406440295961257
538062,0.02200937955318129
654232,0.018761543037517443
702989,0.06756190149969232
146564,0.013475123273890548
966672,0.03733872532167827
574485,0.011342724777599955
536433,0.04292347248481819
103161,0.011973276167779982
144155,0.004126190180572912
966051,0.011728540615098629
490358,0.01921125861034914
113069,0.013079000836146527
909663,0.0032665646712411265
254593,0.003822782864124335
910075,0.009471611664958518
183096,0.10876054255622242
309201,0.005432964833254926
951703,0.02774333003316381
806647,0.017830315460378277
922348,0.1080633815156486
710138,0.01648811252662553
278097,0.01626462014098063
198761,0.008453163642750335
327953,0.027871249830128814
564462,0.007859102131068954
207410,0.021415196701043082
806498,0.004159966899081195
452879,0.0097253752969709
797429,0.0030670036241599885
865192,0.023508849361522238
270615,0.0024843175781471337
591464,0.04221877505882089
501913,0.0037834039396296513
636591,0.010433527790649972
169534,0.0077172181057692845
564893,0.0019944013969939696
557603,0.0073576579804167834
173325,0.024887844901090285
947361,0.008196323214954726
101659,0.06704788213031516
620497,0.004269714842485563
687935,0.08102179809430375
161173,0.02219367614717308
858763,0.012567520408943905
104191,0.03961037614802766
730915,0.005130938562027922
187727,0.004907538345033662
377271,0.0077354503110634585
443210,0.021910582991388813
998481,0.005033438231989327
893170,0.011873152821485778
863097,0.00789013457589586
877084,0.04928586588033253
860021,0.006735029655541818
732068,0.003914313577256284
644151,0.003940990256575186
625626,0.028732101901487228
557638,0.015931257316884474
571704,0.011852950420180986
647324,0.029990554157586374
441035,0.05434550221327244
436709,0.08887837319314353
997381,0.011969902084241245
396269,0.010564756794078691
593093,0.017845085659311147
760947,0.005821629308365896
578763,0.019159475544097297
831088,0.009021885407057043
259896,0.012031266926789791
245213,0.003104735664500037
775286,0.0016336178584809896
409101,0.03068585831152899
876013,0.003296421627454544
420290,0.011685295037644233
101870,0.01248774456896676
182001,0.008348425809794459
442483,0.01180564318121987
856619,0.045597182418448255
791399,0.02429039435798212
460985,0.009122988145223042
867908,0.03449729094818632
603911,0.07419954010255647
283611,0.031313581119028086
707537,0.030271867663992768
276319,0.0023788647864693563
965418,0.015616990171471733
486478,0.00486700801596396
294582,0.00666267155224888
893783,0.00833492270450012
183465,0.035554260942426315
428274,0.007088035298796056
168688,0.0023134604637949593
863411,0.009162619737633878
635512,0.01655130306952105
689787,0.0045332057392731655
609198,0.006171935430900729
792194,0.004621828016522767
113005,0.003963540852097228
324186,0.010899273911830437
104751,0.014978752931181356
915049,0.011736589886283613
731527,0.09434072847316542
494453,0.006370758528764458
717236,0.04417748344085016
499846,0.0029095839618226427
204622,0.061384939826185654
725088,0.006476385071186526
542472,0.040555350671249615
832477,0.005579705452197373
136188,0.04279438758283893
684051,0.018536331081025603
182013,0.004474798027901239
132848,0.0014731656379248339
618616,0.0053851676771362895
796036,0.12368971088660759
568855,0.002804203566848234
819921,0.01184173165622125
295755,0.005036662817690779
765707,0.007454263837523574
231429,0.01598999759616797
841086,0.021797710201504374
165275,0.026682244645962847
149688,0.0068704157134101985
761984,0.014933953607544452
906070,0.003268209451417384
347176,0.027611753573577306
404696,0.02281785603999482
322762,0.007802941987695251
325983,0.003310423643142835
672187,0.015138951580989476
407289,0.05508318945839112
174858,0.010927326393676527
614226,0.046525659219922876
512942,0.011738539846024298
757366,0.006547542651605085
839279,0.004594097439453002
914162,0.004006637752994865
835258,0.011594369151902902
310852,0.005582546611384392
226000,0.01410549201016343
233231,0.01054500311339161
301835,0.020677200959547136
417002,0.0019581085547034274
622903,0.006522169855056338
146875,0.0030977261488499613
116469,0.010097541735128621
578343,0.0033332271092532035
356457,0.045446804529655
665507,0.006906518960602167
928502,0.024003326509958713
485272,0.03377380808545908
443473,0.011295202726212225
396092,0.008488533854151574
903536,0.01785239240246475
613996,0.008037316389147502
154225,0.004561878890567861
512181,0.012277133369064955
668867,0.011182498825648621
469774,0.0065080936377331965
309549,0.0072308778724423
135100,0.0055117851603876875
988262,0.03123751016575367
543975,0.0067082678615312885
109516,0.007041050010324475
443099,0.009331306778064057
342025,0.012255382498764948
274095,0.004269857362770779
528371,0.05822404344219372
114529,0.027248184595564676
369955,0.010662622533155922
680642,0.013785421922579321
801159,0.0031389098143821985
647226,0.006071950762522341
233735,0.00492059522299161
642014,0.011255044622365137
490930,0.008863753274935295
514972,0.0036829360556323238
344971,0.004101388073347163
470450,0.011533268290532596
568403,0.026318448124511878
619936,0.01706156891543047
838453,0.006603387686243487
905259,0.03924592878305588
844589,0.02398559341105288
139728,0.0031562574284452923
984837,0.0702112856191891
277222,0.010173370829131683
922333,0.01789137254140859
653105,0.019170227271334436
502610,0.0050732379545066885
127601,0.025659223431325196
585658,0.016158438082577758
617591,0.02561125780096997
970742,0.012700224921256009
636239,0.00672733149409933
555086,0.005013953220825268
825753,0.008618128367608856
178225,0.02999312002826234
990145,0.0033316486832537743
107532,0.011210664250425405
776130,0.004795992597142849
746335,0.003847840923176438
635977,0.029442902875194094
306593,0.006574544248825768
899374,0.012366210808983891
741840,0.09448883247591387
382928,0.008271060608363329
205454,0.0032080035861515644
912570,0.016282055905121995
712555,0.07503401184583554
135253,0.03383136539991058
676708,0.1468286466440019
301437,0.007107036167513723
400125,0.0079613994596377
235602,0.005426678834114176
867725,0.028971576673555783
268326,0.007781874809309741
696465,0.00539507052780311
203205,0.0030506729180037706
624587,0.01094094981278865
462742,0.007478479040092729
221761,0.008019059097546098
477509,0.0025930996825243684
918104,0.007980331872104882
739942,0.002465620497966017
396165,0.04759478318064415
972233,0.022425659377086134
828712,0.003288117738332658
639638,0.041749720420712594
796426,0.010961248519388867
438022,0.007121968146910513
228423,0.04770557534023191
494176,0.006233962188567705
224860,0.0964261603795917
374426,0.0038545143327186307
812185,0.0029937152516085913
340452,0.006980107886044649
270053,0.08177825757916907
596992,0.0031794298523632114
910816,0.009892629554919553
330977,0.03297986218111207
222236,0.11152424028706616
134300,0.030352244999042703
900132,0.02388737172746665
806761,0.0033227249600390786
611783,0.0187836748513324
743590,0.017911964715477853
739988,0.005407334831454394
331613,0.031031381526807445
247126,0.014104377553957997
194582,0.0037652618207620636
280457,0.011200698159983317
545329,0.0660213342003454
419929,0.012497920791949639
845031,0.013659282064936908
618902,0.03058803954868389
473835,0.004242108575246118
905453,0.04951060664525154
505866,0.01798908526063135
301584,0.00564213692558705
280663,0.0035784360882509703
532011,0.005420375278977312
977389,0.043824442179561586
954770,0.026461403819145968
911403,0.05432855520151774
209248,0.007787277900992651
584624,0.012312625721589615
814974,0.04036452753864857
896400,0.01656024152621942
116519,0.012534043088292783
390791,0.003765475086571106
486551,0.015372679601745518
750320,0.0036529147822639235
817650,0.0036455314364401974
637303,0.00364803249693766
153912,0.005977742366236905
442438,0.011628074522570968
840576,0.005812557993057181
257412,0.041449606448866035
599602,0.07900502971186928
385791,0.004666535783310625
683878,0.004771538287082621
186493,0.027900569855563148
821114,0.008764454660095044
242336,0.006351091944310697
889398,0.025584179666849765
147870,0.00920724063275783
675160,0.009993150055893895
894726,0.0033220095467945943
435365,0.017345537433862326
111045,0.0014392940276357182
272274,0.01372916334877907
520730,0.0363599672207178
356982,0.03138814845597239
832008,0.025057370168310725
257423,0.010672834269793265
663023,0.015508729154917477
730088,0.0033553211841242173
667533,0.004016545685036801
360023,0.04706120258170365
719487,0.039977453447960574
889608,0.006970681918886871
973081,0.004548246149419406
349833,0.0035498898409226133
647404,0.0064954087546937
917104,0.015365230306907656
526500,0.09511844905683411
174894,0.002393577804911978
259501,0.03325478101005895
339630,0.0037364121980490704
378980,0.04717147947419392
787296,0.005207776041464206
693624,0.017915610664857824
136333,0.019557445569047198
268539,0.0038773858867286446
358040,0.010036617540674352
482426,0.014466190549552884
677516,0.005852747830332218
840011,0.010361274826270457
842321,0.0070117454935160325
157553,0.02578991191025034
890006,0.010513714229211048
232307,0.009971125490021146
103476,0.006641080007278529
840840,0.012161879842968477
930244,0.009174446271689502
536232,0.01250891958602576
347338,0.012822782083917055
488576,0.005945101496387955
292820,0.015112924844414434
438811,0.00746872767621376
572440,0.010207717758145538
825397,0.013154692091709257
976690,0.005051080355670325
818452,0.011957000368313885
981950,0.004250065074489625
428958,0.010933509979818583
337047,0.005493436468141385
337964,0.036773592544262844
329618,0.005761605536962367
536573,0.0033108409377021657
934984,0.019622353802830995
850866,0.016243012537212706
125643,0.02213743370920709
831695,0.012230018934248292
241656,0.005393262066048051
619954,0.014220997920073787
731995,0.005402409108269799
297578,0.003401563880553716
651854,0.008971490115632015
549050,0.03190186757049961
753742,0.009405769894662606
557250,0.00850038888575646
594286,0.013242451419797277
162687,0.017541842567062794
798287,0.010443731007163648
243671,0.041280560903786026
709100,0.02943824923950021
441069,0.004055805130953558
626027,0.030062677070562403
494993,0.004721396841523567
137819,0.0034409172605104747
605586,0.007502260808999712
801092,0.00800224595296432
966122,0.007088023661868056
997412,0.01422607661111058
142238,0.01249647437329718
783150,0.02290154761426238
495447,0.011304107507350397
671265,0.01431194390370283
757987,0.021182076253005423
265237,0.04679814806606248
648888,0.01621910749284998
820962,0.001744044686232434
328131,0.016732394591965485
547355,0.02780980399845864
815591,0.07652931989098367
210070,0.008893770320422923
745477,0.0034494644982679535
675309,0.004394196420513516
242530,0.01229649295307062
240889,0.00798988582267818
999981,0.0028222402961437455
572387,0.008187997860787055
329961,0.004909583913944068
747245,0.10405764070884635
464972,0.005179326473215733
765719,0.01304679160909479
810529,0.006714441494435278
204346,0.0059973129439483885
449648,0.004431189390894181
361360,0.012741463211273266
227774,0.007365774488780917
665860,0.0022823139617549767
312450,0.019881575859665032
309308,0.00554432939921226
481810,0.04155719952670608
420734,0.018761393370067433
832023,0.14011536029592733
906867,0.007495882190039972
247387,0.004116952864883403
709465,0.0342196661698697
704016,0.007519917678720579
801055,0.025827801661112388
780112,0.0050629417162950194
393262,0.01447659713918308
740364,0.0028920868834677728
989687,0.044622994291633855
867408,0.010347490545203201
768753,0.008002270879352659
846303,0.01176015276824906
177272,0.021227597827550813
164165,0.004695620241435108
614856,0.004731974257695269
711743,0.0027865477395511047
668290,0.10588979217802408
450227,0.018861016488030416
549800,0.022288771521079512
880511,0.010380461977608823
811929,0.03392774860473023
234994,0.006674283669413178
733849,0.01814456121292319
641442,0.008645916526250342
842465,0.046226973565217225
811569,0.0075711941346707605
562018,0.029656463997644877
860801,0.03831605379527981
816774,0.00517087889346941
707953,0.0034274278241240067
858024,0.002983229113006372
807352,0.010811781986568004
152625,0.015710495167442905
438690,0.007053625082370027
345127,0.016631344608028044
570149,0.004163483943658888
912877,0.013317852226350487
231872,0.004530992195243117
312353,0.0073505151761060206
104034,0.004052457855626847
342323,0.014102154492780822
927791,0.004906997006212243
102162,0.005298893696569249
305793,0.022430847697706716
556160,0.0538090561391099
972255,0.0030643210410486745
915954,0.09672650055862071
601269,0.013999911180974352
628211,0.01875265470737928
541166,0.008380111758831826
308252,0.08742488340340568
716059,0.009380758788626459
629714,0.012878816323013879
833269,0.012013558647745844
106364,0.03208514813176072
424175,0.0061436355969049575
185907,0.01802029893993359
978186,0.01878610499377608
238344,0.015566468190788869
473238,0.017344048348482372
611274,0.02062600271696537
380760,0.0066052991687266145
754420,0.006247528404633422
776757,0.0023870725919643196
442776,0.0070624847580910265
236664,0.004052542247544095
227608,0.008332497415105508
178188,0.004646957446464723
379874,0.03611842397712716
164954,0.009655832173397487
872156,0.006172299768715191
518200,0.010650090671086961
845074,0.003403623621625666
405155,0.0042834915539773045
820098,0.0023217969204481067
337628,0.03246866680615098
702302,0.0099934844585359
312251,0.03426761495736748
692923,0.01862351380871753
718561,0.004655859675064603
212780,0.03772197462313125
277110,0.011211515083915874
959426,0.033475478852742775
244209,0.02697640068253907
356326,0.001704966376749776
837256,0.009302165326576857
104648,0.05115104492793716
957306,0.012644686669942586
843104,0.02327317345298788
183732,0.010820137832505785
427246,0.032528488059655046
822760,0.14122774268317315
606133,0.01633280092951275
837432,0.007694339263266949
427285,0.002763809342802895
527466,0.010192175977396906
915083,0.0038038369841139016
709164,0.018137301935674834
297241,0.008782391536103155
911302,0.0036489424443675545
688718,0.02594728289552969
395386,0.02172022635347604
530451,0.00552499482083284
320554,0.004222142782075589
140126,0.011017137230767596
322664,0.0076463680227713115
725890,0.06985773186706455
484405,0.00943230455649316
235046,0.03782148844171112
534319,0.0417176151756065
203685,0.009770656496362502
667912,0.008066987441236377
865087,0.0036617131525928793
181338,0.02255700956557473
602881,0.022395422538772046
865328,0.013451996424639415
213373,0.0033899901291796074
521358,0.0702021193942329
658417,0.004685103073629448
769080,0.01240755151371122
686400,0.035849248152141674
738823,0.0030741951094319054
197706,0.005822621897677863
170484,0.026844771289780273
508211,0.0091496743206161
929805,0.01918055143150833
117211,0.004379533123748278
443059,0.00426629540058232
828788,0.008132747711373204
684531,0.0065686611394739705
114912,0.007705802278300284
144488,0.011592643738107183
589770,0.03407798383006512
726000,0.008686644636587217
585284,0.00469525448984967
547580,0.020112968610963056
753688,0.024807149762676225
230278,0.003154910839319316
712651,0.019217466296620342
130092,0.004459668555100221
107214,0.003615184174239794
899480,0.018593952616117692
225106,0.01282611345979413
992669,0.030924542961440992
272600,0.019560398825156543
323014,0.008075224511588455
479510,0.022511907510151547
976892,0.010674943780994694
167615,0.004202348800364922
125341,0.009879917911335218
831896,0.005796811675038201
666812,0.02406360950174088
687884,0.07138722158103421
822698,0.018359875302025198
657928,0.04996262158458194
705649,0.0038461002424643362
332101,0.003502956806416549
615922,0.013224267323785538
334128,0.005570126685006405
435199,0.011490669603899533
673269,0.005600075972991526
242532,0.008591229992879158
707815,0.008707581801088287
643044,0.012987716675467659
162461,0.037839937384908616
982603,0.005708446010963796
401056,0.003327869155168546
639342,0.01616960398308322
934460,0.005353956994751479
619606,0.13457378716597415
779267,0.004468819796563367
763335,0.009166893123975466
330925,0.0025015246674102857
618243,0.026852731997889793
130272,0.005159018004396486
663664,0.011909773585708284
808828,0.0183273203474173
559333,0.008013558345971488
891086,0.011873152821485778
660805,0.06989797763494175
323454,0.02088722899177336
174554,0.01580672160687931
214345,0.01655292652461786
734812,0.030966447524624224
200348,0.015312190366173482
873336,0.014244753242200805
839384,0.003893161384712151
877355,0.012959467828724305
430431,0.02675042808713027
892022,0.012354720500888644
440867,0.03340151726325334
262831,0.004519571602178732
302686,0.00590551131318213
965495,0.04530605092806187
358522,0.003976587628914764
403118,0.022829426901549068
203187,0.0074053724488056935
552408,0.014716468584856913
664078,0.008523666766206913
554460,0.004926775119293072
520212,0.0112469400634414
241417,0.004920623873988026
518374,0.015376134051975613
826605,0.011873152821485778
128303,0.01334318191732473
956617,0.05645236838320435
247915,0.007694126146893466
757109,0.008807975182535151
398197,0.07789551947122708
902074,0.004537094246725074
561462,0.008153026176145666
118920,0.005496669125891393
688555,0.01796621032120732
127168,0.09524804257874736
995276,0.0063359124085270845
151905,0.013030591334727068
144016,0.007926304222678891
609555,0.011856090622156363
910215,0.02334870535822373
289366,0.04609614651440924
171631,0.026222553440584325
669001,0.007394935731464523
580424,0.022691306864250572
292688,0.06304087526102378
626311,0.040547929238163936
399122,0.021512517164428004
823370,0.011688620501543252
408140,0.019173351505760154
364455,0.006407695698715868
528673,0.07813266619768167
438859,0.022399112234093382
160971,0.014239307504142843
866383,0.0312999312414154
685709,0.00331772735751716
667320,0.0115563766166433
701127,0.05508806970824289
917085,0.03284533956598828
448286,0.0036551022382300133
473644,0.003362906638926216
678561,0.008412918202819308
455135,0.019592862152694776
153339,0.06612264777252598
179293,0.006272357042088206
161705,0.029093253675543343
270295,0.021652029185536364
945928,0.051000955625096454
921321,0.03940329861493047
271077,0.004702223539433765
741134,0.01318640431857437
489514,0.020247648876642887
624096,0.04630841704565745
453540,0.01237249661900132
546471,0.0200297543565874
309267,0.008338949860324487
748120,0.0047521607021951875
321545,0.04892476189170106
788854,0.004418525003786467
380730,0.00808747372080845
376046,0.0022887117798042777
443528,0.03231691547451538
391065,0.018627778237212896
843734,0.006874780698593765
589797,0.032230284355194726
675305,0.01781427411811234
155127,0.011247283047784492
811274,0.006245613612094446
859737,0.02937353871366228
850223,0.00809849328355078
444695,0.006165673472065193
183474,0.00280498337766583
578435,0.017890350460783955
342144,0.0030508763593657708
775990,0.006170369649216165
914340,0.24501486855414734
624747,0.014244534985257549
691165,0.027890556456437867
320502,0.006178576691583846
313546,0.027777214895422554
539597,0.0025243172170348795
145990,0.0071095020244795444
724285,0.030667272413119447
734504,0.04620773234189155
612813,0.004525597414976534
302316,0.014783198247381764
780474,0.01958419363104878
462722,0.012770491338871785
530938,0.0023708358550263366
182231,0.053917057578479095
765132,0.011831024812172644
765153,0.020000502285139894
572727,0.003067398053416559
974651,0.012208282563287235
248818,0.004931095450310498
947974,0.013820226598988083
312201,0.010821734904620664
488085,0.009458348066337363
448565,0.03030171581103714
462309,0.004291491103162767
909415,0.019357477455486213
926248,0.00756109231594509
992613,0.028336148471332343
965810,0.005744713160536351
616014,0.029799571935061216
896643,0.005101679111221075
209292,0.012493930278056774
499042,0.03405556857354889
516032,0.007958113918886124
221437,0.014226310490508137
900600,0.004730794799374925
787281,0.01834820389797898
105164,0.002542211174613523
132427,0.005326414151724573
918958,0.0031853483879731
285583,0.003094163700816861
809496,0.12255436396262284
204362,0.07746172533671415
687122,0.038203965283267624
831656,0.041280534059755486
869175,0.006582941052730741
813714,0.012005402594123875
992944,0.01410026936923054
296000,0.007170635686479691
976146,0.006995193593097459
637370,0.07936133371618237
705429,0.0033471556738751567
360129,0.00315721507982588
848479,0.014065354845380865
475908,0.011218032516222335
952780,0.007820833224704402
663561,0.0028439987141167114
236206,0.00825707480973258
294469,0.011392590972738637
815503,0.003638279085015858
383675,0.02237858449908354
457682,0.009583600362529488
934349,0.027606942282325082
395388,0.005473906138508927
485430,0.00895759453662364
910643,0.05715292652527331
927930,0.09360499370788117
106793,0.029594032560362304
318518,0.015311856354073401
390513,0.08081064415425217
912423,0.0031645309934006825
861057,0.008305816268051687
304232,0.02152759439121018
289453,0.006323581571075905
145849,0.03890159301960585
233269,0.030351623683669345
453165,0.08109462191252485
416023,0.01882280500160201
154699,0.0434521681953395
803907,0.009155234256235155
264603,0.0034380532371739774
811073,0.004852411769540769
600521,0.07522860422120951
775017,0.004130199577527176
345910,0.02876367922567058
735801,0.03199638687762294
275533,0.008279723022663922
509983,0.004141464379545226
546879,0.008995174817443767
832814,0.018977513651554822
252070,0.0014992581871908967
158473,0.0055360619082676235
997322,0.004781377710706958
398079,0.004608030908852426
619544,0.004908596493068919
112999,0.012643518276132365
310957,0.01021777231389554
350264,0.0067862211829948175
563763,0.017020761271353328
597608,0.0033240975319969008
849334,0.006613535317476936
970628,0.00971165552205381
448175,0.007668007367207295
709167,0.01140574388443131
424126,0.004910290261394085
510816,0.005438523283723306
852146,0.004188539530560996
467046,0.009513730883257236
467538,0.006536267629135542
217169,0.017959159079291763
517827,0.0018206230762194077
688797,0.022810769935858326
792366,0.03399654921197731
663230,0.0361908747123267
907619,0.005335357833018445
510478,0.009920231571148672
807778,0.004158396917363745
867311,0.03615569712536146
376251,0.00454309721841798
606009,0.12023136951590901
109172,0.02035282249814062
368710,0.03516830701103233
741414,0.059878582716946516
655388,0.07291173250071968
577213,0.00487193851117627
730759,0.02474681904368752
866005,0.00565633619467213
867136,0.004590707856518093
673627,0.010316509441127645
776133,0.025722801437517102
420796,0.0043240421940789215
324015,0.003311682379686226
305263,0.004423376912575464
576803,0.008271033184395057
567393,0.03762534530944843
840711,0.011581562407771669
281466,0.020528311792007647
743182,0.016790025789907126
102568,0.01144289767141804
965232,0.03960334048795782
820515,0.007696664533552578
923673,0.007152748488945184
650105,0.0049300148435463325
104764,0.06174989330770493
461426,0.031049890598597904
589879,0.029363653717043872
127546,0.006852017391691848
642063,0.0952430349461419
653552,0.03433151817165421
158957,0.015681828331528293
794199,0.01647916192263974
740196,0.010920171496644352
283099,0.003428781213097666
592680,0.0028043653735817606
308231,0.002782623376324346
397843,0.06742231442613411
561511,0.01178906289336624
634594,0.0055264414020206876
375349,0.003686315367647687
773866,0.00848898779958621
206007,0.008017029902775055
828521,0.010166860668962743
524443,0.0036007190200048576
289215,0.05896840415892116
494087,0.004216067735258426
334399,0.0073641861189672215
675999,0.044682732831120404
103099,0.009152137974581816
252758,0.013279455951852488
625696,0.008263048273778828
972268,0.012212899883269141
365175,0.12059522185269482
858451,0.03025300511310098
203253,0.006993812676685299
372925,0.005013041807080298
568387,0.004112997886945024
494954,0.0073012063924178736
912341,0.013633187331766524
361967,0.006514768384738837
547098,0.009427294973812578
689446,0.003391476855758884
191678,0.017224030740798053
642791,0.01624675890935987
368640,0.01694280023119569
798590,0.025273774589858574
466035,0.011993790018599815
840470,0.006827578620232361
130267,0.010717864399117713
974589,0.010155555843440545
419242,0.010911772184430636
303890,0.01239317249098801
257060,0.002996485991840576
416296,0.022675490385185917
300051,0.005563781432167929
258000,0.022861844044073803
592443,0.008853492258743127
933649,0.03116692248930766
649105,0.09426310301890599
973379,0.08109804437828305
815540,0.005492913662734089
771865,0.0037013996163445108
165962,0.06658510631870321
927695,0.01122655348396023
500914,0.03190260853892144
796897,0.008737905361252562
603877,0.005978768994711736
297073,0.007630649241758839
131902,0.05585616181011713
456803,0.11037885855366739
607180,0.012186460481758818
604787,0.020255292502820793
717691,0.0043042082598653535
607829,0.07755180589864909
424309,0.006672528369038627
107702,0.0410147833487507
202583,0.014778870102500149
875402,0.010529994307054442
117837,0.0034854303751480956
309474,0.06643233314954297
949257,0.00826100139275685
391969,0.004457476985735411
233677,0.013934942153609702
144685,0.015473429823061354
739995,0.004474948942427411
243380,0.004941566194432511
389585,0.021947746656479406
921657,0.0037087740577829136
542434,0.01487581055670388
697483,0.0027150606019009094
542877,0.003589259619798808
645713,0.008852875123172666
598526,0.017479758212088192
399175,0.011701857166943315
504621,0.03057682517258915
430352,0.007305456470512247
478417,0.0070160651591714635
804213,0.009745186687284751
625519,0.010473728136888193
292723,0.015473429823061354
565332,0.0029888965631958363
616964,0.00612983663536445
720853,0.0020141227105177407
545438,0.05810422847381086
425344,0.015815769767410386
462597,0.0024201144319546354
928791,0.017045544606588473
290959,0.05224270389017691
161870,0.011360979321558983
878407,0.004009214058666435
323599,0.024439289740413008
727036,0.06449478266898405
978724,0.03881002275627425
179113,0.0062966058977470514
221705,0.007279918301441304
419273,0.002509009252207492
833976,0.0066145316216415645
251807,0.006572178468384301
919618,0.027910510217493866
659605,0.04055017857256038
396125,0.01640300393703437
636129,0.0058738992198874755
773053,0.006987871597026282
737240,0.0025021373600201094
550430,0.047650654265125554
714433,0.01834949786594543
346935,0.0035779772829336136
536108,0.018035837555414887
166351,0.004335123342992031
332575,0.15822447417328012
453283,0.01145416533634649
623127,0.002174015401110749
789659,0.12087346239428454
390326,0.008579722024464385
995966,0.012365458468238834
223747,0.012578001713237119
451942,0.0016989018777175057
710664,0.004551645261235854
923507,0.036162619803073795
855604,0.005095690521809604
472147,0.011873152821485778
117287,0.1038625072788502
725922,0.002056476570829746
733394,0.02233448653645945
998055,0.042363646745878204
308364,0.014543126606867
400595,0.011002687922645835
285208,0.004907689911538678
947598,0.004746489158863339
580572,0.003998433299298944
270758,0.036392973874417645
862233,0.006238376473776858
741884,0.023814812998441563
629864,0.014695972548236694
909694,0.005312830573515869
234993,0.007115732518623834
876993,0.0034364159024557125
769489,0.07631848365772159
555825,0.011699392390805115
716562,0.032382191866691265
247282,0.002589884775508396
309949,0.013163945749888054
307307,0.011310182372562408
860391,0.005344059425417215
391606,0.05451504867664138
509306,0.014325728963305598
350671,0.0036419074446520853
666075,0.020200369023526392
366554,0.008262067336959257
180775,0.0062139177855378485
310448,0.017003358797355927
209671,0.0028321860009215493
317176,0.01147877834427709
401437,0.006004212403702167
588899,0.009387352919271666
550783,0.003990256998827118
894532,0.0028333047032655873
689080,0.002371529229849662
268053,0.0220655211065264
535112,0.0063107923724994705
334341,0.0038150998022888367
586298,0.004939258860855755
136911,0.03790729597857232
928493,0.028140697115252276
923363,0.004714701914879492
838585,0.0994053370712795
301464,0.0636367896527399
312567,0.004092727601631739
442195,0.007669094392022609
545666,0.007389062955376215
838533,0.007441994246832228
209786,0.018245700165642018
570998,0.00420101576743337
538419,0.012493812987961974
116546,0.014716679021541262
616198,0.01102976680329678
361744,0.0976816285011027
522071,0.0061792318811925775
584740,0.09698020604437364
136814,0.004176728814148194
134551,0.01565895242428115
498560,0.007048952811051324
293945,0.016330266605855966
611039,0.03326573195883467
993241,0.016777074940097312
994922,0.052178673555000527
319269,0.04202683246664749
275086,0.006040557412335966
148921,0.006353408960351897
918445,0.012897386515827402
247548,0.00451718870658712
934325,0.0013439499757407624
111289,0.06192364372892847
269019,0.0026043361978112843
863341,0.0050073816002072745
351337,0.025575957545050983
244259,0.03819213022955359
981004,0.007899798074652761
500568,0.0037800784411307826
646475,0.014622424231678987
127723,0.09959322415760906
351082,0.003271892579407284
849702,0.017876940381369274
424148,0.035087944540574324
551325,0.01053536818269172
234853,0.015748077781239045
936678,0.015727006095386742
455594,0.004259850161222132
683365,0.007485679391972751
507655,0.009500180189572646
803065,0.006610781747309902
354317,0.03478122462721422
157704,0.03269729990105696
817053,0.004457405591758598
129756,0.002522932684531865
460146,0.012580442713241045
394731,0.0063420035799229635
478243,0.04871882191123276
951391,0.031242106299142057
882250,0.016314132902001767
330803,0.0038780650275650618
921819,0.018841207705485218
208931,0.006572842374039256
510330,0.01772857712023184
574000,0.003606376248087964
843709,0.035676974998796615
714313,0.0024156001565099634
582054,0.08589471702651665
376449,0.012150012892474766
963558,0.004897689164608297
123546,0.01341777700423815
666791,0.015821043481844762
478371,0.021287937381555627
143873,0.05088946334740611
521700,0.0045007856326055315
207178,0.011445212017231105
711086,0.006179774737711079
785000,0.0068202223751729395
876823,0.003919803890626387
931499,0.012102528034491364
197342,0.07403437890119056
571698,0.0033785306456684144
200775,0.009468665618355273
937224,0.028183868096459036
852839,0.027066059586541416
464186,0.005901611124155934
550329,0.00571294507104635
616587,0.014885868270280697
491377,0.03887977732005829
905217,0.0046208826434743725
647091,0.015174927648787761
550494,0.051716766862927754
106219,0.00959673017265695
954638,0.03157678253529348
245609,0.015413352947893309
339629,0.022819523039287356
448729,0.00785862126370183
663231,0.011364021312187673
631602,0.024455948391330466
128413,0.002129967475557123
589398,0.005229561735063409
670143,0.006614069291781727
330606,0.10660313445916178
932149,0.011912045452796872
521054,0.005397570492519233
669164,0.011696782112874683
720495,0.021856145742192818
778206,0.006950877257860142
703430,0.004758391413257028
739985,0.025473507952926466
839202,0.01151227221895021
237899,0.0033922862730576078
949738,0.011362530850898498
460808,0.004969614004403759
859980,0.004432959154411637
116886,0.00689610683329768
108498,0.015508864507966475
940256,0.006908893823119245
301939,0.01626331063737533
998256,0.041654699999646806
249215,0.0489663527831596
748157,0.012207391200397976
675867,0.045090057517211485
252619,0.021316346250841618
451279,0.041587272501450494
614927,0.017584529142244208
615432,0.03202781313316503
544297,0.019522063551503002
643116,0.020631009264768074
772314,0.0034473891981239603
113240,0.014153592989245605
930260,0.005983813253456035
523527,0.17313102053160798
288991,0.018556334145418275
480564,0.00926463778583624
674982,0.015337366697917564
750643,0.00539037067091798
563189,0.01198226514415582
601142,0.01199561203089048
936457,0.005215017368194849
547668,0.007915396418667068
413333,0.00934978308389858
920776,0.009135279884771152
303152,0.014107868639809052
245889,0.0024085625621148143
413188,0.022387644281993437
210007,0.046930112656085696
448113,0.020986427006167707
744370,0.005143242782039244
770508,0.01581037653889453
180912,0.03828550680354221
158598,0.0062006045290221405
461839,0.00912081494621134
100121,0.05493697398477243
248479,0.004607886173975425
857694,0.01533197492129819
369167,0.009225720923707574
144053,0.029453931114775324
992929,0.011131657071995095
329271,0.029378983214905053
677182,0.09187821605852681
882055,0.004907538345033662
880764,0.0049610178979212554
427732,0.013093089558439162
273943,0.0208551134047088
795281,0.006035810101820522
828955,0.007272659158109298
564398,0.003119761717878895
941109,0.0044857804786312275
155237,0.0055060785758915595
105867,0.021032363407639535
197322,0.004851118186705081
375858,0.003386141751937012
820318,0.0509361079760851
134248,0.008650084635470512
153548,0.002438733085220985
472538,0.016248341336590942
546387,0.009165360731504191
555501,0.012289959689243875
306711,0.005223463726347312
301867,0.016370547289418568
950588,0.011840917729148038
709808,0.01522146134982781
933426,0.006535964376435047
939046,0.006168474604136862
698263,0.044100740832243884
399747,0.006651804283227128
487624,0.015057193359480065
336300,0.004216240001961736
325417,0.001896128094136387
739820,0.012005813934342429
595012,0.0751933092538369
645208,0.012006043640025757
677412,0.004473725936185667
854358,0.0034005279826331996
993768,0.003884120816773865
369114,0.01185727853013361
682853,0.02072699169879975
879801,0.01023771176049861
436915,0.004411892573151112
541269,0.006625690320703582
419261,0.013133748692809817
396391,0.002488640224241437
333391,0.002638695560091135
905281,0.0026004181941759333
543539,0.006679900312076249
543125,0.019142317446723952
569581,0.024957698652907343
810230,0.023152093809658755
171619,0.022823202042165716
558731,0.007375948742510895
890106,0.0067806258450406635
149737,0.04106865899861366
773283,0.00543650490845143
742958,0.006697829640400156
680417,0.05920762735998245
405534,0.007763477070505386
493280,0.01702202402400422
654322,0.002415169047852507
800502,0.005281796295233925
394117,0.0023014882227202784
730704,0.013898805430126733
753394,0.004535995867383203
722920,0.012351210433718222
874796,0.005575101554374148
472198,0.005896370775193712
911987,0.02010592994761001
613347,0.0017488812642483442
183092,0.007558409257833947
808979,0.0072020507668735505
437090,0.05448010327478216
943440,0.003951602700525005
855208,0.031062244819007358
319979,0.008359300055119246
909049,0.010475632692241464
860524,0.008067291080644518
599596,0.016337815376717794
855274,0.006285673287710446
935593,0.0360913077887221
475771,0.008062058445154034
921530,0.012436846713003793
991149,0.10606455993993785
675184,0.0032617646323314367
841293,0.03411030151273515
544462,0.03420698231930345
659266,0.007075504903353592
847743,0.004998972605971332
204052,0.009068931996662135
986236,0.01919323180396944
289399,0.0051604103280546
518626,0.012258717810721442
761619,0.005834147389114019
638623,0.030005216949760136
257121,0.0036740261935354723
625299,0.006007235869903715
584610,0.03364152214463659
839348,0.03230750408407887
831952,0.005982536810943527
127686,0.003909680925892406
646172,0.013290215461987125
108192,0.003648047751979194
270112,0.006301185144605407
205441,0.010713017684920778
256189,0.02784238069950704
541603,0.0030775870341927963
786425,0.005000575892875759
655655,0.009847377843955908
347080,0.006698856284038035
373820,0.0070042548536545235
126865,0.011765013162648977
568459,0.014620471924280025
105138,0.015673926506040124
723351,0.022387411706564806
612939,0.0033094754350505144
498241,0.013601398083450626
826987,0.015249022491132344
565000,0.0369578536314417
999171,0.01804148407989629
517009,0.005992913235585645
764861,0.012271041862367498
911106,0.0039932707786303045
122304,0.01124285258286914
386868,0.00474291939440901
774038,0.004981962103143485
752347,0.023370821844370906
599230,0.01122958302312113
905302,0.0031778438541849013
648491,0.0239508150513884
548638,0.004477693444280797
987394,0.04650911151512203
505573,0.006166590668108062
504312,0.0041401299810409405
130259,0.015163322085317869
157140,0.011396168862550026
883472,0.00618640820480368
126881,0.03591421757084936
871709,0.022700454010239703
202189,0.1198438637436417
856528,0.005166988326856632
467739,0.010102270663710259
652374,0.033244965113891606
741132,0.010669941025442395
381319,0.04802647659277992
129154,0.004048171968873643
984475,0.0024972880545163505
199487,0.0030903288925889076
606081,0.004179403335879433
997345,0.036125518277177936
881796,0.00645443335210056
543025,0.010420970983098158
234005,0.08563354126682242
465821,0.011854833006295196
679133,0.05551286246405849
484132,0.009801110358595945
341020,0.013961885765630051
245137,0.007060054051435964
127038,0.0036458300707042325
345211,0.008834742815756089
357620,0.009006932917642044
444391,0.009462487152256808
574377,0.0029451771869239817
181035,0.031958119424289264
177455,0.009365284476341811
603733,0.04609661784816545
792894,0.003412427815452963
210442,0.004041389763921655
620601,0.003674535407925319
429713,0.005447948705101524
390466,0.008444172488391235
793813,0.011299036108663322
185433,0.020314432363572124
150886,0.03532587516845506
572754,0.00388848327950848
880534,0.03389862027433796
916822,0.012293305048199619
223230,0.00937131894080251
365880,0.006203391556172534
372393,0.08542989486054667
443623,0.0036611939813078515
494492,0.013578772810633752
774151,0.019312576812748852
528612,0.01988064545684118
547957,0.006441075690914692
287004,0.00944750712752692
450658,0.00466684534468006
963557,0.00199194734429574
475325,0.01594490948867887
641493,0.03260404195894493
177922,0.01973404689242042
519061,0.00834698127336987
352366,0.003627639421665214
224191,0.001707643660961436
328538,0.011138131225638162
618834,0.04425367560169728
725486,0.01815117728000353
201930,0.004437953623410301
637212,0.5738746522438434
886330,0.0023707899537334385
213834,0.008888315605998355
535463,0.00819288346558737
445676,0.007730171679885395
527552,0.002573231854122701
474313,0.006965365882028929
915198,0.007584308186992869
910681,0.02886832058443196
142013,0.011264137059787745
574493,0.008198087618632372
794476,0.0447131648491681
180823,0.006591273870455754
333340,0.007371018710403196
222484,0.005597169251441644
250927,0.005034968529496669
916087,0.007210934512913018
558319,0.03126518171902066
778033,0.00438461639619982
704629,0.002505043886147272
399633,0.004763762138161841
510742,0.006071927135857428
351198,0.0036177786217505637
350005,0.019988117760864163
272174,0.00918962309878914
709199,0.009167221572835607
998179,0.0028334832393962514
783893,0.006754642849023197
222935,0.016198867778984074
178365,0.021515180621527703
690774,0.02187081320213494
556478,0.017728764084820898
512794,0.006159737416892428
514776,0.06141806651981236
493985,0.0075930990901038695
755695,0.007607017624136009
997409,0.01226969747308522
757500,0.004712399727641686
202965,0.03860149459878539
308126,0.13756457367796923
210101,0.014239311403684072
342370,0.004092555690757821
174966,0.003481978272897752
205433,0.004287941288942012
268862,0.014649319288098622
534656,0.03383851017477241
564158,0.007936188141581408
347068,0.043708436664346956
821309,0.01718917646924009
594117,0.010274259055675425
350059,0.015525188371881143
110894,0.00490953855563643
706391,0.00822039760476644
767657,0.022148274603263948
950280,0.010986169954409552
448826,0.008189949172414395
377606,0.013231208484276887
102299,0.008058853923956034
240671,0.004251553570869808
247382,0.05702679715015813
951789,0.05031321234414532
547302,0.04967292450794411
369222,0.011024316803862514
571109,0.004560069768163768
549105,0.014040275321841295
845283,0.012730883594111774
938035,0.015181724837253557
344585,0.004373739054260077
295542,0.07669993773923231
380311,0.005991153215915843
263374,0.01527869805096128
353529,0.008158836441689023
120982,0.09767499769680098
760710,0.01892999579567337
230768,0.11615043876913318
522626,0.006947396547876557
791000,0.043384128876430554
410263,0.06572780506906424
331639,0.011854354003705348
591689,0.06648147343724466
686349,0.010370479574536878
643970,0.03161896386612247
283542,0.02902183002712508
453904,0.019809962040660115
587291,0.006550901008301115
208510,0.006660660524332173
339036,0.014838540073653076
849756,0.008415988260809868
264210,0.008965990906654505
285512,0.008377846055101027
616547,0.03602211794149688
797943,0.010754234693507567
833494,0.007348666804624964
553202,0.01245893937671854
785549,0.0029803214747099933
512715,0.005874913652339265
828423,0.011096388682388552
906182,0.0061730687566858905
799483,0.05589527665633508
872395,0.011600681980933766
931899,0.01708978352162382
974905,0.0027261177947397255
716781,0.003321031559919734
193237,0.005302335728315324
519428,0.017574819064266296
794738,0.002896642201304469
611165,0.030237900807723248
681931,0.015638924656872468
977220,0.01444525760201936
656927,0.011580971642020604
941633,0.012933623636117698
101309,0.006570048371387128
407468,0.011353687040978111
718355,0.0032582660958374193
561463,0.01656432101798645
165980,0.0017655566609697793
494602,0.004941240273607995
599378,0.005684546421093642
895249,0.012335073736915725
985202,0.02030737495890244
918791,0.0024197989847288435
141774,0.026966909905510986
779291,0.01049008051136107
273221,0.026949476281924054
401866,0.03196802235624222
330202,0.055888608961928245
694217,0.0035008000220249098
458846,0.02821551728398094
996490,0.009118371661016903
772017,0.00859496486890203
566887,0.03591022518300007
724384,0.019885201200429106
787531,0.03925771912493506
451838,0.10566298183916317
802596,0.014112957898931728
516141,0.03315537832066924
744509,0.032349178243455574
349235,0.054408483524930745
860008,0.03679710014097205
575792,0.005115509597178813
787945,0.004631833869846171
696538,0.009232861531060297
796545,0.027708688302026635
754886,0.004708564023755768
333075,0.0077606508097695535
279270,0.003920407034121548
930765,0.002776469303435515
595343,0.013422732413696513
580521,0.006340896956800195
709244,0.005439100124164164
314443,0.007575173790956734
513549,0.005670664999747927
133093,0.010692746953155554
795993,0.03664688883131585
617725,0.013133748692809817
692578,0.017750714654259613
561517,0.002560824666592932
874755,0.010023653433445235
851417,0.0025410134649091008
666119,0.04499546252843959
676950,0.008518168006823753
143836,0.011895577741489288
736539,0.006096828494154902
294622,0.06998078380466008
283586,0.006505118554902559
506821,0.023496729280323005
540231,0.010796144978875927
690147,0.009222427117444861
616821,0.015114252601498714
240672,0.004432959154411637
329284,0.004627804389367756
679548,0.005669424193676857
260089,0.005498231360726539
877675,0.008535470525584331
731925,0.006797567983014532
572052,0.010469608129067972
176852,0.005877029623745043
175271,0.027329442143253915
772096,0.01619632002931316
511206,0.011447545917267118
136363,0.015239204612998651
485383,0.00976840667428552
388317,0.005576546865039247
115832,0.005560954941733213
790897,0.03667187825129449
691831,0.0070643608137236176
921183,0.006242526154116946
950748,0.011982609603132244
776565,0.01069372259230379
219758,0.006578005139416471
291441,0.008753620002761028
312612,0.00860001141364797
300142,0.0033773818787561083
105131,0.0034961302280940017
280492,0.009490921604208112
935472,0.011593559746081436
399796,0.014993196246585004
757694,0.005726938181081917
284028,0.01126861767090086
816461,0.004970116018303312
382262,0.0032711840500099037
636715,0.016589794859890716
320737,0.0028886525414910063
495414,0.020949734719774328
855390,0.03710982809301901
189170,0.010634427589904348
436398,0.0042053422109564744
882788,0.01663432098545049
573847,0.029458095430862554
579341,0.00871208077396304
571729,0.03741357297956318
889490,0.04508247776829663
867819,0.004907538345033662
967074,0.06033931495382035
127504,0.005316435304098614
413861,0.015985382056564787
475245,0.018827958065714683
408936,0.02329270944847223
858247,0.07651347675925377
856992,0.012648084832852628
354616,0.0798124399365994
447824,0.005067460488581609
884163,0.004244423963193439
120316,0.004767765129511869
530824,0.013243561773931536
553072,0.006614336613922648
996887,0.024520959873717697
397361,0.016538557939423566
881116,0.008563690108611363
289891,0.017526823582193377
776056,0.011091658723806337
926013,0.055042073633891984
561167,0.00889595820559532
500372,0.012665657605673843
954433,0.013895437039378145
683821,0.015173533116232743
939908,0.019318981732530178
551201,0.005014757138708388
589516,0.013508268113909809
394605,0.012439692577051622
123826,0.010101860442359821
605581,0.00333172837253647
714183,0.011788531594453651
512728,0.0037336064952279654
216373,0.00492615016336567
844201,0.005322442292668855
323525,0.003880757448776732
800640,0.010498623384411614
547555,0.01208805474639199
409642,0.00961090659826764
510906,0.004313494775464268
694774,0.004029311223600249
368099,0.008617962139941416
758222,0.02628671511520338
961329,0.036124853774396185
892769,0.0032018657941337222
176309,0.030098538514936265
949268,0.013615828722000805
271078,0.011938928562905085
761400,0.023058259803697405
742283,0.002366619092085527
665859,0.04396476960587924
815579,0.03362737440272652
272890,0.025757903715457574
134458,0.007440980393219662
134960,0.02740236305575481
604956,0.018242753822810688
368851,0.012017597718691419
236401,0.00263050378079384
882275,0.008230251078358982
946364,0.007854809976267405
239007,0.011388652634156428
786335,0.009623181852273939
533058,0.011089007093884048
321298,0.005943815652656956
117224,0.005697989006112171
737555,0.011602277152752555
821308,0.005369156291090793
204236,0.004856778628331854
233087,0.0037424214826829853
680828,0.00522233693005587
649198,0.0158792930080115
669699,0.010798949236312081
690592,0.003346088185859233
721086,0.00467036089645142
254351,0.0022456425016790433
510500,0.008290637156585548
579399,0.05810508175401094
962222,0.011319228920873775
771820,0.0034962325287595714
556794,0.011440174949945536
243833,0.01985387919460638
294761,0.06977360086340252
749331,0.008954199789005083
962968,0.0059790423840969074
949128,0.0073588167752677465
661609,0.03015137208042543
944154,0.014495885856227419
164311,0.04383985011673122
512763,0.08165654005689744
207260,0.00972719582403491
638188,0.0036508090438737823
446809,0.00417342912057173
814817,0.003411387675048319
719893,0.006117558100749282
378501,0.0025542189251792427
553511,0.002494260781358109
411455,0.02660532574212069
479899,0.006099011903870466
141770,0.0027771239490880393
521144,0.003824351888149343
136917,0.013905124642062632
266272,0.018656238158112983
340717,0.004882758186287039
343484,0.020700318438667
143804,0.008321307192867191
567962,0.10649348653383046
257130,0.031201638505614557
718378,0.025217132077890368
874613,0.00510937083519192
571540,0.09513752006504607
851507,0.008293756132093787
227156,0.010270360059131657
399137,0.004180730285105193
532262,0.005890244047464051
392643,0.014035414616321342
416368,0.008009832722594553
292915,0.014749156321207858
848854,0.00849864312543882
315239,0.00848983203786741
411197,0.005789585311070088
895468,0.013690490250189204
486738,0.03129736413484791
399322,0.020740706797755228
883949,0.03074133213885537
519092,0.005929629089736707
252895,0.00596386477138209
336332,0.00560665313718043
507244,0.012343070562108116
663809,0.009061385396689143
509955,0.01744427170273627
282613,0.007157629137283067
524771,0.011032321189285954
213804,0.004316024461219653
590870,0.02762735803337824
356258,0.005218289440162935
666144,0.009037010886585425
647649,0.013714106477831646
694705,0.01052640894920537
479067,0.07585641865044573
954427,0.022701666118027056
896238,0.009314212181661055
498643,0.006373902950500604
533552,0.006544167121548153
924394,0.006047726969222733
107819,0.005288996100961664
359011,0.014506975010529477
522652,0.010867978574831247
817710,0.026890724613786277
751958,0.00560015167756844
759806,0.005460896120201109
393671,0.042352474282346536
589972,0.004650076927732053
973916,0.040801611792138294
187811,0.005302976069286497
123535,0.007437947992827574
499530,0.0128269852430739
624803,0.008802511975118414
933773,0.0042336890984888235
688232,0.0030906861076518536
568741,0.008415990848353783
153713,0.0024551093029281305
240114,0.012221201733100913
300954,0.006227951915874516
211043,0.00632540326291028
633613,0.010882664969658104
242360,0.005997845943663196
959065,0.010717621168509009
704714,0.0030095105322018186
825179,0.004674867395343542
898856,0.002314545932398093
300147,0.007644505091467667
256410,0.0073560685745347135
307176,0.04519177497250967
493554,0.012542226999380185
214274,0.030248957703486044
311367,0.012335724435102396
627774,0.005773298665780741
694055,0.0059496007933638835
930877,0.0034448093771859045
644148,0.02014566972769139
176440,0.0227544499123149
570503,0.011441191718157231
540914,0.00926397388761948
514716,0.003513696385750472
523045,0.004467394694464088
778071,0.037257584977271725
681503,0.03851472441175082
240907,0.01582324182605124
425211,0.00887253333712672
545946,0.005985622128991125
648406,0.015046658122431479
479074,0.00815853128800047
805804,0.01635045568004477
293150,0.011023941863011411
108104,0.003912372909640614
740583,0.003334969838854403
670291,0.04365555836120924
680058,0.02818879168094521
410092,0.011972496322791114
187526,0.005596619593476008
320161,0.014512396101709723
567831,0.008364249035895594
667185,0.008068910280277368
674642,0.006746930303052136
637919,0.003720981360049694
528766,0.00686350120332041
161244,0.003324840696076737
180083,0.004851895089683186
947815,0.01735730435732535
507282,0.016801135744406774
853207,0.0037713532550632694
431766,0.04214958289690821
870524,0.00583343492907721
252584,0.033561127151506255
388189,0.03390329790658371
984750,0.0126352354377199
635196,0.02070774462473737
152776,0.011406652710353743
267049,0.011085329210423362
535448,0.005233779266516376
285806,0.05688741991910315
100817,0.025250559373602384
765899,0.008280297813434633
321101,0.01659032841113653
780582,0.0041740020990774455
337019,0.004687605714771902
898667,0.0384421694533715
768306,0.10748669605126532
867618,0.004889111959882333
287402,0.0022084419038893416
756654,0.005554006734084467
599706,0.03811369206134945
242042,0.021145556396290434
403108,0.048952932306794567
858634,0.019211335748686532
525714,0.005117283820410675
377358,0.00517590197166844
646982,0.017432311301614677
288247,0.0027303632375778
968793,0.05444482362951356
571053,0.028093626793931674
552716,0.006425462342093452
654901,0.018483739472993223
596179,0.006549217764531856
617806,0.010957413512076231
153296,0.003026532399062821
311280,0.0048972237191646055
229270,0.04391118167103781
833070,0.012075661720000044
213871,0.024005762848243028
815668,0.0031841568583608573
867598,0.017310025016988126
604986,0.0033293501921365302
605968,0.009038475695274247
479872,0.021311773508520825
637664,0.015445431201016845
336697,0.0025484641749193623
990851,0.019769218204798825
672410,0.028820879398209414
230637,0.010694997216524452
616873,0.00367889063097834
960448,0.0031121956145245587
113357,0.011791887930957382
238616,0.002143606921674104
814525,0.003358579492785695
806477,0.02493986664659013
380627,0.014298483176158032
586793,0.006539397742917332
834538,0.048957776665704965
515452,0.0026854123347627317
421548,0.015450922085353626
687229,0.047110516915557926
380527,0.02535234513954744
331002,0.008315992984364352
213302,0.01081212952103913
411231,0.0040949873640361385
284889,0.004775120217028438
650080,0.10231080761515718
539975,0.005168191182055281
290075,0.004289032385734018
472365,0.04580131503267868
495894,0.010665362764976124
176419,0.0024826779476398845
729641,0.01870113926719281
931241,0.01503906232358001
925126,0.010109454427694772
872854,0.006305095952300378
580602,0.013712353875935846
938807,0.004142870954051636
276120,0.011873152821485778
310052,0.013700532851948976
159805,0.03167249629839623
380818,0.002184453918362734
642127,0.02393725657179839
403963,0.005401671297206321
794982,0.009436134147794841
600910,0.003392633843265648
244524,0.011538790908645721
555424,0.01814074400196832
569892,0.0032548231715040584
935415,0.0025410134649091008
334111,0.027956071040440338
814772,0.0072063278884512815
238013,0.01691891630181053
601296,0.0034851164324528087
346298,0.006447596420565315
716507,0.006287732088502651
106294,0.01378607839372215
535557,0.00337194242803802
631160,0.004222393040726412
684427,0.002274993186236563
685053,0.012479410726739618
636712,0.060098950441007055
279509,0.005366808704433694
976657,0.004744987535297664
479724,0.014894997589406832
974253,0.00502115642671968
877648,0.012281669251905665
980243,0.0019572178790647427
502207,0.28298807314578006
772783,0.011142818743882565
257165,0.004757659048900128
687844,0.0041086303972231964
576552,0.0046053920004892794
794463,0.08251302597295507
660055,0.029244071263100933
693798,0.03614239087550411
629823,0.004559860546037022
871915,0.006656400263324915
201575,0.0039601898079654856
536175,0.012822839716680084
995703,0.008753012352625584
758049,0.0041064640312310115
853153,0.02086879888308665
525464,0.0045852949013024235
190852,0.010635799144736504
539351,0.007085104284155412
142730,0.03734165902055694
816889,0.0031490563153420306
301032,0.011579235375556017
133881,0.0035442791640319165
980503,0.014031516428623126
793852,0.004112012433359871
319501,0.004267909518393065
983912,0.008010994942217419
881708,0.006081866506739583
619538,0.008128441466190626
301003,0.014635976624967661
792431,0.06743467353548568
587335,0.0038105596909625227
556214,0.003882955866813766
968216,0.09150853612158406
648696,0.011425756857025697
162240,0.005672895561524831
644216,0.010325045282809838
283554,0.022025166227860153
501431,0.01785288732223429
281085,0.0027166214592777667
626568,0.006951745692312303
722268,0.006362174373868403
945041,0.004321541199182265
267631,0.00431420473997595
806358,0.007640716089660093
181680,0.010883118319380148
393324,0.14689731243103984
452790,0.00844240490379284
847157,0.006253915958124779
798603,0.008552978830669194
959318,0.0063822122829767045
474539,0.003686001709189531
829957,0.012872532409230399
614441,0.004752639100516037
623537,0.001702994292839572
395170,0.0507969869906073
926280,0.009333128919904685
950465,0.03762017235810443
357078,0.015262904435772313
179233,0.012877026584428006
187365,0.057546165822524274
518074,0.007701417102231181
661689,0.018301108554363385
434401,0.6471679621867712
555813,0.00869492410327433
489842,0.011665739198130076
529056,0.01533975323189769
915048,0.021960994836773256
346114,0.026812475777516373
138504,0.004527075954350107
628038,0.017524425944433895
896065,0.031183259444556913
483411,0.047112291767632174
213501,0.004637803346119282
716901,0.00699094782073428
735331,0.0068235522502286825
198807,0.006172584941273214
320266,0.02070733776066391
924953,0.004433416775339854
661566,0.0034643319025483925
794437,0.011395995810962897
543693,0.004382003442490943
759433,0.006278986598871652
576267,0.033147205218117363
335732,0.011685292998074222
899559,0.007984468265560167
325477,0.005866653298798302
111778,0.013965501224311602
843672,0.00304535208273393
192749,0.003292895261033099
535160,0.007442546789808047
727658,0.01701321107074521
227454,0.013300646163056935
356643,0.0025610553760167447
681794,0.006655512450880618
905457,0.007630279636072708
284752,0.032887058129749194
875115,0.004299725067098734
602600,0.014454959796704497
631621,0.03708386628201286
441396,0.02893105807199114
841591,0.01581137543728074
769383,0.006119477261769654
473504,0.010093330705686968
384368,0.020661743126752105
492407,0.004990566949107375
667127,0.036863278449159514
226309,0.01517523191872617
639865,0.012204466529509217
677532,0.015183910415202138
377332,0.008467589185436115
738207,0.031264749098700445
450026,0.007144127343122889
169731,0.041844225527111444
515216,0.021172759027477662
972980,0.011197675484191576
284042,0.0062904744290503065
122512,0.04316303800006691
518365,0.004491132865211745
505896,0.0031421454173270603
324220,0.011361191691919363
140950,0.005706538064666002
893022,0.010581106678045595
248570,0.039589386229150425
918572,0.0035839312118825144
892250,0.003367182101338876
431921,0.039862345311669524
395263,0.004539453381351649
799019,0.005411008652586819
786950,0.011182663462075684
291824,0.04638578509235046
922620,0.01317956160608867
794956,0.003413205350356411
498797,0.007960725084347713
255330,0.011416557922581439
779791,0.0027561467020039065
695585,0.003670187400727925
157465,0.020841181197762706
171694,0.011608168387816146
807671,0.02786924123958549
673458,0.0065224299954258266
808495,0.006300653497072582
384824,0.006207081400134304
234114,0.004686193586735381
257487,0.026543578002815864
797145,0.004368804744892151
366640,0.012404834716852733
295374,0.00237970971316079
331620,0.016384537969458008
245332,0.005088611532347233
153063,0.026998699415288995
225169,0.006310124353042602
626109,0.024890946886478978
509687,0.011542370944779107
956540,0.05811328006954733
572653,0.10447598612191632
281342,0.003765445208871937
636540,0.013131571410633524
110876,0.007239861217069886
964135,0.03703069284136982
794814,0.0040689014656514096
442463,0.008292327083025625
423730,0.02302119594284141
664115,0.018413835368149875
528304,0.07849413133409486
463565,0.011434027292385724
421329,0.004457689983047875
878433,0.036855095648721
651429,0.035080218324030604
526109,0.0024030293587152013
378953,0.02346982450597145
194636,0.00529106549528219
674203,0.034567863282979644
112394,0.004534985194998795
504717,0.007734894851888262
354539,0.08073011426467219
100451,0.0017395825149253753
323996,0.00936613008877989
821724,0.07074807926114365
675955,0.0022912136107473076
142000,0.0036335113731099586
740813,0.003107468136138471
682762,0.003327887018592036
628288,0.007846796289142833
511600,0.103251843114314
708907,0.030398893351977915
969129,0.015858023676018435
592282,0.023776683346668628
717393,0.017240859174651072
444344,0.01847121757490743
467877,0.049488208063220344
606234,0.018903272327463208
581520,0.005949653112169526
782425,0.02522159425332021
656058,0.004421660313081986
825994,0.004662378827712102
118976,0.0071470362299789255
190588,0.039073192178416094
518656,0.00436558885686906
746645,0.004458038895330776
722717,0.003568690358271616
820345,0.0044347098247189696
297262,0.009280172632566447
575650,0.011229789280203824
617368,0.04127798065446987
432290,0.007275068410675065
784468,0.007983563026206454
653846,0.008316511641602126
664496,0.013881447015282287
167920,0.06167709444158901
845342,0.008270959037251271
573501,0.013220549962983285
366411,0.01589085851715657
598927,0.004804195168387106
134622,0.01268213742811233
673731,0.04962159705685779
493327,0.007313812756457042
951670,0.016015380049591993
202456,0.003953763307314958
337462,0.004132903348136607
500542,0.012609837198943243
560961,0.004470625060203667
366945,0.005358597584029019
544013,0.048906376791594354
390735,0.00771135642438321
313276,0.009881250090124642
727183,0.050446947533059464
401644,0.0025870854522844675
889236,0.008896081574229416
365893,0.012543124217131559
597969,0.00470262548459427
100805,0.004405325451957323
776040,0.003279276869976792
237694,0.00484143609315651
481502,0.015841420337502046
418846,0.008531701282696447
513344,0.07523734770388536
257338,0.007209190171844679
714793,0.04326101835591552
373985,0.010784284002044993
583686,0.009579708611334297
131427,0.012362046301833001
477854,0.005113550448706747
345896,0.013762946228090007
290906,0.008102888392348826
278516,0.01864141924511632
562994,0.0511268759867511
641830,0.03702363694911463
906454,0.015351939229425713
144844,0.004224126282234063
709215,0.009517005607317995
468382,0.009494225776283642
401000,0.011628646568535841
452970,0.0030044989119780477
537639,0.02878076144739716
741820,0.007081672846525081
650637,0.016239555630467705
109625,0.009207518728948557
978486,0.03008708769645498
375545,0.008322323753787685
414191,0.005633485913121304
208006,0.030683762639828985
419640,0.0056908012885892225
832136,0.015066521846702085
364679,0.017140591836383917
400502,0.01628377814573553
264710,0.01111320748882443
157978,0.018984700864670724
728038,0.06867422169305606
943002,0.011868275928610337
687653,0.01322082715406052
722543,0.04523319177704923
341128,0.017411175551236807
499442,0.003411919170161631
328441,0.005815444452252745
961132,0.014648395200711123
451975,0.018333807363589544
200560,0.14906166871876753
435731,0.010439850662548449
958056,0.004737925845429628
440340,0.003779472046963178
916691,0.012752381851552908
389160,0.11088326463939539
852335,0.009355629773263667
331272,0.05148807330835768
586089,0.015555978238162798
492513,0.012617027931565722
158380,0.03957495100079682
722186,0.02541101607239279
660523,0.011590398789035315
518889,0.005832403556309787
230772,0.028867864714599616
229059,0.025605858577128972
194623,0.015361625177027523
841384,0.006018609148314751
302820,0.00730273071584835
649597,0.021732411710241293
544281,0.007470519756600647
125436,0.0031948241583972243
175570,0.09994614290619586
487544,0.004522123935874412
743100,0.016505258479308733
514430,0.05373178435577058
289868,0.011743099346102983
560721,0.003991239267724437
104779,0.011911156725260094
909148,0.01330835561952107
111873,0.0028313916585285116
941384,0.0024154529119932012
208966,0.008457857136942817
502009,0.009093740032435559
427717,0.05772782753240097
372666,0.09366821756915304
902925,0.015473429823061354
443600,0.00447104215013227
914707,0.007206387971524917
876329,0.007229034340739498
136292,0.039881876934754985
695951,0.011796555982095688
563206,0.002782995048966361
930484,0.023542428934973773
821694,0.041553263374678136
650553,0.009333265287258087
357993,0.017003296972079255
760434,0.006239862859686943
395810,0.016958787440483812
716343,0.010768058581478923
648591,0.006608808864125317
906148,0.029733113090332875
785839,0.021930681716475543
285690,0.02568979058740428
777015,0.009766692855838224
614564,0.0063280297734919465
550407,0.009272434471142003
620117,0.004178116387100027
584855,0.014114139574820635
537528,0.02960668972933726
541277,0.01289866481925589
172668,0.0071841910174077666
288987,0.013012761915373566
404615,0.007422856311070824
393507,0.003651029293603478
984395,0.011666907946388297
431311,0.003435363329636638
294903,0.01864986612627822
836493,0.01640078095327182
495586,0.011366230747796155
316184,0.014396038269160706
146956,0.12440375488043666
532389,0.02118901803953641
846976,0.01825730585968463
202155,0.005226853957261349
294007,0.008417615802387389
109013,0.011873152821485778
633219,0.0025415772800038428
767286,0.04183066493638716
785294,0.007554866049461516
464094,0.009178940879086573
964782,0.0036572410509786613
198902,0.008625811730168385
495134,0.038996056199855994
371323,0.018160943899545593
289534,0.05067478198501514
960900,0.010190934535506372
940011,0.016122404828046766
534374,0.03436115503773511
987360,0.004607844263612091
496044,0.11319321741103229
428076,0.035138417390619826
273092,0.03420751200718149
287801,0.029026585896720417
725229,0.007479532491950214
861831,0.017450351956428498
855774,0.00884706570063974
425763,0.007050029376706348
978518,0.00443275336528044
259557,0.0910260931821888
638200,0.02570220154111734
217267,0.019338618775142362
298113,0.032935082266547455
399906,0.011344382452355192
900778,0.006376243813777206
355864,0.005273380911872618
437674,0.03670788643164044
686989,0.008434236518187012
186718,0.006683804736072542
896940,0.0070107905098673725
752468,0.004039437988305895
717007,0.01596200157498563
985022,0.032490125554754314
981321,0.006086252675460058
930495,0.009771790987948044
619357,0.01193596862470626
184830,0.022308574339228487
581765,0.012068693190234204
533773,0.007747150707708681
352076,0.0643660178379447
672060,0.010988634163327125
691814,0.004276037236295571
412908,0.0032031854796749455
407969,0.04770332785536567
387937,0.006580749068329312
492541,0.11857794833809807
290377,0.00295098947147012
775226,0.0042722416313252295
304283,0.011408143453920879
164481,0.066369150624747
693935,0.01334386228299452
253463,0.018388176455302697
175865,0.004914098260034151
546974,0.0066961376093833585
120587,0.0034228360303182217
656223,0.005283781977264435
106359,0.011587082009105795
603640,0.003002483981741531
317174,0.010788218738158824
749601,0.009107049416070023
264847,0.006496972001635771
812287,0.014635008789473035
815282,0.002682517943611149
174022,0.030215291652307543
765590,0.04223882287282453
174588,0.0041163370326927785
732720,0.031006248658498384
460693,0.004116920700489874
549534,0.013133748692809817
498069,0.005290005305540084
179781,0.033117838712784384
773184,0.02309421683198282
621039,0.007338746354207191
688487,0.004937217255025578
197812,0.003481263774488908
879142,0.011116454350637182
986010,0.00513008843888249
192782,0.06028855901558664
815497,0.0580019156649832
740609,0.005425956244310163
482440,0.024826413579963028
918332,0.0024236198563886446
103236,0.02948890171590004
193060,0.005730123121721842
721635,0.007811170215820321
638716,0.024784600937034305
261810,0.005483586556648376
252103,0.0388570815098496
210788,0.01209327377912013
129722,0.13710277524988182
628230,0.03904752247239387
930288,0.006486609332252322
215231,0.010365839988807463
528962,0.008075521140660505
909935,0.007015203787271348
638094,0.015808381861630503
104182,0.025921420335835544
881176,0.0037074201136606867
377965,0.01482105347669673
789754,0.013134864433996012
153217,0.02639158428574637
759795,0.007394182700181218
435473,0.005536505204755635
673533,0.10586271641055003
257824,0.016114884364540307
208024,0.010197083568871822
711218,0.11849765593744531
928503,0.014767862291284633
810483,0.021457619075957928
959910,0.027393573580119436
781740,0.04573079386214522
594536,0.052912064084668003
482130,0.003551298809251301
360154,0.01900060190838481
223078,0.00364059390038109
952544,0.012827583214979524
498573,0.007273509078021157
430205,0.010882749666021152
134614,0.005770192427484217
523429,0.0207996842053798
438266,0.003735521384488647
899836,0.004907703837754622
203746,0.009545856089890838
758664,0.008825333799611553
462681,0.09921063389919059
162336,0.06671371022096732
698042,0.00442890970550771
420272,0.015879565982596582
169968,0.007183726068141346
648115,0.027443065347712466
707792,0.006434941697305397
281077,0.009035337713720636
289780,0.010160692035096534
372819,0.00559805768694691
934811,0.0077012715897679445
490161,0.006606811075128676
601883,0.02421884785640934
241725,0.003448233265651918
882328,0.021719626572292105
686743,0.007688783167689289
897567,0.0029797964403442474
173432,0.023599092374095187
227670,0.013460386720800405
446011,0.01264617696971466
537596,0.029107120437431813
101198,0.029730216241477578
535055,0.008702283836117639
319514,0.004066422433090764
563504,0.00532278108199306
455427,0.009983577011067847
287435,0.03363637004893117
923046,0.03195017053259121
259380,0.00188386390120403
693687,0.011126826655120027
990061,0.0073647996809003795
242098,0.08087891676647314
170804,0.007091368151679938
295576,0.006935094777912761
419340,0.004349263686761361
928525,0.013843006434669743
802725,0.00727865134057919
128295,0.012859836302392689
991981,0.035749146575356196
718191,0.007333667227263848
659138,0.007754318133565343
120965,0.01499445428728863
130284,0.008085989300185887
172048,0.006028012568059768
369846,0.014881728382121972
817355,0.014685985853731168
921482,0.022677158936386096
900976,0.046949605108526735
821184,0.009663612416273873
673516,0.0036322669224868953
343502,0.016169264524238457
466839,0.0150265704493472
573201,0.012333929145633242
794373,0.004162257757156017
349851,0.006832258478400761
553543,0.011033577247156858
375117,0.12363131671209202
648200,0.0039700348313193926
285509,0.01157725735602012
269880,0.003383686437429513
136172,0.012114827650302888
805334,0.0024912943897335903
968109,0.004366068518695612
180521,0.004617899118614381
442101,0.03495873004670743
211076,0.009718868326967592
148338,0.005828159134238696
106199,0.005874362811358256
281044,0.002336064190503799
498840,0.004880211894512224
267326,0.018552236480618343
973735,0.012533903002465176
164015,0.005469781679784132
559891,0.003187102108450179
844954,0.018111371621533263
365331,0.05461042870414923
280796,0.024034118495514768
691089,0.014239858278983187
882111,0.04547406038019614
935914,0.027907486773987702
213123,0.014496636402368906
209892,0.018209010792613403
597281,0.011928848984473992
820142,0.035390033889066246
952460,0.015473429823061354
878933,0.009564587117174103
277078,0.009650510007580727
667156,0.0251574673145755
967111,0.0033260287420690967
848742,0.006280036480592668
706529,0.09792359092374299
949658,0.01369432397803053
517650,0.01468045774599806
168124,0.011029696489224068
952467,0.13162115563163462
722115,0.012692441025435918
960419,0.017289335355710506
495277,0.01480890222020411
652215,0.035759602672693985
303854,0.00770111639947301
702347,0.004104024905803603
231989,0.05651417671098654
755836,0.012435813495811552
556046,0.05164553968581035
931444,0.014214873514933262
971374,0.004817897138664788
745371,0.006150827619827825
115455,0.0065662993337799345
347001,0.004944308588622715
522995,0.013757211749239539
340852,0.12671273542562847
680899,0.037515472781577415
996632,0.015772380646807572
794191,0.003474302678315481
973159,0.005573726580204035
579211,0.01344099229286683
365324,0.053432856951812366
422685,0.004650895737688692
895358,0.013745063301760499
464309,0.03082414196576151
213529,0.030256827624461212
408654,0.006123550610255446
159073,0.021441753665355584
870333,0.05601489169799628
181154,0.006336463916642778
986141,0.006038787498194019
536544,0.1202236941367308
165149,0.002458224849473201
949057,0.0035241114950744397
690132,0.00727418209800011
738845,0.07450662602336956
532680,0.005777700467285052
532139,0.043407443464043786
825200,0.0027449808342129033
292875,0.014203619298303608
717056,0.007197478607487371
562440,0.014599921122371224
582419,0.03747692804860955
366930,0.016092663052628953
454745,0.006331748274234492
669237,0.09691618649753508
850044,0.005284000689947045
865058,0.020793515628280485
393364,0.06895431078558417
823937,0.13678215413376643
814955,0.015607137692287287
700462,0.0032769358941481474
954773,0.0018132817548353825
984706,0.00367888521410097
858694,0.0041896122249828385
114046,0.030608116066710666
598207,0.01184940198021551
335346,0.02252279647533184
636386,0.10169368145950149
451314,0.007515801577997253
714420,0.021054557970911884
276901,0.00749843528647687
907075,0.009037162881446377
290491,0.024046184729133703
887133,0.006576279433765177
931875,0.08875354137585499
705508,0.026954484368621984
806430,0.006701732512134012
608413,0.025593778838050953
384290,0.013012059241819467
142924,0.0039567559863997615
551419,0.030251892515047375
238394,0.011873152821485778
876892,0.016855489601907338
404102,0.03602884793729627
386004,0.034579034142812916
251421,0.006490872519189193
849107,0.02122315790439596
881575,0.015747896062928056
554387,0.008132415398751031
427471,0.006107851984703922
699632,0.004951469827346697
149657,0.009991765637504752
690970,0.006067596556329938
289709,0.007754747629047826
737278,0.01219085183067525
638930,0.003912813951705587
429991,0.011873152821485778
530259,0.030445126894129572
325478,0.02489205754365648
540702,0.04284771908064384
437015,0.02761877564557343
535635,0.012652146313500855
113014,0.0066127640250260985
943600,0.0044645043192012195
222703,0.06376611774061244
800189,0.021426353137504513
241187,0.012303676465013938
411200,0.015302805159553507
597824,0.018862433210661788
371035,0.033520705148013676
948813,0.021040984966856403
750857,0.007964159813925061
744906,0.0052595015539328525
615604,0.0020858818994683457
807031,0.04601232126794025
311083,0.013727018563569388
223931,0.004225145144737593
534537,0.03831688292284466
476431,0.0297328246029977
824942,0.028341956198329427
311666,0.011374212214320688
553106,0.011155314744482808
538779,0.010830019037904148
585028,0.004660870789036965
284332,0.03434766521219956
576821,0.012792864848680236
663483,0.007814855751550413
500128,0.003696128136070906
844183,0.0061223854323582275
110996,0.002513330215720917
359555,0.007029236279888262
291428,0.025098543959150833
222150,0.004503942158036687
111153,0.004935221990107473
860614,0.006526987609613235
329793,0.029414297279894572
752062,0.04097573430614782
715913,0.036547793999730044
811450,0.03185024946710621
703165,0.014851496078666995
586419,0.0061475417656310935
767612,0.004428901209726209
593515,0.07941193184586143
787233,0.025148072612351635
900451,0.003343329393174884
171161,0.006708960660643546
866031,0.015162684109749426
900457,0.0021787862373791895
427085,0.01331368896898278
395667,0.007473157387809021
845771,0.013828759194481694
542186,0.02223167502842582
752727,0.10899357094328124
629878,0.0033594165684760315
759697,0.02148611664906746
319415,0.015751506173193805
973901,0.010905670385646571
804815,0.010917439292835233
130046,0.0091478965874352
475128,0.01164944987421455
433733,0.010570780122764176
638169,0.002518198432680586
157473,0.018068496881786685
672494,0.01637753846671716
782109,0.09807926279069874
346074,0.0068312787800659195
509831,0.00460594126057192
536836,0.014920757413010658
405754,0.01560649600600875
599765,0.013121289698360962
616018,0.002513006505383801
689740,0.006550229544278003
349803,0.006309550830711909
859443,0.05378223184612486
945351,0.008345786914282742
686361,0.005950698690853576
524128,0.006553307172882253
180477,0.013927957411936039
827809,0.0033458428187480163
157291,0.012037482805159823
571474,0.0024973971047360277
606442,0.003833915770490229
378342,0.010843310731951756
912197,0.006389661396524005
420209,0.005932460627568431
723023,0.0319486460711484
693943,0.009042718105500266
937162,0.002380496455270076
745109,0.005033752257445162
278473,0.0025316387942656646
559636,0.8696304396097696
445496,0.0103273478308837
640727,0.003302391849790409
327260,0.11177994407700363
325842,0.005861782255142404
523747,0.010967716759925781
556157,0.009031756673535453
120238,0.010109356168756257
589174,0.0055708106199001085
812982,0.021955851723123348
926373,0.029006440124654264
843309,0.13474837035274356
629115,0.057791533581957794
513401,0.007318776658145394
649864,0.0041295484529113744
835553,0.1123188622853259
543497,0.017698460904820402
629884,0.009297084072519337
383534,0.006667533074408646
727296,0.0025410134649091008
906306,0.010835497120739843
191696,0.04083621717328327
274363,0.08108519960426973
721084,0.017198687086480834
750025,0.007956159604365949
943402,0.007089220382049058
863184,0.005551083453254954
460291,0.04063457139166455
156141,0.004861649665397518
377172,0.007214622946014717
169485,0.007915808470132454
756093,0.004459790161744556
388050,0.03045641818500252
543509,0.06950232144946085
100177,0.0038076596994861506
566293,0.021921942360477727
456862,0.0069240669660593146
966965,0.005119968849540211
580841,0.008994752937304952
474671,0.015074937401222968
444690,0.007762996667911599
809979,0.004738671097005519
455557,0.004882231008654821
658215,0.0017179217701354629
351141,0.023721783587844943
856004,0.0798560835588865
333480,0.028233943851493883
281255,0.012068110024051582
396370,0.015150409900506168
527606,0.10822124225791449
932023,0.026378962549697852
293749,0.002660763974173697
486253,0.05131697905372908
923112,0.003288061241604266
686328,0.07531282902505039
946182,0.048846929581734616
369511,0.003728296326087949
653354,0.01573328379652156
644101,0.07797957534756345
127524,0.00884340167640456
825242,0.011121291204816305
797591,0.025074077741768282
400618,0.026411787428209477
134868,0.08986593477193264
643907,0.007720120127758813
391307,0.012788106073372057
176626,0.03581028370061717
668727,0.0029127531927522093
650325,0.006086539738461879
663750,0.05689956165642093
119793,0.019507194943636348
350984,0.002424811665639979
195543,0.020299286898951278
479813,0.008696460653955677
349521,0.004786591158479972
549370,0.008334018117827849
735086,0.027268361274784096
572086,0.06817368242571298
977142,0.010968183187093982
171287,0.04008566472299884
755181,0.015579169183671153
243836,0.013574742392010994
163654,0.11954425028138708
577132,0.04422225893504377
938751,0.014990366891443944
736705,0.003461444606131145
934862,0.003154423743982089
849379,0.008587666867612071
401943,0.007650863888415624
540053,0.023240774566852772
857467,0.08384614043767696
801639,0.02603912008009508
809148,0.00788273360851883
130427,0.03418342833699903
168275,0.006394873117416412
809552,0.043500215925758
424659,0.017440240415245226
884189,0.006095702508447207
183794,0.016362253763117694
455308,0.039981933565849705
955981,0.0037280626759578356
600585,0.021159794896149952
690123,0.028565885127913773
419020,0.054890130482829556
352417,0.009225775211047497
801353,0.052796757407353415
454861,0.010673113705819907
196482,0.014891169115626208
509867,0.0038768754397373144
964852,0.005321487062953738
901782,0.008068033947710964
451718,0.025673336242460938
437125,0.020943739346404804
789126,0.01167662911335678
733838,0.013639423357312656
148395,0.006623138258256376
389495,0.004653591686270394
935679,0.00548548983914975
370914,0.009351355829701721
559928,0.04363188840491071
456038,0.0023572517433534924
301853,0.005035859500950739
954425,0.006465196743756097
353959,0.013128354348935419
880327,0.04013359757802407
366661,0.08627801699364596
218003,0.04465014181575843
807202,0.03704034114215187
305089,0.015250477417964233
233112,0.004772391182263335
997988,0.00651951832621903
504931,0.003267674283420011
799550,0.010559459731542788
692930,0.014152769173199466
116798,0.04451420122138547
778756,0.007522265977662924
106280,0.014847884680300329
654000,0.034737191708929714
692833,0.009204247131406608
976867,0.004203966343587821
581680,0.009472927755713626
245182,0.004137705396598073
936933,0.015291542446081175
250079,0.005034628382412814
983101,0.018866462916085198
282476,0.02367336360489744
853860,0.003951660819971926
588418,0.015673207462206757
221585,0.004161210956056391
842178,0.004168202957562571
751500,0.008872471862541285
405325,0.003196603254007309
704786,0.022825533331427374
467247,0.016939948380781285
721110,0.030153410740572352
404070,0.00464756671243024
120126,0.020673459993153172
771132,0.016278401964142646
592193,0.005157480924802792
945848,0.013104674786773202
696438,0.006912409512213604
687341,0.013095563646030586
303770,0.002767429321748962
193847,0.026472538168704304
267981,0.009014970685660118
778359,0.004586432884302734
952490,0.010407588665961427
968976,0.022835422957414704
603981,0.034579735228704826
345992,0.0031014884379068994
885731,0.004947842025486472
435725,0.01094226152628217
631768,0.009196529937494096
672472,0.012999566116343154
459684,0.07515683844799399
324102,0.003550853197481706
223741,0.0025905660621010026
392715,0.008286748523732483
392547,0.03743996269205539
157494,0.0025622455487058792
559544,0.01684088542044621
158214,0.008378725533913778
436451,0.005360647211071595
754994,0.03014399484845967
464126,0.031664454382110435
898816,0.0053846524367899455
186723,0.03599313057489609
739249,0.010996832852836336
407480,0.0048864345662954865
846937,0.012835132231358012
954476,0.00726220059144153
415050,0.003276527100265857
475783,0.031132610153651995
193273,0.02357243843587271
153483,0.009621365623957403
251909,0.008062808100436419
349755,0.057852543700148196
621094,0.012504925447407974
825725,0.006816964009824465
612383,0.005775352779648547
130262,0.0046659048057347925
413981,0.020044518468507227
519767,0.01768895428801483
800197,0.007688674822934116
891753,0.011709997875171406
689441,0.03234965737469489
466945,0.03129787630929908
778867,0.021595844444145234
336754,0.002317069253688933
180260,0.008234288294665706
355573,0.041912169921022015
923742,0.004433904087150455
355345,0.01877533670092219
143715,0.01533850234225555
760586,0.04426540487203357
789285,0.01282318322183551
297041,0.010108629914154156
948665,0.006168870858113169
855432,0.00705614006312116
293518,0.019763178360301246
752358,0.008337869539930714
991591,0.011437947233327743
742876,0.004352776135971939
455118,0.0035308795804970387
135580,0.0050084795904218665
109330,0.026400683506817763
284754,0.012693890373210235
580108,0.007585875862420108
148939,0.004615124519396426
806739,0.0024672622396967273
502292,0.004328665139220466
607655,0.002456899280330932
462946,0.01570966524211378
914653,0.03563659188983209
277322,0.004230563443564192
470298,0.009731357244253933
229454,0.009806309970208139
264378,0.015667835568575844
690247,0.007752770973657209
920968,0.011147017730286337
532205,0.005731487336523798
330854,0.012432970394409913
590517,0.0288560547457614
513727,0.015017351708175438
196264,0.038001763565345834
526113,0.010407370807136142
355634,0.010529327647693534
300359,0.03666239651340964
732644,0.010719742296813339
341249,0.039904267844486044
895083,0.006583184068969896
768479,0.032600277495666845
448227,0.016455570128646416
578370,0.006503389511663444
973760,0.024363331053627348
466260,0.012157357906270164
523176,0.03807592761071282
297559,0.012305063454789973
876436,0.010056755080415229
304527,0.004668899374110358
613012,0.0036735677111086862
710662,0.012425636625576612
956575,0.005451573471797688
981176,0.022703265570202854
352046,0.0042511026431765915
404147,0.02642062113315439
923761,0.07677435933228421
311161,0.008326287624621783
750459,0.005685842531461743
269050,0.0036394193800203278
183525,0.007772116204548956
958158,0.05329989159403537
683262,0.009060423598620724
416232,0.006297310340808893
907025,0.0038500949357084912
641304,0.01389687113676161
775345,0.0188967421888269
647967,0.004562634975111029
504186,0.012139984159075632
309434,0.0020540118478149117
446139,0.007006166576857973
933492,0.003594083256859017
454386,0.0050901046198049155
322139,0.007355789956010267
135089,0.0166859114583896
997916,0.001836646601580323
576445,0.11194738144664068
320657,0.008368120699412123
353887,0.007375994131569417
658637,0.011772192256408286
668769,0.03882935407330392
784657,0.0025175608431318437
268645,0.004330534170862397
394649,0.0210613750088162
320412,0.01589806020063231
383958,0.003879411986620679
558095,0.006369449313114506
929041,0.005247055082477025
370537,0.139643580781467
235366,0.010297144335023488
311546,0.025888312719359832
989654,0.0041323295883987764
145970,0.07983305153464366
996706,0.02067988745203078
288050,0.011869737657904129
107237,0.014510157055231766
595018,0.003928329274808591
439134,0.15291988395214112
904342,0.004929153170882873
667606,0.048594368776764145
106597,0.003036994020035225
621171,0.02870196467550466
346267,0.05414830656947545
606106,0.002451733883841835
109376,0.009639333068646002
873641,0.005349911913231721
577015,0.005563068687037592
812810,0.00379234864632515
370319,0.0036529461394674426
988993,0.014787953719689191
210566,0.013154308131824206
778963,0.004633115910055941
793636,0.06342191887095837
285927,0.018828534221643586
138925,0.0022605026019619215
355981,0.09979551942857644
879466,0.09579772060109444
386286,0.01173403654945194
275878,0.012603300142076352
372282,0.008976798027620124
111859,0.016964242032465725
808743,0.01243980806551369
245790,0.002762192270478263
292568,0.08312682844193744
150191,0.00293225900167557
430913,0.0303210665589686
834277,0.01145684321288871
691118,0.0042905767689257425
628050,0.04578626010527264
738346,0.0039901248454752855
940843,0.027251072221158055
885810,0.0318897265324497
739506,0.01810487144632229
225788,0.00479573523681469
190135,0.005172576206984176
951239,0.0038118342207826457
901967,0.00971622541617422
159039,0.028102470998225566
517426,0.01208121040839027
254645,0.004503709765139274
416802,0.005949226524186238
863788,0.005356980715796082
396943,0.05049553883223708
790436,0.005074051521919323
434266,0.040343911069388616
847722,0.002747290719421028
143434,0.013252332555837243
634060,0.04120469412075741
739811,0.014796561864996843
891391,0.0033545421316836317
918934,0.006075959942516873
602978,0.016070461983168968
295568,0.006850904776118144
247332,0.005494523195312629
561489,0.007293524719371145
918000,0.021821463123679035
499831,0.005555892898478398
977854,0.005978881677776453
807205,0.0035460936942580882
463137,0.014409864718306034
807979,0.12033167496380036
418932,0.0677561236465953
887994,0.010484757726749875
916809,0.0075847013479172515
631198,0.03318404563990567
382992,0.023279630943618096
414864,0.010973671576371481
368310,0.006979431295595862
734922,0.08555540515816301
917029,0.00913675142036217
312258,0.019571249546887024
357258,0.014707114014204624
301446,0.09395634228982037
972648,0.004414662565037948
528534,0.003052585900363332
353440,0.004960221748577889
440247,0.011251115348507434
684385,0.004313510165842929
592883,0.045557454252876536
306834,0.016989025321537815
942319,0.030347911878237536
288849,0.005263687908902366
825364,0.005049895540144689
980569,0.005156998764424001
521565,0.012557053989023306
342168,0.13468406214652406
226998,0.015197891889735424
741957,0.005709379515960435
760253,0.030902271167337934
674966,0.04869040141955634
483296,0.0059241276195459965
141654,0.0034768139584940446
298388,0.02614572411093034
595242,0.006442499785819253
259872,0.02266301307559486
522233,0.13304873817620474
505179,0.017688077040474936
229887,0.039248861855457284
112130,0.015884872031599852
920115,0.034133868599536016
981338,0.0032766626812918915
813991,0.010062429560336594
568667,0.0027579829161087466
660902,0.007535923565431163
633943,0.06676509244484385
403438,0.021214695393535904
369429,0.01191678160825162
223224,0.02562271271470071
711942,0.1100992145826219
686817,0.009941223752796024
773226,0.012934304456323806
354644,0.007888057581380066
971579,0.013204311494750664
864676,0.03762721530142848
774111,0.0377480666358412
789065,0.02174627525512286
895092,0.01155784360231102
400152,0.020658464511868004
833017,0.13682447982414891
133012,0.007527668640035699
488108,0.008433828652046118
234206,0.14091916216702663
680713,0.014882557056013542
963344,0.0026475535816235752
202126,0.010238166355279523
757579,0.006629963471522851
553465,0.04299219938699752
412381,0.010371073328003117
989603,0.008838080941658959
734066,0.004161711346624242
766616,0.004163520435460615
267806,0.01124601863941453
541971,0.003163902199289132
704197,0.025032277321742513
582997,0.24324532706719526
721619,0.010415124684029888
975741,0.004786779758295718
721499,0.010897454179033773
177501,0.010076341532237566
389184,0.0134818313977633
262765,0.009946678160887684
242638,0.005284326018268914
989619,0.0075015907194222586
846419,0.026265974563453108
576966,0.036346914086628955
213157,0.033204584703321736
461207,0.006958233836020649
966281,0.01705283111166403
925460,0.009288119481961116
899024,0.0045478624158547835
502726,0.004206913145146416
616370,0.0136788499462523
866502,0.00457406284112023
271676,0.08251985126852805
575318,0.004116717322515429
646250,0.005823838307011033
733424,0.005949896321462234
319123,0.013540644726531144
460435,0.003346733153160201
525594,0.005280268258098749
712668,0.00926096683223559
194983,0.011918382334200856
653642,0.030707076353388194
212770,0.013134901397746633
212048,0.007274246342527229
804767,0.009083304792129687
533269,0.005333166055342646
468134,0.09010851596550047
575044,0.020960411561759127
220962,0.03913363375614743
889772,0.004432959154411637
338212,0.01411473026913871
755561,0.023027656955088707
269506,0.03326264761517897
242298,0.006890287424875293
712273,0.12581202583250123
694709,0.004371637338248011
582745,0.05757085848692404
330685,0.03443863655877346
341947,0.0042221627075454335
124769,0.025769325600681448
458043,0.030735575298154245
404996,0.005860042836003653
680043,0.012890680332833306
591819,0.10122525341231892
388547,0.015082914813392051
977227,0.011001969601132467
291446,0.002512212894097001
360810,0.022240219526035245
623836,0.02581135476815155
669536,0.009114051965225259
348170,0.03910961730925259
102955,0.03682622314616456
395114,0.004860036617296175
517430,0.016137665470073035
551791,0.006240973554570095
448636,0.006111828698803507
217254,0.03256547148150479
651138,0.007375041046109489
483821,0.01941181014064422
774078,0.1327413985896057
108015,0.004881539369703336
216461,0.026695286910741578
829261,0.0056541556026798055
529738,0.010271619437344474
281515,0.006069491628290269
874040,0.005515015144855624
277735,0.03701690122037071
784588,0.018378577235436643
306036,0.004445383772823682
894383,0.027312568606899564
628917,0.012505389069477776
441694,0.02611048051702063
446581,0.01601563028745906
888283,0.02242562801260158
187352,0.012141233014336587
749707,0.025533226837776125
935244,0.005502200656993357
692946,0.004477659080716136
206481,0.07707188331775208
430258,0.12634204387814701
223901,0.007929883876614368
863605,0.009520035324064055
755982,0.03475315751254418
883617,0.006286746706149095
921433,0.011528504533760394
424544,0.010993715674492751
820905,0.0031359026033378904
775933,0.13488491695750404
157517,0.04501110981200805
677721,0.005689135631093483
317025,0.010818705540019718
251416,0.012370601220790891
314141,0.0027248517953140424
672172,0.03893515021486536
836403,0.00806646506104531
483669,0.011207617608367125
370054,0.07635706585690075
803954,0.09887783263190025
324133,0.026799847213174903
236033,0.024985780603451264
275017,0.02613607707416575
903520,0.021764043458158657
311298,0.004838388530551612
930468,0.013782484688413506
270426,0.02362129907793408
255049,0.014941560494214582
726942,0.01427769346464665
144477,0.012191947559379053
412191,0.04505838496675744
605294,0.00676642655117135
761465,0.0110396309803234
847374,0.013142973987946576
266733,0.038042106547803246
618964,0.019273679694122272
523952,0.012829628797413863
206628,0.019719392977928712
966187,0.006522049205519892
229627,0.008123981277878995
201089,0.0027440651556057648
325825,0.005098023179999369
658836,0.004463066476917637
819092,0.05262099171352785
210415,0.003128098695498519
961415,0.011172977876892242
574598,0.0024428058918123676
729339,0.013624696123718248
751402,0.01932672069889284
434377,0.005393814203870609
383175,0.028634248588780425
538362,0.008127645734674126
598814,0.00557169594896735
955948,0.01602324479353056
909120,0.004627149723452374
698544,0.0035690736266613147
969645,0.0027519983039314758
101410,0.03277208784534085
744124,0.012099261626260146
837685,0.038554071217375745
872641,0.0056693422817597735
218418,0.0019645187083184835
775894,0.0897363156867266
530627,0.01105562099477077
987830,0.008445227461901367
130496,0.006774596113044003
960589,0.027062362046155045
497945,0.03775186435373245
172959,0.006821203885692042
174644,0.003688125887688652
991627,0.007563440939544167
613413,0.003956531842895356
315968,0.02008209835834502
800300,0.005815694978981015
974104,0.03937356039312318
313717,0.005266199869264824
468950,0.0025410134649091008
461346,0.07403400379467816
955988,0.006229126701627403
689979,0.006345908547666188
651563,0.07115946234820617
129665,0.003006453180509303
249387,0.027415582996605875
510271,0.003107545438639539
526505,0.004824009863898141
761846,0.005311009577325323
504071,0.012544532739109562
805309,0.01912550900028482
887721,0.007689144209571756
759272,0.0067952471366090885
908587,0.009347480737493065
362252,0.0023645179722755843
100118,0.003134167006220256
125366,0.00596886019776182
107066,0.01728882585938857
690107,0.056368830060739596
716549,0.01339806906938502
799048,0.0043116363517809045
271441,0.006807565292556786
195745,0.013133748692809817
582912,0.0040566518093211965
992192,0.0050577038855246365
989552,0.014237142774043726
162055,0.010441258873256087
145334,0.005647924717727666
451716,0.00418797149095404
472970,0.0045617795850294044
308561,0.0028342063284436166
335168,0.007672365380593066
107490,0.05550157188059562
839190,0.08397280245342488
372782,0.025460601373524152
636560,0.02823612947582407
471559,0.009354081171713413
954068,0.013529350734948877
120211,0.014225258746367958
495119,0.03880138924671558
328174,0.04800070604186166
558010,0.006345908547666188
129518,0.015055913701612599
998455,0.029901507950557495
577659,0.10788493687339266
839053,0.002448028615823881
303619,0.026473126158957094
298256,0.009428650633477765
752486,0.009288959081807175
727568,0.0031597531378262877
445190,0.013320326076607793
155887,0.006617878355375778
108686,0.010741494019973685
986562,0.08876365053504433
591210,0.00753225919737063
739284,0.0031668768546784997
291866,0.0042317991084817146
588350,0.00511307987011639
581746,0.05510620986218768
696654,0.06328343445477201
673161,0.006543243916537116
355222,0.002583347930467333
686056,0.01788814893821328
897195,0.006373676039563349
241971,0.005938996711573014
709646,0.007135284846056796
161486,0.006778291363898961
450941,0.003103587597641444
784918,0.011055704784335029
675979,0.006123422833719825
671279,0.007119639804369511
937919,0.00669290755804884
958254,0.004861170485316756
548492,0.05134133132856367
977686,0.0034432817311468313
163886,0.048973982125993396
252787,0.006644083970965361
127951,0.005272987137607615
641138,0.053724790288446865
874698,0.006013879397345544
578292,0.003649597379845209
311873,0.006768738384372298
431255,0.009005726265312281
182227,0.012948189942300504
817459,0.010057643395795155
341872,0.1025695908925312
781296,0.014758706682098586
941975,0.023466516442903672
603913,0.030118501132454633
833951,0.005663331082587449
741399,0.00964287228679009
777413,0.07269202002555825
877206,0.005765370919504208
691546,0.009639117910124818
285498,0.04081074911347981
934026,0.007212362282697487
247058,0.04141914429651551
806536,0.004634290244778898
607736,0.007028241467059766
828688,0.002545984150434528
558017,0.028779641516414666
192645,0.025758598906453472
830962,0.0119948253329939
377623,0.00775082586690884
572695,0.015012541793301252
256990,0.019605568220248722
570983,0.0017310747094537325
410355,0.024665303547225136
828365,0.06581520068601013
389167,0.004175300695022908
164859,0.02557272451608939
247940,0.012328128592069788
403991,0.07195403871951665
260867,0.002792212957560984
551705,0.007331778765155645
727365,0.09642041080673089
742828,0.007014830385361485
799160,0.07114449187443361
863214,0.007226536615461821
294005,0.014166698715075844
709402,0.0069905869595889595
661888,0.010437212589975821
207243,0.006939603020778233
741553,0.004478322631216745
263279,0.006445858366061304
319108,0.0065903777135254485
150996,0.1322711852201683
464997,0.00443834461578174
151388,0.003598435130425529
201490,0.007344782678508536
944130,0.005082012358609432
515748,0.01776139110559975
192954,0.005248633490891129
532629,0.01037720554827444
261127,0.015682085721226233
631931,0.006254531955623113
414244,0.0186433843718005
939026,0.029710265341382203
190711,0.002643529055869109
625537,0.006920280245480429
197125,0.003476837195593742
864161,0.004282763651053182
325313,0.028882245617129248
937114,0.009016727493031089
432206,0.028330605888762687
543828,0.013041337086429608
807230,0.0034678385647003026
675244,0.055983332064104094
805468,0.0162111084161048
945850,0.0062120190152195436
657253,0.007174840655771542
717850,0.0034923172173469165
146746,0.002413371002985249
872864,0.042582762823370805
640010,0.01008361153888112
687547,0.01290889910133026
870359,0.035711005999971436
767167,0.004964967765963453
779068,0.10712239922154462
206753,0.004907538345033662
648305,0.02176835902251257
871510,0.002439668155365082
495872,0.005819849858251932
503206,0.037229893443134154
801773,0.0037531277947886
681658,0.019084075640677815
450156,0.01151762814051733
129398,0.012140226951360328
305795,0.010905462280234412
567384,0.006915545811170625
387523,0.023593316399356648
710370,0.008701291587362695
228717,0.01972270861558476
684392,0.024551265674151748
538741,0.002864194651230322
362453,0.017727250899902743
818637,0.033458704822156814
295932,0.030587751618993325
948731,0.029947906696879616
736898,0.003496970973283535
808623,0.038842869839273125
411568,0.017493337966498733
299832,0.004473388966739459
252503,0.006559967690871309
726981,0.003003280285622812
648916,0.018128194014886672
578750,0.004672456411471266
406968,0.009750822570247859
474011,0.0206672939683012
149615,0.09070329306591987
383544,0.006240531459352129
935081,0.016379053959356873
795212,0.003526119469985484
666755,0.00427748684141628
403824,0.0030617508777883344
148743,0.005554991809938069
140649,0.01855484184215832
808005,0.004814819406488527
353063,0.029642772686462905
865779,0.006592827004751866
305642,0.6233587326765352
215804,0.0034245623390680266
160677,0.00601387574824068
230775,0.01194283414646122
436341,0.001698890768485792
850678,0.08524750880336109
485714,0.008008415237807492
175129,0.010999505563024004
653512,0.013548212752674182
531172,0.008528789114005833
860193,0.004391083618518792
701632,0.0947539813333257
976883,0.01569830523951996
218667,0.002785993497152515
502707,0.0050582964268918885
173502,0.0037397922584231917
164881,0.022984934760427105
687442,0.03068811622990317
850220,0.014509183783425507
471566,0.03453627196953501
910451,0.0073288403887038596
314456,0.06612147035394546
139654,0.004440466975813578
810459,0.008844685699668694
974882,0.09355295687344849
275920,0.004238943118775765
697805,0.0031258585838021213
975485,0.0045393578380778215
595420,0.007097110302759757
962646,0.007116393760612041
425020,0.004034850909152645
975581,0.0048610464451711135
437211,0.016866729910526918
489437,0.005485399532310811
957537,0.004553391839360828
144975,0.01017675213683795
652617,0.005381134894875033
438490,0.026135059227589717
766002,0.04944247480748136
758654,0.015940070650996552
391144,0.026854801084150216
949225,0.008724940019554749
559915,0.01852956647723573
443124,0.009183562367167558
524447,0.006403919922225044
815606,0.06173992218407894
137337,0.009232861531060297
414905,0.018685531465847987
846290,0.004287250480860639
198849,0.1227610371377832
491947,0.017396217418990514
615109,0.007494936287191802
911305,0.0077631259938145325
737003,0.039322509535156536
869453,0.006788458255676562
348639,0.03860190743229566
595076,0.007737600097789553
271370,0.0037322240994521047
217692,0.010602786713596888
836508,0.012687544122643897
215459,0.00721176809619188
906779,0.014341856841670907
987920,0.007146487522686925
484376,0.004634511020883691
969996,0.03090418640604713
931897,0.006152787733250444
116216,0.13453383574643102
428729,0.012434958932197817
319135,0.019518727910766254
563476,0.0067162584743603974
104055,0.002732106684710352
385378,0.007458965599501994
531492,0.026522508633759597
651489,0.0039750032078140415
304193,0.0067315718246880665
493179,0.00474175637459047
822149,0.009375736671516578
881825,0.013860754931862857
284860,0.016497362571223032
417199,0.0023300157916594138
167720,0.017106544836031634
643015,0.004173755558744747
183425,0.015299369840233381
247447,0.011653770761481936
603921,0.012295515744529785
395587,0.046807753276797114
719735,0.02232024967395416
992873,0.0072952134411731675
188934,0.004905983130470115
380264,0.0036630678054881127
164341,0.018164516191463274
180392,0.03752323192695032
311492,0.010724473090364063
942880,0.021404130336832097
216713,0.010380032891356205
554440,0.021310635250072388
777177,0.10931254381536921
328483,0.010713486327685585
746312,0.008360169619473327
431232,0.004432959154411637
445922,0.00332043011129622
698120,0.0195547957063004
637528,0.006402898981524333
386137,0.03461674684303848
184575,0.018134060419675004
116221,0.0033457050984321297
349259,0.012681684165329015
941685,0.005614446869339829
413807,0.004174402241553246
831017,0.10581747330384085
765582,0.005821121238427223
344284,0.020627487334080995
700917,0.008553575626743543
572259,0.003988679905527292
619134,0.03270538793198956
914688,0.05631397786117429
199784,0.018654046707908038
983392,0.01232839480118421
256084,0.022448871661349134
724743,0.03902807175517757
667063,0.0079559015782932
780386,0.01269752819749621
677659,0.007773159116445943
175457,0.011679790116493434
877664,0.0053118030801897476
644189,0.006919097810212203
420476,0.01392429600899737
528700,0.020861389120271225
534416,0.0041984318285356445
351389,0.004617754111585505
121042,0.00856351838504275
395209,0.021842970076010326
500878,0.02455456062840933
783870,0.027442415435505473
662822,0.04873237094146401
153564,0.0021614524827746197
336142,0.0011729692057252214
589748,0.011170892541255507
691917,0.028720066030697856
430132,0.021311386171299615
746359,0.00306043815894258
852383,0.005019755225254902
771297,0.01756775560529329
762741,0.08363722545110829
893315,0.0117775240424033
842003,0.012605112973553254
964690,0.015753669269393495
721942,0.016021002703469345
506632,0.013366272812280987
953755,0.03321998576764865
705477,0.0030037387496252665
321102,0.006656268290429802
288384,0.02139413371387032
707534,0.004567125798003251
965242,0.0207333743677359
187915,0.019145177755599464
694156,0.012677454372426579
194576,0.014840573117916213
847605,0.029875532244981014
124647,0.043977294557343366
359081,0.0035494032804568643
882070,0.005415540516550932
961821,0.07659635014362187
987356,0.012111047847249022
959693,0.004479095571982958
178005,0.030009689581546664
914993,0.00824085095408269
975266,0.0025182756172472003
208347,0.003868176130660048
536791,0.003733656016792074
313171,0.0034851355859712003
118206,0.014433449881878481
895589,0.003310323658464584
550425,0.012724658757796754
712882,0.0049249850859919885
908138,0.04439426731531871
325144,0.06578897467472539
950177,0.00695127779286398
451223,0.017141447051749657
824729,0.011978638416437919
777159,0.11796378354054056
765549,0.006389795715106667
817314,0.09828745758836856
342994,0.004210228732861741
939034,0.003377440511651252
391873,0.0037544418883314664
644602,0.010442180850339922
468002,0.01588868175829719
668597,0.03642179876512116
326114,0.03559759429431101
249362,0.16735554316165974
533312,0.010672950538007679
834646,0.0040901599169932395
957603,0.034079599413287524
895891,0.004889334617545281
618688,0.06314613045911643
727665,0.002673188185242605
796314,0.014970412243792903
155575,0.06659461973871754
275903,0.0030812170896373646
656073,0.003009681712637346
319901,0.010013580673172106
869239,0.03286555503226899
814210,0.041802761117858696
237576,0.023396279545168826
628765,0.006500799120014313
837266,0.009651843312874452
164752,0.0017208594791127622
339046,0.008490188755912311
495630,0.01741286447066665
758878,0.0027856850022756237
114088,0.03819244980301357
183342,0.007126719946214264
471552,0.018819098833413855
138992,0.06544071888388417
418199,0.007097988649265166
376207,0.0068872000682274285
904001,0.0076030126792232325
608444,0.02087330445168883
885033,0.005748633490844966
219544,0.0063186346416081425
512851,0.014366382548403833
936552,0.04287929085368812
109316,0.011736377863366407
919504,0.02928188726984122
365113,0.06947968780867542
728085,0.006706133370310416
140038,0.03738616066661594
606632,0.019653606807378793
878765,0.03265760169663743
360015,0.012979720062132698
947406,0.007458024983708604
871174,0.0034357801313998995
635383,0.01831951146066304
642602,0.016282060906441697
999999,0.00490986142791966
241153,0.0023063206428379102
953006,0.0026133683267566122
900021,0.0033111651239770817
613159,0.002579329945098037
352540,0.10401936918630826
837246,0.0055022708701760025
500693,0.010976544977000527
170093,0.013102606078932703
690815,0.0033850198469309563
353018,0.017749058870566024
395073,0.00875627487916819
781146,0.0028307412800665658
480605,0.004050296060871236
175787,0.0049274036953567135
781974,0.00867117792609049
689192,0.00687836478677399
426627,0.018371405524466273
515653,0.006096241105289024
463693,0.022553516416721986
763068,0.014680746787608941
902604,0.0030575002451182502
550008,0.004193338043906262
783988,0.006501353909969946
963646,0.005842536854004924
948823,0.00969129241033339
243559,0.03852033108989655
171106,0.004802678693992823
895326,0.005614796751064688
744144,0.015072894093258642
557487,0.020861833220650577
996961,0.007284925210329235
820531,0.019865688073323975
613724,0.005360684720782137
989710,0.07180267007357886
902061,0.09501242797652652
712800,0.009017553801235732
867702,0.014833585032080899
946085,0.06195953573153467
537340,0.0036683964986368757
759160,0.044654976467681406
671737,0.007335322898850607
678733,0.01380574673799068
206240,0.012247409027096975
173770,0.04686754135482239
954924,0.04293325698565529
473690,0.008066618124247244
921519,0.010349795340103064
194266,0.004102050138848171
559229,0.011226219198511373
378917,0.046400627257469705
863562,0.026092438288687347
764339,0.015224258935962742
908333,0.015946954080951502
699705,0.007035756917272026
762951,0.004589568929212584
365872,0.027650378124602824
475656,0.024458835780220428
400910,0.016630318268041736
826781,0.04905161680309282
328980,0.02423685022379715
385937,0.018580394502291684
199194,0.0332284322536359
147537,0.027240968873148058
175283,0.0265806221596304
541790,0.010620959950760962
807437,0.013357668293701865
926686,0.022631070676071993
520789,0.006139630077896298
964348,0.013878119139371738
542399,0.014552281459005873
199922,0.01603949189921443
971000,0.0020864519871348513
562656,0.011723013637610614
192009,0.01681890853952443
224462,0.0878325215813444
743789,0.029992662611210263
915554,0.0048236755066759255
425141,0.014977853009385578
293488,0.0037065860775074605
610164,0.024477579104478852
331968,0.010280986853481994
110346,0.01187581998241542
522857,0.008549449357996666
800859,0.01673489206320496
849930,0.004597538047461561
479886,0.026257048596076527
234243,0.01903969360572827
929737,0.006548843163046535
444219,0.00460670839299384
857916,0.03481676471636075
398225,0.004259919699306077
283333,0.04047243291542336
878738,0.024982055025134065
782930,0.015952090007739776
287479,0.004426095386302468
588052,0.0023670459071910635
716879,0.005917283152873969
329571,0.006969380492402637
481745,0.004715454576275397
777236,0.02142371009105625
897605,0.006608934257461488
276365,0.0212197320337022
400999,0.007850266194488718
595022,0.0163552356320983
680068,0.0030552343690899526
604759,0.0067461713284973366
428918,0.003393472540393004
901886,0.10019044845046804
999246,0.010604554321805173
477097,0.04301054196983541
217858,0.029330978182987265
696867,0.034242763684718354
269639,0.003934810141715613
553121,0.008667350385342314
870673,0.0035214209009336184
517788,0.01586203293092845
547325,0.004688336354723879
505815,0.016208454314230007
215551,0.0032105661490988086
625868,0.00436965128487438
481631,0.011732905233825764
789763,0.053957881273732675
154605,0.008840818792548654
812316,0.012175375448098689
598327,0.012064674374202559
587186,0.007004053093036811
841145,0.0026828059495628965
832984,0.0358397475762756
389108,0.05815977848671462
146920,0.014658584147746774
694037,0.029047414002518066
292779,0.010161128220508082
385275,0.005546896763070298
844779,0.006900741240069198
187846,0.006898360399539663
607907,0.01008377959738965
599961,0.012102670857205967
394223,0.005415753528660509
117657,0.03526417224041749
222190,0.03459493929832968
273100,0.03208651472174299
735103,0.006402396402024323
771838,0.004274497918803415
892190,0.019441721547815646
654700,0.09920700255709072
232293,0.002999411671780289
501972,0.013159046016014692
917147,0.005933644132548852
347503,0.02181666164777561
467263,0.005779758956577443
256349,0.004008755247407852
274611,0.007394744637012033
897676,0.06131516217053053
169013,0.01873596353657001
146490,0.009429317187815867
209594,0.0014500806316376925
932317,0.003283765686645398
713335,0.005263389657894746
527625,0.060544767831731586
203677,0.01052464916771329
810911,0.010157941062425211
682675,0.012327221601915116
356150,0.010943685567491063
212222,0.009502211730924559
884686,0.005628607108747044
849748,0.006099774417338626
645051,0.062325839068576416
822284,0.01083933878600169
270161,0.016082240514480095
369144,0.08069975041710231
987669,0.01737201595658849
563572,0.005231853507661397
431914,0.004380053451844912
672468,0.0042736360318052485
156861,0.005341424489741991
392408,0.06562900357978296
140223,0.005217824329577717
577451,0.03146365652756087
822645,0.007518069047278479
706199,0.007962305899199393
130617,0.007491274865404363
497268,0.019023408023048326
171611,0.003882213394159028
267138,0.004444468355539255
192877,0.017346917287334465
944871,0.006815381219387911
790816,0.0020052109627613736
224060,0.07630300617196045
482097,0.0346111025550491
118991,0.042892914614129335
839835,0.010613919380674384
603964,0.005659385115187083
105210,0.0019627287406982497
250544,0.013147008129155908
973513,0.01995372742303601
972821,0.008955591406062524
743130,0.026945611348885755
260011,0.03964628574032843
494542,0.0029106668577896103
598143,0.00396826780253868
701987,0.009954011651162772
866255,0.029917591691479097
113875,0.01472118379227595
409547,0.008707012610111918
314347,0.012045397925792308
300289,0.009802211379377096
474975,0.046320066805849505
956399,0.07566429284789371
645447,0.002570018748734802
342841,0.0035176394479361486
876922,0.008030818863238247
300876,0.009378304255469545
499686,0.010220660580195266
191191,0.001954571174800919
880140,0.009118213078617578
158707,0.01811348556451511
354381,0.0026263912783047387
385321,0.01100127616472998
772456,0.0043482862204700075
411743,0.00758134081828145
355807,0.010509134196600982
806843,0.007830398522854571
517209,0.06149840812831272
413011,0.011941782660789246
294451,0.005838427347716767
492454,0.015236217412021474
683194,0.015997289297816183
400694,0.005462250572986373
863906,0.018782075138273565
575298,0.01586813653962262
488914,0.00851518452252464
849314,0.006352678378490965
572323,0.0045649620311251915
724030,0.008783213934292957
314492,0.019320925518547638
791468,0.004133633844050031
133982,0.005742131411282717
168736,0.003095923334277424
675445,0.012737551767960043
859408,0.005983893055359545
973595,0.006452121009034976
417593,0.0033335379920156043
582290,0.1500488737869703
420266,0.005495011777657644
154439,0.0068295846539750986
867951,0.006171992217233983
289659,0.0036985308112334084
630158,0.014116826437820503
501101,0.005830758203671389
864891,0.008976718309889487
107926,0.007722276904482682
375306,0.013949010551850839
826500,0.26077547185794364
507494,0.008804760659596038
538780,0.0026998235411668445
996766,0.006339186697337259
449450,0.012177055805940147
694423,0.022707219161403162
972049,0.0074724948829178375
433408,0.0024191375388379387
658374,0.005091869647925365
211912,0.02625310851107944
652053,0.05108332441889042
229294,0.012300495580924883
181798,0.09104895947604223
862280,0.0034137260753013005
835351,0.0035620857860049334
844534,0.02760388478216653
190122,0.0028420141972868257
295709,0.006764454742290299
395192,0.004942707502862056
445598,0.022046301674230634
691781,0.004202628872959935
728468,0.0034527402541046494
252223,0.027597246191621485
493453,0.0058186791428019415
920942,0.011529336933721851
217715,0.006368627022123804
762352,0.013413090497365587
294070,0.1191219230059425
344471,0.05567538528932483
641544,0.11464015220881475
537131,0.008281485372527767
751824,0.006795001113119781
549860,0.0033114545126429248
913940,0.017077826991598093
849048,0.003633620713139606
319276,0.012039007907221675
124339,0.01283429921658331
392135,0.0034044687637166805
875914,0.005567044356823485
290261,0.007595725957344438
820304,0.006807955900332799
615601,0.03393384097746082
611317,0.009406114525453492
335764,0.02339976447329065
316394,0.05178270515170772
595015,0.00956926928768524
760388,0.015155707841725244
758240,0.12663473400219918
231959,0.012250058381505578
585221,0.0040520742789945646
989389,0.005470762343518384
230958,0.007171159003374435
494736,0.009297864977415145
332925,0.01667027112358843
210386,0.007572293781212458
775340,0.041090044966717046
443991,0.02493556014632081
195463,0.011512775636159224
776560,0.016717975137498557
474156,0.0036622322923584865
342186,0.008535800146668692
543536,0.006533850553747869
526520,0.0036196955947249906
590201,0.007028793914029195
841140,0.010812423498931852
305764,0.006602088508058474
670881,0.022796534001430696
287841,0.00329363643705161
671676,0.005136145959323539
254618,0.0033714582915900485
211956,0.00532876227643604
395410,0.01454109712842138
161801,0.16928505981765912
193055,0.018406636629053126
290101,0.011685192607072044
588649,0.009827811559909761
333404,0.004677619387958257
169912,0.012035563864227607
638948,0.015617242020439482
365467,0.02089037341123165
476567,0.004390764821089775
390881,0.011056488023716305
333950,0.05840418150858834
856790,0.00645622918247451
146892,0.01643153125888566
418045,0.0029566180483522587
118407,0.0019550606142191987
179164,0.013216400810449662
634819,0.008584940157003396
630352,0.02204404869134964
193820,0.0035160084586247013
554683,0.017547435294097427
669717,0.022684507983362454
765032,0.010271400738499662
955038,0.012279540756231309
480320,0.02208783466410784
161540,0.016660322121774745
542498,0.09921214766651522
780324,0.05915353616272893
752100,0.01146040690355566
252750,0.004175567774403914
716456,0.006091669345469491
323780,0.014385243559636522
783392,0.011989566183528413
673084,0.018866899887847965
671993,0.012283244584876975
299894,0.038641196345975105
339611,0.17390009332183742
395095,0.00925976011600798
909766,0.052854100933053746
306178,0.0025449553217261386
859222,0.0075207793294777454
749495,0.0035944936760459547
451277,0.03326170805073657
160736,0.010772732341103694
502630,0.01736970517373084
428800,0.013574129744464957
747692,0.01198520259144773
630024,0.00857110948025156
291188,0.013545732622255268
169271,0.013285154254541673
221328,0.00933416076994269
293342,0.03267621640957216
720493,0.006719836429436234
885247,0.033812815479580496
410176,0.007223085443512777
229549,0.0039438845074210235
160141,0.008374619503847977
232469,0.004047155954173323
615233,0.006942965337691592
198489,0.016504856142443514
961517,0.0067921467317334115
839266,0.0041736431638283965
268360,0.01711849283372813
900539,0.00478623810039534
307968,0.02114571204185506
101787,0.001984172427535778
151322,0.005841547814113149
499348,0.013751166694683356
445363,0.002823985207922803
209979,0.014417306039569457
340369,0.0077190435967247695
415299,0.016580347240853412
107665,0.014524549891893933
653958,0.012743203968869184
414169,0.002872907278219677
380800,0.034363439121060504
560287,0.020970477929707857
530314,0.01495480437001426
563057,0.002868365798294531
734460,0.012010267467121674
772973,0.0070808451841060235
487066,0.005543130235669474
480653,0.046823033615497306
307123,0.016488909116245256
593972,0.016148485065106133
842389,0.02480028977167246
972410,0.010451944923555062
587104,0.013153735300655377
868046,0.005843467848829378
864536,0.015552498432930738
649926,0.0038421227845264
758156,0.008326990227967089
233807,0.018331316264261797
801363,0.004768374727341316
389129,0.014293976025809445
226952,0.0038557770866612193
445414,0.005840978966683348
361875,0.020327424945242853
671318,0.006354363468680012
748643,0.023774031860216017
513720,0.009532302143600938
364929,0.0096904510630893
204799,0.007191177803541649
417336,0.010491542749864467
699325,0.004415257999307644
707803,0.021650824770861655
730653,0.0202073303033256
377452,0.019155504812723007
771714,0.03715926150242974
258118,0.011837045993869326
516289,0.0494615110529839
133238,0.0063070222187785185
985480,0.008458819176120133
422128,0.012712733797993812
722669,0.002334480733880249
594784,0.020757589168856085
435226,0.06935143595310704
414736,0.004554852686509361
784159,0.03605742932372093
470586,0.03730688138277315
129603,0.0048021767117771555
842629,0.023174458944325158
793077,0.004139801357935854
151763,0.00795792155060049
655686,0.01175110682337249
635350,0.004239119987656142
515676,0.0033261781285823695
107525,0.007761682048791438
544845,0.011981070132399853
996343,0.015456789391659748
988693,0.008011627118729015
211921,0.009274891877659907
705427,0.018540283997385085
788565,0.03088909647160678
622294,0.008093014598912625
838148,0.02315377980591034
295522,0.01041484825909664
697432,0.022743066649292258
697553,0.00533569207530176
866288,0.019629952940252285
690989,0.0038173992049330492
521696,0.005506591925084908
155085,0.0036447122252134686
376827,0.01038899403854494
749194,0.01617877167991705
445481,0.014208810704925813
676202,0.025315948493025767
623345,0.0048555829104618324
802108,0.007813156478113738
104734,0.039057984086106806
331485,0.01761781313160065
690868,0.00804228512185095
372160,0.07122650648279436
379143,0.005329491547933666
204131,0.03229512714605732
605097,0.004432959154411637
281961,0.012181098358653353
461019,0.017702634482002922
367922,0.002099502696796287
363731,0.004540505791519011
368527,0.033629779229203044
854344,0.00463570672701976
838031,0.008163238184659295
802280,0.027901656313156883
871754,0.28840274659226595
809363,0.0024351446255700343
304062,0.008014944680814436
459193,0.01571292898767189
460534,0.018921325862784
426243,0.014781195865932281
387757,0.008056344190488183
721965,0.013630160987394958
523386,0.008614002567348835
567799,0.015417314639546636
526575,0.010013533819925004
124439,0.002527731246727825
430294,0.012278677337807483
833732,0.0064707279590394675
366103,0.003297586716665779
403667,0.009683956939892876
130387,0.039266420322136876
603503,0.0034998986248635944
702714,0.01700273573515781
161138,0.0885667373659145
116946,0.004528300241010873
835954,0.01664029649241595
721505,0.003010990195375177
682923,0.006154019591845246
505845,0.01186831509135724
809043,0.007454776011195711
424837,0.017286804275693617
167612,0.005885901744666455
727108,0.0022704386103321005
370321,0.005329398604562017
938440,0.00207676373122047
515312,0.0050855030580072135
456936,0.0049725016246597335
347501,0.014008209724505586
914317,0.03334014423174786
916839,0.011202324533830322
698829,0.0025477629025048884
463974,0.011270805833537333
260321,0.005585179453973563
125820,0.0041485091629140545
173440,0.0021128029751593114
256771,0.06827813090931094
276119,0.01567537757564445
311725,0.016333088454899208
757343,0.003508306107513883
782417,0.011163833889988657
115665,0.02970327795582259
842190,0.02201940694838671
273694,0.03379870136842263
493002,0.10345286464677386
680841,0.019922196064919517
577391,0.007298332263346856
366534,0.006595893786246453
997343,0.012228553771341006
581913,0.004686483237816089
813788,0.010577475234079882
156136,0.03913148030340636
891882,0.06452524660291549
400598,0.025257613839250775
262219,0.016798614337372165
989207,0.006221202837270889
729844,0.03886942069329233
769452,0.005608857796651159
634982,0.004984301026538892
419714,0.00440928785785288
523613,0.031185009587168022
451604,0.010500031889577557
398057,0.038581330997716955
908844,0.025435164174232874
154662,0.03402564260851141
762129,0.006658535814443823
781169,0.028390424971233858
979866,0.004975648985974565
838608,0.005497574897626257
864622,0.003276897587618172
590341,0.008230241407539704
164820,0.001939554147373538
348394,0.005474367727346779
257363,0.010657200061498666
391431,0.011199177644665284
699573,0.007115729921675257
586620,0.009815047861140295
243014,0.008060755289053879
283795,0.0038222171222852975
337829,0.006210329642340781
336710,0.00422609071640729
739133,0.008694859963919407
644108,0.03397917117489681
752954,0.04088005006406054
580477,0.006934785258681699
194320,0.005277649753804765
609709,0.00528696776313961
593077,0.02426411495471947
626226,0.011875217384419642
548286,0.04052434317889612
677436,0.006246669173529989
850197,0.0446381323621414
343809,0.029580335634228693
738447,0.013491123747648485
143469,0.01619424056675472
181920,0.010160620113979859
872315,0.002711831790282467
526079,0.0441277524624821
693717,0.00439080567481546
676251,0.03161174133305743
730551,0.030059717014508755
290288,0.006843733035837268
932230,0.00460408984735745
915757,0.008459519290954254
588331,0.005586509939112895
259141,0.0070711653423026054
844384,0.006163599208995713
216587,0.005541668642106681
615710,0.008385380451417183
699655,0.03770031610401944
629043,0.012898828531675479
441863,0.00534345807741106
559200,0.04747182725396274
717995,0.012237286645804256
755883,0.02168969689518008
245610,0.003916782909614535
158516,0.004908063989833788
302247,0.004440466975813578
677488,0.025007250724825025
695318,0.04832015515661443
321083,0.03786682640222384
151921,0.010315048362621133
640250,0.012857110566485395
378452,0.010229353727602504
951002,0.023896404567293347
240142,0.010433632950605724
628439,0.024535492403814498
699200,0.007382133700837792
316276,0.008250539656455908
345701,0.011083200679539478
610243,0.01243680507383926
652667,0.00587953438959999
576293,0.006996994298668205
935034,0.003671423762155943
539483,0.006457999418157933
498220,0.021803791981453623
725630,0.0023814875571920536
890010,0.08711264325418754
315474,0.029293091546034992
810000,0.006678471921825458
644248,0.006907697944940738
945529,0.010994792573820081
997170,0.020465134356156867
285378,0.015806384728038827
869440,0.003357710821169042
375908,0.10016853220206187
441537,0.046405279192787315
935210,0.019763891437275825
925631,0.014401832741074982
712911,0.0064999343529855555
252009,0.03531628603140121
815111,0.00698382188577041
441950,0.04842826657500597
458951,0.008989006512331277
478108,0.008429673411146317
463345,0.01116119545992673
830317,0.008165638206123453
376235,0.005881731430463493
816262,0.028932195931779203
126709,0.008284075652998152
984259,0.00708809894404023
151342,0.0070045052545406
321855,0.006473277465832041
681940,0.012930518721941212
472939,0.02135359195426001
980259,0.014003870939330166
156599,0.008541665207789812
130279,0.07675740629327729
397381,0.0019724572729036736
688900,0.014700030030313881
956283,0.007763870268859815
851855,0.03724145113268678
757672,0.01470804504929484
615885,0.011122111117873312
281502,0.025682339420982407
425499,0.003849236471543701
163868,0.006507952659454114
726074,0.004501439209790897
216991,0.01327340977211603
173203,0.006039447613731824
173988,0.026981903362214125
209121,0.004283170430041886
205742,0.004071961659514417
691911,0.00547633555435262
862884,0.0024411686489349727
734613,0.010910962296013862
578811,0.019141645825690026
198857,0.006598563880771866
639451,0.03181281605717012
603419,0.017410399303320126
644779,0.09368468435047426
559178,0.006743024671732112
492148,0.022883870309029365
620779,0.0063539117199678885
573605,0.012679643258342784
717645,0.005713811154010699
483597,0.011936387945579992
430957,0.005267200085637906
777793,0.007434430523066285
980482,0.042876572061192886
361591,0.00540704338233519
282280,0.05295454756180644
474222,0.0035679323042379293
231162,0.015180050816886337
257690,0.007753764468895694
110979,0.0068634855399653475
945453,0.008081191669998069
846345,0.027643560973891527
763480,0.03436338116794091
416176,0.010754473622070859
642143,0.004907958402956291
533427,0.006529848717636056
311600,0.015876026679182316
751371,0.006636396899981471
635575,0.011794674012995752
915506,0.002337984067324713
590412,0.012737935937047966
583569,0.0047697543678635575
654617,0.016132524765783477
564472,0.0129092139549021
404213,0.007495021735074442
369611,0.00509579714433945
751220,0.005439259753968496
205784,0.012361920880109869
178734,0.0063658535737427455
818388,0.004440632033548961
342715,0.006325802828643787
866910,0.011159379754998472
191401,0.02271044887368518
344240,0.0048575938112281085
509232,0.005099451947411498
870582,0.08151468827853435
435790,0.025771889098311806
749725,0.04638290837080042
314444,0.0066590189356193685
700886,0.006617193939827265
673184,0.009706329716809913
271890,0.009586380515330504
353998,0.00929996801335082
578334,0.010554294519251488
826372,0.004710186674521083
116810,0.007257875736009766
600316,0.016562180699236963
234157,0.00326547449554347
438882,0.02162396813963307
588953,0.005180822758803161
199036,0.0076929608937507
495527,0.018709992733809945
281799,0.03918224138324408
242837,0.03909523638506389
415454,0.0024626433541499247
411853,0.04248861309492655
553235,0.016360749672947567
131720,0.0102775792256618
785873,0.004728620081412742
464900,0.039994380016802084
714638,0.052141012025339974
544679,0.00571960847401946
118925,0.09122124635910231
338784,0.004837006871050272
311184,0.004350085229201483
593781,0.005084713080570451
895971,0.01876738863155217
901694,0.008444582384755865
232238,0.006428964977613545
101882,0.018589255942501826
605514,0.0052410929487893936
709844,0.0032369878992681675
477157,0.007372524521120767
647383,0.009335499670071523
732059,0.007538087667284052
422356,0.006695215740893611
452604,0.005029728472770993
644503,0.017498027466586005
381342,0.008449184758165331
543883,0.0022947592349975504
361162,0.04848018174170712
416531,0.007618595229321033
215643,0.018590179559752094
460744,0.002227713052540326
633892,0.0071772178874361684
726002,0.004690334770559512
589396,0.01002372063950983
645082,0.005825904004781457
333669,0.004177563086372439
192491,0.004117499370459906
982389,0.002773245326064538
465914,0.01695392638463597
330303,0.08902855832956887
318900,0.0015016760824575228
892383,0.040590091985645185
844167,0.022036448056723522
524977,0.011323626179033052
950130,0.012064268251712479
404830,0.017708154936802365
184041,0.0034254854556042004
881612,0.025610327203357135
681232,0.09530620221326795
230654,0.007291158237488386
212382,0.005569020845997853
528807,0.0075082477330238205
157245,0.013738534048374131
962297,0.08358264182829384
488490,0.0163966630592504
618281,0.0408802019966944
595106,0.012170915999742895
589380,0.0064675973385239505
500630,0.0033967900615649574
281003,0.023776392217995632
724014,0.004116976377289553
656612,0.007254335714042561
560612,0.0019553557800227853
156183,0.008809318700074125
151802,0.013820819557539521
656432,0.0060702875962742936
165154,0.004907538345033662
220603,0.01658351913028779
610723,0.005757994703059342
329601,0.013577613808988006
592521,0.0024825273302844075
912795,0.0685938417882094
531089,0.004609466738175836
528232,0.0076879387614969185
803561,0.03595878788587819
148108,0.003347417394958847
615616,0.010316850758531892
263048,0.00737173001092422
589038,0.06890866965170866
564475,0.00392535611517979
714528,0.01285579730700126
463629,0.004519352471754481
237181,0.009081152036440509
317729,0.02047823500877871
961780,0.009194429557518728
796081,0.011016562554982196
709778,0.017417498605300282
585096,0.044010816111248866
333598,0.01047417066205961
378062,0.005523119341269431
973655,0.003099335271106125
586671,0.0061953784867467615
777907,0.015448644216153898
656308,0.003376834428160314
697767,0.013725307650049371
946253,0.00415516332181232
424636,0.007308954225479215
315298,0.003414991332728241
685871,0.0035107107415381154
320251,0.011132176373784303
364676,0.003966935483799587
233518,0.0060863028892267955
374632,0.038779593730437635
235558,0.017089939567795236
515112,0.005509182037627902
630671,0.028795101532883893
838315,0.01504881639889349
167305,0.06336497155176632
612886,0.004629972969619604
378027,0.030736590034389947
673418,0.008631978342992438
277981,0.016144433863307377
213650,0.011885424521889492
854495,0.02163887161508386
402434,0.002978915706637121
957261,0.015351978513893028
304080,0.012665144692912536
765642,0.007844457944738429
765278,0.014311537374479594
812181,0.03014217295761328
436525,0.002721099252601433
671147,0.07408591214191036
419114,0.004907538345033662
689700,0.0062540919862219295
219705,0.020637024139802524
325573,0.01018755339382474
638084,0.03790319573398364
717884,0.04480109975371844
928094,0.031178582019148398
837832,0.006112399594724824
591338,0.05571842574571831
744551,0.0076934792397576265
695289,0.011090117159544078
748661,0.01362105274641134
841333,0.014134518083421851
232642,0.0500566970370678
632412,0.03262127608936857
471491,0.0037342848056148565
869246,0.008184358304373826
940456,0.05585994668748966
286515,0.012038893241471527
634682,0.0035336803155975043
789080,0.11704638128609147
871861,0.017727462264858395
938832,0.012708287993413626
588445,0.0048663962369970585
568621,0.00423617355435076
222701,0.008407671924846972
416865,0.004633879046769396
854775,0.004101877529769218
502908,0.003117851997309915
901085,0.03234086873862329
358466,0.03029511223890386
650292,0.036247616028349895
295811,0.015447473606695355
949992,0.004086900478532378
558390,0.003899805912834343
505944,0.02882711902889731
211725,0.03589988312696744
698021,0.009414922773087225
179977,0.007121594198368021
364922,0.0079268616930742
845659,0.005266459011084433
562187,0.003083214500840796
445589,0.006539232816120908
974439,0.017030366207382467
303715,0.0029529011473443784
183445,0.026698084771455965
482299,0.03342789976289589
584360,0.054011952562863806
489669,0.008915118500931322
221648,0.00482251615321175
293096,0.005639341476504123
928099,0.013115316959708375
963869,0.05235830276752807
616524,0.0061759282738341765
603900,0.014499545750746908
368716,0.004233214492735836
394458,0.0238083221570864
468314,0.006791349318770088
747439,0.011002137830866284
424426,0.0038888636309979663
695722,0.06513942116658171
833826,0.03035064160187481
235356,0.004908321460590628
640509,0.003440909428978183
861915,0.0136260288770695
323222,0.027265015768277133
129649,0.034515386644273574
467549,0.06199364537405702
520970,0.017248858133114848
600021,0.018192166123996538
662538,0.028348205068802815
108872,0.002490934072032565
365179,0.009560235927911559
372511,0.011656502842344475
150982,0.08026694614756953
984058,0.0045726676733983205
643864,0.00340683904429502
124153,0.0025657860046196385
917812,0.011873152821485778
545477,0.013540135520624351
570797,0.0276484983205412
794112,0.004554385165736197
986258,0.009891721521475518
783962,0.008436022609937243
573620,0.005242592407929806
571479,0.04795714544828026
404716,0.004300423985450813
282332,0.019313149151988566
813313,0.009510545719598184
421405,0.0025789308973115386
813806,0.009689218632762953
160597,0.01686500867079731
108644,0.0047209396740315965
135514,0.0255067213346236
884190,0.029754909944989034
131012,0.02375138929731159
946322,0.053358822107707635
161213,0.04810171153974899
870144,0.012020861268909094
758076,0.020510924177114528
451157,0.02818633575723794
992015,0.029275370256338005
460169,0.013130949174108404
531771,0.01099584994373909
986750,0.0468405143876448
682912,0.007034912910496902
831774,0.0587330395351809
901329,0.003814212695843645
952363,0.012442333581217248
132289,0.018171118944709193
851932,0.010974250636048295
715764,0.006192769048522871
257481,0.023586534281110082
209079,0.005377680638577436
341010,0.00983391083247538
282961,0.1234211407711995
103670,0.00388434390796658
943527,0.018241315061972383
453594,0.0025607988922234995
178345,0.0077002021834611765
165821,0.030773201674203457
833261,0.006325795039234995
129664,0.034453985254427416
479673,0.004979850525002289
144646,0.005066279253790745
163017,0.03251338575803212
409703,0.01892146748047639
694345,0.005126727866368781
777597,0.0157852735873171
619908,0.025614084588881765
561280,0.0281811083517652
394743,0.0027007260434082523
227596,0.02315178214337387
426367,0.024513720417643454
407939,0.008762235700675051
444051,0.01756552457594475
169828,0.003406553786502284
713666,0.012318703273798769
193612,0.026665426551411322
735316,0.018440481648647845
479306,0.00578261560658143
360219,0.006692294888317428
114042,0.02033366019630436
615205,0.007763484268107153
556370,0.0142671755948232
340036,0.09899806492660658
142904,0.008216471349987459
880416,0.02208000960514749
530487,0.003968061365073813
939178,0.03557802375421238
907631,0.01348914291676648
960259,0.007776429086222175
325566,0.005305393444475349
559438,0.026388627052091426
810570,0.014293500898842647
264630,0.053849128286504205
621123,0.003707769962286163
251228,0.024699434780802106
262497,0.010623118939606956
417774,0.011266252016147005
793689,0.005000232367986038
957379,0.004603643973218483
993912,0.013387233631649096
485770,0.09396891539699602
245771,0.02245140321742351
781698,0.015532629835721953
102116,0.03623580405564607
740045,0.014916646438743972
888702,0.0334989454386769
206089,0.010789594987611062
693372,0.015788338199052142
320792,0.06285549617820327
859143,0.01833856506223627
676725,0.0037371523382647193
355519,0.10771376988372912
664979,0.005095627244584003
463507,0.004912836375989395
761502,0.05097214532278031
804754,0.014698140562396858
281913,0.0046745518189390866
595293,0.004964222167577461
348408,0.003108184542826443
415658,0.009579137663349165
496299,0.014853298007160197
543393,0.020456181949011196
583790,0.0044155792354882185
512102,0.00979623878894418
668238,0.006045556156275645
824808,0.0039213166323357656
740871,0.033103902111755706
766754,0.019277322215791138
268560,0.002185668347638922
998500,0.07400305580110662
845489,0.004092555690757821
912377,0.006988341925056886
649954,0.0036513081175540574
257226,0.0025710425752384527
372766,0.006991961158554634
816442,0.022724436176705137
764466,0.026902239700066524
151138,0.003103673779116932
809062,0.06831819064669198
605057,0.01088703133474038
130873,0.0424203178423416
109760,0.0037421718759712906
980490,0.003303619177116046
708182,0.0027668549094180895
218517,0.012742414938050683
272133,0.030318729131660272
556797,0.004152760971500457
837479,0.01424435021894914
775395,0.01750201195588216
172217,0.004672494388518926
118852,0.006533031429565939
559234,0.00810907308456164
100410,0.057522631349529375
790504,0.011973276167779982
279084,0.003354892809744246
705377,0.015986091434139874
554931,0.006199813932559844
283157,0.1089851753948984
807897,0.009847835637594282
864881,0.005621173255355951
571941,0.0077482206702463256
314026,0.0037323475454824205
595727,0.006184348791144111
894030,0.003935962985972977
124791,0.014258726169189523
634764,0.011626053233226796
436692,0.005171023342491936
855167,0.0072023352983796324
163673,0.005759930330037108
471639,0.01333899180751121
482406,0.006373313002029745
604457,0.00981382018657555
591660,0.003368071231446758
528729,0.07796791689023085
741104,0.024093630514359088
712719,0.012239577824754813
851830,0.008890423673582285
262029,0.0025791132534860573
680447,0.00732823097603243
759243,0.007367293761541257
109855,0.02873526355448644
205246,0.008377335409546868
794298,0.005637445947812026
897290,0.005658365356101649
843404,0.02625264947632301
460765,0.0074826587330753995
715160,0.01337745360051347
432831,0.01093508173612171
823357,0.007716836469088972
860543,0.006715067709172027
353964,0.011578845044121008
919495,0.00873407258843427
308540,0.007459638959384717
460424,0.09289834276745555
474624,0.010960428250810507
164477,0.02045089150179611
682611,0.027043369895712804
245633,0.0021435704479108877
270055,0.001958877670636387
600057,0.003358108842970929
564628,0.08630100314974395
688446,0.014398146491926007
979164,0.015952663545911815
269768,0.02726002992398363
885915,0.0034336006241229428
540191,0.0061339721344365605
769273,0.004963321342797072
343730,0.03107627514670082
774207,0.026801628003132957
368229,0.007905683537667445
613536,0.025848667743080055
118517,0.004503916534812271
197871,0.008955393510603588
708130,0.021728744767368163
714889,0.008719647011612807
228533,0.03352715567672345
669993,0.004830870847224343
951537,0.0057920815753660865
654313,0.004782163323524771
899396,0.003756669625616715
284837,0.02052132793806806
736252,0.011843759710226439
380469,0.01207306843704967
804671,0.02975036158546854
675973,0.018166056024721114
768931,0.0628976528494738
538198,0.0066084173300173365
196505,0.008033370151369774
969077,0.016813640977765183
337696,0.004521609808625342
687901,0.024207492338089585
938803,0.006855501078476591
202011,0.011905165855402359
200167,0.010317764172292382
804521,0.002646934037585253
159436,0.049491915165914856
985848,0.02353315494305671
399234,0.0031439594349283815
409765,0.029287762304207973
976563,0.011907135498447581
853412,0.007737186653865136
957348,0.010885816493623414
215429,0.007642604172863199
782159,0.029472325593953207
680892,0.005099878966203493
610716,0.0030855512151483334
667090,0.00847407626182013
163057,0.05217413473866717
798173,0.006778207669653802
421125,0.002298463572214953
419236,0.10341961671190063
701349,0.00890723722231616
166381,0.012639161862668745
755203,0.011316475811136652
825321,0.008043601962066944
917055,0.010295732729033832
921914,0.024427454983510767
509673,0.010609958041086045
391539,0.014277692282135946
730428,0.05342637682316721
321240,0.012054204491750702
399465,0.09984938997380992
745661,0.005333703289655784
309050,0.031834839386384775
280377,0.005450106753218489
335842,0.015135919535531485
576326,0.011360913765857964
106475,0.03189874524520315
733188,0.02103919519608942
166736,0.00657934895397043
274866,0.04957729162768152
360616,0.008791098309792628
501435,0.04409720998864528
912538,0.02184504987534611
350129,0.016535447582784957
962846,0.06163587050756459
706599,0.036783480544949704
961578,0.03337794959810118
757905,0.00555779094011618
519391,0.004527554632186602
570055,0.025905884252002635
323028,0.03163451228210506
986317,0.002500960952611769
594237,0.008823261704529949
280839,0.006860963239155546
420932,0.004728933870476705
138148,0.009916679331739146
618009,0.04622689321718648
583375,0.012180480870701213
297552,0.011137468225233345
192021,0.028474452361616283
774558,0.01704872403059822
255684,0.008353141739885236
833203,0.03476302534344348
968342,0.01557573896763853
560916,0.0065840555547686695
538402,0.035064809506624176
897346,0.008786482486336693
216141,0.012314421840063476
909107,0.012787245184383669
676143,0.003819662426845304
807091,0.004181282104640392
338579,0.04519356794819616
197773,0.038633215260945486
631239,0.006242151518907335
995416,0.005299073881890971
459288,0.002286337386455958
980924,0.005390053439975508
683996,0.002541267115831369
581507,0.005948938878514179
911493,0.09663312795359859
326348,0.03882439738571025
987000,0.0631147160360378
895502,0.006929909581824757
801919,0.00634932790651131
417785,0.0024098926266791706
388074,0.013941005113223546
928312,0.004494689392258376
323008,0.03427482061829042
544288,0.06400892345454057
551426,0.005624744458084222
722646,0.00853247346055057
975207,0.015923902492571376
346853,0.006078290420615109
199201,0.008242376118499288
324976,0.0103002155367405
952088,0.01428258709577664
950276,0.0018927990343145594
607838,0.011019041297983815
598709,0.007371923978461985
680727,0.018240918062888734
753596,0.011873648678402854
640005,0.015182324216849489
155416,0.00445946932780345
336971,0.03005286744233104
907327,0.01344466335121839
754349,0.12085339498858366
345165,0.01029779881819659
222129,0.023310600613738883
712428,0.01345963365677104
123337,0.009983567097442119
973699,0.009031221381048416
341441,0.012321116708598218
827527,0.01224636380189489
587368,0.009438030692976098
669241,0.010165252825862944
690351,0.006336239114221243
510160,0.023638174413030424
319735,0.0048945815929093296
622636,0.07955483114184762
429895,0.004379600365262016
342149,0.005250298826047749
636065,0.00337381068525488
356522,0.012192226922757794
712811,0.007949081224911822
271219,0.0460612815741915
391308,0.004195058596569584
933793,0.008549286195615539
260626,0.0026898733514735974
312037,0.005308544570504093
526934,0.010059081522797218
294351,0.003566841849359748
377624,0.00324630921325073
663608,0.13296239626538311
347045,0.05125964503727651
197890,0.011169473872204952
893155,0.004513069846093675
198215,0.0065646522734666415
801783,0.0027296872645200423
474482,0.06672383228786433
204708,0.011875664793062466
385522,0.003273905155796489
661891,0.004487693341643522
545703,0.007597491529722376
366036,0.0025386797573331214
256469,0.003007411660985779
480648,0.005533352851029701
887379,0.006652601026488357
978488,0.10039712141392283
607965,0.008300321151520792
608833,0.03371062822762014
539825,0.004846603873314638
226922,0.022240522284653366
806887,0.014171412528951564
841016,0.0033765121044306793
854578,0.0016308015917913374
688840,0.006721241509792533
113018,0.0033287678148540578
564807,0.010827707908475566
398009,0.06406254051037089
538287,0.0019247904386101666
106549,0.014623835321847448
459353,0.013254314045826226
898518,0.012733199725908237
389393,0.038501238124597964
584359,0.004223796337202436
674140,0.027316126309093584
780952,0.013551992020844566
268618,0.003511570875936785
349334,0.008664187237432166
949167,0.013421657069157246
682004,0.006496049842879248
950225,0.004432959154411637
395270,0.011190565616560372
859439,0.026559111788127424
270498,0.011617196740427403
890149,0.009419009329604761
686024,0.04549858229970296
935097,0.0026261628952935034
842316,0.0783301604927116
881151,0.008109532971730955
341867,0.0025966859509269783
140448,0.004923690452500145
473060,0.061583533123548535
493389,0.06597471096822552
908127,0.012347810636772802
844670,0.004747104073744514
427652,0.002041239780186352
496792,0.009997726649893592
490434,0.00583044201932569
326992,0.003264809607466292
613314,0.003536041038492165
432107,0.009034667770720631
594651,0.015625905224917698
968008,0.014197561529917099
998282,0.010139039497133203
400515,0.09961544324357853
361266,0.02041315095045642
728176,0.015775847326908562
687139,0.003691611021583477
265358,0.011969122370583368
654681,0.09789540219123502
878940,0.003171594761641489
752210,0.006413840216948268
463681,0.01818247349001713
583958,0.008329174260841097
548398,0.002346907787298079
392175,0.00544380971771992
517366,0.005740493265114247
954957,0.022150889996858596
833557,0.002855573663272272
623098,0.0034762113273240688
204326,0.009952515575420314
845198,0.00697948042295525
984384,0.04900152290812879
151971,0.03509605549061055
374951,0.014689023609477384
386493,0.01570727411643474
235748,0.015916915753984153
495493,0.022269997648018028
160940,0.03725937004215987
463591,0.0050305826004667965
195992,0.01481436902943524
690273,0.02810239304634625
714288,0.005045964004415066
190171,0.008430657044916447
240978,0.0040200989750797
184694,0.0113847339806135
984004,0.02576848431607368
601476,0.016049365820295813
411945,0.0013613482420880409
136487,0.02205232866347882
158263,0.005832272102412115
506764,0.009238011969491033
192875,0.023354399300588153
807143,0.006174355697085886
306883,0.005415139404994891
391620,0.025107829066961764
228323,0.015527803070950892
596596,0.01038636722224619
105598,0.007498699383861462
779225,0.003657231469607483
155976,0.01659936548809299
242781,0.013611446372021482
590720,0.016758699954156072
245977,0.012273243814423301
212653,0.0033646741437412136
731922,0.004867737707415102
721056,0.08634385847633587
177079,0.007205026751833335
861869,0.033988763243563716
730043,0.00613598200435976
242005,0.042812546583528184
980835,0.012079777772482977
953829,0.005277506423524215
972172,0.009211885798480118
197371,0.0033011022070755023
659514,0.0072238687264443435
397418,0.0044344507104131
801405,0.011898892528485899
322023,0.012532314651172933
592783,0.006507952659454114
114661,0.016940666413170123
123200,0.007597581532664781
366376,0.04878456682406294
545796,0.009558787532101636
560110,0.0027157904782990692
258874,0.014533973429027685
189574,0.016490333745613966
231762,0.005666635121288495
187670,0.006131075241746724
950651,0.0084802442110664
643467,0.011112243443615515
866847,0.009015956191158503
220609,0.022708293148448605
270491,0.005302640833762842
250391,0.0035592293274631422
770650,0.04029250959989493
370166,0.0028765338196571444
963686,0.008108867382402915
101737,0.0058891463272781
674705,0.005912089243221233
381857,0.0031320739770253924
612343,0.010676880480444031
305826,0.01673721829386256
778329,0.04895684267856624
536609,0.004432959154411637
813438,0.026659316038331934
928925,0.004460222629850637
598026,0.020519140820015613
740934,0.04945222413216356
417772,0.033786073865822955
855998,0.012823637723607428
845277,0.011563410361831682
896894,0.013691481246802185
716877,0.005532583175089517
366931,0.011419912600156514
922934,0.002735506618154843
970440,0.016744506702452675
772763,0.0051386606471090805
110926,0.007024608317244362
459956,0.011041946129207248
655188,0.010343300512843327
668303,0.0024691519604874627
621984,0.0035642213483918334
449023,0.009679349946776194
634846,0.017550352760900487
149766,0.003480633034135376
817327,0.0037884326798633622
268660,0.05637138063689435
525474,0.01162100574629399
347765,0.017534181938714838
354338,0.00478553292347207
129121,0.029041780996077782
176861,0.002384704305990534
977307,0.006708994800673406
421418,0.004228456615340409
135478,0.005316786563435551
666915,0.01518556200159445
333354,0.004502184830340094
966275,0.004980912661957096
925185,0.0375942654506532
555475,0.02661476395775086
943207,0.003321031559919734
292710,0.004681786713992486
641242,0.01576108615110784
240314,0.025309483224659618
447471,0.0045645456413518195
925774,0.0234835919528427
347386,0.003135678789831813
434965,0.005001208038347362
281244,0.013894791927458945
178171,0.007355768180650425
691084,0.01603073076364
168724,0.005153748899485459
224520,0.008630166321957846
385911,0.018469811963631462
166963,0.006082777757292888
608532,0.0039885524337469344
737955,0.014699143042692955
849961,0.0045872122395042144
704241,0.015650615658297076
433978,0.009470917169336998
915668,0.17910950027438005
924690,0.020052613137439623
308822,0.011051526687027443
410234,0.010453825771682822
434386,0.01723817667677649
803723,0.009724899403576629
926241,0.005570195801313974
490055,0.0062624910505811844
155175,0.012773226229239152
518161,0.020252986391698417
341187,0.003299205155969695
581477,0.008643565959019389
634162,0.002898113638860187
754619,0.02795173186851774
243386,0.00415610953041932
156007,0.005007392181953197
967893,0.003906368961756415
246805,0.02586523974010604
303103,0.0137911830801309
690898,0.007731487411795646
659817,0.0018049578082209273
608911,0.00667860960885143
269097,0.007490577241953751
861216,0.003515597619733961
691355,0.01496069467629939
136672,0.00606645701220591
203475,0.005310718343335964
100218,0.006723341994970614
132387,0.04213605724609511
831225,0.021301640712107675
533879,0.011945492067922992
360827,0.0034159160317302727
737332,0.008918115685099778
156198,0.032573529363621664
674192,0.022015349170337532
254567,0.01954773450264563
493653,0.04317990433836493
297906,0.005013858144688563
653992,0.005617746747488113
535233,0.007669686114606857
557553,0.012525899110202902
185005,0.037979621733654406
758312,0.026926757006699865
373779,0.012466108969433232
557046,0.1373986094564208
717260,0.004646754122996181
748782,0.007139355660875473
201066,0.003885815847447134
990081,0.051660735261766455
248222,0.028453583934344925
321571,0.0037066998144481317
734459,0.02105980394088921
353454,0.014199061525185254
683217,0.0030861422709112787
750420,0.013375425105860978
611393,0.04395507471485018
950265,0.012269718585163146
245925,0.014815559555703513
215646,0.006580915928252567
104062,0.012633678388830576
293215,0.007746898658013462
588255,0.04238769003618543
724459,0.005544826679721995
783186,0.01254875291341227
534079,0.006244498635430385
139506,0.018297455256827102
350281,0.015395301260226257
440492,0.01599522594386098
901928,0.01158923667020883
736385,0.005873078011173734
344161,0.018054325864626266
336009,0.06777536810444673
851716,0.018794361548893825
295162,0.0036890663214923054
775727,0.010082750349262409
490396,0.01654697388738481
724688,0.00756173738220858
890696,0.005153476469622018
556135,0.014720962117498331
279095,0.004570202099297733
985065,0.011037055228293942
834096,0.01189311109420744
540491,0.020922302811094008
151376,0.0034645796884523864
523702,0.0024906522994767167
436894,0.006885458054068403
195958,0.003034263449814585
243454,0.014505332172527035
719685,0.012196286423761958
427309,0.042720275322127355
635820,0.0059076030360102
200676,0.027755664094653288
722478,0.06662931570334837
639064,0.023574547707912695
754749,0.008513662421953751
124885,0.004764445629111012
136322,0.07791162887421543
358620,0.010275315445346715
993737,0.019063782677808498
731554,0.004809938532024296
222368,0.014424281824624425
655400,0.006729071457142873
245445,0.00298812932307753
380554,0.003662499345916095
989585,0.014257514735303423
370578,0.00485469648998478
948638,0.014837561870776698
371662,0.004907538345033662
756760,0.06314465389374742
398356,0.052281355828892616
413197,0.018783821019343026
522284,0.006328335032368187
733886,0.006430034989158292
821213,0.0749877286559299
199855,0.003450786791100677
231396,0.005093580599690737
917801,0.021589105628163716
282830,0.015456841641812503
920116,0.02950061004789569
659941,0.006624583956842899
609722,0.043523631531756604
680925,0.007644888998004484
239369,0.10326342587140985
104283,0.011122691717780762
793913,0.06006048322233541
569978,0.00622287539480386
876842,0.046888926029527274
653051,0.004276851143934805
283725,0.020327804809502536
421569,0.01240886120871142
492161,0.0049214664130727516
496944,0.012827963126231
188136,0.0038455846317265404
987251,0.0024584716949171657
242364,0.006833238402819632
612961,0.053925582596512686
359202,0.007724443173976985
550836,0.026131291221672782
993226,0.004455773146785397
346292,0.037641589078073176
259410,0.005063683910743386
461973,0.007688598328806295
951253,0.0501713426369104
727469,0.0034222254323868365
313752,0.005165779030191049
102728,0.007811553073278407
938393,0.015013121667082817
215316,0.005809894839325397
966252,0.03809651818755398
593962,0.004177775681348266
754909,0.02858799937923255
245411,0.016683910557774816
206314,0.014862516103353906
279727,0.11469165638030818
878008,0.0033809529450973077
650771,0.004411373621149954
910752,0.007268332002723948
250879,0.006152557555403071
711391,0.01191696895749156
854475,0.029131689038208137
646464,0.013185232689158449
448071,0.028556880537754663
771953,0.013654454698093219
697798,0.012838117516348224
443900,0.022177576649769142
752127,0.011326851397613169
400550,0.025027761110622597
298000,0.024023659450688076
559674,0.006706230233851715
756940,0.005360872980650625
466209,0.03210133842582796
864013,0.021910603498396398
848575,0.00589678510328867
441721,0.004084641328064222
653874,0.033763888062503356
553934,0.010863481239746285
817013,0.0038308617431323556
449045,0.10515106651757078
756819,0.004907755656577935
138470,0.0026881677882169826
308799,0.0043122799762235
478363,0.03372701959309936
368415,0.003389291645333936
949627,0.0046146542314538744
214166,0.011722494159023766
250832,0.023790403217720073
595537,0.004344658760290411
602626,0.005668802049366397
179924,0.0027241385348799906
281856,0.011500754931500273
821332,0.009406261945265218
554755,0.019684504327675004
950211,0.03694098314377463
647455,0.0023045084193046928
850987,0.06865966174937686
191821,0.09839497660187828
212271,0.013719227765271479
595071,0.02621521764909921
899237,0.011097535614458328
755613,0.006172731349266425
314311,0.019955357704137467
271865,0.013116576255266965
348473,0.01610181716755422
995490,0.005781883409537803
545460,0.013456636671209412
950514,0.017039750993574014
983870,0.007240719855579123
675299,0.009339130497172887
616254,0.012801609539666468
312544,0.010344958180404833
313873,0.015462030773422649
524686,0.006522049150070918
473280,0.018297687881462375
309117,0.05268440104793317
969175,0.007962421614842417
918137,0.011934957237624725
228794,0.023357707208570968
593124,0.006909253921643189
707125,0.01471353623692775
732081,0.010019963058915202
241453,0.004310354848884612
285375,0.07466538182013971
980128,0.006426421157094558
683945,0.005336812387270109
966540,0.02200329811584644
637776,0.0043237779796059415
249620,0.0028327970657065723
269928,0.006771786320516536
637624,0.02981290522203275
753235,0.05428737888472667
993426,0.044509411297898635
746950,0.007828807259329777
532615,0.006440179786205379
371425,0.004111150728296967
738046,0.06871904102386077
522370,0.012379203241860775
741557,0.01996046458377441
243283,0.006955099881841281
369681,0.06304388000378958
381644,0.005516083053817217
797452,0.04441819331903976
730376,0.0023830237484827534
594044,0.005167650810867659
427879,0.09831291162670218
843275,0.005862215894217124
309044,0.028983065634425247
998097,0.0037364383327294585
696437,0.003214062869405132
592975,0.002764087064348543
902781,0.01586650129551738
370153,0.02943785442672828
254362,0.010021407411531232
145242,0.020824588145070884
811667,0.00944285842678764
928437,0.008200192658495564
355312,0.011839703535078665
382381,0.03258192817181091
287563,0.006019582924205644
853394,0.011988578945022739
226098,0.004642867264328824
117087,0.020981596543797082
166379,0.003287138020100176
737568,0.02621861464352682
797326,0.0038772902056188837
326054,0.0029962269076457535
185164,0.010043881280566413
440139,0.006119900714094416
259888,0.05145071341831677
240220,0.006373447060504578
524542,0.011408630920944168
462018,0.04161133762426808
353527,0.009766769045038
443022,0.021798756757435294
580370,0.011962183708578463
760973,0.0016610911869998292
235296,0.0027706193622990755
873999,0.00347333145909418
418446,0.004544218209885856
785860,0.03786265873543543
939496,0.00473680104082713
827394,0.0029837374570078606
765049,0.012464670726057931
652671,0.07658950063799455
129251,0.013982169886733994
573650,0.02995599608321265
384138,0.0088443241156851
648671,0.0033867004479646036
167455,0.035411496749108214
445233,0.005660637889365475
965109,0.003347174962839879
629620,0.006112223023260226
878655,0.039559018028834186
408347,0.05354742380809603
883727,0.033819227769482624
106146,0.03208877420992285
133423,0.010843225891490343
937643,0.10901316884706694
662740,0.004939893045440065
596468,0.013133748692809817
724388,0.02848425292615895
565676,0.011499491465116899
559470,0.040220363365684755
910191,0.0068675948681574854
532584,0.003955232123661764
300971,0.02588398704201085
805863,0.09415430426877876
941089,0.0033632720323019316
412242,0.005263782563839185
966019,0.006407689111795251
284414,0.016966072764645842
829617,0.023284502124097602
390075,0.022534907581387625
138489,0.014267015962083763
621383,0.02938534164254204
215713,0.03792561640930975
522784,0.011909773089807594
416849,0.020802690729911772
111173,0.030508751655549397
957504,0.01309043735511306
392920,0.011870917393043509
913388,0.035112036347952985
889119,0.015562965349280176
602142,0.018902279549354237
341659,0.007143037497985251
969513,0.013406755839075376
420659,0.003182627160191925
810514,0.015124735095770886
582400,0.007567913020434046
911735,0.004190858013313829
515447,0.008774763476234978
445577,0.013603827107802727
748029,0.029916683981892993
271854,0.015088478249243888
577287,0.076641179927362
292960,0.012071436539294746
214198,0.004358969351048996
220408,0.019041019111500725
964191,0.10556018995208998
806949,0.02195929719868766
570181,0.0027133698625578483
498047,0.015532411620354207
266674,0.015921309887937843
343666,0.00784395532952647
634169,0.002849281354537091
942184,0.0199445505258267
173898,0.01576832558222
430262,0.03521621041283458
599326,0.05255678690869131
151274,0.014881970557120644
772111,0.023729049207391658
418453,0.01547237945505035
598714,0.004117811034643065
515712,0.002992900310666219
350818,0.005342849146550677
390962,0.005313725453912403
129838,0.008930569792981352
637082,0.003388665462511787
794920,0.018048204909656296
696488,0.035040711292171615
875233,0.008746687675298334
507632,0.02035901880953479
821594,0.028878835980785632
561376,0.01460113121954315
489733,0.11800922807740051
898431,0.011193310926105806
243020,0.013750664727645941
127502,0.01160241723933914
526264,0.01665475441316409
534560,0.002462979360405948
696000,0.019910510061776895
203550,0.012380953789434901
855836,0.02789811094868256
488050,0.006266509678006327
551946,0.0061126428529208465
389918,0.010611243221806692
761451,0.024309232109588415
294617,0.2302765040276905
755615,0.0035226894913831
876908,0.027533222594599154
385037,0.008315728933159966
386273,0.008370351949182373
824733,0.008276742294796111
617741,0.005420266470215227
540181,0.00889288724154458
701903,0.010838637691767034
329151,0.014689818944608711
461543,0.012479035256209317
904959,0.053283940757666494
560341,0.013208694953897964
143759,0.014485748606238207
630883,0.007665023205368467
844995,0.016849702683679982
875322,0.003584556862140088
693128,0.016060298462262246
932003,0.004028772533828931
781428,0.016952686649471107
880018,0.01626427047455357
427985,0.009993147569301353
402970,0.004346641868128972
500822,0.006870514120949018
844711,0.007004098081428203
642636,0.0033890646710507165
285618,0.03962008441319879
628813,0.009774843758074333
459368,0.029470548214037447
193641,0.00696525129394877
343660,0.004469079470422791
336822,0.008281973338633512
555859,0.003332309613597492
825203,0.007012111081844588
659236,0.04870840481529195
457379,0.00530673853755791
537557,0.030704105470571796
119658,0.007777595061825144
725028,0.0027720016234487324
456129,0.007392264896582408
362026,0.04667376013715165
544393,0.0031250144551528743
956841,0.00982558292451987
184535,0.1031887054015475
820492,0.026962917674562287
945437,0.030253525427113036
138228,0.005136828230248883
310576,0.005519352102464712
437893,0.005436415720448705
517314,0.007203404407896325
610818,0.008228601950786483
437129,0.003918420310887806
927393,0.03314180362711999
464606,0.013819181094293675
423199,0.004132453337030995
813262,0.013016789117072271
490370,0.01083664695533644
942024,0.006048949211842369
758920,0.007973844288603281
687600,0.003980522779646373
111930,0.00580571822695248
790617,0.009493002004878476
712947,0.006077516595817029
860414,0.013044325550566034
238130,0.0030523687314537207
817259,0.004316822990064009
366572,0.00491537073420284
593274,0.0286754199104179
112340,0.045265301055773664
214545,0.013715027928222823
336364,0.0049221522308059516
829500,0.006992126442101157
765754,0.015737487995066142
264802,0.04392711536041866
479571,0.004563860999776331
775196,0.006908195866238339
417447,0.006404167838273111
804499,0.01239097984238031
371191,0.0032867008700376396
358228,0.003605617453417357
899951,0.03213334325923993
884550,0.027095617963512123
453577,0.02207490707248962
945485,0.02881039942130861
764636,0.008804996843190997
137197,0.012135676541266807
361779,0.013934256869725903
613089,0.007658890441961238
621681,0.021124065462336233
871523,0.017727283255813284
414948,0.010769047565741749
470547,0.010506995445938609
835724,0.013369656486197519
910362,0.051711824837061
277065,0.008573227455318121
501784,0.003100109279175904
618987,0.005086838165411673
732738,0.019094316628429264
341532,0.003142857790045413
585694,0.003752088255593609
427283,0.005455033123475683
908255,0.0050588765116307425
189733,0.009443425802702828
249846,0.013492901001883816
992523,0.010244807907855834
390866,0.13777155353782425
909320,0.06030189889688817
685932,0.12459378682256671
638250,0.01232973544879298
773813,0.046586711817501035
829312,0.005062877705940969
320807,0.002494086290065227
922077,0.006714928890457546
483153,0.040609059581749325
419546,0.008053028897932073
995893,0.04134091900002093
372449,0.028554352024042006
541064,0.030217200341238572
797851,0.018108477075733088
904471,0.020362436885267655
460015,0.03993443340703284
316671,0.004671394419173474
375135,0.008063179910735501
324626,0.005424213682062149
622829,0.004342011400894666
165996,0.0055540418696839984
258513,0.00549121994260414
481153,0.011030351749258607
858957,0.030457507049166707
363099,0.010912758724330842
447088,0.04203551211629801
122993,0.06799545855558844
314024,0.02937530437043033
824614,0.0025749802285844926
894181,0.0033242510008842474
544345,0.00395211167511299
387650,0.0038790343613705337
660232,0.009305200754167861
304982,0.013214951112272165
571005,0.004301818050670559
389214,0.019073785920092314
368960,0.004206139694810508
795111,0.002306784909517828
148554,0.012386783138979323
925254,0.013210047220131567
585767,0.01417353867158435
480986,0.05136104586039132
731481,0.019388768088433015
935395,0.0035390405840468315
191336,0.0038686606242120357
230544,0.011178811530146575
389075,0.005298918043518389
848644,0.005041552746237128
807825,0.018462476402916858
896434,0.012511768675007081
167373,0.010779317556934254
441698,0.0090896829429903
524915,0.007747254932279577
631262,0.006396400143101891
982809,0.005245771246226866
826758,0.004705179441750149
414753,0.00982678383616577
150318,0.02689285325675274
526680,0.0038643623626806217
644792,0.012932185435183917
543442,0.014270646833161144
999397,0.04415117476382527
667383,0.004255271635322995
308498,0.0035761240416777524
578459,0.0182294470824474
906594,0.015780919808094693
569476,0.0066469365730045795
193691,0.004832003108147656
765417,0.004957806178299671
487564,0.015727722399713207
978302,0.007616436441781813
931024,0.029899110639556598
401446,0.0013049553544945672
113075,0.0035107684459600537
380594,0.012212447973024423
479744,0.014559268814763432
859804,0.004614665673047542
965840,0.008468608002030722
568024,0.21311544087498735
260584,0.019114154012709265
522456,0.013946659711768433
509376,0.006125790110874392
904514,0.005268970955116622
586141,0.00589380638979266
599276,0.02217107726519005
427376,0.0031516390381717383
148493,0.009346498806097515
662766,0.013293525436609435
555532,0.01985951622648369
424900,0.006908319100682303
638625,0.004557210523175869
594175,0.012254239203880468
374034,0.06853882534488635
817504,0.037414417924168775
438285,0.12185755098365031
415047,0.004399039012930829
950862,0.0027041590844733908
722525,0.006207510214265936
289706,0.006071323346771463
833129,0.008793570220598982
771801,0.00984071203493578
504413,0.03231057203626899
799228,0.007030277486689581
122095,0.005439791531364279
647138,0.005493919285864274
987829,0.005567371795434501
959728,0.006337886032511864
590293,0.004809157350647796
335757,0.02424008292287852
102468,0.05088086072739248
556588,0.01144147703889806
845409,0.006238288047013402
523673,0.0036920754593557426
289789,0.00559843355647042
798189,0.02715488514482975
737496,0.04823005397538997
226959,0.010335744089198023
608231,0.006767795156497932
554295,0.0054120333312635055
837451,0.0060338846941838924
187833,0.002840553947204411
889632,0.009817486096109846
940021,0.004654674794772524
897571,0.004162421244757127
356204,0.0067962801669312995
678171,0.007136272229987904
800372,0.006339338732968115
947425,0.007022275459706274
790506,0.008823711116452478
971073,0.0033303571608521887
231158,0.006786219114081956
531141,0.004450225797264123
911449,0.0068306572222338715
526196,0.023418783495983544
408959,0.08036619307780363
286407,0.05102877545934967
803090,0.03296297673830899
866389,0.012326322746751847
494345,0.08892494897501461
602165,0.0090118442553323
610028,0.025025159644743302
353579,0.026413204329034434
675099,0.08413734847418905
269404,0.018013816582011042
258042,0.007846281078034019
276167,0.0033829700384693426
954712,0.017965434223676087
904257,0.013188550731930348
464301,0.01530021940049554
702660,0.006325394990382202
247312,0.03191082751393357
559978,0.008552980168201335
877544,0.0322701834871285
770189,0.0028592641704804993
371706,0.011810604503731633
247169,0.11996414375992805
290192,0.012707584526034887
876959,0.06050029707565526
480490,0.006320923104483117
586104,0.008768059446756137
170208,0.11339666596315326
842220,0.0035646850207585764
693902,0.00842219308894608
834267,0.008247167577033246
248989,0.044342381004685655
386386,0.05370012816057484
490810,0.013612970807368334
795393,0.008182451601398527
477823,0.011351400631516694
687131,0.002747985308339603
682532,0.006179209828056668
329344,0.010997016549872455
403341,0.005456570559801451
674227,0.010157343966278074
555765,0.021831557449790814
463209,0.008686456869124939
955297,0.012068340242457046
931862,0.008436470618640017
579525,0.0038581069162411034
847293,0.003744681892626217
728205,0.03092044501136342
918300,0.004252074079793987
998138,0.07398987821922001
945911,0.04226637771403907
469782,0.02914617668589915
593682,0.0195867264350751
136774,0.004699773554857371
558633,0.012162551286079274
907420,0.07605854304596442
405484,0.010698917981080375
791267,0.1401194272132164
899066,0.005057229718948516
353145,0.07208508863947488
498356,0.01976724678557753
495789,0.10053136143626293
997540,0.009683955990597945
288316,0.008564510545372344
402357,0.017817088166014506
346643,0.013607869252275298
560377,0.00469522358498522
424106,0.010967716759925781
327633,0.0020810256611162033
978033,0.017586794913302343
743645,0.004907538345033662
675219,0.016019549451366157
708600,0.012481883445648004
421836,0.002934569209779575
772812,0.014976605214222626
674304,0.0021719959714512037
341671,0.0033916599054494567
166675,0.008047431334465274
210247,0.007222889565178329
763766,0.0024351454030161934
149328,0.0070385861046097856
421952,0.01004907991386157
160328,0.013144213582963327
513460,0.011125110737076418
129852,0.005106315338984814
354226,0.01408952674475882
677476,0.020391110762258843
957293,0.0035536375234493886
899383,0.008914585451948571
777166,0.016979391575734224
827736,0.03426740601365262
921002,0.00462395251549181
216711,0.010919105949277159
466357,0.006389025280208551
265944,0.006460407709177159
643703,0.007749887190330792
315051,0.021785746995149947
108356,0.02728092318612054
564633,0.008426958074106632
452809,0.01958492894293156
998569,0.011659759914208211
751707,0.0032158690730239065
189177,0.005159318289169894
209857,0.039184368270156957
942962,0.006463307686929157
431535,0.1363389011707902
484870,0.030978300409920136
797420,0.015163572192598493
871938,0.03467251392022909
724500,0.05806103862783052
186278,0.0027538442266111488
324395,0.010478530321970736
978484,0.004495876868935647
939865,0.005972935265513923
401772,0.005599866505995745
306607,0.004920006997560002
121097,0.009208848927457599
224389,0.011566630114182876
191049,0.011316331141378385
278798,0.0033432742776859366
967560,0.005615563254991443
816965,0.013694180478140387
923603,0.032031468409178046
761699,0.02897727477212412
376476,0.008289560704229398
876524,0.0617682615872125
508165,0.02366999768629124
101839,0.046572813970590744
907683,0.005008158494063048
435385,0.009318395784701975
429807,0.03777464845738003
395596,0.002442545801588543
437544,0.01958880799647772
271230,0.01864091274738215
658624,0.038117393880183995
612523,0.003330834033147595
863124,0.03997539239239974
135105,0.0064993522638645985
315213,0.014423457212665844
242785,0.05067737217612866
424125,0.01422598654423019
845911,0.016073359382597834
129507,0.07045537861605772
454009,0.02530528223344025
372253,0.007949803234029773
594220,0.02614164304436809
185735,0.002412663838565217
631446,0.058052772404940875
209240,0.007901870586792372
748884,0.026723544230618797
386177,0.013791957382761193
188957,0.007030912052609617
988918,0.0063986588453906635
770473,0.03392007363338344
897937,0.028476594631081834
304017,0.004399570169856004
342072,0.01930653357073425
327317,0.012313916943966
119470,0.00254116827413257
383599,0.002738305491483128
468807,0.01930339284244754
847943,0.04272035739987196
796870,0.004284183796417565
135057,0.051254523710237476
638134,0.004832191503344328
265527,0.012631978088475453
384394,0.03798931793996843
178068,0.014332397963090807
459884,0.010319892473187741
519942,0.003083680902097084
530664,0.003007871437625866
384500,0.004170749630070926
914885,0.003986507674661233
897247,0.0035667264271249063
401125,0.2914919150703386
261416,0.005680013375034134
359554,0.031009181834034134
454450,0.12802489948947285
344279,0.043290380893677274
117833,0.015826002395859344
475347,0.004096322991735711
662645,0.07036425988649586
285998,0.02234348081851227
360995,0.003372053409102266
448733,0.025864583998931375
880449,0.01218642393965039
115498,0.00942858526486518
157952,0.007130757752385239
189373,0.0034832512945088883
743416,0.0026650688902309966
964492,0.0038363263227938864
637337,0.02088257264064401
178584,0.01988953523848394
290264,0.1149004193165147
556381,0.011107327216996374
719716,0.013128864284464588
856170,0.010955157854915578
479686,0.017537087512160928
654521,0.0035126011595005336
938594,0.00588295870814153
861174,0.03859087938305778
513952,0.017238748640289635
219217,0.04101881899374594
480624,0.002687193780202969
601980,0.011015851885948015
493351,0.028526951252379706
238838,0.02983629040527652
346230,0.014873208099588874
587198,0.041172571922456436
659319,0.0027349204200327617
707199,0.00536800998685085
156303,0.002378548009028414
536993,0.011110819926957734
591163,0.019058544618752716
695218,0.006546730069579907
969085,0.05187598581764142
308804,0.015223532042710822
950668,0.02539470737478364
985814,0.04689039031633657
214285,0.005523036985984572
691623,0.02354010367311221
131592,0.00443546009911087
565048,0.004300375621960213
831861,0.0036049480039816737
502963,0.002666947671314771
770736,0.012955799517894256
218077,0.004916897882523154
637416,0.006614981858097008
268591,0.02966262424385286
841326,0.007971399499903142
621244,0.03063028297178679
754183,0.0024382220642716283
571604,0.011873152821485778
846605,0.04121742145705952
742851,0.0296391989789829
357661,0.014306260007612833
194865,0.037382433909477465
272397,0.004218691373453304
859364,0.0053321725253571576
727203,0.010198032724185638
230425,0.0020586097772736698
963688,0.0036426947409915083
197301,0.0061894099619584295
557323,0.016172889165936257
598003,0.005057487720358633
809127,0.03489595062821576
777477,0.013097954349324162
957782,0.018679141518202897
437718,0.004947971974800035
977253,0.018467151724565933
594622,0.007862200116751516
339060,0.03245599009006289
584652,0.00959298351546441
909893,0.015114790415976598
559395,0.007000531389085303
335841,0.003027370458945192
545624,0.0034596118259373346
518695,0.0032820711691488565
246011,0.04238144658088062
574201,0.028517378674925372
542458,0.013914766808017662
674685,0.031752079318612174
612539,0.014795082350751219
588754,0.012262606360266232
552726,0.1224972648261496
591732,0.005961561139945431
933532,0.0038428289477686578
174491,0.00784125489157606
570302,0.01794583183219688
607171,0.009985477327467653
660330,0.00233542488313912
226711,0.015818007898601837
291431,0.011237724728164353
189145,0.0751687850842498
821261,0.047228293809545026
757732,0.0035007307387908645
954270,0.007103327536546333
591782,0.011163802902711819
582206,0.05448658011104849
456281,0.0035107470773861763
449033,0.02113688795386559
185830,0.006132962729633996
152721,0.005351868384357091
139320,0.006994867800509683
295976,0.0450025564269252
257465,0.01197980746000667
782265,0.03493188643099856
764040,0.005509845855773908
134871,0.05037755544347013
390189,0.011489872323187243
870083,0.0023114231495943243
556181,0.0039325486047973954
227953,0.04138053567445033
883150,0.004585883328844854
922524,0.005738585604536005
503875,0.05161448711586871
962559,0.011409124077911384
796074,0.006742477970023074
514575,0.004907538345033662
985051,0.0072918816851172095
865729,0.004527567839751735
786576,0.008376088189269593
988495,0.028400125128874455
547534,0.01713750992672889
255219,0.004599252550005416
713069,0.010044366778310719
766613,0.003129306850675962
408133,0.003369641813609719
897762,0.011381468772640018
446621,0.003624094711734917
516441,0.01444111284553471
789054,0.0039746171914685
532862,0.011633402510633103
205442,0.012052274955995597
994573,0.05867961570973566
460718,0.014721907229914196
859263,0.033239035652747356
416989,0.00889835085110434
117113,0.08141297650613882
853845,0.005798101953466033
111119,0.030664629356183696
145113,0.03112734452411331
734268,0.04585801417153248
581598,0.0032334991493261998
364550,0.04989140679182475
683659,0.06751832940661044
110869,0.009222845495864782
444387,0.007101339660461567
334021,0.00555076722969211
818780,0.00659209816991861
157480,0.011321913667731042
725473,0.004816417773408605
307915,0.0032253010904306763
591171,0.004711674446924084
863500,0.0065993500800837135
960531,0.011427564191747463
904235,0.0025410134649091008
377470,0.004507650816866461
246943,0.012343009003043567
778174,0.015729487333412246
193085,0.00392792318346121
864637,0.005680457948985994
332713,0.005511411489316049
827872,0.005426325399975189
882368,0.009332232621397962
216329,0.007867794142713953
853752,0.07974961928948067
346635,0.006431081441700079
588676,0.0066062270838863875
559275,0.00583617779361254
570246,0.01504082133599728
768524,0.01236710636165685
963556,0.005014203707730776
822308,0.030510931992992582
449242,0.003213013804268987
302402,0.00462441704997335
474839,0.008221614345125831
970622,0.004187562946682209
671867,0.0023352199276818956
324492,0.03523629137614932
688646,0.027506744084931412
819456,0.021095890141493455
778586,0.0026959180601214073
250196,0.0029693779755716253
785238,0.005108065003011138
110815,0.002373666493567681
711223,0.007668674836858582
536526,0.05108334282537265
571652,0.004670357953119027
508966,0.012153471124589275
786443,0.011536445538470282
285093,0.008526855936147503
130993,0.004088204288202397
847960,0.007050860808573328
924351,0.01824800358963525
266696,0.004885698773307263
125872,0.008912460430352289
262464,0.006334008145415121
244887,0.030743488798763985
537599,0.04105596022754502
705544,0.012616528423297406
287454,0.02658248615831582
205557,0.00686646222285469
961205,0.010877454962216147
274334,0.010661492037028741
243975,0.03563674775176514
659492,0.013132326571255334
473263,0.02001288340477592
234826,0.016523111476733538
196819,0.07873439703411785
356479,0.0027207175020922897
501251,0.012092127832272665
476165,0.010827732213582046
609886,0.004478721326742788
164334,0.011927992249977922
427289,0.01320955586867825
284553,0.018080307550091504
923093,0.003679936902819992
624265,0.011873152821485778
895106,0.004251117156741493
511418,0.005938073511773348
458138,0.009018583571541748
564002,0.03843004798707416
699645,0.005938159846609847
998685,0.008983370594560263
694071,0.007013780302948034
492638,0.003702123434541856
872338,0.0053027012693986865
774140,0.011212437419198829
732121,0.005678230143987777
624824,0.009017494751481302
896008,0.0046819717829040056
843096,0.0025100794600221156
262790,0.010388215889715271
553469,0.014646603622879822
470764,0.008746462011556544
368323,0.013098154434861016
340029,0.013506736392809497
244400,0.006699185397929886
768883,0.01118816528670293
100266,0.03424881259926772
498054,0.004748653469322233
514823,0.07300542170792482
622533,0.0259432297873053
805715,0.05076096968690723
350008,0.00633889412864525
975562,0.038843758506146714
143581,0.006055821492263693
475423,0.04682610545242032
889215,0.008537504870583053
202900,0.018255001168362144
670253,0.04008544633868897
946899,0.007127202935609644
713883,0.03822298574507738
310779,0.003924855975032345
699735,0.0033594432417367974
645716,0.008054724746297587
279082,0.00803779583990775
994963,0.009660882157739697
411923,0.0036366539126396987
898455,0.01324452482306668
140069,0.03192516025595802
468046,0.0851773905059567
156502,0.004505201929625009
807748,0.0044994659417596046
738834,0.005558885820239842
413956,0.003969545020513535
621838,0.013587337447636202
918593,0.046847816249152796
415309,0.004209796180030677
567287,0.01072068534013045
403435,0.00297265921487834
434055,0.029657703861457718
902729,0.02577799959569848
785742,0.0030936522888501956
223301,0.010810147789055206
749793,0.0023450829297150047
741716,0.0018912568865221305
758140,0.005182531705904552
844854,0.01812005946217211
506408,0.0055191683718743305
369107,0.03976256465744824
732749,0.005751481230204485
293763,0.0131513043434737
943508,0.01733338307950489
315758,0.030568181023757003
321506,0.0051624691892471625
630455,0.002503753289363468
944339,0.05825516558870066
778300,0.06415472360180363
731419,0.006638579978039572
145701,0.0071133113692479965
364527,0.015440689024709058
942678,0.007010630119276313
896830,0.011569727930081543
578568,0.0041909907378621155
179694,0.006820320634395983
520263,0.009986721994835277
647881,0.0045219680224443445
982787,0.011578709541768862
478986,0.07113100314699713
738219,0.008506976591168438
393350,0.00587306443881684
151752,0.055942834996300414
995362,0.0034962859045942476
571475,0.011265782167974237
708188,0.0024708524091626815
165194,0.0017788719978350436
710052,0.023844856649755837
794599,0.03117569443510238
268056,0.04055635984511887
209859,0.05812140560649477
331131,0.004714053339962908
343549,0.1096070809877391
611198,0.003441817859151563
811105,0.0077788295747781774
802513,0.009979846649948203
287983,0.01512299951177472
815463,0.033848709099184617
290644,0.006733686082353173
120849,0.0020514899586800014
220327,0.010154674049599494
170927,0.00469067563972748
514985,0.0033407691112787518
155505,0.005874914699481089
193009,0.00897565453109438
273928,0.004572267817901151
621427,0.012544936032404464
337053,0.011355883708149314
455499,0.03142186082129934
532914,0.004587104312656188
648348,0.009320151968444854
240089,0.12998675079670716
667706,0.00496364076770384
616801,0.003944476777996958
640335,0.005484746851075543
799366,0.0037684228296983656
349437,0.003056219966173992
576838,0.004539913553463715
225845,0.02688478155714548
637936,0.0013766938210004608
128289,0.00396805808783022
430921,0.0035035030354702047
140710,0.012066291415983529
419770,0.003887035784384148
314954,0.01279085739344736
226593,0.0028018151147676967
324057,0.012411236178771063
579172,0.0030878730123552554
521314,0.014969837941155742
710253,0.011904891791233827
350683,0.03803847145451474
194589,0.01616914473235659
818309,0.004519273689257294
204583,0.011283929855912452
362102,0.007814155671691716
134085,0.04531898481240495
581120,0.004218910121783653
918738,0.006735138213065975
267053,0.010219733456929447
465172,0.030876253398223794
396440,0.051666060293975385
797550,0.04124382095606484
485545,0.012169357251044026
314834,0.00597617889338577
843049,0.0024038701952807597
351674,0.02872310846364023
368719,0.04278994120713294
945987,0.003626185952670563
474157,0.04213878932179028
729787,0.0032516197099923447
351286,0.01075774652689665
918645,0.005959014070700993
940889,0.022935549628587928
186211,0.001229606280653956
469318,0.0024652242471279555
445413,0.006698455938116203
536970,0.007714179502230444
760349,0.005001407805985778
938897,0.011450873064414611
388717,0.07335825803141587
798041,0.0017870145771447228
330666,0.012455339625281349
648859,0.006380351927814135
640807,0.02442267617829777
115615,0.0054691882503610486
874603,0.013828013577861089
911015,0.004672383805448898
529814,0.0025723744977601977
679748,0.04039249952084337
932466,0.03899641569842216
321599,0.006691003833537543
762446,0.0033408700524691225
349611,0.07779087598447913
303330,0.023703202390984873
696529,0.010661581647816753
492621,0.015549963127050074
857459,0.011374728411367418
636670,0.021797333330757916
957033,0.016669075708691368
611813,0.004288805214950439
758650,0.007378793855903106
764079,0.0138868795802619
890338,0.007892399569383242
725316,0.00820943682849959
594802,0.0042109807189211566
316554,0.01573957277915951
677780,0.0047096896266526625
457157,0.003540862297154136
966364,0.015636835565138882
632911,0.008386213225579753
909650,0.004622360025755149
718325,0.01630340172293692
131704,0.009711055908446734
427146,0.006738575740733169
623342,0.052492161101095364
120187,0.021325041095933656
684256,0.004773876117328421
776718,0.0024741436158016617
763119,0.0046281322436747645
792797,0.008857965164345337
657771,0.016939335123109814
207350,0.01536119329610567
329862,0.006089629068489425
953911,0.006509065662882944
703665,0.004160445251718145
264068,0.013833486640465473
865590,0.0033152091365943525
163188,0.006022772708037063
443453,0.005814577335419931
404145,0.003809624009600316
563423,0.005551620832938093
271301,0.0044798257059431275
915343,0.014882729205942441
957375,0.006141256516303709
803922,0.0064192081174276805
274308,0.010884116992755788
350782,0.01437237528426049
830548,0.03129247432342737
332204,0.009251791096841723
281816,0.030403030293848502
676290,0.0501519773503905
958675,0.00562435518153856
474859,0.04697690105953969
975756,0.0032145967033048567
550225,0.004299776715887716
623689,0.002804538865969236
868252,0.0064591696138581334
934038,0.0025860583688832634
625999,0.06060186564559253
785855,0.047139198410132185
591343,0.005119543875987353
264609,0.035002043495100624
203814,0.005640566552142208
860772,0.07280041417065108
204961,0.007194664994660771
502001,0.0037324491317487826
411890,0.01685314626212673
971393,0.03628524264130742
954440,0.011303092814565768
637783,0.045881613365123336
659659,0.005903384737313708
228118,0.004001592215601805
167336,0.00742865146618403
210627,0.006158564270394827
636050,0.015680486894897032
660856,0.002927856288471172
661584,0.011076543334241932
992077,0.014498743880797716
565004,0.009452839726573658
742376,0.02382845860397874
882380,0.0064629970631047
798698,0.007798793806872989
456245,0.012217324053875702
345592,0.003939506098666798
493090,0.0033302497646148944
761067,0.024431815883150944
732276,0.0063071840882823315
471091,0.003069219809609842
521843,0.026235420391089618
686082,0.0692235562423505
577223,0.01910814739304503
705202,0.007225328952551881
859716,0.008386408043120366
628553,0.014865217033042829
977573,0.005470220460200989
898282,0.017295296809063245
614851,0.04840651060579229
904617,0.015084307539859261
879967,0.9999999887890335
307508,0.005550164421078309
457773,0.006933920053485185
959659,0.04028167664357612
310904,0.03371344576902319
963816,0.023762142640907168
933772,0.003972911300703821
513264,0.0038500127565708688
381699,0.03713400629620309
913614,0.04832144038233805
884471,0.004494791696315223
230394,0.003354395852581423
782869,0.005685584122345304
527050,0.06653326069296878
335484,0.004808590038138003
361425,0.024745414464448535
510139,0.001975400960869349
522473,0.0032664082354206983
848103,0.027811368928229496
874371,0.013002855649134558
434008,0.0035970580930561416
439951,0.026079960247686013
965292,0.008580287937560015
814145,0.008266874941793737
592341,0.003593871248914701
262699,0.06855332837344502
598640,0.016485573163764304
802176,0.004513479366789877
662710,0.017756168013393685
198647,0.06743645586909706
704128,0.008322632858101474
606548,0.0366002730239581
881896,0.003788122377646176
335705,0.026890667709543476
762198,0.012144124367656745
177118,0.031838020680224934
209676,0.027555489033082727
850652,0.014517582875359465
157309,0.0036960296183995668
816244,0.015029463863984193
806478,0.0121629824744197
772256,0.0282061459505322
556490,0.008116774988945875
605897,0.010140337321372256
274455,0.0029358872277767257
887370,0.011804197266868256
456534,0.016939573289548187
956075,0.02101394197112466
600417,0.006245921384958287
944149,0.005344577095435182
282376,0.012254658023763607
632972,0.016164840071188815
647840,0.1343447196702361
469375,0.03323264967942014
867695,0.004081391812599014
358783,0.002793968809823674
963116,0.015013633395488293
750044,0.018772979137114287
247208,0.004204190889746071
924035,0.0034077011505359964
126368,0.031099392299876315
674932,0.005223780680871583
943263,0.02053051772785858
122956,0.014184993461997792
975100,0.017179319196250604
564920,0.005970364557854494
391692,0.010794595310075376
761112,0.065958875393983
172093,0.06098707271159793
344475,0.0038485787843607552
880210,0.01836221978274328
499048,0.009157522433748436
432938,0.008706893721089834
503354,0.003038125883795067
742632,0.0643198464313723
510358,0.005129687194576189
618854,0.01719927281127881
845801,0.008362371352135318
396525,0.00476883612363677
879578,0.006267258093812052
465074,0.0052928776460797276
413090,0.008765530068103407
940738,0.006069405057381795
940940,0.005616938293497943
754828,0.01248486134668272
722612,0.003314954753668488
677091,0.005351886397567786
892226,0.007992539179539536
244485,0.007714450114218912
541411,0.002736128343304449
578603,0.006292361457721421
107801,0.008942573786962688
288387,0.0049225121235699654
225749,0.01254734693565368
172617,0.031041055309157642
206660,0.016415884011915953
990933,0.002455563549353762
413786,0.0031737546408460104
289122,0.009304432533716062
195218,0.00716243657984364
311738,0.021426102336783992
384602,0.006883855215072918
793965,0.016362326457568077
927921,0.023748111011981442
942293,0.008642934252607107
753226,0.020511213290570724
921705,0.011101737225712343
712788,0.02113987321735056
286953,0.006877500130657493
491672,0.006263855277028239
494985,0.02247934960081836
607614,0.07920377642874679
918150,0.006453806069077882
109688,0.03378017545164283
819028,0.01343953341443208
621259,0.013815969242124025
145064,0.006753045859752824
355459,0.00976864281065642
559101,0.020756641082074763
318488,0.0029716764722046434
253173,0.006166748203650088
878859,0.017067644146227332
727135,0.0069073419548132
458346,0.026368522185458987
924488,0.011841560917407666
284929,0.006840501034265747
301562,0.007289358834672558
390958,0.007562525176885692
502856,0.03020823241005832
813816,0.002912192483813842
636190,0.002333426190226478
109752,0.00555232214022791
604486,0.020050089661864737
188716,0.043258553843880665
897560,0.09693473317161506
622108,0.019365739021863525
625625,0.022208181452310845
195527,0.007981860504979284
100377,0.011072479369360051
679492,0.027918882884303112
467368,0.013349160692693521
216084,0.03811416609341606
632947,0.006009411200302954
537068,0.010778169792045964
881226,0.014418753360165886
385984,0.04013217928784846
816276,0.003257184786683748
364198,0.005584248216921491
172865,0.03620809390549744
576904,0.019307894342936765
530376,0.030067929807477658
190307,0.0023529920343012306
281674,0.012363915446982177
757312,0.011873152821485778
450863,0.006818322618749289
500673,0.021250549494763606
696826,0.009827093288676394
688032,0.018804836628140916
192133,0.007140380645340512
402867,0.03854427241081423
492832,0.008734237797746836
994084,0.004233158181371643
988311,0.04018621517264354
797990,0.033652903263323194
707949,0.003581330897388224
229792,0.02287085639318035
601096,0.011398430639651081
407643,0.00316923329953095
687533,0.007124248735428223
778609,0.004861636623042744
828021,0.015744066571843438
699856,0.05070682784671278
248518,0.0020288454297264493
847854,0.005343885895307002
929007,0.008742008193094106
359526,0.021891673622469545
258571,0.0068063194659388334
868460,0.011398594360557878
305754,0.07194189160090075
341696,0.004447987455925527
789706,0.02878756124402371
817995,0.01052926254973501
654767,0.035749288193654256
461685,0.008243442480107041
515638,0.04119068455028586
749838,0.042875231583286634
516546,0.0036351376478832888
951052,0.022741342289028865
574280,0.03633779306593138
466327,0.07883144224712899
139316,0.005137463955440252
163043,0.046582948721207815
177547,0.008762996815934043
997443,0.031697768022887964
572019,0.00452136690615841
299660,0.005476738618569991
617521,0.02162119531014572
803712,0.025396024404189005
896167,0.010463556708269886
551131,0.043365887589268036
637905,0.006709406569558882
363298,0.026916995493294994
231062,0.0062668566350873225
418748,0.08164873697291276
309287,0.05252141749827295
123819,0.011171740962747907
400703,0.008211652394871774
636952,0.020590363729628716
593855,0.01284744170953781
823254,0.007693222986276721
851967,0.007046833800576524
356505,0.0165493792464074
532944,0.00451230904704437
517450,0.007240541443712359
464889,0.125707299100826
696292,0.014440088169725276
924428,0.009061950228160996
142514,0.054416469216083146
231871,0.005322966527390713
221611,0.014977342146434832
922821,0.005068100157223325
223584,0.014538451801771931
845132,0.004873266459996127
540350,0.0272695031127056
608105,0.018140132433427606
266099,0.11630120470951556
815409,0.03033085504305741
333928,0.037587664519195436
571908,0.011755142230839033
825351,0.009220061058740571
976163,0.0024174666818284544
861097,0.0034981676570824223
793001,0.004377446684308933
170083,0.03994945822927327
126992,0.03593555529694433
367880,0.014323775593215073
705395,0.0046270175731328725
812869,0.008082827735405923
306031,0.005062531355336228
770393,0.00705030104517298
820241,0.026957756911084235
812978,0.011670521735486918
938929,0.008652412419852748
237722,0.0328577627278711
126957,0.007401447632542055
619170,0.09878126086106147
860171,0.013836829167115658
917551,0.021014474911976895
743446,0.05905384325228003
213998,0.00336470674311949
951162,0.015730946576055237
489466,0.04498534627436108
600974,0.005791505011567731
164232,0.00537197085927229
485022,0.008546795593851257
624684,0.03271393167820634
473482,0.009574097065940075
609038,0.005482703798156242
702171,0.0031433971281331226
782495,0.005741162419610974
818570,0.009782907323189802
421983,0.08777766246917945
996014,0.00510323926960663
934979,0.00632516033862497
769086,0.016302454132417484
216342,0.051739177650666414
615286,0.012398159863141694
405874,0.0025819923566928246
949385,0.05871457379114901
760820,0.005033725949396797
612651,0.002419594462464272
852188,0.01784964271782749
790178,0.0029927627640779775
242756,0.011873152821485778
577003,0.008340674168060312
312269,0.009058985910765507
859884,0.0038832185172364177
816267,0.008140422422109399
162905,0.006045779279720482
117719,0.030516757122764054
967907,0.004023245889906389
798880,0.020573263622954606
339207,0.012423424594541242
871733,0.011520386046385313
611529,0.015159266797648422
474244,0.0049100683018742895
868034,0.004537477047887578
536495,0.0031453519194187913
842325,0.002477887591679755
181668,0.011490305137718733
554885,0.0033376981466085196
708080,0.01582027884324977
449349,0.006453045470771806
814796,0.029790386438442496
793394,0.009775985957787349
114641,0.003438716298635747
917694,0.010469435752635058
325301,0.005538387074573933
875010,0.0036488697710653616
366747,0.03514902339659213
207346,0.02379417487315309
174382,0.04701841836384909
985910,0.012442373062856548
642914,0.06407772434222989
733925,0.0055179521301406
829126,0.03148658221037026
104373,0.0034099162369309916
255127,0.004754820872181094
845898,0.011045594054412793
708414,0.038113953826092554
233160,0.006787985137131059
425996,0.04795487415642619
474240,0.01595778120163922
143130,0.004217780297907684
753955,0.02081541519309911
627856,0.0059180374475019575
456592,0.01142565927859931
575726,0.0342708117817481
493488,0.009105401234032955
303160,0.004640097937503664
736250,0.04616525945816309
535457,0.0033706747946398797
468209,0.0069718521003634
329554,0.030530747747367037
327263,0.004753280257541345
169757,0.021287068125365797
764081,0.25817588005771674
521435,0.004277063207736628
278709,0.01979087648864228
576492,0.032588367442596015
716915,0.08543849126205734
178356,0.10280313951221746
884600,0.0033926962254183877
440073,0.01912012050647115
602796,0.009799021356123285
365962,0.003846029340522019
923886,0.005339630251109655
944698,0.07000031042474351
438771,0.06580251507142916
678877,0.016788181821437886
838877,0.011374213240524471
799594,0.0016384888976064685
834290,0.005882292172817741
868325,0.05395835138889465
266657,0.005222178350307677
475704,0.029812415259632234
967884,0.022515964329098054
126178,0.0030313945344281976
309003,0.02960067655505736
240937,0.0062028951886995845
656529,0.007747508895599117
351952,0.012249566348326621
354126,0.007443150920140811
484300,0.0228785010361361
484144,0.005524999209678144
775582,0.01291102816085594
634619,0.012931329757796992
637046,0.016343128244002973
539273,0.011088510911339052
676543,0.00529842266771229
530195,0.006565312291649904
568620,0.0021433101857918193
410197,0.017673054744540784
233171,0.025914319503975117
716374,0.056820938935872124
388374,0.005417177326539701
967371,0.025021937742687475
897632,0.029099723747317226
178009,0.0036894329375929923
751110,0.04158934881385714
560354,0.005668428451623782
746705,0.004640479033440083
975696,0.006464068875477802
420842,0.004877737638154429
791190,0.0033389742421240077
502724,0.06274752297951151
543850,0.006234779470478115
587072,0.023262954337529358
210602,0.058707248852688326
996118,0.01711557109044149
907068,0.0022645522999950444
888414,0.009052491805718212
432802,0.013439029541272936
942480,0.017950013043540904
859818,0.009035009266753687
273395,0.1304781834043692
925199,0.0041955071040894005
161210,0.027290873554712426
228060,0.005011741330676651
919487,0.003113639481098804
911301,0.03342020895618763
888749,0.008304942808937859
565631,0.002670055027562807
153110,0.016368678808387074
942309,0.02775501802081664
874541,0.005090047948324432
536585,0.0075972730464913775
528312,0.008120565200307118
380334,0.004081980918779741
246482,0.012533219320635483
438307,0.03644213455012593
808056,0.025239329939761843
962329,0.004259773282147722
642187,0.02134938290824685
956315,0.011409132025056673
745492,0.050420771456290876
906640,0.003300849703043529
433552,0.012026791236663798
355039,0.021261307486189172
403807,0.01234450476937635
910551,0.006713164352340485
289700,0.001720770627941199
577427,0.03275320309892085
255783,0.012661533951063134
596157,0.004701370737750419
701074,0.020905756757272742
299068,0.010022720688442717
605375,0.014493505705031943
878957,0.004204122678945734
973797,0.011633260626677421
530718,0.006794961948360235
280528,0.017631526546335048
796532,0.07712049892770177
423410,0.006551685715002762
155544,0.030482090330506636
208672,0.027924483505766082
191253,0.0031905681688637923
173894,0.018349932304035983
437991,0.004357473532506054
513406,0.003476092915658021
569691,0.021599803633897165
555019,0.014604535976975476
169747,0.0382614708065622
631473,0.005643807911672909
496588,0.033878850717804776
474908,0.013448518873895567
792730,0.021129523812053203
272031,0.004258197340195533
972589,0.007648224942131523
333969,0.0946367519310057
570257,0.02954939237501961
364815,0.006794935110681626
491062,0.0025134899237745896
683720,0.0400997473407209
626342,0.028472859003417852
496858,0.009464344398982126
759371,0.007502570087251069
127037,0.0032946250668340646
635481,0.012221562165772592
718056,0.012693173139315159
418825,0.049388852663758434
707635,0.007045163680648984
144103,0.0023368503178903847
298002,0.020482204486401097
832474,0.005830938016054618
439530,0.06586761152312101
269497,0.016401744963743824
302694,0.006582426603659553
578419,0.0064281062754883754
758914,0.0049894277872800765
486965,0.005609078521655252
274497,0.009101153236280536
872033,0.004594329141536264
633203,0.0405164801938808
264180,0.006098214662014023
659278,0.009822193375599985
380137,0.0034280791766320108
645687,0.016622030606649837
307715,0.020343571846807358
615763,0.09567046840650179
417407,0.05341001120083494
555936,0.01161188315370381
165080,0.0066752070637514736
433233,0.006299425540377553
316556,0.020196309337976694
278645,0.01643228506673305
620069,0.11008682078562662
137668,0.005208959538234145
307662,0.006075733001316591
609237,0.003789753655180091
663863,0.012354896588025131
994399,0.009858439912636525
761307,0.03508541129056637
170735,0.032241908314290295
338230,0.01211039224773059
457537,0.023646249626736972
627551,0.004227324938205928
743340,0.011375152111481634
840542,0.005654720525237439
318259,0.006068640371996688
135786,0.003887077927563789
914755,0.005462851910033828
437053,0.023985560854636864
126145,0.007433067488737526
713212,0.009875659088335792
272902,0.004009024274346574
348890,0.11925108137560063
607313,0.012592757502960263
198291,0.00730834064154603
560562,0.019577995909460605
363433,0.007472294112481486
712472,0.021784205429042577
612173,0.09173376805760004
934848,0.08078588814965758
584758,0.006988791453460211
672335,0.007583743612448952
244561,0.006170911902480023
661401,0.008278792068506092
337884,0.08391172450112859
470444,0.003450571963671775
861500,0.004735031832272598
367900,0.008151934784625572
923155,0.02319570900443433
215279,0.00915572035750168
922961,0.0024814092109872636
437314,0.008238552746047992
880006,0.022518112279599708
244601,0.01986588274552799
527429,0.005827993795549533
177086,0.006529969316178442
895325,0.03052874996284748
628971,0.07506413985307575
461179,0.038529803807458955
342059,0.0107954774931866
290176,0.0018509096220232183
498816,0.014922896701000117
260705,0.006351308475204981
652119,0.017137063434888158
438772,0.0033396038935923846
791043,0.010623034408952724
455679,0.0050628672567316025
579418,0.007071181409204477
944267,0.03763410062719023
516066,0.011441739958414694
532215,0.009188828272107631
200797,0.004174129518946886
146734,0.01879683780058291
746801,0.0048901720528478155
808189,0.057528048758881956
726275,0.021220539693997773
856748,0.005317348724616557
484316,0.02362602034880504
618770,0.01682574528635895
910573,0.09698398716533166
365254,0.005859188457292562
892888,0.002973908842477551
389923,0.012234479601080414
953521,0.005266250818314391
372720,0.00351595855643681
608061,0.06457369729034072
379855,0.032617004532621695
333006,0.0037831790505392883
193207,0.010117604101571689
525675,0.0033771586699056035
222521,0.03423305624645863
762720,0.022249839729759035
551961,0.013964469383883779
180913,0.005455967420216282
669533,0.012130494068151757
603751,0.031613021910081356
809613,0.013126416391361313
151936,0.02279770823878248
955770,0.003014730505644611
746230,0.03469709971098683
988166,0.08035821938640025
322179,0.049981503499897856
522877,0.020661239998293616
520489,0.026018379771444625
168048,0.004668087542915992
757235,0.00665539047578495
696801,0.12470875427302609
253140,0.00567660223934644
502671,0.004268114912040126
132023,0.008190258708292571
540414,0.024246490829439377
837068,0.01711454413235496
826972,0.021425196364261302
639392,0.006458883359548168
545066,0.02910146806342302
254187,0.004583656142805903
508776,0.0018937733837146476
353731,0.023208087420106903
454599,0.005654235068048775
865279,0.02319409266200922
550685,0.020100502556928957
399515,0.009234985715897042
687501,0.005767861518650519
320795,0.026394541669144265
402800,0.011467748336769093
116814,0.06942879134550621
493449,0.013214413299411065
952251,0.0026672270929937814
689021,0.009473407676065136
846995,0.017067012524792372
270032,0.005535931688192391
933348,0.006203538449389775
579378,0.010961805167213998
787372,0.00510694673124264
310962,0.003978639429403852
674866,0.014942837606179992
433307,0.003342812283783912
313968,0.03377177439436201
302549,0.004912336971700663
270089,0.04488506645977634
775634,0.03172103483434934
942945,0.029195728348181283
472872,0.009048043971192835
168603,0.0057921101951768
626631,0.03277520597990981
632137,0.0770908283332937
351923,0.005316653509686381
700708,0.010859916473008073
703989,0.18947078978118734
493915,0.03139167361357302
159396,0.03722084431771638
992920,0.007596089573337151
903253,0.037992691557513926
467705,0.004063585415210402
631226,0.13195114003739972
373585,0.006766679766974972
510684,0.08661647466459517
859722,0.0043230470844894744
205650,0.042853589209416586
802700,0.03321084462141531
219720,0.048713003398555534
569206,0.025636514508489236
131455,0.007016819517732884
603022,0.0024658580647297394
210662,0.0554134950857926
123322,0.0034101653162855916
974307,0.00841074740649706
342694,0.006294759867638282
878517,0.005289614927538505
735007,0.0026455705581358035
922401,0.011776502663233586
583381,0.0028428469766344213
260562,0.016563568412256698
662734,0.004276428047063196
428403,0.0632971205228774
415136,0.0024719826744178455
504382,0.007189991913615843
810372,0.056537316370399264
557765,0.008040765925874285
251218,0.030359792326949478
816907,0.006666565086320498
932323,0.011596935987419156
554819,0.013360962010158203
369229,0.006941974853094823
833533,0.00750734181571065
950551,0.0350814324565971
884693,0.009212585080368357
156350,0.017284698763100764
161841,0.03527139118548183
868533,0.002467460452487677
698705,0.014657732986377632
970865,0.003625289229628184
748325,0.003834899270247533
524667,0.002666726000741379
189269,0.004266819537573129
219808,0.006802636215440808
896366,0.005486309796742485
713215,0.05031791765894675
638743,0.0023835397292439665
232692,0.012444399694918102
847077,0.02456711889940313
306236,0.004867619960362349
872844,0.004891806054494212
922496,0.017793951792144633
138556,0.008972225497666799
791707,0.026024390434970648
663695,0.03486732052069955
217247,0.019580120676475334
796592,0.008823711116452478
918887,0.00504711961644379
911292,0.04470164644226624
249592,0.004745102627306924
688141,0.014723967612190287
519621,0.13787221295316543
155573,0.014422316127712767
176907,0.003925653587939158
815686,0.012143999356300922
219704,0.00844004322068191
622890,0.014279564327161138
760203,0.0018726087390383316
834476,0.03194644539681862
197090,0.023582200178387067
606688,0.014479957771401396
280854,0.04524203491381656
182468,0.015561752041238828
875141,0.015560560090048806
627429,0.007069804886825753
486984,0.003069977556034076
967029,0.005271222811741737
295159,0.030387452818703576
528686,0.0032552274358627286
456622,0.009227808363834985
164146,0.04760469804434205
371728,0.0051552129266732305
846378,0.014906140396583506
207684,0.038906859716671065
529638,0.03181628383633449
452034,0.017439020858109947
827159,0.0072190043168864565
819742,0.006524803997443067
333878,0.005681476027117606
915878,0.014799987396544685
929237,0.0024602713653921345
868744,0.01438239343452558
175425,0.07599581142017328
385933,0.013154379224129977
739453,0.008137810657239697
580005,0.0035491601625455486
476819,0.057282623576555176
553256,0.044747433397901014
623852,0.013507927304737034
937407,0.0048680879612262385
577704,0.004841381815291453
313838,0.014988095404493206
268291,0.004330650129373714
630970,0.003360823115473665
355320,0.011844108955819648
903182,0.009575657364409186
912990,0.00606572745715261
767760,0.008162988359156386
204166,0.005479037202774099
400157,0.004043073152815586
108760,0.013489566574392315
817545,0.003036902590184456
194716,0.005232103185389042
384260,0.00947779785930677
403409,0.020093305198317823
685141,0.003396307318779545
690148,0.00284101083656764
361421,0.00877437366451167
518314,0.03352213355508292
166205,0.17910248224506037
872298,0.011109401581692758
902347,0.08938110822333195
173423,0.004955810973577569
318959,0.006655192988899051
853795,0.0075353805627280945
235042,0.0855296443092947
227626,0.04629103447822675
388945,0.02506808798995661
546439,0.13543372391011294
475483,0.030042130856545803
156603,0.008113543313320037
626336,0.0075666371086352295
917242,0.013664377571924884
536321,0.013259555953034447
619672,0.01387860250977632
575569,0.05225502098097469
956678,0.008653901057287772
660493,0.010603739686400868
882517,0.03006461652746656
833409,0.012119111730198999
930100,0.005161122059424985
900444,0.004093520805997488
225011,0.0063221892370717335
125642,0.008111843463048652
974330,0.017398877332854314
872705,0.03581896965472547
469365,0.0346272726237156
521908,0.037564703809818606
879489,0.008687926328083453
259461,0.004476695202018935
837989,0.004092767066463634
966841,0.02079925576426034
264407,0.01227468952147322
948263,0.008001585561460738
885468,0.002346809370442187
961673,0.027688038718104525
107634,0.004846026431235552
257946,0.011648083915667547
915801,0.007897431887156872
499556,0.035422038111493234
299181,0.01006528701503822
220544,0.03582482060407011
405582,0.008203028064766764
977209,0.038781967744718863
752314,0.07238941363459665
868246,0.004736182362817656
176638,0.0031028146132864956
942756,0.005696785493141768
407549,0.012464334450097668
722881,0.0061400633699149245
833856,0.006530359494936045
972222,0.005221535737009791
978826,0.009837387434474537
887897,0.011980577840979405
715369,0.0034176446515753276
292618,0.011023168499481865
215398,0.007274790505615301
477141,0.013396312109564703
870777,0.0034246930080080625
531157,0.005271567606595274
572119,0.04758109463421572
264983,0.01840842065848044
451956,0.01886038491676488
239315,0.0044658000760962515
858939,0.006276527127693429
927742,0.00501726266546705
292069,0.004122274355472851
868703,0.002625394725005968
538852,0.003222683198771278
988348,0.009578704172534426
232487,0.002278190607597839
257220,0.02403065083751785
470208,0.004266156148299394
663511,0.005590760963600949
794663,0.002756064109317062
387860,0.013887633593880604
113489,0.021159977995354583
114319,0.011033078223261229
821648,0.06807736625813311
809784,0.030435360943227376
119036,0.11184106720237783
331537,0.013253530341012601
232099,0.004770240789032575
935238,0.008066255382900553
871521,0.008781895125279672
979589,0.014699386132931683
410425,0.04614655158425874
947158,0.003530959742230399
583690,0.010584107590406674
239883,0.008024720186853681
433660,0.01557600207628471
507917,0.013721200221396262
493553,0.030728785988794655
481271,0.02084540905138291
421936,0.024292413169100656
106213,0.011883136392201897
552325,0.003965718317633988
493087,0.036012069676283426
543664,0.03260559394985504
703491,0.0032186879847881534
646193,0.018402025961481702
234379,0.01837482380899117
238261,0.012917529553157787
249208,0.012627566986459986
740362,0.006372237722294564
803176,0.002419955350600813
310128,0.00476514909191232
747541,0.12038769782131273
612892,0.018963314580712785
922352,0.005080872490196228
578375,0.009488980534517622
284148,0.0422621561054995
858722,0.014723260665440658
890291,0.010785577837476724
812435,0.0062758679627791854
109297,0.009163533897055065
353321,0.00817401806349077
697747,0.01154829278693289
544556,0.008440146288513238
230350,0.08627522948951881
329446,0.005132387705776081
572586,0.041383209950941885
603280,0.010467105422082216
240226,0.026257376155806752
121319,0.0701988680344599
981459,0.004594143312969483
562065,0.02084468070062203
417986,0.00666825846612278
955702,0.005552662824701568
840780,0.005156581079493756
206501,0.028063553283152628
660864,0.012072208395483707
569326,0.11941880696440324
174566,0.018097277303353688
987469,0.017714193267901687
199862,0.009666783981100062
577662,0.02761403272488792
962569,0.017823561086255223
979180,0.017036438040861853
782096,0.030845248386151953
181880,0.027596504977462393
397366,0.005860550107487233
838360,0.00683497526710312
182609,0.0033459250686252158
640199,0.0044395848050845675
600414,0.01218117679248693
406987,0.0185941750367764
307716,0.014616181455547935
919191,0.013196912229573983
326624,0.005437521987050818
229545,0.0036309974720192075
935182,0.030126607802109753
156972,0.02082450386972516
116400,0.12193838091358511
692782,0.0074846701609662366
529863,0.005619671254912463
594918,0.04757614298483828
354057,0.010576739887679881
974091,0.031971721478658156
149941,0.03751159796056528
519435,0.005441035754371598
945116,0.012386304235326584
448573,0.008931502267419348
810461,0.0034849949164600597
231264,0.005779677016455705
908038,0.0098513679410696
744149,0.005349531058616868
824198,0.01727152657779675
307003,0.03950801598343561
297223,0.008695779027084318
998424,0.029982458467543834
842566,0.00415713041517879
199422,0.011110843180391336
649532,0.0049540819736594915
213472,0.03671543962994226
578773,0.005687057808859139
736418,0.013871556620366373
711771,0.007046048164074345
767865,0.016645262959829887
939685,0.013145373147216817
397472,0.018916978645429634
761794,0.029924280970385252
396657,0.008434775886767172
452447,0.006829094698309811
466355,0.012500465022757893
380790,0.00516966493518625
231897,0.010027680920810087
203013,0.059725214000486804
620202,0.0024891866657823806
240231,0.007576989646948219
843478,0.008940065019190872
483254,0.01816317235905978
554355,0.022760707501714342
100114,0.016568896700615066
748673,0.00912862126352363
942572,0.006718772239601634
661062,0.09236776710024107
234910,0.009249180753534312
196491,0.020689625575370324
150882,0.040908506898782664
931219,0.011011701258617279
429305,0.024397044526970106
332480,0.005341139375546031
798982,0.005947622034512459
276036,0.00468704733380466
335639,0.00415949647978639
307246,0.016275143306900962
570573,0.0037509511107314897
524748,0.008365425060420985
823582,0.09920811299003073
753467,0.0030037351430100994
911623,0.007084077597110245
545742,0.006038792725622098
810224,0.0029295450088105785
927581,0.04585835168574139
989505,0.011903114588633914
798693,0.02914513744616087
961749,0.025822024859070137
283820,0.021300558253757717
639172,0.006187204994963297
425742,0.009161322201494215
404945,0.010705204598928183
771527,0.07522830084966857
953896,0.004758036097800352
746521,0.016461989897877873
884277,0.014597204698580621
921896,0.030832053142096565
384240,0.008730885862787951
390201,0.016698720229844057
712373,0.03401075939637844
254140,0.014156246566803693
581163,0.0218290523743453
694004,0.0033361982035057867
692921,0.004964789496981718
337150,0.003221540772229589
743335,0.017496416922578778
251248,0.008478269191848572
971008,0.0342713005711056
317973,0.020649018166516382
620225,0.0066398184466438725
562480,0.008705938900010493
989070,0.006071945476650082
252430,0.012459728573179667
506400,0.006705761495272088
684140,0.006651481396321694
130637,0.015586571767541977
151402,0.0041837475268420455
731556,0.004904719029966146
912408,0.03168418461197881
186878,0.012214201931676553
508870,0.13837984201177708
824316,0.0042784357498291984
843619,0.019704588331763737
619705,0.00487654365623074
692136,0.037027486852316445
919750,0.017501547731472226
145865,0.0027883306227996624
990496,0.00632188104324278
720690,0.020075730888547562
655386,0.006014882956828838
401792,0.058968210781974215
113660,0.01685584333912907
228175,0.00368180177608503
604797,0.05272329994790197
922283,0.012723679684713348
945316,0.0023933994751950817
287584,0.00337011852384228
939481,0.01808743180526209
583610,0.009703474500876143
594673,0.010440244937842852
527090,0.03008243671559235
323311,0.011015346508725194
532560,0.002486352476728924
453623,0.008307214277524334
204624,0.03525904565666776
909005,0.007029058874945111
194575,0.0023789001757565636
478043,0.004110487688454403
158484,0.00958957740901691
240385,0.02976196497538179
206318,0.01023962080934408
116284,0.01318011432065605
964029,0.018013377009624007
556909,0.0030457865433856112
421571,0.020046811356985255
296611,0.008212963503465707
228751,0.003968152853759169
355682,0.06424293227400701
811206,0.0025808235647180404
177020,0.014159166277613893
514663,0.038537099931906516
471851,0.05893376187427988
853624,0.003354907524654981
167461,0.03953980064267209
246289,0.06960605547346928
188061,0.003582345605220414
764977,0.008222420628353514
781771,0.0032955974599572077
768119,0.00473885359403667
456518,0.05792604537801935
180215,0.004584086465123847
829710,0.024315964074063803
621391,0.007596196930010432
906293,0.01910489709748435
956273,0.0042681023735107945
224347,0.004938164096716632
581833,0.015073465446456227
171848,0.0030090916574880932
837887,0.08917070955448096
285612,0.0027753002298356
651960,0.02302251299773745
233128,0.0019383230588095317
972673,0.00632804992910181
617871,0.0030303791469932125
624400,0.007970318914685125
908312,0.13141259347452147
469542,0.011245180584175616
477686,0.00405920039581126
797880,0.045479151132225046
534932,0.006448180825027521
916368,0.01523992957367597
391715,0.008000766005269305
261920,0.01669330442351859
461263,0.001809047597414222
441245,0.011476060826596352
549955,0.00235915448515235
583531,0.006337804891575379
593895,0.008841186067744818
599615,0.009543628693789297
333410,0.0027242642326011524
393039,0.012841203144326171
280194,0.0069321668075101525
993920,0.09717540256043827
992461,0.03753979899575374
437489,0.00443047203838098
172184,0.010774876042080246
582705,0.030646032160387977
937455,0.004782309661705981
490118,0.0262817724498147
617978,0.0029295735396857674
706739,0.036438100197734635
926605,0.049203170066883024
828440,0.03441492499059728
612028,0.008429517562661182
807336,0.00838048214025523
106003,0.021511990730815087
292194,0.01199340070087283
853238,0.018818634636812024
849115,0.00319365966675696
704728,0.004221287243127702
488294,0.021426064242482397
237251,0.048491840133343074
336824,0.013398163807987484
708517,0.11483770632705292
214231,0.05514433916093264
146266,0.029741115546012692
734670,0.014644567119005691
124185,0.0359107497132132
294607,0.06289483929163077
220059,0.024309792533021717
959075,0.021650856545966324
393661,0.020209240006783164
626038,0.009625207148611292
485251,0.03429939599643925
277774,0.006218403113790898
276879,0.007946441483085211
512188,0.02777365890539021
203304,0.013293972460425097
326433,0.035783245640662674
208623,0.058536746931067744
576619,0.06775862113477574
936183,0.008749154555389924
139056,0.020788095118800847
889659,0.06488916185336266
912076,0.04311598358364352
970111,0.01766271827508652
595043,0.011855951586558064
436301,0.014890264671785303
166443,0.017728609369595277
575575,0.16193661064194925
811942,0.06857036150672648
778514,0.008418887671522718
246630,0.002409282246294338
589830,0.011775851445586126
276262,0.08920366095533672
462364,0.0024499036606361775
646636,0.006745908038360003
848063,0.005713411087611783
190799,0.008384555188960224
851320,0.0036519286643551903
991378,0.0036865881826167735
114073,0.11791228959573594
763755,0.010601373584536384
384223,0.03016259847253838
924034,0.05088550355504053
876499,0.008290173725171044
332578,0.008319594242062705
592909,0.009001473040704346
301872,0.006887072604088584
128564,0.03379160763218006
744295,0.021817134973355305
970759,0.019788565818888108
775680,0.0014569368050999908
183916,0.03721358827738569
335095,0.024842229628168927
260972,0.0028811685782724004
138591,0.04415312133885647
277147,0.002778184026447984
414921,0.07892711827285032
773353,0.024589903604867035
380898,0.00486962647855025
763274,0.016289442092464298
567866,0.043711730306927724
277269,0.0073444547507050114
996647,0.046243585864971196
990234,0.023292322033178336
493943,0.0021953440241198616
337375,0.003988129246071572
731635,0.03619873915036565
955302,0.015819307033066294
348042,0.04891144549386539
132867,0.008246237133580565
463342,0.03280706225762037
274975,0.0060119351354129946
661791,0.011300609063441897
702516,0.02050702150368098
946812,0.006241327355869968
410655,0.012822011320022735
366427,0.03346767027867748
321542,0.0034068147833272843
382421,0.03384477598277541
105512,0.021445138261222497
554337,0.015979571381113167
477788,0.004560800181242366
751453,0.0050594777619089645
641022,0.029358798084482357
677704,0.019964331722078035
200647,0.10958909068620416
431446,0.042573875642683494
378151,0.004472262617729812
430403,0.043615880845864874
103299,0.0024894958570280614
527169,0.10855745035334777
453775,0.0043231625209183625
245033,0.01502744564325921
255838,0.004241761976796301
861273,0.004219876356100807
551578,0.00650186466081603
682038,0.034447977482212434
381492,0.008068067516149111
985274,0.03931817559827519
280482,0.02356297968369582
538839,0.04551256945899807
240957,0.004146420087138979
713190,0.010864471735821024
660450,0.011202262999257842
642465,0.02855673427543544
810636,0.003925375794420591
822689,0.007728592390322445
433005,0.1383603955253724
703155,0.01432610936918032
257057,0.003505577426132234
456554,0.022493217528067728
746116,0.11132314058138931
712488,0.0028182168101863357
552895,0.059000201872166175
234460,0.003068140016299082
665665,0.0027765462849374803
148367,0.00890989363984846
330885,0.09492569936487029
420186,0.008563490632170396
257498,0.003736565017231032
148661,0.02411257949909123
351717,0.06981745966113678
576107,0.013907277660505674
777652,0.00638558391070129
315043,0.006094463315222911
815773,0.006748662200829657
718439,0.0075086809614302785
984482,0.05031944410485903
629598,0.1211199295839028
174422,0.016386174178888824
394234,0.010039385206091133
850140,0.016465539799974505
393846,0.0033914851047463805
959528,0.04878793146065593
471408,0.020936639820218757
158245,0.024472841639582864
896328,0.20670067000235975
969380,0.005762889479763638
594183,0.004482235695657927
426750,0.005460386914209898
448666,0.0038780557929266623
968480,0.006911867166155416
592496,0.08234189611181415
226978,0.020236742788909853
354499,0.007076494457268339
192469,0.0036452006635705764
681018,0.0026603599929693016
842625,0.0033408264331330024
401190,0.010045622663571285
465965,0.005203137111769673
225479,0.013377892519288477
709017,0.014712338575149041
891858,0.009048094856964135
830886,0.01443305601350738
390147,0.008131167959579574
500908,0.01218007216005965
339142,0.030259858146161767
294127,0.009549919116658106
864064,0.0033397865772985336
286944,0.017057754248811504
345508,0.02520739672140814
402343,0.003436210554157467
413758,0.012552346883913773
898217,0.007564989856915877
607168,0.00589569292063406
368580,0.00472812407851833
661657,0.05163535409358674
425593,0.022799776113719
595679,0.016118102977475117
250054,0.00479753062883573
895815,0.007510441521796676
816078,0.0066277660636120065
270934,0.014022908237546502
296609,0.009561169733567687
302390,0.01976512565147059
870862,0.0018211208364272682
357208,0.006794300025235044
117992,0.006266456470895018
654471,0.0034951367970725566
553046,0.01233292617502298
576670,0.006436349999943394
553706,0.0034454028752101532
461513,0.0024524016953511364
663103,0.04385913657430722
133996,0.017910775229658185
477922,0.005508597294493888
719999,0.012258724659397667
636641,0.004198559703824098
240135,0.012822878323174617
877339,0.011591506515109899
401209,0.08570474998687706
645725,0.006977652214094097
322381,0.004765814757377788
953948,0.006556322938950539
533376,0.01200620884882492
545058,0.003986833372015794
337896,0.012762924375111668
546764,0.004023167764465501
611845,0.0035909599077868187
896994,0.034364536119302964
895240,0.006798446301821588
910152,0.015184887294568421
424394,0.007934017468289473
578710,0.022930921453106334
130286,0.0045552629613512695
933445,0.007246233308436619
444630,0.01947329875436385
689526,0.012116819431548595
452010,0.027577681170877538
416789,0.002386095636878859
676616,0.028805202365325775
988479,0.006891178596176425
967137,0.005951242512374785
985556,0.004482594656546466
589597,0.016672357243587663
788918,0.004221342201612855
317800,0.003942680052920702
801298,0.008468547488836145
364698,0.00636319259883319
227866,0.016309987532296972
851289,0.0035437034542482875
712733,0.004579510498867904
824308,0.02835271299612178
167326,0.014398311278321958
232766,0.0021764747355385258
152816,0.003744129022533392
623207,0.005747221812339627
632602,0.014176961007718526
208958,0.03908504189628875
836214,0.08984130219240297
778957,0.01624775438808078
539873,0.04861990515656705
628464,0.0026552819597507244
255387,0.010241925781728828
538015,0.013421071317870875
213753,0.011471004063081285
615783,0.03634813302455595
480965,0.005401140921700749
116376,0.012685272494966326
913371,0.03526375626560467
478553,0.007717377377480923
254568,0.0024455089566851477
316096,0.005185699315862429
418866,0.0077032296427357065
578595,0.031272746200312965
177167,0.019808051047631097
602592,0.020900577233994005
399297,0.25873161464667643
601298,0.012368052175625524
356230,0.007951555890362425
943191,0.0032675096292861796
562581,0.003871677364328788
338664,0.006833857608123639
558023,0.01967040903566549
971024,0.0029774674134598477
789577,0.0024770676332143394
748856,0.04929481181934839
273063,0.003889530836563896
543911,0.03178737102423268
386559,0.012967948559143431
494721,0.043003730800191986
791550,0.0028276688163422032
678718,0.0040751744422317234
684478,0.035996545646984346
883012,0.011303589229539468
937288,0.012253607080380102
362687,0.011264356397965677
617386,0.10415666735232894
668380,0.01965943028089223
457738,0.013586633279957907
451511,0.010737961940601547
396959,0.012801791543250934
246501,0.03542285866056176
216966,0.0036133214709186392
837550,0.00586229102989438
807337,0.03528685125037558
940206,0.004177142778081955
902172,0.021459797033510957
535284,0.016503760902914767
593915,0.0022759788171117074
154712,0.031208058367316563
199270,0.006604355676585402
660379,0.14686026303459954
108962,0.10294521956748114
869580,0.005074839649582225
975830,0.0349708883923224
749251,0.005900708337555509
124586,0.06781596451765798
855251,0.11695619731014384
112906,0.009299878067771562
752181,0.018898997247999993
476913,0.003946672057352701
851545,0.05278993012306168
996737,0.0038355371842954526
281654,0.008786874106813208
298025,0.07285002467128032
803136,0.008308333819084636
245161,0.007730567463095477
100499,0.006831496419628971
654769,0.0035613242197804346
487473,0.006654014496682063
406040,0.04102583536825543
440717,0.022791238605666276
436394,0.0073909292936378355
403307,0.007019904001476174
964877,0.00267425910764252
648169,0.005325225991862695
384542,0.008318027433013865
778109,0.03190198525081704
302867,0.003143901790664108
600626,0.012101507792522326
673483,0.008732537898707152
218910,0.008898145083225558
861265,0.019744474503905478
322632,0.015939323111619625
405918,0.006362384355251652
682275,0.0067191537070304674
363565,0.017142321696553303
288336,0.009671252543082164
681557,0.004194513268516236
393719,0.040965093942061
431217,0.004101754464539113
273798,0.022232285754724607
535895,0.0023369544204138388
263224,0.011155179393092077
589001,0.03255806764673867
182910,0.020191077761405916
331673,0.007794741659021122
556720,0.014959547163099355
300426,0.015100251248683819
289821,0.023911333366475156
257453,0.00682990275175313
153225,0.014911805384973987
430198,0.008946985335360853
348223,0.022566673010656825
723731,0.012661213209957986
272940,0.006068637392811998
848792,0.022746107216363855
705584,0.021341794968662734
145884,0.06347793506712747
613142,0.025041618453485084
299992,0.008071263303871801
132161,0.04586332514616919
707840,0.00346271016721714
603711,0.03167004859827767
168318,0.017528844108836126
833453,0.0031954465483010814
983832,0.00584891245328348
236503,0.026159508839923178
316999,0.009697352575975964
834327,0.002503766958122759
475248,0.011048725020217223
964010,0.005851710252521316
820832,0.02890476205988449
405531,0.007667845139672352
905560,0.022183959769688875
843668,0.03955353806651148
958552,0.002541599135813934
238914,0.0189622437797124
114828,0.030604962157217926
839712,0.03571608016574099
986131,0.005285039673720438
291861,0.006940008046397068
779486,0.023159338385658836
902703,0.04223196760522589
158775,0.04222722504351854
994677,0.005649588869948306
129823,0.005276887686512193
761467,0.04390148523340012
721899,0.039807910762456024
774068,0.008330903799058334
108947,0.03085254846714234
528091,0.010615620422144346
684477,0.0071856210180795315
194659,0.0047629049991005845
886964,0.030927855938233096
431674,0.004913817678936212
819115,0.013125279796117438
328569,0.028657232194393926
167282,0.05323107855379556
115623,0.03167262417501251
802432,0.03857009140697498
277344,0.02719915146536573
138546,0.005845563016359936
334714,0.0065383208547705905
286782,0.03872344588198491
996959,0.0034473183873873184
226262,0.01601753226792878
444819,0.002578851895086903
751622,0.006217616958466984
475133,0.00878876411681685
733530,0.004977497770973422
883799,0.0076970033394979905
566543,0.036373790069856395
863118,0.05544371882839672
633480,0.0032530928946933883
686264,0.005531272066562766
776062,0.01615272977045606
519445,0.03606847996440284
912564,0.0526379000139141
117822,0.012535441077060897
632230,0.04722754833590473
383311,0.016397719374860214
326475,0.005508639304959313
762641,0.004472847828465117
760308,0.006433416044474259
870378,0.006752518798604891
461422,0.006419259380068768
568881,0.0030065873607851117
898888,0.006618929344480169
391044,0.03410046604073485
472285,0.004980230709996844
992450,0.020753008112644297
546268,0.004832037585440629
586479,0.038563181919641754
886217,0.04648732289234253
914865,0.012849376627240122
430917,0.0024909336990046847
733230,0.019678894655865285
619825,0.015027437268882107
697190,0.020578610104549637
140337,0.019798578948032507
357323,0.01217126452553401
589275,0.018095376942272406
421073,0.0161227730323103
412272,0.024908701628469983
443261,0.035962239008305974
223151,0.008126535286578947
876989,0.03471312230775782
726801,0.03674678273753654
644629,0.019172646226348185
874595,0.006743135456139291
610647,0.006057354404347059
207992,0.014597495462860982
107302,0.005330576665281734
710589,0.011792672635742858
802041,0.05283656557082553
624864,0.012277927764484267
282357,0.002833624750438297
872533,0.028211019409445384
728200,0.003391340917362081
203050,0.028004481937972878
558155,0.011717588935698284
622413,0.012104613656610926
635106,0.0021784976237618748
979313,0.011120286735691801
364253,0.006590382182756019
979227,0.004637127553902775
464772,0.008400791486837178
140989,0.003582303589899732
738575,0.013131884556254738
267837,0.00529946337771348
980641,0.0035053809227967065
432375,0.024456579389653135
995038,0.004008153944118203
575907,0.004015756040124739
690990,0.0130908472371948
921884,0.004160229825824132
446158,0.014949707438280491
799440,0.006531122286988675
165998,0.031242656496633554
431328,0.027527381372620566
635964,0.06423454392193266
794888,0.042886706335248916
572035,0.02990765938182073
944965,0.059399558786132296
404628,0.009546681512210595
481015,0.010776205768761472
847785,0.008120655699767164
547611,0.0040013882928232125
839850,0.01538124466950294
583000,0.007348688625562573
896645,0.045152484064679976
548270,0.015267296732975149
654122,0.011362099385797316
886185,0.03955283416965874
592839,0.019394305343573597
886778,0.025662748464267117
844543,0.004638901738372368
778012,0.024558865047116036
166121,0.021528711630731896
230489,0.025803345067455193
571897,0.003443559594631859
767370,0.010188252342528703
698377,0.005493527210180031
330147,0.018040741745239636
504782,0.006964927356705768
646864,0.009498562326218297
667116,0.09813143605051257
289538,0.04016521233903786
675282,0.020845231028205832
532110,0.009930701519940941
336741,0.008539291308051623
227174,0.015657799291508432
919803,0.002464335092695393
393628,0.032101641105143026
725710,0.018044607727340466
540065,0.03784995731629281
359455,0.006523836798958227
456511,0.007359018851769781
917170,0.015229174359681713
647384,0.007765788015264707
108392,0.007391487608722818
294726,0.00618762385831669
738904,0.004898283116922752
394398,0.026185666284615217
576692,0.015484303300070971
326344,0.008589655381746842
884321,0.026750922144780618
254409,0.00495066857686711
386091,0.01166827949984348
993983,0.011644722594935642
102738,0.030745154897460217
881327,0.009505331692891864
216258,0.006292795627525713
880725,0.021389097062907786
715737,0.01085070666415737
432349,0.030709431313893323
543580,0.0027900645556081074
409273,0.009310323102743752
561617,0.008414530891513157
614445,0.01341346191524639
458732,0.040125386532823416
263532,0.009250591671320633
252194,0.027437769501212773
109767,0.03998127346380559
808935,0.030811328844085575
639875,0.011519196634224231
318234,0.004309520159958491
111999,0.0057217286354291205
492398,0.0017085386532904854
974615,0.050165489439389054
901384,0.009359182316253373
640691,0.011473975016349421
986035,0.0037754736885019257
590770,0.031089914786140982
330140,0.0312659240482045
175351,0.015074054128308199
627044,0.010323072957866969
204000,0.008130619603236291
929510,0.0763042094722028
372264,0.008319652730565178
650760,0.006536376969576406
530855,0.004718574337618731
937545,0.0055546050371516045
889474,0.004803916106094353
410892,0.0171566168123491
389724,0.007214551736497947
724750,0.016094162250649427
119540,0.015119656251744863
605972,0.0021460115018350472
469644,0.013903204096794158
750429,0.018429887229742273
111920,0.06894163197638294
947151,0.012466703234541281
392813,0.09656356849185947
482358,0.013045646897956592
299320,0.08517775357276551
315485,0.003306143650323283
543959,0.00935158156366168
845378,0.0335733268113787
837897,0.010971791870978949
679638,0.0039553594722253095
192199,0.012253101587651659
846541,0.1716790891697022
601960,0.04451136183743372
428227,0.005908311233372545
451885,0.05629026037721849
764116,0.009433941239352053
104065,0.060229286585236366
219183,0.0027407212002967443
370307,0.009762367229042345
639717,0.03961534727998193
913722,0.006329532514823159
995410,0.12511396247367465
531102,0.04543373738227045
285671,0.004746752610490101
604275,0.020356654938699127
492200,0.02131492359853542
646739,0.02171326857598852
599624,0.007382247219942527
621212,0.013834647433493684
469988,0.14035805386912087
574841,0.01041157460966001
998153,0.005271031201690309
481475,0.015796248563517138
430972,0.029722009708034645
112003,0.06787650614231318
752959,0.018972453122268373
710250,0.004866083668551563
670946,0.013718213706640427
342598,0.03005535320580307
380908,0.0361376435182833
745028,0.02888595630787282
997105,0.007877356408150238
158940,0.01008490575154742
639824,0.008632516397815045
967553,0.041744333577318715
353461,0.0035215113211464377
501819,0.0048151098710089504
684453,0.004029605246639086
779375,0.012996398740531554
565899,0.004787965168511764
607887,0.002935943445398175
873845,0.017658936130298408
511729,0.007301815595417438
439939,0.008323798262562512
278161,0.011265029107559728
611034,0.015447872338589788
368271,0.01194286712500788
792844,0.03347682015143615
405312,0.01743726246075869
166949,0.0218163688614419
928251,0.007232468034182222
560090,0.00394002357541307
769268,0.004920811549379951
436694,0.06900837133578995
523496,0.028601367449822314
892934,0.004500987041640405
495557,0.010915850328778145
304912,0.01125447043904194
562488,0.001951338643954152
169802,0.011595467842410372
690697,0.003496745139840085
796370,0.029253188099264194
551055,0.031865713818562416
558685,0.003222351130727815
550257,0.003744275366517682
413089,0.007703102226399851
713118,0.013537397691014554
721541,0.011437234337340988
427331,0.018715954396837233
363124,0.0030805994472581848
296131,0.020894488265367165
665548,0.01806712553965084
560938,0.011603008167197143
983026,0.011423905009163213
877402,0.02991804020682741
493496,0.021827410743359064
448097,0.004617308570746703
211234,0.005216341613869749
305304,0.10261075087721831
376767,0.019032696068724556
194951,0.007175822594387848
121560,0.02382432210732877
695621,0.005746205967136589
844299,0.004691163216606304
604596,0.015392047987337584
761800,0.008831778467520923
562958,0.008825565034452648
745140,0.018730978796496003
159811,0.02355547085685505
985101,0.012291670382930832
229108,0.015454687099581834
545697,0.003647890115398312
556524,0.09167235752309379
956767,0.004084591246316826
429871,0.01544510527319563
613665,0.011066341226308786
621300,0.02521232810326159
586754,0.008524827417488143
790077,0.024776651719187703
246077,0.02133249244009926
341097,0.048983938651449004
222655,0.05175114303855384
494823,0.005429935154974326
780841,0.006048263341386226
169886,0.008923146026557057
843302,0.0034944977150019236
752967,0.012660901398083159
792144,0.011024705841826724
966399,0.033619279319499075
656378,0.013983944464752606
415842,0.007530720428682678
717408,0.051943624227041484
201497,0.018747268698781065
288745,0.011079224632190188
455002,0.0026243335790735126
522495,0.01666400214859793
105866,0.008212527505263066
780212,0.00611617932368828
459948,0.026856676222968216
683206,0.01517627217373589
551549,0.16973753812324563
156018,0.005094511711502386
651984,0.004927330320277415
487968,0.008596401215136435
678319,0.015267720782446663
879717,0.033366559889204526
222851,0.021968610166207547
391629,0.009541394578091118
622997,0.0030302273805910738
474464,0.007179602336447223
236397,0.07637908371048374
502408,0.07636513573940132
163202,0.03585966480042081
500967,0.022778970132242685
251319,0.03218803192205431
909476,0.0059292276144548035
114624,0.01185280367609043
197330,0.0026995765581082527
475141,0.027844255679898254
936662,0.010808410458808069
560126,0.010709026364940765
618288,0.006743686207839487
919273,0.004866827255376189
711228,0.25334209968052446
765006,0.11379291461427156
317903,0.014340397187491931
485692,0.009006826521982652
581026,0.004177819220629071
335583,0.0277454113533513
348005,0.016693093914914796
987818,0.02880329547829133
600726,0.01604980953827059
638440,0.0027104222211575867
566563,0.0837970710262991
969263,0.035893955272945345
670373,0.009445598340732494
540338,0.01600987019879262
446023,0.012715871388007617
839629,0.005350656081935828
985482,0.012669360231581252
720988,0.010717248618995248
344145,0.08597268180331386
251345,0.01899277975395841
800385,0.1032350181761115
284887,0.011876388084967998
182593,0.004141337779344496
588338,0.014299206619952808
555700,0.005605621741363829
196389,0.008903722404259545
176356,0.002499674835511668
488066,0.003897008364569483
482766,0.0064675164180756405
911202,0.003907246298358837
172951,0.009010998482497364
810774,0.05630848266422169
244372,0.010331158249100242
340295,0.006745407943200317
483660,0.01608528576033593
284150,0.011175882415589724
570002,0.027766871672870036
905734,0.00608555128504815
339326,0.015201736560226038
331205,0.007673093716626774
240077,0.004479639760826047
719803,0.014840562460475248
794302,0.0027651271282246
630836,0.007201355309124319
552366,0.1017893584168216
177679,0.019000491582683545
329351,0.029716697597119878
581216,0.029403554326951905
686951,0.01185661060224843
327452,0.026603900656835572
167366,0.005484444270431359
350157,0.019233639858193825
940421,0.004256539586559148
267027,0.004479649524419575
631925,0.0075193215605289295
358225,0.026123294684271325
197688,0.10117251972564154
388779,0.027026926952882162
264397,0.07243883749042848
792733,0.014928555477575321
587082,0.009134066096040843
436887,0.005658130849827812
231557,0.06654720095147759
435658,0.02984937003241178
709525,0.005451039946409891
151627,0.03385980501293399
968477,0.016769531102289684
457140,0.016508907168970247
364386,0.011286826608989184
787514,0.0028580224977911447
310380,0.0069035584856078774
123170,0.006712133545731986
298683,0.024249405193414703
719871,0.003709535862559973
756293,0.011301090493462724
449140,0.015221738565514027
268478,0.008015879117693142
459840,0.015660406642386302
946609,0.01595406323028849
665222,0.007068631704914864
496344,0.018659246269391236
525374,0.005100796011744085
820255,0.001885791713759465
609164,0.0075699777383261965
399611,0.006576518203350731
150869,0.001953660152477558
472238,0.0025155922475797576
784694,0.0050145853150678375
292680,0.03681619071768978
739979,0.02852683563491458
578116,0.006004465837745661
820296,0.022932447505956965
963015,0.010249425471676024
466414,0.013272621248919151
243897,0.034494379795899616
326487,0.0190830863112474
645229,0.01291600335805418
539139,0.006213015686496491
390817,0.005532460713868011
936820,0.011065325876602259
158144,0.005227309512408777
462761,0.00392709735025361
391121,0.025099256654774037
826748,0.00704672980827333
363672,0.0044990597880980735
177584,0.004541171522595568
987094,0.03530055984023071
394768,0.009618343148917309
689237,0.009433046545565253
300034,0.004165845416912096
769009,0.026541406453453556
574431,0.04203348024271333
837562,0.013618364694440875
261077,0.012033621360483129
403032,0.021179412913184842
933292,0.005982152653610797
696232,0.017297283085413888
495748,0.07317351423361317
659376,0.011971673578932184
291788,0.0025345208376763508
228286,0.0035439228674354587
868609,0.002981389764321782
964795,0.09153985321161823
541920,0.0070122868835396585
513809,0.005370213954249384
224928,0.004432959154411637
422950,0.011592704729067529
666535,0.03337490972176269
670364,0.0025043049184089506
513458,0.03445189367906689
442493,0.0020721345832771104
531632,0.0017710005696917836
395525,0.004961531253978737
505166,0.01191362120814097
317190,0.00801588147501746
288046,0.0028120149245948597
245500,0.01451619302590739
335454,0.0021263430088067107
471758,0.007097185476964669
338026,0.06775888752075214
166167,0.0029060740748880665
280635,0.03862004704403199
211300,0.011419394385255103
542784,0.016722695073629827
394939,0.004907538345033662
325657,0.013959006251856533
207710,0.008041803060683556
737591,0.007555474670608221
104040,0.010171401545577538
346154,0.009073916670478202
950192,0.010704095277080185
957124,0.010483764511744851
659424,0.04428653604141398
399041,0.02215948412944991
935176,0.0025732373223254492
658680,0.003510942824397474
494783,0.009899507639282427
312641,0.04785985233601004
256738,0.0028788256551758196
707988,0.07011612793238338
826081,0.01766908102402377
249560,0.007368986582995034
290612,0.0023340847693010722
815012,0.01322018774171076
525310,0.008581571978435143
282036,0.0044781963870115455
731913,0.012138065761741585
547657,0.03491682149342442
136943,0.006416822933099759
251385,0.006718591005014099
246584,0.004240672506880659
223359,0.026176778318505206
974785,0.004683822490913008
611992,0.004437549674308209
730247,0.01843206570036623
622494,0.014837462732102505
209060,0.04394966047225743
939927,0.01996908354146781
388928,0.013338467334057084
603035,0.006999483389949912
926510,0.003925479631445914
896650,0.005229130193940964
304660,0.01816961095779372
404726,0.05615190460890558
997426,0.028075272714546944
948690,0.002666205185643808
480855,0.01044885090872534
244045,0.07474145738206026
484478,0.024101435261947843
931836,0.006252662864861867
656190,0.02660307106423602
366235,0.008816603956503391
616271,0.019813579360810286
295453,0.009998624525659226
170901,0.017246653065892566
778714,0.00487470713344627
524762,0.004985643932221542
955566,0.004755323613577141
361386,0.0036598806289584243
533130,0.0044500468509551415
616359,0.014439948205718
418819,0.009449117586324083
396076,0.004508392284570823
312247,0.02190403457655057
755885,0.03408814321825015
555967,0.0055585073545578
278263,0.009396168599878709
321153,0.030056856578186495
122317,0.031354707433740046
635156,0.003221899528056051
248448,0.005021311158650833
935615,0.01844943720185159
531641,0.007341369013840396
495320,0.0054026493979706155
343219,0.017328668415847893
263121,0.01252261782713219
616892,0.04379228257984789
924933,0.009249356185666389
378771,0.007567854547662568
139366,0.0321435693324734
900505,0.005711761411362915
634779,0.0041856266305494655
372189,0.0074131699808163715
609321,0.007861556982586271
204721,0.04085852934607561
801175,0.012502384275101577
283803,0.01969938846850969
155870,0.007186358031164515
410637,0.01424265115618361
208300,0.040450792038817636
517481,0.03157192293454489
469719,0.01533018118132821
521577,0.006417553794000643
737299,0.01120126469831354
928983,0.030775815690517613
260357,0.01080171660226934
172767,0.17256946680765273
378459,0.0037027424782588732
844891,0.005533092123777785
925509,0.016876225667906086
168475,0.011791256849858388
211574,0.002014905445583766
212363,0.010424552661349278
900827,0.008576904075794825
116645,0.021282207906320225
190365,0.020017149371002258
860832,0.0021331350712965897
533236,0.006417802440082745
799480,0.03180326729015917
512619,0.004021834674169356
256710,0.0036886791669840757
117592,0.009347129688449439
964741,0.004055894384288302
383503,0.004685705780759055
125117,0.02910059358675411
565357,0.00410309917754212
568381,0.10354218409873883
440083,0.011398800661599985
502473,0.008421489525091587
931744,0.005676449917439562
553154,0.004826913360254919
974431,0.004447987455925527
334035,0.00770734103333863
854591,0.0042500447722782905
268320,0.0065453418488083
179740,0.01212128704478448
646932,0.013503745938449791
563918,0.08891694127044712
520952,0.00447733816375579
651569,0.003848413797446745
401470,0.0017179230822077336
508164,0.018538528908764385
266765,0.038244196155048746
228905,0.019614450646489694
458204,0.016853726912721256
853928,0.0030341000210808715
300760,0.00844215587002773
649033,0.008895450914842869
781186,0.01991236425008902
459029,0.009558014173173224
610704,0.1961628485908547
384443,0.004434506005002159
756305,0.05296850506537407
605088,0.01239244087970612
192822,0.004551095336712875
467850,0.01603200214097432
629116,0.053820986534745284
604332,0.0025597523619908477
520310,0.003684550908021788
410939,0.01670435770553194
251752,0.036031410919915546
383623,0.03893480990449037
793097,0.009775327910450632
287686,0.0026588579278874337
927072,0.021328153027620672
402138,0.0058148984848812564
668983,0.10932195009616553
642183,0.004832093125224125
371816,0.011681250924128726
703269,0.018834830876209806
360931,0.01279196021442779
218985,0.015955241803577987
663599,0.03587000721895643
135124,0.006635607647709808
709428,0.10790162752249366
332191,0.006711017444431691
665880,0.014704421164626
398716,0.03168602613205529
885841,0.033575870601432155
903210,0.0019596250711587325
711142,0.0065693532619086606
446189,0.0036152710921170303
149614,0.002331319375861611
394116,0.012866425020869484
646767,0.018593011363585314
838355,0.0037692707842547023
565393,0.005837730841813694
655240,0.049885537599732244
878030,0.009121144394462133
979610,0.08777457240375465
770868,0.018331374988184934
786967,0.04402668183964339
267322,0.006712070271307373
539050,0.00970106480726795
246007,0.015863311722817307
229814,0.023894465650038933
304412,0.010260905896935707
746569,0.0591196201991884
473439,0.03623276463017152
444987,0.0044372383646087395
169481,0.00703309913367263
173543,0.12848889673457403
902284,0.0159484628674187
667915,0.02071777972492291
544652,0.007211163483133016
863301,0.004116479578943553
255245,0.003532050546648912
209867,0.11105604763869581
233723,0.007276245668082217
140842,0.035499931250397604
292684,0.07750881530027902
229106,0.048575700616944634
125334,0.1237017979185406
456594,0.021056170480464192
589024,0.07762752974253381
878695,0.0038284648047437328
829456,0.029656730018362353
318356,0.06455033308610071
459641,0.008645651750986319
920623,0.025610808711225355
438907,0.013949764962529785
256604,0.018873729768348755
413390,0.01031596320692836
526388,0.005298403888212076
949078,0.003460311176655921
851023,0.01623455589128161
291748,0.004373016072406741
866645,0.03221017089965157
132231,0.033391336084225454
568437,0.07183958594473208
472292,0.019911556855924405
124335,0.021023893659446735
614767,0.0049810778036113905
743251,0.004323077582821902
546910,0.010971889573522648
247536,0.05503557875458858
884369,0.004793460317445242
787988,0.0023413328096724647
574443,0.0033234234177818077
188293,0.011410198934193776
280079,0.007321415781260216
218223,0.013394367101217587
844520,0.01593478609204842
654738,0.03369319412018711
649486,0.003185801490817103
319856,0.10102763898690298
217463,0.003990978768641477
301310,0.0013864670662389758
614444,0.0071046232466158215
386211,0.006086259895541201
950370,0.005629034615372673
724497,0.006314933375338163
473230,0.017290209201740514
589074,0.005953585967590181
319219,0.006264663525455093
841919,0.003955704483989482
134788,0.015147385777437884
149055,0.00673445292474736
308980,0.012491432341985263
239385,0.007981607453203027
613848,0.013708605200951943
378012,0.01900319332059283
998499,0.007267339177276733
808639,0.021724078607842142
634974,0.027146865896645424
138263,0.05028477487427675
605535,0.0025330082484114128
367281,0.015820742984724846
432314,0.01194460025650778
713102,0.007291688069504397
194442,0.005511136232771184
525790,0.007707961967797574
390489,0.01421044448737105
112839,0.0037229266610358117
206377,0.015657040839037455
747738,0.013045956327316864
129511,0.0196107889850699
671262,0.003918087116377189
539765,0.01741092555608428
917859,0.010434641799321579
986176,0.0025558081244387446
323129,0.11886320679094814
401068,0.0036835540867000967
544978,0.011496522899398958
223133,0.005233885908048654
343847,0.0176403574583365
328006,0.005233109944192315
989076,0.02284027009973658
367075,0.0272047768929949
529402,0.03496023524531081
890647,0.011543040213521465
958509,0.04063017082087122
548200,0.014839147733970435
922741,0.038367204948975143
366335,0.006405010685251614
874234,0.032055525931382264
626838,0.029597314063918835
323830,0.01197075977402157
672243,0.01242242567086343
218514,0.025859546944534895
922076,0.006927983668922134
689873,0.005998890521476278
598600,0.005723704133119377
256254,0.005198777579667389
300285,0.019548943703765777
541579,0.04370771167921409
546930,0.006582079618850416
727226,0.01158358254742747
713780,0.013278049402266302
818300,0.00892210498873957
717482,0.017478374527561406
900668,0.0019267814176892949
611525,0.007991002795553745
554476,0.008521262240969303
618663,0.020196890104520766
302696,0.006161855628247072
403432,0.005853275325962519
584853,0.0025172155675440675
201623,0.05077164928255702
422218,0.0037009643701022047
874685,0.04896265974040202
524571,0.002435436908578362
614423,0.015862627489151227
435738,0.003320886565737555
476868,0.01750274416828298
373483,0.005420783310524486
515673,0.05229137893153783
946291,0.01576429511866621
172728,0.004645992021991826
918938,0.09603081158984002
754734,0.00812714032575705
299916,0.005564332949913122
889045,0.018222318029515596
211106,0.006513873274580123
106442,0.004029048463126398
129244,0.011405786819853115
539140,0.018651886218386395
285460,0.002881288750643805
736120,0.002332957822570605
947831,0.003009594754492855
740030,0.01734108274077849
996433,0.13751969603265807
445985,0.009887854796769627
473998,0.02672945673995661
617921,0.022979476424794306
560254,0.007377652933339405
819761,0.00450970505455633
949143,0.006046497414796428
878794,0.012389420213413237
784733,0.014137362709903852
434170,0.0154908489311192
161533,0.03278765923954082
300353,0.004982939422358342
918814,0.08800596371331637
182386,0.022493868655554146
773209,0.02468430914596116
681057,0.007810929730573629
207727,0.011426653759527016
824136,0.022856048060581332
507399,0.044540355377197846
218606,0.017282831434261726
593969,0.004835865047641074
800171,0.02164370990190621
697063,0.005300813089141491
118118,0.0026896492265236463
110376,0.01655473359884772
585843,0.030236129895935587
717506,0.006302707404538855
141312,0.07296907468260251
986951,0.003855444671368307
540977,0.005265279744208668
589945,0.002472048094075224
275582,0.004917647788837172
113450,0.020415399032479502
494549,0.0037129207755403565
753138,0.009143044266041782
884993,0.046247133280523656
247842,0.014854720009852631
810779,0.004968955740122988
772221,0.00756238145961154
279266,0.006749180044603045
182938,0.060349422543822605
582702,0.010858307888501761
877099,0.016025092007828656
451898,0.005550789006314007
386086,0.0068814502335810095
457567,0.00454119288896185
946217,0.029048239308402314
333465,0.0028484224404016632
915092,0.013170411807616572
586559,0.008263065979350096
121174,0.041340678654752126
861287,0.0146767260550837
213153,0.014862389315477776
132840,0.023483230343812264
651061,0.016886057938517402
671029,0.027900131556986184
227880,0.039108634925412
921455,0.011506100425370352
421806,0.004109976851303182
856127,0.09461281755544244
373033,0.03174804590793857
803004,0.02833523257395353
371469,0.006936781340697443
891727,0.009748154947582686
193825,0.012810526642724043
969504,0.00744018887148668
769076,0.007839441115703392
282935,0.011570186443588842
707341,0.041837483255971655
284617,0.0065413292240382595
314266,0.009137306270403779
823449,0.02796192568465948
884180,0.01482519421728877
729500,0.023899301830844877
429763,0.0359440558953497
327999,0.003829121315446163
751992,0.004473657910497083
136445,0.06266519021547598
490936,0.013059030752186207
111688,0.01760911034745224
706165,0.0025474813209081936
494595,0.03609745684116381
110335,0.017030191784609353
187258,0.03622762585534334
887211,0.057592205445995116
319240,0.01621243532193347
733372,0.009890070074699404
842270,0.02205375178177937
900233,0.004432959154411637
979294,0.034174186410716886
679519,0.03854399403579655
447707,0.009266622030155333
307891,0.0037420645144305253
629952,0.01381717382493256
447902,0.006031474901914469
920325,0.006664348693075667
953830,0.020558312902770787
464064,0.016075930817575513
495577,0.013399856876826514
525453,0.01234993158162256
400668,0.01609449249440663
522649,0.007715651044083044
162625,0.005548848428560209
945397,0.015521756056641413
774342,0.04795654139025817
653283,0.09375769611491738
191042,0.09792728573142577
621749,0.01585752691888522
256964,0.006977037427511183
174681,0.004622401749976013
137214,0.060441634927957906
247768,0.011701246028235045
576864,0.0060023930073060784
569738,0.044394864994044804
580626,0.006935425243918272
607019,0.016100083802310303
803348,0.017524069217862374
188261,0.0047946090530677716
166402,0.011000601785664761
946921,0.012357212211690961
676891,0.003647825996433768
988161,0.00983527777608836
338094,0.0047101116235106965
304494,0.008633985558528583
295147,0.01243773415229012
854251,0.005758492777365342
124391,0.0032367876017262084
605302,0.01233008568366483
724487,0.04881400142101401
964940,0.01616985203370628
532384,0.03461185068910096
417213,0.0144829781675105
210427,0.012464986483206106
171271,0.00550200807372218
288882,0.012049985170306787
622405,0.0038519062572388526
962863,0.009646658056314468
545038,0.12858873128785803
959839,0.03222074848315623
110854,0.010382667791995055
357180,0.004909690831604808
292359,0.08826184558683238
633379,0.029225302987747545
717022,0.010542298844531455
484083,0.0052080316127966686
434412,0.6448252956206618
730894,0.08550005333486511
997316,0.028340523622263476
775807,0.028740652927722404
818024,0.016791402158233517
235124,0.00980432519598071
328860,0.014359946529266617
823817,0.007186453727818307
284298,0.006210905844898061
795158,0.007182065383786866
297211,0.07642138926419753
660276,0.015442496919379793
482221,0.006533627829714291
876824,0.04463502936644234
215613,0.09355273478806654
239166,0.020768897028184363
806890,0.00921956582754046
688028,0.004287300104116749
765900,0.0024888535675374125
521633,0.0055030779764543925
271810,0.006203256259958237
986242,0.03581264602763335
209977,0.02543365411291982
602859,0.011995692433575292
884040,0.012275757390548397
552823,0.01358576849189704
983410,0.020442767032354165
836604,0.0027405508641762224
839704,0.002219976791013014
234100,0.005080332932937183
643144,0.0395009369969289
595886,0.004492474966297314
406957,0.003244984722989372
897946,0.0156343109904773
955014,0.011264922042397627
417161,0.014988078698079176
349986,0.003831813420596137
277750,0.01052737917118099
348103,0.05642505053008279
380631,0.029202792687970956
644686,0.05542537641126419
962894,0.004883009208771735
916200,0.005147467211305407
563939,0.0038808461640300433
342913,0.0042627936482026755
106501,0.0062302732028575985
272266,0.007608086708836721
516605,0.05204618325445374
932771,0.03198662716323765
461547,0.044092138740156876
921377,0.014161711159420954
241206,0.01903260251682511
557313,0.036095227957405635
167784,0.004009728085658574
247965,0.006052151247246041
161166,0.023577369034252157
161425,0.0032726612854824632
420031,0.04813031478616386
996492,0.0019456987044793896
395464,0.10840530885660603
129985,0.0316781026782955
734629,0.00670588895485416
536485,0.0039438232326935475
405044,0.002501766559966853
514394,0.009788500330416672
562185,0.0034709035767176767
610994,0.01388113372614453
534085,0.009233954682380741
113811,0.3201425038686976
794036,0.0028022094185655476
564575,0.03812096375625723
378747,0.012223755530190039
538630,0.017333547307735023
894605,0.011099128773115741
684512,0.004665195438206078
641123,0.030257811676404036
665727,0.0017300118591531794
348950,0.0023310699008877553
763901,0.021603917032452073
739722,0.01678879510512243
300470,0.0034466772009734237
913970,0.030106097307575144
686290,0.006798883103111946
283060,0.011527259283623869
824204,0.016023510878318863
122863,0.11377778696874875
495100,0.013850990033154513
522118,0.007823945502005583
172522,0.005453469394347568
318152,0.08460028549599101
796636,0.017178910889734732
202928,0.0033343268408420634
278019,0.01163199945185639
864961,0.0032641703259436066
756421,0.01825767926734823
482165,0.007855258872946512
204147,0.012375829374602687
513864,0.005527050250681469
729145,0.021002952725833784
929796,0.051058917191182426
709871,0.006876046172698482
686862,0.0014016307927721147
329101,0.012160602540526066
621924,0.0231785307944396
790667,0.014204021156085081
332160,0.004755242556588324
439797,0.022389789833882828
589703,0.002805681511917887
613961,0.0061743978197371695
920432,0.005841875746808759
846949,0.0035366143017679335
630529,0.008455609028757052
708031,0.018764398910673358
850234,0.005737007679268433
768679,0.03570507863998315
226179,0.012256231967580366
711435,0.008261799621472905
432799,0.018452344100690382
479922,0.004361720975494749
386133,0.00315561854266427
105317,0.0027038404792750427
994516,0.013665594954767104
681298,0.003837568057662592
901709,0.11070142534466808
898285,0.019567132371206587
708363,0.010370028329380774
432209,0.0043585389726230675
481663,0.026248399575175316
907860,0.006308278233387866
667568,0.033878850717804776
322981,0.01129370731571728
242563,0.018398335886756705
964378,0.06053273141715378
854783,0.04879698012093124
991005,0.005343133883221698
993066,0.002501589481458351
836225,0.0049565755854823965
839334,0.03822835388721732
519610,0.015140766730129526
433196,0.002576964138583382
251690,0.0014480524193701825
661385,0.022375762852961303
485150,0.015086172560969186
645596,0.010466786956265848
237352,0.0034359056520885498
686612,0.011423227697193198
415158,0.009815480891278169
843283,0.010461458685586554
691266,0.031118148838295206
925183,0.0037711651405505746
683210,0.0026607452817043672
900601,0.034452551161796706
545272,0.032097818579319905
179961,0.03994435163018407
844165,0.009533390106254222
760153,0.006014919434876366
252923,0.05822392330309772
901016,0.007459073261059227
131536,0.029380694637715393
246854,0.009702263759714906
301069,0.02763084294565732
666385,0.007304479695933827
683292,0.005755780610247153
524718,0.0039936328156807074
225267,0.005870592226994465
381092,0.0033172233251234943
820889,0.011508745679481874
807609,0.016839073138062682
282227,0.04085709973417789
801066,0.017505222529547754
317405,0.01122227917340188
723912,0.006401039602995235
711088,0.011060926609024725
476151,0.005454969853001659
407900,0.024875587218941973
772284,0.03554976421641098
301983,0.03536746991677318
637453,0.0038563649988901543
500040,0.03721020513091238
549176,0.013772514183796696
951762,0.02379472819686805
801872,0.009274958669209207
672914,0.011436898315571462
655859,0.02130228515218824
730810,0.011842729312956877
216154,0.007375706991632699
403047,0.00498918920319529
664943,0.0277105930690709
861812,0.007308837598868749
698657,0.004340450287816662
571283,0.04571495279963289
665070,0.01097315676549768
383536,0.006414280075812812
980982,0.010538115344208314
158262,0.030517332555673397
882892,0.04249793127368417
171864,0.008429895108268172
477559,0.08639305180653646
571895,0.002603027738788925
400745,0.03759923489361934
100407,0.006948284515674602
802650,0.00454236771339998
545813,0.003153890207456753
641480,0.0033074708055056325
699234,0.0025434973075193364
348197,0.07895891715185274
821042,0.003030486223069163
680474,0.006122265675313069
636461,0.008360443924976136
211831,0.33123732788506344
684721,0.018721878111197857
260184,0.004635290546564866
873291,0.00944443318582463
259684,0.002573541044687815
163137,0.0030090353168842282
278020,0.021443613447494306
368766,0.006864229599296397
327577,0.009394378358440713
953596,0.0061108975096772706
815851,0.002915951301187239
343774,0.007987600777383462
916629,0.007151918885407475
164543,0.0034635651595580903
661396,0.004245742184551452
936894,0.0045958021094517285
517182,0.014744111338620318
850568,0.07766337493008169
604543,0.050221792101691844
401040,0.017033085226471324
372365,0.006315906633501261
868238,0.0287991763048332
731052,0.018375763910659634
115106,0.005527581607732313
443734,0.016829271628285968
159003,0.0028261967601037226
931164,0.02976556204470639
903845,0.003432558771673448
130704,0.011044524946081602
679240,0.01996601733785884
612658,0.022829697476863337
895424,0.02323434424999045
986699,0.003809423809029144
901844,0.007573180394230987
592292,0.007486868536952594
584337,0.005191170529095254
276110,0.008179540444028644
618782,0.0059622617318711435
990021,0.01404153852618633
103101,0.03304138398199237
249892,0.003911064690986373
929971,0.02758855981537553
659945,0.016378601068803397
877043,0.03698995837254753
481184,0.02518345818306451
887326,0.03248566545526633
216658,0.009119670835671697
883344,0.008006245612942586
866977,0.00961053354596243
406381,0.015971341716521686
366316,0.01301241552382746
661498,0.036981915881484195
790417,0.006738681769163385
852910,0.0029183527891727965
840682,0.004771196195052968
876212,0.006609619465809456
786865,0.01071492480662131
350958,0.0052327654369591385
834881,0.01831468042206367
535610,0.008095124077192976
316616,0.015103068089265509
231935,0.013422856203159944
691645,0.0048507050086095795
488142,0.012788581891628353
917536,0.004919729575305314
646700,0.016653244766862276
892027,0.008073052113184069
420902,0.004432959154411637
362136,0.01804109202631529
618515,0.00420703544484036
585824,0.006003327146631334
794318,0.02945073590048522
530114,0.014749988534266923
601873,0.03419859954768962
799622,0.01027650362005716
457376,0.02043228947750277
229760,0.0058970877980599285
537246,0.003285146923190657
403920,0.07466538182013971
878439,0.0037054564495969107
771071,0.009174234348294084
987645,0.02472983087730078
235832,0.029359821674449442
359793,0.0063821421391581454
443771,0.03744294381147273
851626,0.004392086966452778
195241,0.004260838209520017
405084,0.04869793587561337
903893,0.004184082456994539
895643,0.009478150122973072
182209,0.018781578972396386
869630,0.008134957435207684
584798,0.006827578620232361
128832,0.004571107516329213
413314,0.005925830324649212
648493,0.0029994862390584384
242967,0.013152081730591696
650750,0.004374107114657976
685683,0.022654901886808118
733429,0.004688933477435654
409733,0.024496133172011283
140395,0.006662917729034188
734221,0.046402631885685254
862526,0.07569060025851786
242011,0.009427797149153578
426883,0.009533376231555124
431789,0.0868536115238347
691082,0.0031612829012337054
633735,0.004484229076368597
248127,0.004455520615898358
467452,0.006048832897563094
690121,0.002322470460892666
133460,0.002750677523232489
158450,0.012793119909013375
582734,0.00268401365181487
955585,0.004261689612705208
918951,0.0073547926699708225
676588,0.0308750383494195
995339,0.0249316882994974
428105,0.01697521360330906
102229,0.014023489075858129
478339,0.004127341251936424
808270,0.006966261092572972
820623,0.00392616802126529
558149,0.028878853527889273
198702,0.007342387191492494
335198,0.03343311216951489
689025,0.01220953709692544
674930,0.001633560374898772
582599,0.0024761225243953608
807782,0.026431762178143983
253593,0.010799256805176871
725291,0.017517910779401877
327394,0.011097222868889617
966301,0.021418930574271945
582141,0.010853836781595455
246350,0.01424652692999206
334046,0.00686473866660152
317744,0.0028587624982758593
787367,0.03461348713862593
643763,0.02760612241365435
203732,0.006903121749454855
724795,0.017420160252208886
379905,0.008185825072709742
470216,0.01882394062338032
851471,0.017317279786253897
115503,0.019845645620690414
147395,0.009307347867493362
150841,0.009800131212231228
353706,0.006489419374363728
919217,0.0155204806152134
501883,0.0475953271383704
257055,0.01879011066506758
206916,0.006937089773267472
680021,0.003322212807235772
671865,0.038558762627476637
447557,0.012411984368844851
970192,0.002401209540613897
397631,0.014037934165097353
800219,0.07603376486230244
760879,0.08151913409104283
254817,0.004291750342043182
514515,0.012055689865108955
940438,0.003221185056902486
505968,0.010210255425264584
684181,0.017539550922182467
410728,0.004363152257910784
979098,0.06700066277541343
951595,0.010318310698189644
863998,0.0219912195435242
327613,0.002328951024154577
760017,0.030185017664563944
306810,0.004158715377943142
651293,0.004441803046304383
217136,0.01084237441915112
148852,0.004815675908559086
519161,0.017404635870356674
125622,0.004622409736717807
688993,0.005572818171965674
792355,0.004891380909853597
648339,0.0463611156530977
281819,0.013871387270158263
137932,0.007152380791754725
455116,0.0054320378812086866
585642,0.0043630240256751435
676268,0.02516629915674835
703495,0.006077276857488799
728185,0.0049781327248790645
800886,0.022660583073695482
272631,0.07944387947239023
512322,0.19159930089418284
317982,0.006541791322723164
808435,0.0026118947519872403
104631,0.07876049380761448
450512,0.010432359016718767
878392,0.007821043762859402
903471,0.006816154300694285
702156,0.016367280448394198
764252,0.07619237999726292
247595,0.004848216259735943
150893,0.04683591841102778
325194,0.013214389131590381
848136,0.0090294317562983
886569,0.0016929772329318921
801655,0.005180623468836743
308814,0.004538773804897716
144435,0.010162702823133942
536745,0.0094458081643344
836550,0.019036331962472695
747723,0.025766300266690502
231998,0.009169291958935365
949036,0.01136904348623336
282542,0.004176831004124143
709271,0.00897028994326856
552670,0.10148232553718109
683538,0.026367639061342846
551660,0.006921036239985407
801616,0.003097090841031494
571330,0.040732700884870444
430742,0.06547417597274105
927030,0.015501612358972332
927518,0.03898963779046384
729274,0.13392898991285526
425060,0.007068078052689332
810696,0.011180875818115707
800512,0.00932867454550802
817816,0.004524636153922931
308712,0.009097873220917327
757281,0.006821818033787733
246227,0.0663286554863763
233841,0.0098115423566077
512279,0.03196325505426465
572207,0.011099167552026059
512531,0.04902494064494577
650765,0.08787121848038637
264333,0.021709550364838865
593345,0.0018682477350073633
821841,0.005500710606769324
567983,0.009147108286235432
773734,0.015847667376048848
243904,0.020289066098793482
329316,0.045937265613478974
568330,0.004919118599714925
359670,0.005286736452222052
442224,0.005750132579413175
594524,0.005973268235733227
699447,0.05174810374747677
857213,0.01027045715565396
378601,0.004100151343073394
893504,0.011203939869700402
149965,0.023694105046018255
536089,0.01434464676889808
521828,0.05174632447902873
519632,0.01737243537065943
799729,0.004132221097045514
649728,0.023198434601222926
743004,0.024048190851241297
430463,0.020052156100052794
552741,0.04695578320771592
869291,0.009921938874783588
517756,0.05204360226252744
629802,0.004670614367007415
853895,0.015841631920958592
114362,0.04674554389240688
390215,0.033374832257527756
705375,0.11065623282433988
249691,0.014981031329671114
236300,0.01526129501209723
654755,0.04451010592200441
771363,0.0020821522301914235
326207,0.0036586694840267968
573635,0.0022938841189013167
928118,0.005838272159255426
507862,0.012236445719113524
254743,0.003115544304044854
501919,0.07804821564143598
870884,0.006345885564625176
218799,0.04373485892211585
893401,0.006138773586317531
819645,0.009145434848480679
778283,0.013226571154112658
685446,0.0025579514844921197
813343,0.006566178971228869
686407,0.01256477920081907
791861,0.0057237180366573
296702,0.009334877744942982
134739,0.06919015391101631
812377,0.003636754938874107
852090,0.02558616252057285
382204,0.009283481855230273
934061,0.052012690973335315
861277,0.013181310642961406
244247,0.01679713503224535
364059,0.009841421891399554
381404,0.012214137765984331
585002,0.008408606816584415
542027,0.02035795829405016
890167,0.04581435274707816
700124,0.004432959154411637
941937,0.018599056561750833
875669,0.004865546159100347
212414,0.005040556100687724
713043,0.008979381735120301
878621,0.004910902250149868
707751,0.0677246428857606
249553,0.0041093208558780495
604101,0.014685618328212073
485287,0.004518353110576644
786328,0.012901974170598414
249386,0.0030691388014486907
435973,0.018219411805315472
918995,0.02258716391733702
850485,0.0056045058930206115
967951,0.015866150948272106
746734,0.011327444643044813
847335,0.044562988067961336
387042,0.0033558835229534245
601574,0.004159236239811739
428618,0.009882290814547808
622938,0.016068220242627707
570857,0.022439965006878775
790318,0.008320593486742928
797944,0.049410035881578204
254569,0.006966823856143269
902080,0.03136944811148548
388439,0.006868963880938765
199157,0.015134526996380206
512432,0.01642175104197097
238372,0.02722736776823267
562711,0.03576382546698316
264118,0.020226825811231048
295380,0.0029891847591679037
921403,0.005046657616984101
639252,0.02520313594461489
254340,0.005792512104351711
881870,0.02302148400694814
990990,0.009093269530573385
519881,0.011248872020462616
950237,0.02005477615676024
416921,0.004961493637188429
719807,0.017380070947061645
768012,0.002738814895485427
659339,0.025218922708545203
306838,0.011988376259799005
505471,0.008361943579640745
553521,0.04050298280782802
675380,0.01989310111261614
535205,0.004962446307865305
512665,0.007353850907352178
110356,0.0041682618473082335
217467,0.0035938669087020804
996547,0.007844567029225154
330002,0.016279326289519436
210173,0.011239840414258346
984284,0.004657072130411772
515826,0.015069488963251122
775631,0.0345847848075255
688043,0.004814025382993926
313857,0.005700502996322924
359977,0.01832541566356135
776193,0.011468956660058859
959359,0.012713685491708156
679130,0.003551525872081595
426156,0.008819378162606533
469852,0.011448015011885007
449411,0.0030935179684846974
345353,0.034190917647697855
331857,0.011885437285610914
175957,0.007967790180806983
303200,0.0071560124194863005
832548,0.010615961359525026
262173,0.019677413762792164
849749,0.01725278910256192
313271,0.004258759875855458
565127,0.012312013737911128
885096,0.0037679003095099774
469533,0.004704707394012196
842248,0.0027883828587788703
210845,0.0045840914658649085
627651,0.014024706358962908
941575,0.02096852926930975
242759,0.005606760708631997
259300,0.04017606741517693
316061,0.07901783555210776
821347,0.024795275301889318
719179,0.002563826133031489
524622,0.021578767377765384
747196,0.002378886997600882
866173,0.004932807284436454
128209,0.032265754811360445
868562,0.016261021283092498
839691,0.004175435096464044
568390,0.004441994156975838
543114,0.017015386837997193
732367,0.0030437785859412326
606874,0.00391103586065679
902411,0.0046346196063414774
531047,0.0045106484939773095
359092,0.007775190213626578
364333,0.023044302160893138
630473,0.006673292703713881
329082,0.02873819569577885
421500,0.011479687033905535
156106,0.1888265202126233
755403,0.0320436450436864
651610,0.0059501987879715095
128972,0.007260862394550623
981753,0.009598875939003576
303989,0.004974897565154512
342203,0.00749388432524848
487442,0.006463536511188535
374518,0.015239124871320299
220539,0.007737118843740904
579217,0.00324764672073374
757502,0.11543188210751867
179617,0.018757136363447877
754330,0.0030072724254648344
521771,0.00433144694882595
368970,0.004298106050365674
669115,0.04950556503062436
562205,0.012265361365128624
235978,0.0497413905424203
685355,0.003487148281988486
673514,0.022403875176822498
463416,0.006107130729915842
278668,0.03254256146952124
997652,0.05229707247886714
892499,0.011390161462889575
784390,0.01677976129320678
561899,0.022680066295542187
837041,0.021968594395606878
235453,0.006752532822321981
898607,0.02467050176460601
587861,0.05766422447443797
704613,0.024246465241117336
305974,0.010662120304536575
327740,0.004620025213111999
137297,0.028243628152369877
655656,0.0033375319345961196
826843,0.01640255395640021
756673,0.0034361441020422726
139436,0.09272447996761049
997863,0.015034543974150712
484242,0.013263800396139466
770043,0.0041065594979945354
118732,0.006662590764078189
283699,0.01817332004505671
661828,0.002611771157107201
427644,0.013545230109362896
398519,0.005508213780294124
969404,0.027777214895422554
835593,0.0068566444304275645
727747,0.004858105634886613
970441,0.005139878095917364
453653,0.004234546360207891
385913,0.009353866598764301
597571,0.036360227363777885
237136,0.03755923341851887
850564,0.0032888809596648863
741554,0.02282273518788126
489055,0.013281897253554909
130826,0.04283019500489831
206331,0.033253761861618644
236241,0.00911390499167694
817620,0.003659870046453181
590676,0.11147711686291575
294140,0.0032836261414091687
664481,0.041616928734739836
471760,0.008761794990223512
176845,0.0041150142038624705
958539,0.030242347855247546
422283,0.036587032431841617
669345,0.07730891183897393
256057,0.023207376048144265
692117,0.009623219716577768
951450,0.0072921755105398774
169543,0.05131272507604444
916174,0.0076165285111035085
368519,0.010774194410952852
991636,0.0033405436671491845
666499,0.037811948163851784
810240,0.019249425584510635
657802,0.0030326527830273654
198222,0.005550727200838613
562107,0.006213638206829703
470286,0.006805610479830637
375745,0.031217695910740445
468844,0.03616648377952305
814803,0.01509276051680323
711496,0.008853287518920437
348045,0.030637389938730924
852688,0.004347702471633924
872559,0.07287704626489849
221488,0.030029429684065852
788103,0.002302968759035221
509987,0.021016380076927178
414674,0.034736681123474805
949407,0.025857044094640975
752332,0.021683441351790858
473437,0.00465820351550517
873082,0.003395188851089516
686262,0.09838316135709758
613780,0.014486285452466713
412617,0.12191926916662028
168119,0.006686171483388361
776400,0.004015210393068287
490750,0.0033585035549597497
746176,0.02244771616444312
877505,0.054819347328024286
356873,0.004118005554518108
824915,0.032112225986954575
989057,0.0065512631304442265
332981,0.0019366933014884527
478632,0.010470985938531322
473275,0.018820886723527153
967130,0.011748017074947483
439198,0.04156989662257106
403297,0.00622893296783754
244132,0.0022947592349975504
503218,0.03782051754304072
238109,0.00715665253530936
649516,0.020839136449226216
773197,0.003089020857383964
128783,0.007483650806499217
356426,0.010807856574642782
960229,0.014106505021742995
722845,0.01151321728984025
793125,0.008217817952836168
167550,0.016359476317052635
719855,0.09484739219194045
688439,0.03764965122467301
147113,0.004436864478193022
591877,0.1026567019900814
438689,0.043124353065562386
211560,0.011223992144274499
227133,0.01715272786743481
478724,0.003419545715532856
282682,0.004177749992279299
107422,0.002087381504707355
523521,0.0034313330000735913
416981,0.009157427722852138
298128,0.011663988125152713
571937,0.006549315817789925
681058,0.005884267432746352
283332,0.006439049463470808
968438,0.01647412368629725
975966,0.018897815188667462
208080,0.005985571116776272
569336,0.006180863143845005
581814,0.003859405764655977
593710,0.013913160422605089
259427,0.013209028149009766
109423,0.013398606723404023
943743,0.10039462993821992
711622,0.04770697795264923
596013,0.0991284254926364
311897,0.007813150603998556
215326,0.0074760592574251725
773039,0.04895985665683883
875882,0.015172857606151438
326634,0.009364525478637703
860993,0.014145208531523155
452770,0.011570388277134708
322019,0.003419505790953539
836944,0.05492817036411069
627175,0.00826507864357632
378819,0.03943901853878708
759963,0.003370916892088723
422858,0.0045875667440705
580868,0.024196277659577083
718396,0.005826742114609223
648551,0.015016457401409772
630483,0.010148698718014314
883455,0.012107882495124447
254591,0.004626435513188662
607853,0.03620850393914539
646494,0.015255952501582187
841552,0.0034350460996986822
423830,0.006203776109099883
821655,0.010986137182979083
163432,0.0123331879369631
360688,0.011500697179018969
504553,0.0045327821817682055
412922,0.08951928122724266
743229,0.01185811187930787
169000,0.0440276975576773
766747,0.005922754917980954
565949,0.0045251452683939125
796680,0.03999059341087911
753755,0.0065868026317577304
674091,0.00863894088894712
207921,0.004001815540270886
147439,0.054594004642996435
345939,0.0786854569747595
766994,0.040879090418859516
658849,0.019296931654105794
891910,0.02765058684061164
410871,0.029228661956799688
778345,0.006143159306295415
932671,0.03588126679907041
622989,0.018750861687708065
179176,0.004472310813087465
716617,0.007639954076485445
680848,0.0038906579349788687
267182,0.006810878984628907
974166,0.018696070156660746
983004,0.014757209975188949
511873,0.01073463642244015
342518,0.0018635630238787344
108853,0.012894723072793459
607728,0.011319038611476559
720091,0.004643064906778938
854970,0.011873152821485778
384554,0.011316880630485596
213970,0.005305145400863149
567440,0.0025411045679005844
197669,0.0069450905405821104
900578,0.015176862113892372
243303,0.004487510205918828
592406,0.009874740868436975
634063,0.0033547678681695695
553391,0.004031020324034361
601455,0.0024193621205875573
833091,0.06592538107929612
979675,0.034468459801477086
324677,0.004448701803529337
828120,0.069208908885317
603886,0.004447987455925527
415384,0.00205570842139044
166398,0.012101034685368507
898689,0.031336953012485916
706256,0.01505843739747456
972880,0.05764706126141199
113692,0.10724243054306265
713053,0.08514585434086915
135631,0.004558737698810237
483482,0.0033133819814364393
315126,0.0033495327484229184
141395,0.006024625928227881
488824,0.005128745146475573
875957,0.026423164017442467
102507,0.0049526170426325115
838930,0.007278916812667441
398711,0.003802255769145003
629368,0.034342696734730935
305328,0.005538956991495486
710943,0.007305683225458751
189020,0.007235425423993038
135220,0.013154261884757013
253320,0.003367448887264756
900556,0.018516617558612267
979865,0.004617223216088078
478309,0.007584574701725774
748049,0.024281475758904113
915943,0.018486784338015625
779238,0.03731176384898971
695490,0.0517371885940603
799144,0.01133025025023464
183217,0.08878185175265871
692440,0.030358968876979572
540521,0.006586304627278585
673146,0.12093859369295387
103501,0.06309376794124545
294973,0.005118335662695273
592207,0.009855653076782956
731322,0.014825634558875322
654386,0.00681165349192004
983081,0.03517203833760616
184014,0.015418523310236238
262617,0.012380665762427313
858688,0.004912651637330562
428712,0.015107044558719187
835316,0.09391896263440405
256962,0.005806543205152682
941354,0.01278889923158415
329529,0.016548603251844478
708802,0.0035135086435535545
905327,0.003789235016051019
671294,0.013385402801453864
641103,0.011133689200911174
692905,0.004541903629696125
711213,0.1809479886267885
954034,0.0030633509072564786
965367,0.010258503243497287
311763,0.0021326583179609023
791186,0.008017708643930272
756176,0.0028683296439672695
824831,0.012108233444726103
412362,0.07224018880481013
111701,0.010020404088402272
645829,0.005734369621615803
873644,0.04003229154547745
112073,0.014004061901728579
585257,0.15020933072514236
991682,0.04244759289191197
347812,0.12333860081121144
966250,0.008574716436330117
356389,0.014842445796919982
915969,0.08567577521970834
539725,0.028150570912314973
822227,0.003483735288213899
348689,0.025629558721143333
805875,0.04182283211575931
825393,0.007120604301185121
120542,0.009277334351064898
576514,0.007838104395520743
783267,0.008783077495562572
162767,0.0051946420965031685
863541,0.028227448052110294
706598,0.025857705037638408
850476,0.012266691593843195
390424,0.004653370490636776
903771,0.010716650038350357
814194,0.005467085932252677
488943,0.005293810732231649
459860,0.02023813694579398
570350,0.005607559503236332
965314,0.030007998619848916
999122,0.0038325892228239615
732949,0.007508280056742567
123426,0.010369338655033178
114797,0.007727086298011271
482679,0.008937466500626143
474787,0.005166940091014148
709169,0.004934251119636569
517859,0.047628793311738936
113274,0.045936736995761056
241717,0.0035115857648774975
904222,0.01792594828313172
478586,0.07675116319126235
632936,0.008426026182110573
891834,0.0076508156429646625
688277,0.015479362463348757
259169,0.0021169674431933006
712960,0.011873152821485778
859541,0.002441779403811265
167049,0.00527437380801491
501905,0.014077587507002602
997930,0.01388118810542797
942550,0.005590734279300226
731997,0.030247626491875713
663349,0.015315802638104776
835540,0.03136768788023716
166096,0.04278255022804348
350041,0.016449420192917917
104061,0.005888208891554729
623129,0.009134835584115208
559465,0.04079341476474582
172698,0.11689780640722439
320563,0.006974745019610963
531883,0.009727256750882322
867956,0.010237558317524235
995958,0.004907538345033662
540132,0.013228365341881241
971207,0.0038198230308378227
924924,0.004647316089495928
592710,0.020269394604330113
638902,0.004160892999594406
136086,0.015529791644847302
826389,0.002654088473338164
174391,0.13745048963792836
237168,0.005558642770306132
622780,0.03593187409261868
923180,0.004613801957549607
594973,0.004441712242385592
926933,0.018326978233830317
979968,0.13335724561014536
196918,0.04017602656468642
220165,0.006843894329888718
576957,0.012404972819199615
113868,0.0035401043253009733
168464,0.002907432687307757
782336,0.11721747351761606
132596,0.004455306530964485
913308,0.0021939759490554106
373150,0.00552464989578191
807832,0.015636617943572722
563291,0.0420965548228885
301758,0.03887834314451472
459837,0.006762428517178751
430427,0.014770787242889515
417266,0.015053677480728162
762975,0.0038957036012756342
372982,0.012418695081351924
271774,0.009552204531563767
454830,0.005434035960922992
100986,0.00816336231982198
813120,0.004366573725192685
904055,0.014522443578308893
958566,0.004610099141075528
338402,0.005106353081676848
219325,0.029651695921779204
107458,0.002348521120575658
584694,0.007498984407669879
323304,0.030410800356185416
191636,0.010804885054303623
555063,0.009487201996930537
396206,0.010559541190813718
999673,0.007537698659396589
795901,0.010869309201710926
479596,0.008044238563354135
546236,0.027915549610635998
279642,0.0050944729905905515
938983,0.01888019240841761
800565,0.005531900087763535
115163,0.10421065784447865
433776,0.007139014894171547
844091,0.14563017061678799
109678,0.06991501450268216
543460,0.009556590760796421
822618,0.004878949572719799
341734,0.00484486187713059
653392,0.006838925898950889
109138,0.012460272275691547
180029,0.0031132337156974865
146399,0.004057579473813833
812497,0.017666272883445654
859987,0.007915337040880013
418939,0.004361498752764196
579447,0.04252225590722479
693472,0.003335360975103271
986913,0.00411518470408446
103385,0.006165995892830462
395782,0.03040676989784161
513393,0.014304203428230645
401311,0.0049001884932513935
385404,0.039074742566222766
400247,0.025657679516543422
267017,0.0032378778057200897
472689,0.020266844365170445
444903,0.152395499928475
164818,0.0777459476725266
430108,0.009969710270166502
571062,0.003136364148648087
273239,0.0038020703097798453
577554,0.017394607398086032
913661,0.005502019426759981
733748,0.005473966579675421
618844,0.017860346562155655
866115,0.011183573079610721
628857,0.031107539025597198
958309,0.00894538921933879
650356,0.005475489067203849
414640,0.0039003050879371504
870822,0.009265356660138963
645411,0.01552101543728002
926359,0.011587068520244255
679103,0.0849030501814417
425875,0.003252438520713263
437836,0.019358412556761937
896929,0.010176529254402199
274522,0.008106277775455915
839314,0.00799339284451425
876673,0.0028445632943431423
213946,0.0038594972998200637
485261,0.029339632912288072
241026,0.004447987455925527
374760,0.031221939147516833
531159,0.002064192826366236
855794,0.0168824922201978
459670,0.013474132537560104
914236,0.012159932957450484
657329,0.011714332062320445
863433,0.002650263659773364
380195,0.045276619124987
551633,0.02309144968704553
874591,0.026959700452145803
601879,0.05111789481052785
926275,0.020466202843722987
139605,0.0024114144227341565
675532,0.006578017119382864
453606,0.006948445225581109
391892,0.024520915674415292
119468,0.0385547301237147
149538,0.0398203628035197
550840,0.04527171728862756
663333,0.01103243510107959
127565,0.0031127832954866257
784779,0.01314329654607002
781236,0.004910272238773501
838108,0.007317184102356076
223363,0.004673032602640556
201740,0.01362667141283038
186302,0.0017675738599551632
906042,0.0027390960889817637
880772,0.019617733990054398
233476,0.02936682667732049
367214,0.0035044646440243947
754007,0.015496832284495287
464608,0.004273311776291548
659852,0.058320779422908565
643493,0.00467170246012079
287531,0.00671341165571605
321829,0.0035635414764697707
904079,0.0024251927074296496
358849,0.005693529166235435
242624,0.06841342261267055
536344,0.008396048129615393
527471,0.015161831990635703
267944,0.01404943820332857
376257,0.06997192758917006
260716,0.00587459164501359
282339,0.006594507617327367
828319,0.027393747720422287
481804,0.004269319230928439
997117,0.006604448632931399
411213,0.0024323679741842094
472733,0.010721719010253667
967805,0.0040703894316014705
713432,0.03219634540228249
990378,0.012001122455647412
268187,0.00795806267306989
148477,0.03183355340092569
127227,0.1612012699370445
501766,0.011290871487458578
101279,0.032425161889120556
478373,0.011937101044933063
157152,0.003181410884900279
187542,0.005741812433071682
554323,0.005103305036643728
389017,0.005418370670905292
939288,0.005065702454255579
471942,0.005031799039385879
445359,0.010703156018139105
777808,0.005841908006595422
456910,0.09925586962745343
220525,0.02158297478664801
406813,0.07587609822443364
516989,0.013476697748325866
272687,0.007114584059420535
406951,0.005008450880175842
928226,0.005349619689244215
584176,0.003749340503101279
238857,0.0016049052867090393
390871,0.009531642105174268
675131,0.03214938479207362
801073,0.11467696373884324
764462,0.011838726621615354
638783,0.20570218070284696
822380,0.01000389657041149
868132,0.00822696839317877
323510,0.015470408405903274
118466,0.0024360803006603076
499296,0.007889734180010995
167570,0.006073063699068289
458889,0.006523121971042651
524897,0.005052936234614175
282923,0.12161097507463517
929888,0.012168573998608361
217401,0.01794510638890066
979262,0.009032565903449096
172181,0.043065744454611095
484255,0.0038242487485115628
622654,0.012204120407499228
437378,0.006340955049369387
621475,0.012456217198995645
322612,0.09366684692164028
655888,0.013299458085945183
146112,0.008147106114429089
483072,0.05508476772835883
308432,0.002587696336660653
193067,0.003346486424956433
792032,0.015524041905490785
293998,0.019194919450913485
431157,0.0037481244195735125
796708,0.04159697524728665
458022,0.010029021366161017
238730,0.004061917088378826
171818,0.007899183631840735
718447,0.005623455077810199
931448,0.0036798417078300004
386255,0.07576473639235418
750954,0.11572425193156247
637961,0.00626791953238801
671033,0.002224269939793782
634131,0.02595517792384738
749019,0.004968386861184496
308097,0.008880127640741633
612901,0.010086606123430444
683273,0.05212664318234298
976430,0.025825791115788692
921928,0.0038405575807197896
337017,0.014891707434369038
696926,0.0027355872149693013
897501,0.0067792936026629174
770746,0.0033201404084682797
767731,0.003556982524635733
162591,0.006385991252754632
807517,0.0788436089095792
570820,0.012933865517683071
487190,0.058388834971049276
443129,0.03837423670219198
502339,0.00354999378529134
842071,0.013990480266856306
180917,0.011953184994455168
254661,0.01367809754022648
158152,0.011546778249229254
578390,0.014490431772215616
353681,0.0096410762824101
601241,0.12570508615499423
556241,0.06451628327983218
183922,0.004453884321493017
293116,0.003258195830402409
947092,0.00256282202412366
304796,0.03639703689101478
575580,0.011554382302820583
826572,0.03894694640305255
576433,0.00807626202229854
820004,0.006884007674815616
859560,0.05411059096462291
949930,0.010402166220410604
876797,0.005286533986709264
675485,0.007609940507086184
328537,0.0035321143318596893
467608,0.007895493675782083
776355,0.008112673300358038
931429,0.014712101524828724
369980,0.06624220667992872
750513,0.0038818175157578037
189374,0.01289853791151439
469832,0.031116895783146005
347510,0.009235954560905193
659887,0.004417320837575005
503788,0.013723639235110295
530198,0.01583248102001802
311439,0.04016860342510309
154468,0.0349341316611566
467251,0.026105248902963823
834801,0.0024453392348636536
205639,0.007779434813865432
517374,0.012426332198940442
558640,0.021062366650528984
532532,0.05216013325354998
940312,0.02104222583621665
901067,0.011873152821485778
747826,0.021116911593221484
150978,0.0052157403368108465
115213,0.012166618879222948
156442,0.03279848663717362
850198,0.03741697498596742
335993,0.0034902553076996785
255147,0.010835043828293612
292857,0.08172353347725954
738441,0.04564369079581837
144177,0.028432714675760265
798088,0.004523853331548744
308037,0.0045330065703017355
210330,0.004050893290542292
577578,0.007582382026334553
945208,0.004095819445489756
312170,0.007111373233957371
135873,0.004692440220511121
113616,0.018909163773325084
134440,0.008274398767334771
904211,0.007362807341479995
434224,0.009608517555499898
145760,0.013060743666814987
376144,0.012181054681495804
335683,0.00722689053945807
524593,0.008443912251355266
348945,0.00912357174500593
754370,0.010359738141968012
471309,0.09299616295575763
867105,0.02968739043485266
383042,0.0038764414412723754
287875,0.01505158507285117
550595,0.006033273788771673
589320,0.008287929303199984
421595,0.005019857935114154
987430,0.00539694742792957
713186,0.04975489007017766
480904,0.01570677142717348
973542,0.057436287793550624
927989,0.29306313607944573
220045,0.01008197562421649
468261,0.010333000731680227
402523,0.09530397534599934
131694,0.011400739537721813
315678,0.02752063654956332
702672,0.012771430350948411
638041,0.00859704052442898
206446,0.012251472554901461
278684,0.004102812734577466
699586,0.02123141370008457
748179,0.08411831030777435
348818,0.00738822338357286
631389,0.00777900873776136
351160,0.03522399617707651
122538,0.009560635520194516
954717,0.004250704818636013
481043,0.002753815491105498
735643,0.03202516438990907
891237,0.00523794008807569
747803,0.013631916589573584
510571,0.012683164579947096
697156,0.005407172053843258
981795,0.005225904873571808
720088,0.0038838574880672274
772194,0.0415242807722664
846083,0.01621957362513052
878806,0.052415420303847375
440814,0.01859679281585281
705356,0.022112791405681845
760841,0.01086703031962401
579466,0.004567516881785767
194177,0.0022947592349975504
361109,0.05190717136301547
620674,0.00396497295710395
694190,0.01402526141787521
819244,0.00354062093345854
458785,0.006892630462943804
542792,0.03225411037652906
759429,0.039859244872217946
164903,0.004747069817717741
444135,0.0332709488475142
713784,0.02562308021847112
277032,0.017120474802549676
583669,0.008457687055828656
170085,0.029673518447451988
465850,0.002138822259411329
771167,0.00256119676800963
414953,0.012115947503749815
176381,0.04763360398601325
658413,0.007019266548608479
888713,0.014710976766194771
238295,0.006154350709217672
143544,0.029983422393542222
568014,0.023895367645328208
267699,0.004522032766388861
242158,0.0030479015383664044
332436,0.05947256820975413
301773,0.012097395734908879
244515,0.02472369033566527
609869,0.02490354079365524
409427,0.007170089436991923
471755,0.012378733326657898
587755,0.010626918409736657
943017,0.08071650906281928
784480,0.02034981286853375
917179,0.013846475980582735
786192,0.019636256548469816
607666,0.008542550692369266
592316,0.08260932679771843
910665,0.001743369300349148
483158,0.02848204670651047
852308,0.018469343296662114
780189,0.0636250088123739
423507,0.004986908505453228
198883,0.005237747628505254
849496,0.009461784565542681
178839,0.007544302967659275
439994,0.004955521249905787
427861,0.012345421135919507
308747,0.03242753260439955
733622,0.0021919914488849807
105418,0.0090515410544108
371822,0.004195446646171276
396271,0.005107955726522484
853139,0.004471587637807145
475744,0.11835123019809349
160866,0.007586714541737974
403405,0.0027191389433149963
123623,0.004129477804569918
790104,0.055470100723557916
885706,0.009862219068949771
550034,0.028221771302921448
169009,0.007138212748747906
223620,0.008568455777014612
829094,0.023763035718442457
265624,0.004199664287391705
159266,0.030523144151571792
952657,0.011873152821485778
442018,0.006283974519457137
455529,0.07266156038917256
799555,0.011920936017235161
774715,0.026135371554330683
412726,0.006568234059168162
444785,0.006640992070078136
575995,0.001332834220160247
176478,0.008903029977356737
405252,0.03566239586068574
288735,0.007253313279757161
957139,0.06719623963606199
456835,0.025881278167869174
391373,0.018973396197556773
994708,0.01839171198664694
958495,0.006327537645555392
895089,0.0044967453083929925
949899,0.01631978672952859
868473,0.003003430432544669
761638,0.005578359945635112
943945,0.036670516038695505
226275,0.007078654902071932
213629,0.017725038577083296
768200,0.0418940672398072
539794,0.017599930457020633
525284,0.10710835513848012
365598,0.007513391356987961
795688,0.00599662822400649
101233,0.009767312445180977
808938,0.002978211925313044
546892,0.01128756411169125
951112,0.06407880209065049
938642,0.029887582546956264
277421,0.010008386892879981
870242,0.003385341415880635
654736,0.010476563486726417
213314,0.09433524281045093
171211,0.007093681179407184
746481,0.018738773535498084
438795,0.10248325981331496
570581,0.007662019933299741
687659,0.011633449806646524
132805,0.0064775720454897
835772,0.006728864358374213
249699,0.02687702143348516
997035,0.013298571033492673
188906,0.1192893363446654
404225,0.006128218765740407
462554,0.006034035420049713
247028,0.011459185724359593
176813,0.005070669547580487
215925,0.006302865972989157
174151,0.003218503361441344
845617,0.08660301689091186
245548,0.004526715481297817
328608,0.01237264332626805
758891,0.007721875459380409
204747,0.00242287008871632
584979,0.023629036851470536
440476,0.003369806772516943
699963,0.012822334188835976
868254,0.014937029640119654
867065,0.04822378105633999
228779,0.004440565846520076
477477,0.007349122203580818
455581,0.017147276144421082
161194,0.030658327540188636
761895,0.012809102252721652
823391,0.004517033824662501
272179,0.012119771157822746
737334,0.02895645932812327
698964,0.0024531530887061254
147695,0.03438353991369272
887246,0.0025666334000379095
678499,0.07097468756237009
933691,0.0042127000374715205
504576,0.002925977358773024
289392,0.02388456672691776
182989,0.00914331177734808
512221,0.014147830093536555
775379,0.017924007483127537
535966,0.02260577286827084
354960,0.008053378046437458
797966,0.0039743142677008255
312845,0.002537730857399129
836666,0.033377875574684
112352,0.0049878906005735085
164525,0.012695392102993424
231672,0.009571426253353893
718697,0.17778841627559736
107270,0.004139935145340316
454569,0.03716756349938587
954216,0.011018810735762012
586263,0.0030818498577636685
420544,0.03898081085361657
404152,0.005342871285467926
506818,0.0045623753196593125
423071,0.029681785672746024
707293,0.02494270434504812
441612,0.11174659920948929
443532,0.006351010426832242
444164,0.02031342628006705
356925,0.04554882274401092
120621,0.006321038704113973
690900,0.009617322958269331
395569,0.012984761250005417
434177,0.11269772345413229
865537,0.006993517916863603
206091,0.004127383216058088
986868,0.0036202503617481937
649341,0.00783540600155404
460099,0.04518418111479769
535629,0.023126941053809337
974023,0.047264650987266475
871137,0.009775963502197955
603257,0.007473281294258412
569819,0.03763382120687066
468081,0.004789407288508505
487681,0.0017538147621326233
633271,0.015808484463578503
662092,0.018668235960225762
979222,0.04124055782656424
246635,0.008674809508819202
704993,0.015124235214936527
952879,0.007740841510306198
220090,0.0024584586087439166
719082,0.009217295497545961
715453,0.008453594688856444
303193,0.10415796009808807
565229,0.011523461180290958
163221,0.013989653424513833
931090,0.002514410769412125
848409,0.004912819733421083
702481,0.010427478380169388
874747,0.0493017983555107
359231,0.00981117532035731
348827,0.0020046562499938933
757376,0.005059786644698267
783624,0.00571633638244281
628314,0.03180130906894709
823524,0.03282874356507297
429219,0.029185018062757976
369507,0.004949302864550056
861619,0.013179291368383028
228924,0.09660836190173021
987713,0.007460980116764599
510415,0.005556619498381935
627757,0.030781030597194628
562122,0.013040595705538711
328720,0.021974397752524272
384459,0.01625876968152648
691381,0.01663192368163325
584467,0.11531363992545106
102421,0.016654632432979544
354634,0.006615382707178285
609421,0.00939804603399973
394051,0.032786802755358224
806490,0.0351558118380805
969497,0.0024933772255691516
863820,0.003611125309928508
754888,0.002439102108420744
363707,0.011180500451657315
696204,0.03695319641830625
694592,0.015414407226514765
179545,0.009737396854012795
731381,0.007242300267939476
529496,0.009269156308303635
334746,0.024483005157543668
251773,0.003199748243079301
774959,0.010233314306425304
869920,0.02218566401976587
341079,0.014581983919969977
835080,0.029784641912800617
254920,0.015128952782234905
133297,0.009088992449950983
886327,0.007158118450215598
111295,0.005293359650951091
629772,0.003649317695286954
565035,0.03777126348686507
214586,0.10166066363615547
913011,0.0031857863409510915
903118,0.005814792966740009
860128,0.0023303161840135555
212261,0.008106995709511386
393864,0.006868613231515006
884280,0.003954175218992789
703857,0.006063472028239391
247167,0.002581715589584409
598290,0.01163904567261015
827464,0.008489184543677902
101043,0.03361422541585637
193657,0.011948712139949972
694667,0.004518527107913094
227522,0.03438768264643015
707589,0.006033430140014672
636914,0.015383308250337525
484679,0.013917013413114724
640361,0.0035842835126492886
182841,0.006276972993984929
621206,0.013436801859998694
529951,0.007566354846329431
280696,0.007903744234739702
822722,0.01140376415653755
469024,0.02001266390015187
676186,0.0053380003219906475
629512,0.005771164944069823
881500,0.006101264163619726
118996,0.04348395846393438
310974,0.003482017183380148
568822,0.0033292272961212813
127633,0.011005672003654704
655102,0.039152444224608424
950011,0.009856866912065002
456184,0.006554772660600852
474774,0.01661710235164708
250332,0.009388576255452096
946920,0.011646155449967416
796686,0.017533723206731196
296922,0.02632864801030518
866657,0.027609257590518247
588866,0.0071494044591200534
314588,0.03713568336554781
868811,0.03160193150212067
493028,0.01520487212013748
602588,0.004907538345033662
631331,0.0367241637142352
101122,0.01904454042622346
167827,0.010311153321449586
150955,0.003141912653728976
356414,0.005416394680664319
111444,0.0146717463830331
193324,0.003326696827319252
143102,0.005488045990312146
984033,0.015244555953703576
558972,0.014578906208730116
493276,0.03757229316662035
157882,0.0549744739093189
644411,0.004318458223414484
737540,0.002449149859901992
124433,0.022204740577996526
212570,0.006710647080265499
698134,0.03503103238025646
485498,0.005859068689359794
253914,0.011422331730715812
390335,0.010568622612869161
685469,0.004085736002833377
445184,0.014529435991215143
661262,0.006717148841143615
172234,0.004556994435236585
884986,0.026101075611739438
492725,0.014445021647310891
744706,0.06167185901034671
150299,0.00547188139536753
642420,0.005201733057654529
924149,0.0048934812426188285
572327,0.0071038843757178435
359038,0.015819956209011804
223353,0.007912429429705947
784409,0.006174580113877797
657316,0.012757364224249022
589960,0.011572181706471778
519255,0.010673590619088794
198773,0.010524907618839556
591082,0.01104171394998388
145641,0.005542554130244029
710477,0.020075141072436967
375206,0.011856959367036683
535344,0.006218194572663855
260050,0.003944498542386317
786429,0.0026494671070645785
602292,0.0031821478561681756
477336,0.008022154203440183
725286,0.10574048035026473
435975,0.0078466695420417
417842,0.11127243378189473
681239,0.04676910458301208
451636,0.034352891889038895
946838,0.0025600579404577925
187677,0.012638608608708496
160029,0.004032105890036099
764054,0.01326292252221096
772134,0.022252896556388027
635190,0.03564184310551926
467184,0.005201240566915627
796022,0.06886575256500417
389575,0.00830260147096503
239568,0.010321493056056846
332880,0.03369627613149301
475059,0.012539847914298267
684491,0.005470536926137764
692583,0.0050224108886382955
640566,0.0249002183275501
471828,0.004137907378679587
775744,0.011497546552273237
451060,0.03899043865191911
975263,0.016497932751212988
283171,0.018983730035995298
654331,0.0027943158785784113
820728,0.11727423272172059
719722,0.18387963240626698
693847,0.007266689407320442
797220,0.015448587447678446
257911,0.007106995885306091
188982,0.0138515712474248
635991,0.08062776479232492
376016,0.0367312254876217
982702,0.014449861934421177
844857,0.06233323655078706
912640,0.0035651036404868277
598724,0.04722089736812331
616266,0.003063237664071221
164990,0.09647227579344932
948561,0.006370936124107309
529899,0.009696181939005212
166383,0.02507153691489475
585987,0.019575895276827706
343924,0.0046767033725601944
483889,0.0072972414777295975
300707,0.006227340890595033
343161,0.017879148951151384
692395,0.05638895762013011
499971,0.006822557447960408
493781,0.043772055761835314
971611,0.035535872082818526
237123,0.012778475560996061
705003,0.021991466698491696
118128,0.015473429823061354
390321,0.0025410134649091008
614422,0.08509881541879012
739938,0.009120715521824807
356578,0.03051787303100659
824688,0.09813674777194238
687524,0.03764248985033488
488052,0.005675276672470076
627472,0.013293902455565656
904745,0.005140231100635904
356835,0.004658839545746346
817286,0.0024233835875314934
964775,0.011408872173172636
172972,0.002907668603891116
984639,0.010899572094711934
230409,0.010124665845808135
565750,0.0070982357626512265
435200,0.004499110265452517
371628,0.009458216104018155
306364,0.01830198644898515
967357,0.028483455873829493
950621,0.0038222106131310146
233225,0.005042776154885818
402284,0.027873978027710418
109015,0.03168792233618787
264299,0.0025419280554702154
937778,0.008889671130021789
480237,0.0999342689988613
611062,0.019119398480134536
799983,0.005043981931359304
113059,0.015173252746206938
240645,0.006925930794016919
790134,0.0063420923334911216
641573,0.0033111693726787495
130446,0.008193996573251804
816174,0.009207157511253289
868280,0.003857074748768664
796846,0.01400261565339049
408100,0.004987149690709048
287217,0.009486722654185835
619505,0.013781733729496235
378295,0.006817832172284009
480771,0.00646132217819596
591048,0.03060782034014413
745022,0.007481439172057691
892058,0.007634632567349152
336579,0.012314238174560456
230000,0.01676081508504492
759251,0.00639841371678731
294813,0.0199142499552909
349684,0.018563978723855533
486162,0.038706856999399415
172958,0.021404106288947358
105358,0.02696178619978762
839466,0.02131539962902285
443570,0.02393507397475583
989774,0.006231987065450076
766354,0.007204547806773202
557968,0.002590445957529675
676304,0.010824924298244365
966846,0.0042983616297039675
213252,0.006322452869781099
143054,0.010842074531308329
621191,0.01024926815265201
296823,0.013684939620085055
696520,0.0185508979689992
624063,0.01458290654448753
677657,0.014740882717181701
364407,0.006545712127767932
764999,0.04575804183388569
982534,0.021902544839131868
381958,0.00950971544149904
662065,0.013532853895243396
402912,0.053540408894821194
642640,0.012576387696053173
354660,0.004145140920712713
348542,0.01062219410609592
867082,0.012843177030418759
716686,0.013769382551340088
898339,0.004555873322381238
688996,0.0163058468302889
349676,0.005531409892225175
969098,0.014929991904582541
630900,0.0017633097427237965
604994,0.0018043342194914188
809665,0.013739889848238736
727350,0.020078809743331972
958937,0.003995053759130178
733731,0.04791194688096259
994580,0.010586344588264032
191175,0.010748560841140807
277130,0.03630870155852703
975823,0.004809477010551138
515254,0.004947181893472205
559780,0.03016962779252195
758696,0.004827515984385899
148853,0.02560542143127809
383643,0.006223293239465954
665783,0.02137375217034347
846439,0.005574526384663617
143956,0.005740745220601237
856959,0.010906454994930799
605205,0.021944111040798946
443923,0.01360502080592725
553218,0.005116161183248454
474000,0.004735626673906449
379496,0.014674723244186547
649145,0.017753711562443215
730598,0.015683712192951654
386344,0.0349275058276525
325450,0.012534881671013607
590514,0.006644187714958757
859268,0.008569201083959737
823062,0.0183850527028747
289954,0.014492216818396153
332749,0.011493661749040058
105406,0.0027719700193862625
368184,0.05657846335452819
879021,0.004819038300723699
656568,0.0019777558201031806
553931,0.012119546887325182
789290,0.006334039410111535
736462,0.013397742241109106
603559,0.013661983599221703
737083,0.011250628929913806
750544,0.009666171422759835
327439,0.018735883610872167
761154,0.002484906305577755
280614,0.005053611261425311
408122,0.008981184996226264
162752,0.009497689640848628
567981,0.0070770072977565344
911867,0.05541600379968707
194667,0.06863124871282957
596023,0.010087942307680144
862073,0.0061472369541496754
349201,0.015660743480434204
202367,0.008661932896172245
665433,0.01162180854743526
787283,0.02659855434097734
259273,0.005191182123438416
752931,0.0038342506321382783
168291,0.005203243870348026
689764,0.006715169979786333
179403,0.00825414636889477
772891,0.026655771493562103
366519,0.05643503093477246
863086,0.019070317809705892
114520,0.0024531679779742363
305104,0.03440966948237076
840126,0.01206758427617402
408495,0.008562537733022242
379489,0.01518068008152182
588431,0.003755698676362309
354372,0.00604322456741984
236320,0.0037931333998536348
693022,0.02790208021066855
279070,0.009701059236053942
251896,0.003213259588206579
201307,0.02437527803052256
441238,0.01852342164202141
793593,0.024702771020825114
512968,0.00646621631996561
233265,0.009575579339679948
220162,0.019696784693368094
818459,0.03860978550650214
310098,0.015097449489188786
476899,0.0026846920173125097
956458,0.009872134566786464
281213,0.009869290814852723
917308,0.11484241730567854
534627,0.014060688906013327
973434,0.01897668855648305
716720,0.0023794707938138548
785481,0.006827487580486999
673663,0.003198380951366126
588607,0.00420334984479584
810400,0.048989103581630104
403791,0.003539312439178146
638784,0.0033450948701000526
204059,0.01774294446486859
578017,0.008359959564546052
772271,0.006026224639153955
835515,0.0018022511453738902
305309,0.002837429908642597
717091,0.017372269224058014
420263,0.031963232900681746
435809,0.006236673730562194
755537,0.042838539464427394
606768,0.0035829647118735437
797313,0.009283043140273374
315576,0.003372775810827543
644959,0.025174028303604625
706159,0.0036114324011840386
138665,0.007676708526591329
133179,0.0026121983133459204
609724,0.006830192760137275
408727,0.029282125021897185
621833,0.004329412159398586
309588,0.003548447184377825
436379,0.00414028077101018
871548,0.002008239178993763
518799,0.0023292649396202797
828568,0.011888128162301463
195758,0.04090492506198971
882208,0.022178204983761537
880387,0.018192406318761716
834878,0.013578242231845021
980040,0.0025764059397450083
891988,0.011063144060150125
539291,0.0038238107672961767
658517,0.010517851877879498
711906,0.004088922870996917
638931,0.009930339722711743
547208,0.013273322470594665
387465,0.022705467274712905
934463,0.03000932642831144
199746,0.01486605537997746
205498,0.07556682579856841
217203,0.017057895570105223
394137,0.009474776204625661
736215,0.01333264472811778
995558,0.004523667916022381
283522,0.00716669305866685
622566,0.011369630357021166
513777,0.018463473821026324
662834,0.05673056318348755
681947,0.006620697001305682
384757,0.005654768528800166
814254,0.0063358732360045186
314673,0.04441131095948049
109537,0.004466355358991186
425468,0.0018583798279670125
703519,0.0048221576579410294
824840,0.0032325624319988443
805769,0.030816896215114273
353694,0.012177784431144685
979015,0.012869686996645204
342424,0.0070392867504364435
503510,0.010341269427036516
539588,0.006658814140725877
124805,0.0074883659549151915
457463,0.02971100723378104
225931,0.004454748647233904
985475,0.03568210850292088
557071,0.006551705690044947
168366,0.054075909318793844
797675,0.07191635066738139
416342,0.013709455855861873
871865,0.004970124601077746
196377,0.0026359269735253318
368361,0.006971794209514628
521359,0.06590997176220931
495952,0.004776330610645455
539883,0.026008280806833508
356144,0.0123607356921204
252264,0.008546039832945952
635140,0.011859895057168335
862724,0.013930922144891828
916429,0.012454553409779783
981318,0.017182534957399163
789556,0.011615864740728957
120283,0.028330802527221657
997034,0.016884162479064196
551545,0.022434164594392892
274436,0.007380480145312883
299498,0.008361873813531687
842154,0.07949425147686903
134733,0.006853227677584425
977340,0.002737429660925858
562919,0.011314612760636823
378268,0.03856957726528581
692068,0.0067488574658575076
821316,0.017076337958300384
731658,0.009723056897380416
533623,0.004485619054189872
207754,0.01313732317684753
329872,0.023058050433022968
274211,0.009903784783887091
594486,0.022968313980898623
822361,0.008777472323553689
532830,0.006927392199447463
992345,0.009805220413296515
733035,0.0107106686096621
279764,0.019519856378043748
446235,0.01918332040198743
640304,0.027179005469860847
699771,0.013134771595261028
877461,0.008532897822899848
446288,0.009568943895097097
782516,0.006854051572903126
360740,0.017042180964938335
873662,0.008027257457514836
993424,0.005475301420613951
990981,0.041155809054589376
336522,0.022436109409594274
313182,0.01966980373551773
830507,0.0038651759681083363
975133,0.024484144444744532
612332,0.022433875503498388
180086,0.015707869309696504
816582,0.12817845567861735
902050,0.0240298741982967
939928,0.0025582736121720034
162319,0.016472043375103072
489237,0.02056477821139703
431213,0.006903258616886849
573633,0.030265484527886306
256516,0.005225913128324731
723541,0.012642888461590373
907829,0.05135228239654336
970618,0.05022290802335936
478957,0.010444539416410875
970153,0.009667288906491435
788317,0.004233045897705727
622017,0.027451735503984876
807787,0.006770774093510846
333553,0.008514231158063589
526367,0.03128836250473803
509462,0.01237808298922166
239604,0.012897787450132352
329948,0.003569709172326967
562160,0.004880509696826351
839063,0.07112233499514495
740963,0.0029774367021853662
901376,0.006848818687291502
125327,0.09953440110600777
490167,0.009867451332587448
223181,0.01885928689227799
959196,0.02314121072535146
765553,0.009468998201176339
930133,0.0034101893450924495
912243,0.03066755956104987
985323,0.055548460010477904
406540,0.10573854715245205
561388,0.004907963261198592
285994,0.005926860810883646
394446,0.005554952801266899
149047,0.0026545040307663515
947942,0.010888347462729453
557896,0.010386565272079443
930042,0.007115474519449755
417966,0.0027143873979379196
632310,0.006928703104307204
138052,0.00338918692777737
118741,0.010580479662084264
624167,0.05938305794843802
578593,0.006931245567925935
146274,0.007064159704668922
356237,0.005186039163075872
495596,0.013339948288294406
409118,0.006254477775484427
837297,0.0019057581683864268
408764,0.004000465103015153
394015,0.0025436370887102506
168282,0.0495049228614874
352205,0.003074684614445189
289727,0.013614584040655813
443826,0.03601029302934502
324654,0.010758863653888884
849595,0.0056249925407149525
133388,0.01944279348720208
865094,0.008232528433992135
204653,0.021186397167570082
237239,0.0054490571246228565
484635,0.014550990687357272
931097,0.011086433001069656
727513,0.016352371774335763
981761,0.007591506795220667
394199,0.003054816909614972
146344,0.0066301543374787325
645410,0.006447435928755772
174782,0.046297952030008034
708234,0.0030414269012081956
572983,0.018101553969314663
506070,0.04066846890201379
957489,0.03443313248401672
859708,0.01978781569496447
532277,0.0061017786485046775
475211,0.005749527108347706
507495,0.005223041413949965
371870,0.025137746607156376
292903,0.004821262226282811
533596,0.08068972119422625
334278,0.004573661891693227
722448,0.0037659752634793256
981891,0.010018810934917908
344048,0.003957424434264028
264511,0.01153275563869003
443078,0.04271400899073947
826256,0.003912246086203406
934235,0.012176833569601654
916290,0.012629092865977739
174275,0.00427779469622239
197123,0.017527044604394002
451996,0.36539049171091886
116932,0.00752807102643896
894109,0.06892494284836921
823717,0.010209721292349372
854768,0.0030498704950037117
460636,0.0036946343570798904
488178,0.014901663101800685
178015,0.008296310172254911
806799,0.006782947033205156
374430,0.03490863707089061
944276,0.04907488996695882
777257,0.00854403595445505
997075,0.01917375712342387
336118,0.10365433799859614
754092,0.004555540132254762
659757,0.011736801849262856
749027,0.106604282927011
895286,0.003045234904918394
520747,0.003134586277328172
154801,0.007608563384787867
777586,0.025716327128212358
929380,0.02949313063465307
644663,0.004514629998889931
940828,0.006087519915768691
223393,0.004585632629257645
871080,0.004490191130378252
253127,0.01361923278939149
841021,0.0034634226259577577
871306,0.017151953198206345
516122,0.05929202762107454
919527,0.05651688449690817
211315,0.004190953477059544
680432,0.01069346899538697
944440,0.006394777641766516
486307,0.006912720632691159
227732,0.017545579224663994
371922,0.03744713163293578
239468,0.03302287365594322
172788,0.003312101530213152
206485,0.0276157154140279
542086,0.008738709138517575
782618,0.004432959154411637
467307,0.015753210482208915
921873,0.0032763869944256027
370313,0.00315190870028893
359141,0.01448816709061387
841636,0.023271294645810056
330305,0.015113423427723996
173635,0.006168474604136862
323747,0.0065860649282545045
165258,0.027909698150818688
787481,0.007209578061598361
889121,0.11168183935809886
653697,0.07042162212675286
200383,0.02847518643907951
946642,0.13871784592713932
338941,0.005590725712604653
411143,0.006531116852760769
740120,0.030425052903580056
550728,0.0021924768991541527
385388,0.04794784410876518
166874,0.00779342523459749
146405,0.004706851046426287
626797,0.006533227070472688
665692,0.005413291348353971
