ID,Target_appetency
877149,0.2299444968686046
109603,0.0
560424,0.0
386592,0.0
857379,0.562823000634529
585547,0.7213251859762728
425127,0.0
797931,0.12812674404114074
645884,0.0
110203,0.0
442587,0.35401063935402793
727292,0.48371724470700544
804369,0.5451297181266402
111301,0.0
312651,0.6135079938798004
847734,0.7913118740875005
314882,0.9602916137106176
334969,0.17084031587668047
352618,0.6183073625285487
794130,0.9181754696943926
299927,0.8376797479847607
222274,0.0
758024,0.7919760510550508
788327,0.7894764697403345
864688,0.09506029523525443
119718,0.48197342848740005
408280,0.6933817913659454
367423,0.03729528825165631
866442,0.3675775291459017
588827,0.962657901213785
565426,0.793493883224748
818878,0.5834547025917596
423898,0.40984393775410793
984183,0.05549180195007125
786575,0.0
317739,0.0
352289,0.05657423144455755
761981,0.8397345383031543
622995,0.0
785973,0.8431479202742934
254437,0.18905980853419968
181934,1.0
753576,0.4256534232581533
331452,0.0
501512,0.2181790260263162
350695,0.3523956077382095
190803,0.4667052454349292
886789,0.3959163138041092
879273,0.0
571363,0.2416585288750408
829376,0.7421497348661437
750366,0.7168128514706598
879384,0.15203193908879784
111801,0.5334367021336855
919841,0.25533765456030894
634021,0.0
764737,0.7994825011851053
525234,0.446921604107189
405136,0.6599703483845426
574901,0.6635879635051624
400202,0.190863652087009
207417,0.8399534947214307
787199,0.0
402016,0.981279421862105
656801,0.11106294515423827
619661,0.46828425020679976
734906,0.10423539874584715
973592,0.36114364345869787
813507,0.6801765624422481
717943,0.962115515727925
502097,0.0
719164,0.920667071516401
374254,0.2673842657733092
338221,0.07493232085470708
964075,0.5272265519469602
739351,0.36292010659746143
336214,0.0
845705,0.03762088056940269
598404,0.5987714037539718
474513,0.8604612345663987
497100,0.6005084692480145
324394,0.6780406774194341
983001,0.0949928480989448
121496,0.8303108486677032
302244,0.13151261726674623
290355,0.90028467063428
520141,0.7392870728814863
274870,0.4665861870149168
640908,0.5326000813421664
436509,0.9405249901436524
811324,0.8991390250947484
909865,0.17015961669712906
210079,0.7630296235197199
304879,0.26865206424629234
706351,0.6334787126458004
984129,0.702655872637121
817221,0.7367885269138483
530553,0.09522099007783519
281492,0.13250582918620454
483107,0.0
117774,0.0
455381,0.07675977420609541
410322,0.17006678484452425
992173,0.859871006709225
255408,0.25945631359146804
929343,0.0
112583,0.4982638400910068
218649,0.6151418158032075
902661,0.036605223647961684
871563,0.0
864742,0.25879710608379686
642542,0.45993919196392696
547402,0.0
303137,0.9600628516680156
693551,0.0
449998,0.0
699054,0.960005363324446
141939,0.36695228598178375
687870,0.0
141454,0.0
665557,0.8414410690599092
318524,0.0
649593,0.5988841013861461
180856,0.43324482247633916
473885,0.5444013229509284
347593,0.1307285116848462
607389,0.0
115091,0.3822229809027235
531983,0.2755661219083127
812622,0.13137791839381122
759359,0.7645975064738622
359039,0.6449333879311849
290606,0.0
996775,0.5167629461901829
157672,0.3798903096324146
367117,0.9015507226019123
875623,0.745187503878027
103522,0.7608539694392361
686120,0.4047976645550775
688459,0.6945364887226229
759690,0.5684144350371605
861354,0.5649337583756054
619332,0.9801546552396952
894958,0.4720563640333827
275030,0.0729039520930797
756109,0.0
836312,0.36454953961755526
913369,0.2818988803817878
238971,0.7811850980538035
975165,0.0
644027,0.24049097631294117
378354,0.21059044297855342
327015,0.9034854512100771
480506,0.0
835233,0.0
589847,0.0
117808,0.6447867977371117
700298,0.0
292380,0.6792562103752424
935982,1.0
213079,0.0
443235,0.6769309905159686
990423,0.9158782047970816
532264,0.17852649352549219
568766,0.39790924644957887
871595,0.0
154705,0.695638804746812
968468,0.48733819953652785
979680,0.663250600904751
728562,0.0
119147,0.9410106466771616
771053,0.13256701298725568
433332,0.885556931070471
581326,0.05560166177191879
793141,0.7612805487387639
952945,0.15609354342570447
641745,0.0
797286,0.12701564096290072
537046,1.0
234857,0.5605310526446847
165100,0.6555358352902468
221395,0.815357317126348
858546,0.09477906759838613
748967,0.3678150127901786
532105,0.7366179743891172
764698,0.9013566326874934
704796,0.03538066268578892
567903,0.70286755776088
787541,0.0
125797,0.0
898641,0.926443836644912
243795,0.9805055557807998
480992,0.7915645818958381
382276,0.0
772593,0.19061172358472578
669499,0.07667933526047796
571802,0.840525633582344
125594,0.6123066777075511
393363,0.8634938765499092
885943,0.7240179156628105
836265,0.09462872053431759
704526,0.0
230111,0.8493253789305695
477153,0.1820566535215974
663986,0.49456258699900724
962564,0.7990729875806745
746261,0.9219545786248851
351264,0.0
119021,0.0
794707,0.704750606995138
116490,0.0
136921,0.0
453127,0.6055673135011544
371985,0.0
270598,0.6224575595492791
531926,0.0
292404,0.5187387304504816
959733,0.8936186931645086
925602,0.7738835699631397
724704,0.763781825936328
150282,0.0
330112,0.7208226413402313
695583,0.8195720965859792
653776,0.7562578364470308
923278,0.6789182722468465
875912,0.0
580094,0.0
268243,0.6841676783888508
162782,0.7946408871885031
648936,0.5213891401322029
611249,0.44271793001294146
374540,0.384456932679101
939172,0.0
835113,0.28517110781444643
283850,0.09376830473153927
665602,0.9203189694084565
365708,0.820632028303906
931762,0.24373533781620682
509137,0.7436115319701709
966306,0.2562052441791378
230712,0.15443079192380568
543674,0.9568901269320231
217003,0.05620989406464067
301652,0.1298884452639829
177659,0.0
363364,0.0
979115,0.897862302031503
310977,0.018794698663905974
339539,0.459946560326116
449694,0.584483079401853
756545,0.8969832646253104
975052,0.0
547416,0.2870548024228087
682990,0.919830845074631
380700,0.1947171444793392
760484,0.5232424063471572
589231,0.6205564475461598
925935,0.9798498473958638
782147,0.39161316096159715
433111,0.0
165086,0.39436012217075145
541330,0.6630711796210064
609900,0.3234649564863753
166529,0.7245397073157828
622779,0.8169281298679854
550509,0.1315650597519626
978305,0.4867755443136158
411295,0.09579713459985432
379781,0.7612646393917746
877739,0.0
890856,0.0
448302,0.0
106958,0.4421510898242919
764785,0.7182993264194455
500525,0.5771682555138544
621967,0.0
573582,0.11318877896037999
505334,0.4010444725712378
418144,0.3526117693635821
750749,0.46087683197388857
832967,0.38566180792805577
732595,0.7434109663593653
814705,0.4397645634680034
288605,0.0
266990,0.7663432536730503
142016,1.0
489454,0.0
176509,0.5281647546981076
350013,0.0
553657,0.3378136689686362
224899,0.6640195869668678
995553,0.0
466130,0.24745513160695043
890093,0.8363492263054155
793826,0.38682605006105436
905113,0.1061278494336474
742987,0.05291629498941487
697769,0.6793114725484153
340599,0.818806881615527
802241,0.6206022496412631
754965,0.7612726923185811
316873,0.9012771310420854
650303,0.9050219222621165
956499,0.7400475834454829
970583,0.0
394998,0.3984038648236646
420196,0.22790890640795916
145730,1.0
538022,0.6648580550328749
694138,0.0
383464,0.938943758550143
493842,0.11514121975143199
132891,1.0
963545,0.921216279125972
296815,0.31815395095684124
702210,0.07615189529334095
351419,0.0
231323,0.41006123360748065
287502,0.7073498060679587
902096,0.6794865204097649
365650,0.9425233047231866
687570,0.0
640333,1.0
400673,0.44589012697626573
957857,0.5801950623800234
120551,0.48288428703132397
808636,0.882305436956126
364667,0.91762185145409
667671,0.0
466716,0.0
714118,0.10108962186830271
194461,0.7388989894750329
578190,0.0
286361,0.9615943426381536
868147,0.017941876436184313
343337,0.151534846592909
230993,0.7755223460029755
720326,0.0
373093,0.34917261939330846
527285,1.0
598937,0.520720500645736
499209,0.8512264848991481
172521,0.8566488727005799
624241,0.47832687327607565
610712,0.1724804362083317
907588,0.30831944631885677
305705,0.0
686960,0.8029214755079773
553754,0.0
559579,0.3282189398544558
349196,0.8020051168288638
115575,0.9590189785932733
602480,0.7952213146430973
185877,0.522143197837615
183038,0.0
283952,0.2595310567856446
313345,0.6828399526409483
148901,0.4779917235551337
108006,0.8774214628073191
121934,0.623658861336966
991479,0.7439010870719308
664234,0.7148370448757808
565815,0.0
704028,0.6029232884826559
824578,0.5400709753523965
532721,0.09531890635017777
600520,0.11217822232509059
945744,0.7532103540118578
614781,0.4172956741986968
181226,0.0
593690,0.0
234794,0.9204242352003741
449189,0.7984736601828006
453616,0.0
452231,0.9400423815663627
790031,0.43133240320226607
847176,0.0
116882,0.4411543463552788
287485,0.9247905629528683
408327,0.6800763094257444
175273,0.0
896140,0.9615912601437956
712451,0.0
437439,0.07433081859839451
756262,0.11146061681917556
887273,0.0
700566,0.5645730812720098
989809,0.9617036703476567
614651,0.8005359825074263
966020,0.9225271417022313
133516,0.14957469426101938
374458,0.32454811901333447
632279,0.817819910870837
238069,0.8378340477509525
349102,0.0
170028,0.0
475618,0.01809592231220168
543547,0.8582657134858871
303994,0.9620787961271109
335538,0.24355898774885032
890423,0.11219713311454547
202800,0.9595393056425681
860599,0.9398637880744469
296910,0.8182300223021711
444626,0.40054437978496055
632961,0.6999405295985947
515121,0.055989193671188445
204858,0.40217794292299586
710826,0.8818443147407401
869548,0.8593162871056569
766452,0.4026798191495795
531437,0.2982145053326112
939799,0.5847710350516859
108790,0.0
314911,0.0
126724,0.4247641548668708
264503,0.0
919152,0.21962410377905103
609381,0.0
561980,0.90520501493207
930012,0.6606683984547885
978536,0.49440757894414816
697809,0.8309657321476338
510356,0.24824349225755316
666857,0.3644404122573024
311830,0.6406118480369023
438738,0.7780425380417794
633091,0.13027179985014978
190590,0.18795203301519156
597161,0.03794616757696693
468540,0.8631385921571817
811133,0.0
632570,0.0
893640,0.0
530953,0.6661308723880986
607512,0.5741552341267165
117142,0.7415226170733937
446964,0.3372006715678761
704925,0.0
827489,0.0
922217,0.7215845211684587
347987,0.0
840973,0.6401978114265989
878309,0.0
233557,0.08894698897588123
503732,0.0
312701,0.580359447443756
536309,0.0
344080,1.0
662291,0.0
977673,0.30661089321985496
712236,0.6987333971301021
429289,0.28074857308916135
368151,0.0
744846,0.5030469477110381
588316,0.9608946113565923
571967,0.9600419104624124
177018,0.26459161807267406
430130,0.4001911145296849
334540,0.8391558257001142
385132,0.2881202887513621
762178,1.0
355589,0.2690411842957551
561860,0.6009556997198869
360605,0.0
814690,0.2330825748553506
454885,0.0
151025,0.0
589137,0.40400342633341396
283265,0.18974939709872896
976374,0.5021907640199981
497082,0.8801563068667401
336490,0.018848859238209684
387169,0.8289717031525563
586600,0.018763049421223577
919994,0.0
638047,0.0969159761216855
746542,0.9009908926127009
838267,0.10736211440994828
389321,0.722141402336649
141364,0.4460796595586607
230418,0.0
554528,0.0
671985,0.6609621995231322
679716,0.4264039496560623
539967,0.9183189234653627
646707,0.0
712589,0.6386199831675459
179571,0.0
389120,0.11001339598692851
954253,0.0
516025,0.40492093758732084
294436,0.2933487997281812
747946,0.6814006789542219
325976,0.30525836565455455
974706,0.7145505552279937
638292,0.4684583451739342
288410,0.7459545485158646
190521,0.2952604176873158
665003,0.48417867465585684
916041,0.9166225803823194
414593,0.25921754448761797
606669,0.40756092914159164
481587,0.5201548598435237
550969,0.5225512023450072
161130,0.6595055803529589
776625,0.38702446050067074
474594,0.21400582272706054
219913,0.3045850382917544
867270,0.0
357253,0.8347150156716681
762075,0.05707398097340757
716241,0.9628822228870675
615201,0.9596012891773155
312337,0.23069633549003088
731785,0.2794948452864297
388514,0.8434355008681059
430109,0.11365382367697788
414162,0.7658384293969259
898025,0.04867478438054452
674826,0.6239671310899529
914661,0.9602636239696953
240875,0.7414911056069952
960333,0.07534798887215302
893965,0.2297108285296012
182240,0.6942738397783669
303756,0.0
214003,0.0
172468,0.0
210888,0.3637472157137445
361234,0.5406545130946424
112025,0.0
939430,0.4755290565298121
643321,0.5572935241674493
478702,0.0
804573,0.18644537865724325
815391,0.26302664416279276
659182,0.771169749085956
609667,0.7607427114076768
986513,0.11190321021547603
630928,0.49190154806961905
901291,0.8596905275139545
379833,0.8601181732201441
715234,0.20789434781389715
885745,0.6016099008718296
832318,0.8971141576081657
685614,0.6968275846960917
600706,0.39397380836945495
717976,0.0
200129,0.0
580462,0.2684724014178291
217885,0.35096912451984263
157944,0.9061189188109037
907642,0.361113759242005
148682,0.12738733676264394
796697,0.0
932438,0.2240007093496513
537446,0.4410509208025415
836905,0.11570658686629563
814831,0.0
488075,0.0
475963,0.8026053148612756
507637,0.8197728825655201
387282,0.5977137337659391
142248,0.0
300757,0.4902988274726856
426888,0.4614896307194548
829915,0.037231494250420244
947408,0.8359929997440076
592651,0.0
465539,0.18469817181126502
765956,0.5181825627104949
758632,0.5209391253625645
317994,0.9752688520381299
150129,0.4240413306267401
657256,0.0
711005,0.715007471470618
647037,0.8195201246774911
365453,0.6210921791560797
448238,0.24958405306479098
531959,0.3444792728498068
619956,0.0
901127,0.0
494484,0.0
679809,0.0
280570,0.8279223401165793
711554,0.8644130569325831
998697,0.7243471801189367
675494,0.7696881362207341
303648,0.03534454727525591
876953,0.017922410938123225
255297,0.0168112974446531
359745,0.27144559075425245
659955,0.0
663769,0.0
834167,0.09458364006170997
852295,0.45983026551035305
844733,0.4311453430165881
307301,0.11051871961425062
440445,0.0
513637,0.839669808189893
566209,0.10162172482176551
148358,0.7272407949798501
938183,0.09733526655564882
973620,0.7371261603150493
930234,0.42394506731546594
299228,0.0
226527,0.7250020212891254
314297,0.5630340060185263
581997,0.33739712594030846
773658,0.01786584220818612
985479,0.36722692046305055
299785,0.0
301544,1.0
717725,0.34640416441036176
655320,0.9178376705946468
311487,0.7251842802819142
397308,0.8300922531762769
861309,0.0
513104,0.7028049260077349
452736,0.6102734837426368
849964,0.056182863911489536
257828,0.20967879538840956
139212,0.23323505607524725
235443,0.47029007030910724
222364,0.05659169592049638
987748,0.07481013206238657
905224,0.6402988304017116
513680,0.09316064987711462
115424,0.2034787710326518
761617,0.0
547318,0.8215145213050469
799385,0.5834290608345939
306911,0.7586196264625367
379548,0.0
546548,0.3830281986739649
296526,0.7794585679997019
157683,0.0
578166,0.0
377840,0.3847735615971498
357364,0.5499398155247124
393373,0.6134951610123368
724139,0.0
918331,0.26201966588659725
841507,0.0
151775,0.7575447380412973
318691,0.37363060619224686
696721,0.399329570450763
424418,0.718899067358118
880029,0.6206056089918321
223617,0.0
117946,0.8745243401132583
170647,0.7881948203293188
909096,0.6566383246531278
533192,0.12430139503059666
367743,0.24326881237425194
171809,0.699201327915995
276281,0.2078723916743449
191735,0.09258488454652661
680425,0.7636349949872822
743853,0.09569250878514494
790966,0.07693077668391396
585626,0.15113974708636646
255891,0.6473859536568564
665450,0.8808278684776063
728010,0.09438157237161388
973919,0.5672644836679516
595916,0.09373570960053405
935332,0.6768376450242438
718428,0.0
465958,0.7409490285672726
431534,0.0
995561,0.07678326103723868
703648,0.0
337482,0.0
274841,0.8021477483526079
426611,0.2912707808699442
775892,0.5883491014408265
835467,0.5544228014430028
850700,0.9572132545051931
820617,0.5867297170978581
382934,0.5826553761209641
677321,0.0
328956,0.689889638848852
376595,0.743974772021383
348917,0.0
462756,0.898266779850974
315729,0.0
382182,0.911404576359855
638175,0.42477108081243786
171401,0.4675590178034828
271742,0.5013369174397665
225841,0.07164178336806523
476562,0.19201074512908847
290867,0.46730416649815276
870648,0.8580974656306755
598218,0.2235015226466716
454261,0.2848642542191365
846934,0.4972834608439109
205471,0.4310358800743902
654808,0.0
531427,0.6045404169218368
466767,0.754930387087926
271221,0.96189795708156
487277,0.4372693205124378
855702,0.0
608166,0.29765143392139654
175888,0.2950544099838218
420260,0.15478993336354582
739771,0.6146752137532584
583157,0.1532297582112611
716124,0.1871570838867458
968671,0.6203380877348093
405775,0.1879635295309885
751607,0.4970373506716897
607958,0.3665579285593856
464488,0.35117651765741104
996877,0.522920343685721
565338,0.24269438868997206
108816,0.9608031256431246
801448,0.6609626861768457
752572,0.0
766352,0.9412618528160842
498191,0.32541015190861483
724445,0.0
698913,0.7406850686125288
678175,0.42041986652710556
879993,0.7375746918264872
627176,0.07351867019075256
681587,0.0
854026,0.6301035212753962
655713,0.46155374961081874
677117,0.0
886901,0.03762663756121905
511347,0.45947629072260576
198535,0.5965458889210119
162312,0.018487489063486583
138165,0.38976407712966754
948839,0.018833809097933963
812270,0.800119362799713
994935,0.7029871431965476
195888,0.09378439304880322
955058,0.0
772740,0.3849540486236263
488222,0.3850133728926163
757614,0.900654095101062
421534,0.7988863034871211
531384,0.7798234611205961
975072,0.7006758335060377
785996,0.684771298573267
607639,0.6584707395507582
740231,0.7429686664424167
774534,0.05459358529287184
684904,0.4039627180665034
504955,0.43345191022446233
584604,0.7824944271423002
947601,0.0724152796580309
732783,0.9804115855795884
514561,0.8730987821233758
613334,0.84098095490076
708400,0.23668277184285652
538336,0.6938463344009376
869958,0.09178241730600885
317410,0.7523220783504911
985403,0.7411575908594974
646238,0.8586749174710784
617422,0.904641952679852
754273,0.0
574323,0.22603783709456185
114804,0.035970362541564986
206722,0.562523280182329
728811,0.0
116681,0.6983910626464522
361824,0.0
993396,0.19337428002615015
930518,0.8457462154157699
336550,0.17051890484279858
914659,0.21980950313779063
369860,0.0
125692,0.8106762139446775
859354,0.5912021933224753
172056,0.6058888644265414
433977,0.7060877848396115
649667,0.5771841681136954
106922,0.8609352362072316
132543,0.15093213379241813
915063,0.0
937006,0.0
692769,0.5213664904723746
953062,0.7410891045898274
476609,0.5026969646622729
981311,0.738961416761981
725449,0.792050848621543
367224,0.0
423147,0.4401386059349405
816088,0.4610939070194695
362337,0.8786095196087959
829515,0.13759650007090227
267341,0.8811486507847354
459542,0.8481447285296592
369807,1.0
121699,0.7410624483111625
801359,0.5982894583230737
564951,0.9404700478328264
125514,0.0
195763,0.6803281063529756
577848,0.480274929067058
617490,0.0
926805,0.0
280128,0.3813677409828959
778841,0.22370538914243096
724922,0.07479067842702904
350617,0.6394835779119901
211455,0.5787012318233162
678027,0.6189140469954136
144758,0.0
601881,0.6230300636142971
963264,0.2305587029166905
622920,0.7620138382859102
583386,0.4032721791391442
982969,0.8789010161483104
425907,0.6058964591831364
287507,0.9801373772041158
897283,0.3890710956705024
464252,0.9028557229868931
763228,0.5948480177550701
361639,0.5841930260927258
324561,0.3487471945546931
647821,0.09334963959328524
799470,0.6843840629423612
797778,0.0
277798,0.0
718974,0.6724461849517624
399957,0.38080391678002806
464507,0.0
210216,0.1520168589798117
457272,0.9169315271940113
207132,0.8449492385826219
854234,0.33882612321122424
810270,0.3996095990652363
763594,0.1906013834980897
462850,0.9197462082171315
653092,0.28967582377250434
226316,0.715608819991955
224981,0.6031736514221224
198415,0.6245635257577721
961651,0.8027939997930066
216875,0.6451285395306385
671850,0.0
810473,0.0
534099,0.8805146541845448
423275,0.0
643142,0.5855419653054915
664761,0.12809726912469535
597393,0.0
977347,0.44287307749117993
629069,0.0969308615157104
481324,0.5390570296632045
692746,0.7067485991907961
863125,0.14198274067445812
121000,0.38646012295176657
888569,0.5286379023790462
763410,0.5123151057142864
272569,0.2252921351640084
108616,0.8789034409476048
417142,0.0
898655,0.5998666156340766
673555,0.033460910034814086
194366,0.0
909429,0.7386312824734389
206874,0.7598740811427768
725526,0.599466442818533
892232,0.0
319714,0.9631112167575432
737581,0.3328369246701399
632326,0.0
719554,0.8200244572891968
382162,0.40205351752471746
919757,0.0738972731074932
712686,0.6209738579619376
424035,0.6554388718372662
849317,0.0
323426,0.0
507276,0.0
804550,0.2858757411416044
562694,0.8792773791417698
859242,0.05626544917538065
466237,0.0
303873,0.5654310864993835
182330,0.0877276994529207
779631,0.7609992143739648
136101,0.8792925360634886
239283,0.1716841828613428
445970,0.0
890082,0.7014254911518144
344655,0.0
626288,0.7408192608853297
365092,0.1934011322877939
525270,0.17987328987203421
248396,0.3882562560241821
979931,0.0
953518,0.0
733445,0.8777000612445364
167549,0.0
288023,0.5366039607014433
977163,0.0
679618,0.39182179745590784
327369,0.22793865937451474
975973,0.9155057846215785
902502,0.5979153226671892
290432,0.6364983820545891
307907,0.24633926624989613
641153,0.7856055654420454
550146,0.5028133072345798
632605,0.0
766988,0.32604778865682565
515415,0.0
601006,0.9616026731319103
438324,0.0
438208,0.6031450994423786
807223,0.6442989768004731
622502,0.0
112632,0.8408782642303838
591780,0.0
833323,0.0
859387,0.5233109041281034
578511,0.34811812986904067
664322,0.40446181475394005
398728,0.41661631587220904
346127,0.24591356478476536
219835,0.4013419368393047
874191,0.7586593791917221
112111,0.8788534568098963
312287,0.299101347703477
113732,0.0
865965,0.7398518208994723
614922,0.0
307934,0.22436812719971314
212979,0.9166294875068313
258855,1.0
833023,0.8041312681979534
752165,0.7996390410401976
489129,0.8537622665936001
212064,0.48880537252615003
426651,0.7002219360105929
841397,0.055722278962953745
409941,0.5163663091624443
551486,0.01790937226638465
524021,0.0
848220,0.0
289710,0.0
405209,0.7707065309067224
683567,0.15153843493868827
869766,0.8396477653990748
913478,0.5460104080158176
167610,0.5525171213388743
120864,0.8406323083853793
336458,0.0
517131,0.05555884739453018
721969,0.6933596088499231
911013,0.7429554661070186
450884,0.7164984798556812
213333,0.03798399752517311
931539,0.6983173056182223
654377,0.0
494418,0.03533805346080194
679745,0.017874115908333578
589771,0.0
186540,0.0
755834,0.017985312840876986
991047,0.03445560903636884
853664,0.0
650375,0.8599138342791204
475619,0.8835064495845539
873626,0.266401240706146
501176,0.21821157000503796
575644,0.05288536606554759
469373,0.34739672787715037
648421,0.03593465528826022
856252,0.37676003819691584
801006,0.0
172650,0.962280240479531
205679,0.0
445368,0.5301674746061656
114722,0.10550504287416292
701474,0.35197190410256785
867215,0.09044344741972428
569590,0.0
142768,0.6698647482149641
837338,0.03705767135290824
340835,0.0677498091171799
284936,0.635714238154099
794327,0.7782481646746087
424600,0.39568107177127915
499550,0.0
503362,0.0
505993,0.0
800352,0.6300652728314458
779125,0.0
426919,0.27079930488665327
833402,0.41524047872687986
509245,0.7568984667127874
974717,0.7051093380956834
678840,0.3503547654356374
781804,0.6345803558808193
397395,0.5792593294863696
488304,0.2501191949630001
409872,0.6061027054613557
102312,0.6161915184115203
929830,0.0
495637,0.3297549727853618
575314,0.47752946709406385
665366,0.0
684630,0.6790991736265478
848046,0.018714308072400064
686457,0.07181687832099988
312219,0.8463720356912674
587159,0.2678542220747396
554545,0.23165946901656145
826975,0.0
301871,0.2441211586904072
749754,0.09606327499154146
225726,0.0
288147,0.8648565596570975
748015,0.21922027704784047
307389,0.7207727082674205
403270,0.5042338758723396
167520,0.5577183954779262
480000,0.8015182217432236
847783,0.8446690406051065
124249,0.6297931677374401
333767,0.07689640985072706
585535,0.0
552045,0.0
825714,0.0
124307,0.0
134486,0.0
120223,0.5223152429718807
203690,0.0
370912,0.4003714741690528
373667,0.03783050251481874
433497,0.5585877293984749
311334,0.7776294980033678
136523,0.7805427097035028
689620,0.582874788750924
741784,1.0
206868,0.6014377227608416
446443,0.0479174694793336
852672,0.4318195012745735
554468,0.0
343815,0.727511231644967
892563,0.7861285589664869
154615,0.0
333850,0.8691743181942874
539098,0.0
297417,0.38685301931536026
172852,0.0
418262,0.8174462743362007
814411,0.7815209239651758
663281,1.0
323985,0.229540126095606
387130,0.5647928318905208
461699,0.8990814156547474
658977,0.899973235367656
633317,0.0
692897,0.5440798513680045
793398,0.1143843628826067
514989,0.6410755756201788
314892,0.5035985772452574
730842,0.9617945479313967
536829,0.31044433225208046
108095,1.0
746240,0.0
495594,0.7028493045285312
774559,0.2081519496098957
116386,0.0
142414,0.7216919635948629
404049,0.11386853143194048
569353,0.6568033691375155
203404,0.38719465150459054
674234,0.8597048262909752
220093,0.8030099056314421
138909,0.44544829480503295
752665,1.0
676216,0.0
223552,0.228498548315001
455875,0.0
223928,0.3080984009988242
358208,0.7951458778052726
501031,0.9393098853323163
891326,0.40164013352211
372765,0.9436562553628102
919235,0.7749021271765884
937879,0.8392790453317928
788062,0.287431481503327
161523,0.9734854174355766
834010,0.2666048615622667
519302,0.0
165287,0.6928315308583277
760184,0.4873438140760744
950078,0.9619034114020758
402514,0.5408132778754009
872757,0.0
627574,0.980534596810085
601712,0.01725998965126422
892412,0.0
708761,0.3087992345606236
151988,0.3063826724908296
482771,0.0
883007,0.0
346369,0.6173172576479298
497255,0.23533570823428127
825335,0.0
236089,0.7766579609984449
497476,0.4278379742032472
945915,0.40277989343943804
873691,0.0
861074,0.41978300627167897
441676,0.902766558378996
575459,0.6266314939532622
814378,0.0
825183,1.0
972371,0.5614198509492243
562663,0.0
872394,0.2728998240861114
127519,0.5684982272638079
587073,0.4236385285266219
371696,0.7267280931662868
376549,0.2877755667362019
820830,0.3832861772485413
421655,0.9383553436109401
167386,0.8729319262534713
445502,0.3100424011209218
476149,0.32281817528846524
633782,0.018163682344798444
492481,0.8796021715829829
894253,0.0
758414,0.0
541338,0.5647764845950746
483149,0.5480243046932437
100130,0.3466539781557661
634312,0.5187800607748645
912949,0.341607525925424
167262,0.9187437044399772
412287,0.6240631462999574
956757,0.4815742326033524
592937,0.0
812141,0.8006776335980992
737947,0.7246961373543894
285076,0.9608429970647666
783270,0.8393126007452166
279004,0.24702457804582056
124822,0.8796003216277085
126681,0.6225442031383814
721536,0.5401850429944556
330907,0.8982370528043749
729689,0.355865324259412
275422,0.0
868720,0.7187251114705737
673642,0.7192837628056438
749711,0.09435052888241602
112029,0.0
271618,0.3619009659641533
129716,0.5018229669599074
306179,0.0
124393,0.881347380659106
359967,0.19302182826116285
242939,0.22832588740620008
244456,0.32165780050397874
781230,0.018749860363137687
737953,0.0
731823,0.7952767894930847
788424,0.858210224667159
811646,0.0
618815,0.03373966040384923
236734,0.2683527522744008
248179,0.0
845244,0.3043297675717162
103933,0.0
755176,0.6616566408665947
141567,0.32674402724969104
861689,0.5056851049204029
231455,0.553196805964351
411977,0.7974273436627678
678038,0.48859951543452784
734909,0.3199928590729566
239615,0.7936725809010254
549169,0.0960978457828081
483676,0.4175312170919703
121379,0.0
263074,0.05711097813967451
802623,0.6450082295254818
613930,0.7378473110621638
875462,0.14728701568394043
137324,0.8343060901707733
494874,0.4796792234423886
475530,0.40329877801631303
296747,0.6004955050449406
903949,0.0
205123,0.2504909481603781
775565,0.14909444137355343
312341,0.0
590469,0.0
210455,0.8561667023064544
129283,0.012484383200556204
676883,0.2830333138134533
553740,0.2810164378344244
831028,0.7034442700762442
696913,0.7740224398013453
696940,0.0
985781,0.18375736920585337
631748,0.9623541441078441
585618,0.0
850026,0.0
431439,0.4826050098277294
495334,0.5030951602306787
618168,0.3468626843443926
261714,0.0
736756,0.5262283407783624
353383,0.9766315433080117
523054,0.07607353394400844
573258,0.5051908935232552
291880,0.5275088048048034
717667,0.03764743406922584
606671,0.5323136231591798
699507,0.9193614496408737
121433,0.6599726946649823
947094,0.5383551063426651
920054,0.5690859328664595
840345,0.879707705393607
643100,0.1545970817029395
163729,0.883750192212721
201647,0.49836499277046953
431857,0.6527102833183125
226023,0.4404466960089804
731507,0.6634956560196758
271697,0.9619161395720796
118126,0.20641461845026035
605506,0.5246221018058573
928953,0.9631187825868515
840391,0.0
323899,0.9588464776966843
962563,0.7774233092202566
469922,0.0
715505,0.7211870253272481
112645,0.0
445782,0.9223529609331674
167924,0.1325290147944929
757122,0.22365312075526686
121188,0.8979130076911634
111175,0.171084080722282
831381,0.0
554221,0.07457718944237568
201771,0.39480015662830165
376204,0.2869504672894759
142518,0.544638791388227
570205,0.8822480192512261
454507,0.6024488811970047
504849,0.2509676244256892
566538,0.8832341575450028
320627,0.80046713167297
718400,0.8989248860805956
719497,0.7163115243236661
941410,0.22636371765521068
548567,0.6796905022625079
837137,0.0
554549,0.9605487418130335
500949,0.5584614433554537
732705,0.0
413378,0.7437933216758698
974231,0.8791791596780061
594905,0.663038137804911
966349,0.0
555667,0.0
966183,0.9407902737991132
488856,0.2268412285484604
553220,0.6914463569623482
709648,0.3998519910694373
515211,1.0
332516,0.6217436702755184
161101,0.7940409271391714
215185,0.27214766465103424
405986,0.8782107897986948
900855,0.6430484372301527
786197,0.0
264183,0.8396157765593797
319021,0.6396510600917668
443503,0.8024660858754299
636962,0.3222336124230614
255097,0.0
893930,0.66030329961992
236469,0.2468825349245985
372423,0.0
239421,0.6962185350612292
144338,0.8236314982420552
766389,0.6232651635988035
417033,0.017942734121240107
528138,0.9395029007955683
927531,0.6582310849559172
723599,0.0
796536,0.0
792538,0.28690271916034843
952419,0.18753517909191078
804715,0.920972685383479
365622,0.8099343218210947
669118,0.0
426709,0.3570929154052206
548477,0.823243147366046
104881,0.0
639061,0.5915177993758999
777417,0.09480280731746393
219525,0.11478828438794579
860572,0.9798300173405312
668385,0.47574482913287897
473964,0.5779628914620357
117635,0.0
739324,0.8560121302956379
647997,0.48573176006781676
122117,0.6368858945854958
309780,0.643894323510145
605854,0.9121649007747071
210263,0.0
350558,0.0
780758,0.44562050653683755
750620,0.21515043498022193
892174,0.2324296112971382
449101,0.9412742273785453
615125,0.0
175063,0.7195961757969463
638606,0.0
738743,0.7595544654233289
482012,0.9616078170630279
452462,0.6838716912535707
633349,0.5109527413511097
923539,0.44219178391773833
211391,0.07546485650355515
682666,0.7359718016070484
626449,0.7108282496963553
188905,0.5029260662456978
867182,0.5399090263247484
851809,0.7988703276062277
266308,0.33226407892437837
838198,0.0
616825,0.7998309092427325
214931,0.24506782305466843
572154,0.01907837725766243
989055,0.4089750268654372
348846,0.97985979611237
569850,0.0
777558,0.7387502079993108
107010,0.13092312911804754
526107,0.8284704081629585
107635,0.8338397378380936
882567,0.0
367026,0.30765012880331466
409741,0.13005580177565362
317346,0.6401077277437963
494714,0.9404418397534584
242773,0.60534840834278
604827,0.8420197520800954
812219,0.8389819121344776
150190,0.0
888581,1.0
661903,0.7302392227847649
781433,0.9010491688828932
468901,0.3518470547688538
534296,1.0
758346,0.9181124039641566
653420,0.12772137891632793
624794,0.3527693544983758
674345,0.09566394481306495
344258,0.8008486956737905
167356,0.46511015429136826
450154,0.0
476345,0.0
554912,0.9409167112474423
134879,0.4321521200743861
674232,0.5819452012548954
357771,0.5441913452784319
918630,0.0959471795872755
941320,0.5449755763238537
440169,1.0
161587,0.5499299660837396
932094,0.0
556000,0.8103209523382455
919114,0.38116799168260185
925129,0.24148164033561734
331847,0.31537137835414353
199638,0.20782131157822203
690942,0.8049157794965084
644254,0.8783387618740646
163437,0.3056888056537358
416474,0.10909471431740353
848859,0.8222418154885569
657549,0.7725184355111469
418593,0.08856032251591257
143293,0.5088733577891734
251296,0.0
699235,0.4834135666781905
475721,0.6422418147588463
565881,0.6390686096607929
336264,0.6225813030997129
895517,0.056667377206852936
887733,0.732376094855334
804901,0.0
670914,0.2072335653787533
960565,0.0
643464,0.8830791253418037
128874,0.07615211193199496
728817,0.7783074232713658
561025,0.7424309593816351
475582,0.17329645380512138
184620,0.0
566502,0.16940692687591968
891652,0.1910256114450162
407356,0.9376158400612972
164347,0.0
242809,0.25080020236827305
974875,0.0
830430,0.0
208715,0.4469060296740073
634062,0.36908171194087286
184425,0.26425127997095793
140664,0.8997551957863533
462857,0.8616246476748937
479515,0.8613257673747494
843883,0.0
152212,0.0
894449,0.47913846845772984
764738,0.8599388737374591
177374,0.4934468553507728
962707,0.7559530938793029
536792,0.3494265867770685
658854,0.9590767320974927
873246,0.6367466223285565
427605,0.38874638520977955
765742,0.9801473781739954
979260,0.31799806573510325
836736,0.0
748399,0.0885582744033896
470735,0.17525674761609725
397639,0.0
578987,0.4133713995273764
564847,0.9386888536321323
673733,0.44155314051416816
941269,0.5567543051410252
894172,0.8023387507457984
443037,0.8619181204170225
452149,0.4672071618174331
271649,0.5951770701971412
936111,0.7811628643760369
777645,0.8222612307875691
992255,0.0
728919,0.5168923970643096
469332,0.0
855837,0.0
329973,0.6772186627408738
991900,0.9143358820434624
339242,0.5088408262662859
330619,0.47613963409457055
991287,0.7828071437928357
838331,0.8387504262083123
969564,0.1908366466190055
787519,0.0
630267,0.0
531787,0.838425321812406
153541,0.0
780895,0.4602138363557116
754582,0.15421878426302169
967222,0.3914343008159784
817742,0.2819270164937839
108835,0.4668807963674528
502889,0.41246964609497916
625854,1.0
836766,0.0
307202,0.8163740936541358
906272,0.7254243059556615
425952,0.34647409101719945
754264,0.2986666656379359
308900,0.8310413993751351
325035,0.0
779823,0.07045603685401786
233015,0.8608719179811434
154519,0.742005448957555
799797,0.15701928532082127
111747,0.8832799447863502
316650,0.6171199399585355
380177,0.8461332515063015
905694,0.0
679899,0.0
904997,0.4488266425353559
530421,0.4402321801548559
880439,0.6756731028369888
347010,0.7156912044692562
238987,0.0
234626,0.7594277314422271
137433,0.0
328425,0.9201198481756874
243980,0.0
590838,0.5603358401099473
676395,0.6474354321056407
854615,0.5622910108336212
577968,0.0
507513,0.03250821794114223
531875,0.9414244185761738
409373,0.9195370389903669
320603,0.9626475303920025
389927,0.0
581925,0.2826342431344063
633176,0.19022676349540896
883011,0.9181194042809956
423965,0.5224318499397781
120002,0.4011737382611174
552179,0.5216315483226182
900202,0.3014762985995637
960385,0.7562368327603106
467774,0.7222451024551059
601189,0.4788718173145704
942623,0.0
383947,0.09883274850011635
163172,0.7795055944700554
814104,0.211920718935246
915676,0.8155364354984561
361609,0.8641949216271236
251534,0.0
805771,0.8448623157118067
201799,0.800596665665822
458880,0.0
763167,0.018695717691257
566267,0.8361126961568448
493713,0.1883183765651291
297460,0.09451879579932154
798852,0.1905957517616734
793325,0.9217123884881897
504466,0.2900989689558286
591357,0.05543484124716455
577798,0.9611645915479908
749976,0.3379608558966301
125590,0.9182855788361474
135521,0.054942468714077625
460885,0.44365315977639125
451607,0.615968016228669
582423,0.6427380556384493
100949,0.055495290944376455
481253,0.27483335500175654
219029,0.26273139587656746
240050,0.9568895337674763
775169,0.8199408800080604
718050,0.01785112705324395
209714,0.7782584002852857
277086,0.9440653350029644
257033,0.14986991880306616
497402,0.0
154343,0.8299504366144019
208351,0.0
820266,0.6863046880995514
106902,0.2706483451945934
430542,0.6523504757360886
868065,0.8189227257215999
700573,0.24041716247543785
409405,0.14202778918605274
195908,0.698844938603105
400077,0.4377112604659235
379288,0.5231503064944836
156400,0.03678888829686504
686194,0.40425121136604397
281489,0.5165685902499473
666906,0.8683901821972814
832819,0.30445206595748386
620623,0.8028919939263836
327403,0.9224632328651273
417874,0.0
940059,0.7032269638069397
996821,0.5126836710366579
675683,0.7795323138566079
860709,0.14640134287093054
217846,0.9450463326157087
262764,0.0
469402,0.6023647377428847
638417,0.8776503261993733
535706,0.0
142006,0.68929522195848
642532,0.9346889955490619
809091,0.0
889741,0.4841175604763749
174188,0.7547503886200112
247644,0.29283335533506716
311130,0.6095319395710025
777670,0.0
859888,0.0
335481,0.9403958071961311
789495,0.8434554821794784
455798,0.6242791651014522
375944,0.0
908836,0.3075514918873424
182978,0.0
600649,0.13485988437202628
233546,0.6812639873117524
592099,0.0
783029,0.7017995442323568
280846,0.0726060829364602
688597,0.7825253003440177
126138,0.7364821517994273
875753,0.4751572161453868
622454,0.48711665134216897
840353,0.30626426165406895
219798,0.8385296901698783
767458,0.11137774269239685
721307,0.8402347203613874
881659,0.5774003352844768
494688,0.6890931212631726
172652,0.8631400611855192
670720,0.9611514228939259
964505,0.8408862103488618
813130,0.720526722866753
366795,0.5907300486677828
393751,0.7618766392113593
100989,0.7529252243284971
288059,0.5682206300675278
104624,0.2773788846094807
395223,0.940352000692474
566807,0.43911203595585097
250399,0.5025381793189518
650903,0.7190917632588448
528591,0.8549695018344303
542287,0.7571807861708877
240059,0.9160581406993135
838508,0.698852545788519
320993,0.9007109562192361
694617,0.28393962744716367
163541,0.6492893119991625
559282,0.2995705472986059
297020,0.09278897780863041
837157,0.596829870069095
844972,0.8260381630779557
712330,0.20017911349471348
257813,0.0
194621,0.8400876501716918
578123,0.18565794217715142
934504,0.5404226356719867
651392,0.8534832147417021
273514,0.09531536047825982
616780,0.7631149525388314
979647,0.7065573737480497
944148,0.7630589456055659
936057,0.0
309542,0.6663394097752681
969523,0.018749411689007133
655906,0.0
235156,0.13689767927047217
580467,0.7830319538670838
280393,0.5571823669038947
946389,0.07801859262330291
934380,0.0
639888,0.9063485500000368
700110,0.21114661899816814
914167,0.25040656291392893
720417,0.511015137530219
351154,0.0
372563,0.0
839679,0.7281191407770528
574557,0.0
569344,0.6840720667150094
457361,0.5026587836570091
836747,0.0
304076,0.5619545875638844
752548,0.0
211048,0.663810485891922
233885,0.424972972476514
774188,0.8917892544423034
622840,0.4260979150010287
732259,0.7188093633985105
784330,0.9009476455669366
244377,0.7827000552275254
382459,0.34713143160960186
414175,0.768929799187393
539262,0.05658579494067956
932727,0.12763255241120564
826841,0.8742599372382684
487963,0.08865392769809878
764401,0.8171595824249293
640037,0.0527676185701359
458085,0.9204128561084041
750588,0.4568947936846204
164295,0.46381299231035483
524661,0.18591367289832567
890740,0.9423253095321941
222579,0.07653626047147762
911432,0.7032295275366618
229934,0.6030191428236438
271151,0.5162345480885926
881385,0.0
648540,0.6450960344909281
338749,0.9010046932283251
385646,0.920433037611311
944312,0.16815888050689465
468041,0.6758776999973397
970988,0.0
964475,0.31506287083292994
493979,0.8814845262925185
571939,0.4833995557047515
330151,0.49289612584671527
988532,0.7598660576367362
504844,0.4258042596667803
350525,0.0
544158,0.6279234057177436
219003,0.0
653567,0.7686265588208877
434830,0.0
999470,0.0
307857,0.7603427390197531
640492,0.6055910597201257
626948,0.0
631790,0.5259166661721009
656017,0.8370565245479438
135145,0.36876767182261455
266815,0.6819660397537524
170180,0.4754915271110862
236025,0.0
266442,0.32447117169278333
205406,0.662644164521757
454580,0.0
913791,0.821285779266077
232359,0.11260598024476336
755306,0.5445871402606255
499321,0.05596282651465248
417229,0.28951881731547663
912580,0.0965194891536549
701275,0.5051095783212346
917328,1.0
453804,0.07842148944449849
681649,0.6030704666317185
458007,0.6397624805891376
180644,0.053462045591473134
247797,0.32330060374663583
338110,0.08878965712741285
235326,0.0
921077,0.10750216670306607
558865,0.0
986364,0.055968758185362316
861236,0.5410007407383934
501494,0.05722715406111278
524188,0.4456726661326934
531420,0.4125946770442737
800146,0.0
546853,0.0
888711,0.0923941851739129
142999,0.017985391707141897
140731,0.0
350647,0.0
521837,0.5420727220302474
695478,0.1119564110937788
872497,0.44504750683426075
353525,0.7614804895093005
920479,0.0
374862,0.0
730922,0.35016965908230163
548013,0.0
724881,0.0
763706,0.5555626904985346
218380,0.959698114622249
753685,0.7497973532909301
618201,0.0
625200,0.7621046733979641
210289,0.6963208290847593
258350,0.7350143502485923
714818,0.0
371231,0.0
133372,0.037020060767117245
456722,0.0
979957,0.7108565914721917
684176,0.035972731645937096
727863,0.0
448638,0.22660465847580627
135645,0.9445768934111296
336872,0.0
799609,0.8811680402762813
418206,0.6599659244486281
136488,0.7634703914803449
731725,0.4404968518941092
833232,0.4438558817449705
509318,0.5964637772780589
820991,0.8037797162344921
383116,0.0
679425,0.0
369990,0.5285611817856681
866793,0.2879690935488218
587047,0.3944682947960436
458626,0.7615925681465435
834015,0.18949719195376236
256541,0.09553071311796732
497883,0.5327813863485943
977946,0.4634558346624863
598859,0.13028570230567998
995898,0.7676647290038391
645810,0.6005633269082182
150847,0.7996530446409601
935134,0.127623504626343
710296,0.6815980996171586
899222,0.6459134786760773
213444,0.8214437167197797
221470,0.33796304511036274
930640,0.6962560570540202
474153,0.2865296623785891
904387,0.41681279610693067
485399,0.0
122989,0.4031030048861465
550117,0.6970897349056653
933625,0.0
465960,0.536831629714132
341377,0.76169819065436
796920,0.38766354699845407
699859,0.0
646916,0.0
863041,0.842822007014879
622076,0.49021352899215226
913921,0.5539909096918332
301040,0.11439161117879817
893975,0.5659307000263666
361293,0.8403712634214229
247601,0.17104689290813163
662368,0.6458040860274655
379595,0.8021566139211753
607183,0.46397485088810353
648307,0.0
785891,0.5197861983927742
440560,0.4691853021713237
923182,0.479953233684765
903772,0.19325423480262702
524094,0.4629380880304548
576943,0.523163839204251
728615,0.7971545053004746
686805,0.6425981634761377
317562,0.0
840744,0.6476182286983054
444586,0.7410976855951321
370353,0.4802974438949267
390685,0.801794354483959
776046,0.09254576485247357
135241,0.5242511310164035
356065,0.6809791614093954
467660,0.7775927605259196
975959,1.0
171042,0.3816718885800897
771687,0.7813773075305149
334238,0.18968458481624031
838203,0.8176762125677616
966165,0.12359077287220455
609791,0.516543216975457
663003,0.5796533084202281
770206,0.9210455875922974
940249,0.4832795333917563
997171,0.9219660013172252
257774,0.9796041751921093
642103,0.5346094173676873
659692,0.9194252804789326
614677,0.17083413263848907
781058,0.6583609938427848
875500,0.2828360328808246
706933,0.6867686772072175
205816,0.0
752021,0.05649924333053679
195230,0.5942604851736495
889019,0.4869349063233697
166902,0.701570865035875
890486,0.23695046272859982
431335,0.0
682894,0.39682889103055796
881536,0.8423244064396254
790971,0.4265239457074667
486913,0.8803348039758045
304685,0.0
867780,0.5660840614082052
191036,0.0
609518,0.844697908038805
914403,0.0
930399,0.796796173804598
106933,0.545683781571667
680616,0.2371438524539748
110148,0.037097808087438386
531182,0.638846001783262
965610,0.0
916977,0.0
935871,0.6388038382072223
116849,0.0
380432,0.980970084215446
571306,0.0
412953,0.0
812402,0.23077920070888783
180107,0.0
869900,0.1506331133676741
187554,0.5993863253521434
766805,0.5228949618874928
960980,0.761038187137899
454269,0.40464231579847026
991444,0.15165056278411249
327959,0.25749960757777357
539447,0.09393811283133403
272918,0.0
871234,0.05329313251463914
313671,0.8649513073883921
629936,0.018936774185707786
519519,0.6213128929803194
828511,0.7767469288269176
784083,0.551850587781402
226421,0.0
392258,0.6779113730020776
116387,0.4625836094902684
740981,0.11149185932626499
129233,0.711208869124998
317792,0.7589689664856428
184568,0.0
416978,0.3801183224807135
791857,0.13240099835930746
124059,0.0562788226464628
952368,0.8001513353220447
922861,0.0
579301,0.2062289317073235
378945,0.18510347287020334
297177,0.0
323505,0.0
806582,0.7227745491011659
594037,0.32283998647875045
696443,1.0
477489,0.9801337127577134
684143,0.8447672749107995
374613,0.5419710816539532
729794,0.803557546671558
937216,0.0
171656,0.2523703756824387
842579,0.40096764006116353
306514,0.0
625230,0.0
381482,0.9755591446045299
674637,0.7448855707216725
275575,0.9022294801969911
685825,0.583104679420719
188747,0.0
406129,0.0
895684,0.5004907800979145
511564,0.8190095074958484
923893,0.2862358795730612
551881,0.0
911613,0.7244160682223982
740940,0.5227718677501013
981602,0.16844066618324477
519707,0.9359731795387398
887900,0.9635157771973093
620574,0.0
598315,0.7158679754978241
743199,0.4692164355945152
374499,0.8215923569038659
418203,0.8043013706845882
443787,0.8816012184671035
983287,0.7710629891108502
279482,0.0
232520,0.23084116796438325
305013,0.9218108899286449
454778,0.9213563388419238
674164,0.22101476379501803
199449,0.7176851161640903
452823,0.6347600448465452
363985,0.0
944170,0.6721553927577832
964149,0.0
342596,0.9400382276072213
838890,0.40767631294562634
271182,0.0
508081,0.9800381366651499
220668,0.8356956141806118
824487,0.49903480028766767
575719,0.9601907009029647
213473,0.0
391968,0.0
894358,0.09437393674204413
474096,0.9814361323302789
102843,0.7526142037143108
802469,0.15976327876930635
407381,0.7007963771630895
774393,0.36529783857882764
372664,0.0
799304,0.6213242198355629
160279,0.3347267468170603
560752,0.9208922905177207
281394,0.5971697633057036
972810,0.4032500925913984
109065,0.7286839039874792
265043,0.3046886043309797
409021,0.7227157792526367
808434,0.42153903416868804
244997,0.35902863390214923
829800,1.0
744038,0.7043438905620761
753261,0.093296150394507
701041,0.22913518775173033
730775,0.7751696132241201
300252,0.190282929060474
603273,0.6585439051484827
507696,0.0
171810,0.07598853484019467
282457,0.9609611947062485
970206,0.7790656192094595
537372,0.05706992917634015
410716,0.11202624028673805
530937,0.6835854628492857
824791,0.9403437004521228
259269,0.8997850614312323
117368,0.8809011158705293
610918,0.0
875930,0.19540503691794386
552109,0.6412206159173364
926040,0.538752864723037
565441,0.0
888603,0.04031962498365937
206363,0.12998861201620737
342484,0.32226230337580597
493069,0.38442531915097505
676829,0.0
786917,0.6139122162012343
283409,0.3267429785974441
596303,0.22049878201342274
897744,0.7399264455072976
111159,0.0
825984,1.0
594348,0.46396572325554547
113047,0.6015662819872788
546781,0.38424802396646845
493535,0.017044319327330623
633028,0.7306900971214081
122816,0.5181093458178316
930831,0.34410334168128565
909530,0.07006231692010087
969260,0.6415290938260468
229503,0.3602643291400786
527505,0.943309053361393
412984,0.601959786674459
441472,0.08503972323834659
560104,0.7638969726083977
618792,0.43194144933345546
838219,0.42436281871332215
558744,0.9580058607242493
233960,0.48513646796284193
807483,0.35951487359005446
770511,0.36578083135022704
933384,0.0
348034,0.0
163085,0.0
227945,0.16626876977896213
306708,0.5231092607993229
404505,0.9205862742813953
583404,0.11057638782979261
132247,0.22853292210298548
243996,0.20302366789226406
105572,0.527217624921379
803768,0.32628245558422997
638493,0.520919262429907
325116,0.0
600089,0.5855300735918116
967081,0.5775272553542351
616112,0.1681097844577817
467593,0.46688209587359764
318294,0.5408174946449285
196187,0.7805322296158426
744367,0.8599871122608541
812325,0.8606016560302782
458726,0.4703628171761621
604889,0.0
424515,0.7382918382307231
793614,0.8968633683191307
708563,0.0
522865,0.44095666433815023
907114,0.1715461503381908
266751,0.3528682006793458
609966,0.3882413947350573
445053,0.3030381654660724
633103,0.7609810333449638
725976,0.017008052697938977
434344,0.1344342511285791
244897,0.521737005880378
275115,0.8018790057008469
909999,0.622294144844569
806331,0.37124441238514205
988455,0.0
426960,0.9292873315655701
821246,0.0
563529,0.5430571622821542
591968,0.621913739432698
427400,0.0
392642,0.6605411104688216
516407,0.41857708475701483
752421,0.2247815740002148
932747,0.7020715959989999
251555,0.8606879403877518
486010,0.9598133802709794
580432,0.7227035893857141
941453,0.0
351429,0.9808172874771236
219508,0.0
248945,0.2662987907152782
977947,0.115184215133779
888526,0.03637440891201394
818402,0.6905827051133918
827151,0.4104505324537767
481090,1.0
413716,0.13113906761409078
301107,0.3078923422406868
876207,0.8820159882800621
308926,0.0
298138,0.12969312279961748
168839,0.0
620082,0.9571772677029445
464406,0.3293152508220247
782537,0.6535963478953971
286633,0.036330200187949455
111580,0.5819838944899154
811056,0.58225900683958
935481,0.8160358106185281
620158,0.0565632944857107
516623,0.0
256896,0.07653570130311758
739472,0.47695539912406665
812149,0.5636703620707687
163746,0.15064428613866385
570187,0.8863054930885848
316209,0.28601932114713935
811684,0.29446654145790996
401841,0.63974856043268
439404,0.6562156207403215
579058,0.9815447835721861
714654,0.0
633679,0.9202215762437959
628565,0.3410836465199977
552226,0.574379449853967
568711,0.9804023133612615
554162,0.18554077042018746
968914,0.4394683770443443
586039,0.0
694627,0.7521804036922486
104137,0.4453981133629508
887440,0.1742802312952881
531958,0.46623160684098813
406553,0.20805655363672687
621821,0.959788952281567
648258,0.9028749755288604
905533,0.0
901128,0.9223114322848427
216824,0.0
380610,0.3478399606800389
263581,0.20739875521152915
762527,0.6636214441184587
425139,0.24093590948019944
967880,0.3436592559974577
712092,0.27428971796506085
660091,0.9652988780189421
851447,0.615286918471942
872526,0.0737697103852834
235493,0.5576050491154945
696266,0.25044121932460534
833406,0.37326912797340434
491394,0.5021919147126287
757326,0.7942687223975091
249726,0.4025706453376128
195684,0.13415266245147114
191742,0.1900700128119969
480420,0.34340846196409286
370312,0.0
593128,0.537388341640518
337158,0.3854632930602935
969614,0.40001678258770795
826226,0.5873458105003536
672646,0.0
643065,0.0
733609,0.696500593808911
853847,0.44493673003847184
223465,0.12593911517401501
862392,0.0
857844,0.20202025879738464
147819,0.055753873212144665
429470,0.24660280254202463
580964,0.01813886802585606
553124,0.5033168040777577
657249,0.0
501188,0.0737469877570886
194546,0.37880845673296
555023,0.0
737074,0.9208548634494813
261812,0.7590486323591429
601153,1.0
146149,0.6660963308385588
292345,0.9211052301028843
195412,0.1691942197085011
571263,0.6152107288408593
355841,0.35296193118053143
483467,0.9799629073637486
995380,0.880549685352946
903096,0.1764123121524242
578990,0.2935297683251048
393008,0.883145427592813
919483,0.6482886438205903
667236,0.14567830221178119
121167,0.6392028372670221
863235,0.9023402773711707
611875,0.7340742558746569
755313,0.268978203617005
983152,0.7041566843831151
903242,0.6980293688123607
358172,0.5293883507484053
202086,0.7774564085837011
463840,0.6249338525965118
844014,0.9393219641547595
496694,0.324807832957164
356157,0.19481613082493407
150411,0.6822806871386148
475690,0.453181602937646
195103,0.0
160231,0.8811060716346566
856761,0.8537255411323317
908460,0.32303519782981677
699232,0.0
977832,0.8826516834912814
260694,0.0
848847,0.3574609788631306
225787,0.6044215755346856
590957,0.6737969423767274
574094,0.7809950342814668
956196,0.8230908390478306
737998,0.7837591884243306
573414,0.8565594010424495
675643,0.0
215667,0.17399660765574126
641891,0.3059957438649503
505755,0.41878973677063397
520805,0.3283296489154033
674186,0.6439216159970773
910915,0.7166424057770748
876498,0.0
411675,0.5826987472038573
336950,0.7957177138681699
320934,0.5828100113271275
466467,0.0
552101,0.7016582540503878
554678,0.8991396533031225
212832,0.580484299478069
472761,0.0
418035,0.6916141755131798
293202,0.9616617392363147
985391,0.6883689694136964
454105,0.5185384465483865
219243,0.0
779907,0.33745867144163744
474374,0.0
240217,0.0
301885,0.03681471279843464
246102,0.0
405290,0.5201142755377343
710754,0.980470763263247
475763,0.09136727139296734
200661,0.6383297826294054
571747,0.5917352623551205
934402,0.0
310884,0.0
718267,0.2398708079854835
270844,0.6486603017609042
808921,0.0
984089,0.0
885436,0.39966697846021576
510955,0.0
477556,0.18222106510704822
405834,0.22299643611024178
353953,0.3240185532580479
863241,0.0
148820,0.7591267740820371
294470,0.7898989259336935
927892,0.6391981695383239
330498,0.5746943078203551
541107,0.0
791293,0.9210881035428653
763138,0.9586166268051365
621055,0.5029920517391011
338698,0.0
146367,0.15473419002232672
719772,0.4196199813387159
756204,0.47061183870848033
642702,0.1112703809325945
941321,0.8619888372530756
540682,0.1505682375174461
335829,0.0
953968,0.0
662191,0.7825187207406212
890771,0.714610642544162
134811,0.3602760850004404
970196,0.35303253539683277
346133,0.8223481470561741
317987,0.0
938083,0.07455090290162114
551773,0.4541926839318311
814008,0.0
208368,0.0
199144,0.6801949769764353
526064,0.1821674608142303
959070,0.0
265276,0.8454502334836702
955517,0.0
869051,0.6358706215643704
836454,0.0954474318388386
978657,0.0
906451,0.0
771461,1.0
538392,0.7494393460078104
189304,0.6006223661511572
305065,0.5021192174779526
152046,0.606370961484404
132627,0.0
312904,0.11054350011129323
142340,0.13894219692362178
377185,0.9177173025810855
861425,0.3408301160735246
709880,0.5141462540747733
635700,0.6642542796436336
466413,0.6973613536190676
568772,0.2585223307424084
339638,0.09317348972562532
957651,0.9590210719124926
201365,0.0
153809,0.8819262829706959
887039,0.5480092218295838
332783,0.18356002261975354
169793,0.49986981416947296
689009,0.0
896888,0.0
577372,0.16339629653355095
492099,0.6676284034203641
917563,0.07616066547906362
868792,1.0
397085,0.3699479111093088
707442,0.09592955153687173
848737,0.7152380151285463
666682,0.8183760126148658
485105,0.2875843338669272
903606,0.0
281080,0.1964608367935212
784958,0.03772392059183041
769375,0.37333955406704394
745736,0.0
687063,0.9006096834133305
190905,0.5405587071108271
282104,0.7466204179754494
699537,0.4017843654895467
413442,0.017834310264280697
299238,0.30418921852253017
709968,0.3373115844513635
418744,0.6416574378915343
312002,0.13054414447804757
858619,0.6434881319130106
172688,0.5243887276279634
219711,0.19136521206038148
951407,0.07433641789112345
506830,0.0
514310,0.41086673778319255
260382,0.07497778060309003
615751,0.5701023626825708
196029,0.2680001178778002
866889,0.8579059631880565
934735,0.0
992048,0.9404279021231229
976728,0.618686359091039
927528,0.0
783492,0.3029867510357572
340362,0.1632969469698261
714758,0.4125121783501741
340974,0.31334949459968814
626741,0.5387553378424944
522159,0.07065060478906915
728969,0.8190810414952137
991044,0.3197593640461246
855994,0.23194986180899427
971985,0.47396388221747277
756562,0.5519329720267507
696486,0.8812184047941715
329971,0.5829468524768767
777374,0.0
905339,0.33551929941290554
967850,0.6610151628486889
349981,0.0
997298,0.5461915307497921
265502,0.0
880617,0.10965411319251643
314472,0.7216836357249289
868900,0.26850288425500196
331325,0.6340497613995044
217900,0.5767333215096161
569913,0.112207645115397
201427,0.0
790525,0.1961135855620723
422398,0.610035966417947
522922,0.7834061219240287
485443,0.64378813970388
133595,0.0
136249,0.2725744441860584
474195,0.0
738377,0.38996615684556196
664901,0.8232592590188514
835277,0.22638548662182498
990504,0.5801401250167972
368687,0.6750296137368653
755000,0.0
259260,0.47781230134249264
599030,0.20965616271121393
252396,0.147232192257249
847501,0.5205823147944346
520119,0.0
787030,0.8176478897398487
896381,0.15506314703910828
382032,0.0
606675,0.286360992716732
542224,0.0
914330,0.605193360225902
713033,0.6560818168638896
840094,0.0368889468007113
317321,0.0
187475,0.28741869010800775
144947,0.049998334753650675
634546,0.7263467052315551
741736,0.3683285606622126
324400,0.0
793368,0.6021974573130338
562569,0.6386141640434567
727057,0.5811493134334305
806649,0.03803137029541759
857719,0.8623328268379991
875222,0.8979647775601736
207246,0.5907525492238135
212863,0.0
939945,0.9077276244084169
558374,0.0
148783,0.7932465751158017
502338,0.0
223926,0.3762621121597878
495915,0.07621058793018719
331335,0.7021029903110524
434243,0.09318481358009904
773036,0.0
192536,0.6579880625932116
359624,0.755241323722376
707355,0.13238484851401688
822080,0.018459329017111434
398787,0.13801092992004618
625624,0.09299955108079849
302990,0.5889239286186453
335915,0.0
346719,0.3598109784730455
806496,0.0
524349,0.5590625212803857
518538,0.7805911817289158
406310,0.7735559127962028
225674,0.7444127221885367
572155,0.0
885605,0.8181222783575611
996339,0.5595169551558493
102816,0.8989938243583665
626612,0.16747033923189403
803369,0.1047293582089724
475108,0.1692126316800385
549217,0.0
293893,0.018394091853905687
755286,0.7329608408636751
468792,0.0
252099,0.05571311464196102
885024,0.7052921294888588
392556,0.7822015173436452
377677,0.475670401115586
987648,0.03825368515720056
765817,0.11051536599238024
443139,0.0
272849,0.7368833851931719
958336,0.5348322524053897
631087,0.26153526454783294
649161,0.5584412799655097
910086,0.7172792881285174
805954,0.5714970808583897
590896,0.8562292785523974
507395,0.8754882288462059
152246,0.8147617158220573
201193,0.7559225882462435
780431,0.8640373110740226
805697,0.0
807432,0.0
504718,0.547395673323436
825256,0.4847342404477176
612717,0.30360043677235715
960020,0.6039155585182044
693625,0.5281198248987061
613522,0.47742796600466614
743221,0.0
241807,0.2060464940341597
291451,0.0
222385,0.0
719344,0.0
710109,0.5325945556901047
508900,0.0
135302,0.11601276202339798
492139,0.6148736079093097
123871,0.7605596732596094
309682,0.17140063581440726
452949,0.05749400215668767
412924,0.7376744122873743
506358,0.7205521190630005
519367,0.339871109221212
412756,0.4235742990539804
160275,0.5956192241130049
305620,0.6733516876362795
647214,0.0
396787,0.7443396618277346
798987,0.8616135505149529
323974,0.9614866304713812
574322,0.9611946812042914
478302,0.6795852633995545
333755,0.0
828951,0.03595693101366038
152584,0.748712453581735
750689,0.269476233304596
134978,0.0
865440,0.7588940940751461
774954,0.0
954335,0.9790660092398978
144566,0.4013986282314778
736550,0.7414367797891247
357683,0.055416014655043457
466317,0.5986994637799983
297201,0.018351716655369364
916084,0.8428971936374912
951663,0.0
426272,0.9028341131171307
822961,0.2712982357993367
675547,0.33367816964254593
249092,0.3845047791506613
247369,0.5450061868449547
892948,0.6592243858063145
253501,0.2843682231266923
525662,1.0
412551,0.15687759944191731
505742,0.775146527123554
880307,0.0
773917,0.3115682742819211
143524,0.6364879165422553
313247,0.3103904371474654
290591,0.6415990543614164
766236,0.9098395533824376
214461,0.15342336520240502
460605,0.0
442758,0.36346112116193335
573125,0.6626142142180138
720381,0.0
672491,0.9407003076288312
377950,0.17192657230564534
306558,0.32351907171339767
122222,0.6308181365355148
864808,0.48377339374224976
947248,0.9197224191703829
171440,0.037573102275805535
569354,1.0
659759,0.7358700648492044
983381,0.8647212382475563
982509,0.9219996586427114
494117,0.3369361678764854
712813,0.4262787652293541
690427,0.9609288087526376
181984,0.9225119983979234
962568,0.0
488968,0.3216791176114001
923727,0.56029968848021
992771,0.598791382690509
147147,0.5575809151721334
638554,0.36304875317725455
699407,0.04981113536514266
111499,0.9212209716037371
265239,0.0
582078,0.6027560320082574
139957,0.018667693773303566
275562,0.0
187972,0.1972505189160661
954065,0.8605215455717351
485125,0.9050641060653697
532974,0.6591528056529818
662911,0.16888911138239912
265509,0.25439880281486954
399244,0.0
613658,0.36212174998517865
886002,0.687462449326981
586297,0.8509343610324773
840064,0.8801308686132397
276308,0.0
550136,0.4267967236223628
458258,0.7578844262692436
166714,0.4243995128682076
599764,0.8380854475549587
248573,0.0
117112,0.18826749303122636
900717,0.1344068982815394
313911,0.564648310332398
869470,0.7244177841573521
298061,0.03408599636102134
114457,0.8186354594083656
543285,0.21150330656245117
575867,0.3305724230637808
929665,0.30972792177049163
592692,0.8366240429234503
686813,0.0
712338,0.0
573846,0.0
539330,0.18899644723729075
784759,0.1134967454145902
778994,0.34323595338091983
779353,0.0
681847,0.8797127767715857
734871,0.505162211382611
835326,0.6598570770872489
484694,0.0
763086,0.8586861768151128
111782,0.46450009808640147
173390,0.9168427374697014
225379,0.8424007722012193
276893,0.17149560289171045
568006,0.42044608093156616
450373,0.0
159358,0.8802900754381922
960649,0.9014279682605286
632527,0.12951850166709153
443946,0.7779982586740265
739429,0.6652927475884266
503103,0.0
199489,0.40551619915831677
744253,0.49329469151028094
462168,0.25092915481332895
611127,0.6556131296291323
831124,0.7387185118798454
340983,0.22744180660272012
961868,0.0967073420993056
559013,0.5743993184487305
449119,0.0
800461,0.7086302783943836
486692,0.4972160865806154
786501,0.6929048031833736
321381,0.11447568826094531
338805,0.019199526983141063
819814,0.8955613521847628
853401,0.24587941055277532
155256,0.8637463623094978
497916,0.0
915351,0.31068232609274543
151045,0.1262506547515636
504447,0.0
617482,0.8855236080660243
330860,0.5867604624531728
307358,0.8332034160539162
324507,0.019419018702739734
279148,0.0
942255,0.09276810751372642
459532,0.5229923801535709
283134,0.4802822661823922
190473,0.0
480074,0.21027311432213272
182316,0.0
877404,0.8463426844226094
877016,0.0
720828,0.21149850327146458
428276,0.8292752466259299
657276,0.0
259603,0.7216981957253602
383825,0.11399321170436529
723928,0.7337901073257574
885156,0.3248136544672421
507256,0.24915678971439448
201506,0.46291349662309517
478342,0.25896918339474745
131136,0.726730657725801
655275,0.39084577556458827
437658,0.6070050240351283
141109,0.9411444201131053
662385,0.9203431274775971
346637,0.8809833618207726
515765,0.6227507411370862
601327,0.11190434733491532
816131,0.6749559459185052
762227,0.9571108825665906
670266,0.3082929612488125
235163,0.0
319650,0.54518445506404
891565,0.9181125858822866
954142,0.8582264737853732
121144,0.1345905231834788
574985,0.4970789638258979
966747,0.037077487109801
881898,0.28482229699833495
893254,0.88741676302045
493209,0.0
170635,0.6804353863392806
910630,0.0
831831,0.0
237518,0.0
241536,0.8778557003321353
341697,0.6702675271543528
824181,0.0
446365,0.15383926540192144
912875,0.6458471987384058
433561,0.9410803477636359
165456,0.799959380754553
262587,0.3906308746027851
606553,0.549261058881575
838432,0.479041968579932
249461,0.6206304294680587
583225,0.5784375047699245
108761,0.0
225354,0.3558133995516272
708768,0.5032167136632945
446072,0.0
145023,0.5816333144240844
587902,0.6392976144866405
665354,0.130394426160489
747569,0.8209917656811404
175350,0.13055913262022997
267833,0.19077285019079276
283434,0.8676993669246239
596733,0.7934464441921529
760765,0.8810589415384638
644725,0.42719334562747846
765406,1.0
313948,0.4647392263939509
453905,0.46383871569927926
613750,0.0
351728,0.5717281059661025
387631,0.6806444197648601
859446,0.30197517087384335
225555,0.326246930516321
829488,0.290094453994461
663325,0.5925982333333251
500278,0.05675961208793544
284461,0.4070171031721783
967455,0.6232312481149805
113343,0.5053619880279053
840110,1.0
951984,0.9403684787818545
349278,0.9027206130578284
458349,0.9005890005241651
388795,0.960077822539755
284580,0.0
835458,0.20500531563355162
103088,1.0
993690,0.0
741624,0.3099557706174676
790298,0.10965557002954888
175711,0.9811078056470236
543307,0.16492163123000458
313652,0.9045873153784626
140404,0.3121328695766762
433901,0.9201413950679768
674796,1.0
983110,0.679518520861305
299869,0.0
737720,0.9015552937649554
473084,0.07510729638339841
183823,0.07566301972028851
572285,0.7754987013674363
315138,0.01887033999209663
711369,0.0
637335,0.30690018017970405
577022,0.4233097728927533
425936,0.4067634401816643
429893,0.38230097328764984
706332,0.10726625879544444
113431,0.6930596501506239
371665,0.6340275688472331
892453,0.6854597108474515
801866,0.38800656283609236
801900,0.9809197956363038
804621,0.0
882439,0.09531024005646317
265594,0.382201827448506
408929,0.46522582870834445
828954,0.5606187929925971
448596,0.8573263324525218
251457,0.8832260273883136
102670,0.0
928363,0.5213411614357806
129331,0.5691139360880687
566781,0.6395355912448853
892860,0.14551232929950722
188334,0.0
421354,0.09365923866505327
814859,0.6429879387636388
162781,0.6033168608267185
815374,0.4860082440972017
473924,0.6951434962431092
541547,0.0
160156,0.6727864027275058
540416,0.5976489977523658
283720,0.0
435695,0.6826675008077152
577374,0.8162031340909289
374716,0.0
577731,0.8597747285197408
962278,0.1129875423369727
119492,0.3042087117836534
936713,0.16424030914069845
736846,0.920177045295265
503705,0.8809027812402462
903830,0.0
140531,0.6439556165979774
892925,0.1278732707838372
279242,0.03739673235378701
674787,0.30687930960872967
352423,0.0713340998370527
648629,1.0
765833,0.8632734375233739
950538,0.73726644107347
571995,0.4426990036611882
697799,0.0
309226,0.6055043970425705
847631,0.184374609568902
306858,0.507714637863366
816416,0.6852713225666663
419324,0.0
417047,0.0
307627,0.9806677651571066
895745,0.4104049983289762
825509,0.4080318597483191
575503,0.5938866266012566
756328,0.5191531808821874
992489,0.1917881236302979
957108,0.4252896101852574
421588,0.9199082762825993
705424,0.0
237174,0.7205503088178316
867802,0.2695770402298174
573174,0.0
132899,0.7380906190855988
325292,0.0
771629,0.3265258356801487
683737,0.7509501023763426
186929,0.7189063363351246
276056,0.32712111200969235
731169,0.2810657936664177
493793,0.3058475074088257
479921,0.2024950825028776
276161,0.42118015310637497
152845,0.6018943861929624
425423,0.3644393731553459
810977,0.6424155062929755
875555,0.3166844206149595
264647,0.8036322253202628
415142,0.7212648315000716
656665,0.900446640997177
332856,0.35733773476922553
595325,0.34330919703684154
474708,0.9602658068083643
632436,0.8575404854706612
909095,0.6566434552274218
720122,0.9793800793948845
701032,0.5426463825605049
342133,0.03663591222394365
534847,0.0
765143,0.45822116206289953
933289,0.1915929170742291
126014,0.8019287077779986
909055,0.2285548105124153
360342,0.9770761033476434
555269,0.7403458539281328
314490,0.6395967624917588
476441,0.9598312160982981
841457,0.0
138828,0.9201659316397086
135338,0.6944850402310994
757308,0.29755136746986327
341586,0.055292795841478344
476975,0.6850315886027418
350230,0.9395503037649421
662614,0.6142751662123537
916513,0.9605814058552236
239391,1.0
727889,0.7362320455942737
835395,0.2654362236986553
721046,0.18988326085660154
892249,0.8237689746082826
944487,0.496662264359294
823918,0.0
844060,0.8017395831178743
732033,0.659982735368217
403147,0.3513975597373928
201867,0.7950445554567248
733320,0.540913081201024
421083,0.0
684420,0.34699366742469806
684475,0.7795922513377082
980269,0.3115977917807761
646081,0.01645648076250354
502989,0.18343036214818115
932039,0.05696213020703678
428976,0.8005047331950412
294566,0.6440302457327568
275985,0.0
281341,0.0
458256,0.802950522737159
489704,0.26925561492318995
609373,0.0
435052,0.8579533184277229
896658,0.0
985549,0.19210936744650212
808324,0.92115853539114
752360,0.19104275361344025
986019,0.5206146922971274
659395,0.0
206059,0.9807566851845436
354531,0.0
734146,0.6221659765855633
600119,0.28114332580984086
269997,0.8816480946123975
670848,0.42333101761722974
824260,0.19681344462436126
265900,0.5451083840269232
236741,0.0
784794,0.5780214260063317
547507,0.1563699203811703
282088,0.7580729251492636
747941,0.26610680578573076
749274,0.15227866740391804
919015,0.7459242828480562
677379,0.3190827387207218
480754,0.8807014272571223
977065,0.11301374558182045
540750,0.0
753842,0.8381341098425559
130792,0.3840316066086407
917409,0.3472754492516112
628625,0.0
881519,0.0
305947,0.7797518145162912
104957,0.5809553260514928
143742,0.5967218195118776
871299,0.4857791839564101
822475,0.20346165350933146
162322,0.05392015621346027
887487,0.0
123788,0.5803939155539448
687220,0.13416576113266607
948068,0.896020577369631
410196,0.9016634725505387
208119,0.9405917797671703
839055,0.0
331229,0.7838692570742096
887332,0.19016872216651268
773904,0.8450936868216739
642013,0.5411765483895659
341358,0.5609203133090368
146619,0.6438876980592712
544004,0.0
581820,0.0
479345,0.7177952822693203
287222,0.28544422040149725
399161,0.6987336820770876
900561,0.21103360080124492
659853,0.10830962065210406
622399,0.9228368317325124
592071,0.40841252217065793
875525,0.3445418905876609
557789,0.0
635277,0.0
437739,0.9214213341344742
528665,1.0
970396,0.0180008996891475
914300,0.9803522236477362
718795,0.9427207259672603
435367,0.27769698696637973
152225,0.0
301318,0.0
524063,0.0
540089,0.0
245100,0.2087496204632631
407233,0.8169117241732222
736613,0.48050417891232466
898517,0.26264557023184193
555519,0.0
860719,0.9410397604495303
428183,0.5394130657593265
394640,0.8635223705179924
524029,0.0
729573,0.0
135739,0.5663955726897506
369124,0.9404191104506667
278690,0.18730546382358537
281431,0.30306487498621776
519819,0.5745036943675723
757388,0.6431920434289704
760644,0.8444807152999046
984158,0.8992224400069566
423752,0.921572566364645
572333,0.0
990421,0.7206414317657666
350972,0.44000886145276485
630104,0.6085461964166562
683462,0.0
459866,0.32419176075368894
287805,0.863843172252217
139500,0.20739101040773708
482756,0.017941604563808222
697457,0.6183579726672156
486177,0.0
393002,0.367311508488783
959988,0.22927093496741355
260087,0.6002974233632421
489657,0.2932705830165001
790664,0.7110941841299651
912566,0.7224939346920969
410717,0.637603427871801
966990,0.9207546787490755
718535,0.8139581251580431
672001,0.569046758047285
221350,0.6253808608889831
930094,0.5204539970428416
828648,0.6954364988207098
445786,0.49633833461576976
487217,0.9015664322969389
474127,0.8742248492412718
495578,0.6741464469217237
114103,0.7871589980978493
346347,0.24791902181497152
197052,0.8794176466393404
290232,0.0
545009,0.6917265132848026
220853,0.6346370787145654
472612,0.8460478214510485
755411,0.19133443365404113
720438,0.0
398192,0.3435142587867131
167176,0.18361272399827192
692846,0.3838514427005008
836390,0.6235422625296126
505698,0.0
823829,0.9003326181628978
229795,0.9609351773502626
305984,0.0
435605,0.0
604035,0.9209493260550384
342573,0.38433134516637735
646560,0.8804123394990325
481583,0.8825342976294026
612171,0.0
744875,0.9618510024166507
251291,0.4238597365363672
963981,0.8603057271968141
730845,0.2778699423033982
517643,0.624309782647883
927314,0.2498445733787542
161121,0.17154714744406677
727361,0.6640851755525452
128096,0.0
862251,0.8618385024785455
170030,0.5027740744593497
276014,0.1672032850943272
660811,0.6393068456157737
849355,0.0
731797,0.9803101493904912
262600,0.5844227487825123
598803,0.46679535419009416
173171,0.0
895005,0.5822716604966395
258283,0.5865491302781821
797475,0.6888252710925451
820491,0.6718978381255498
762691,0.7194099505845902
989635,0.44054063305252833
986703,0.2886013631925866
535498,0.0
977710,0.27154412285868373
556018,0.0
496811,0.4237836035440538
533302,0.6109722081265284
663697,0.2600751445984299
464041,0.8556600400270894
440684,0.8611286599863451
609766,0.8401526788324806
631500,0.9582080382331285
389448,0.08541243554408155
429619,0.45964879784322965
428229,0.818357249625426
293191,0.0378426884741442
709092,0.519185703388437
772116,0.8813183368681561
966267,0.40439390754363813
804190,0.5472909560767271
973035,0.21842772073898212
113415,0.6491150062646822
389803,0.7583892533671819
561083,0.031838376813383334
154283,0.324672750781691
100740,0.0
818131,0.45986147406761424
670131,0.0
328407,0.8430205022534456
188180,0.1702635896784349
514533,0.864259781616941
792462,0.922352071122353
289525,0.44302914425641016
717352,0.05483922045363543
345973,0.5101062544310688
543427,0.8013268918292272
611669,0.0
537519,0.17014242170411278
361528,0.6273473893629453
432589,0.8717463321158024
229826,0.0
246343,0.0363893131882491
678887,0.9798685663498193
202685,0.46208708912832874
194561,0.0
639038,0.9412683752552878
437968,0.7997787834878974
101783,0.5070948922914902
200997,0.7746211088133849
407564,0.41912892995500706
248849,0.26362700441727244
500023,0.5622978176973507
501465,0.0
479909,0.7189705728633434
400472,0.2977498313274172
871231,0.19943706788612953
866916,0.7787769985064668
811543,0.27248710015874084
917756,0.7779611008790441
100216,0.07335864123654987
994149,0.0
193824,0.22905981921347607
684454,0.7821082228529872
465379,0.7632381927620095
628169,0.7231516475677295
516324,0.5377051476093576
864099,0.8589627913920425
463750,0.0
442374,0.29373703753797253
526363,0.6917004020426284
516247,0.42119978366406197
127093,0.6435253885664076
903110,0.7725629302863702
767293,0.5225953883169386
728990,0.0
494746,0.8031210174414115
694750,0.831215866189536
818847,0.0
694157,0.3722085601247618
354701,0.0895733499668457
819964,0.5758742404804842
579912,0.28876102236405593
983336,0.9586544448576565
385344,0.7580772420249229
924956,0.6985838143856844
815857,0.8412132885439018
438850,0.940626232207057
587641,0.5477098275746227
877486,0.0
779089,0.22768054875120652
390534,0.0
296156,0.8589799340574679
963285,0.38769682684481993
836919,0.01871045691218726
460136,0.0727170019063854
723310,0.7198718275890664
448135,0.0
682342,0.17084146939779254
535415,0.7421997664599811
413855,0.3942376347822827
736708,0.6769527828525713
348392,0.8028722805375498
423156,0.794536112955032
313017,0.379188523318155
729578,1.0
816912,0.3264388481051762
389376,0.0
988581,0.3454547363292492
802659,0.7607543993018298
221968,0.8997305798077041
564498,0.4968213389746115
235817,0.741164007956919
380660,0.9619774053049115
640487,0.6803370519549057
539245,0.05552914424575721
594073,0.3393889138930615
427990,1.0
169313,0.1494573597981447
463282,0.036504648692095604
984516,0.7806584745966331
526171,0.2641678432748553
597982,0.0
801291,0.15055087867873904
637663,0.018148914063672937
746212,0.8371440697250921
396231,0.7619954784440391
855230,0.0
803054,0.24840121263868373
167213,0.6245584913192709
224675,0.8219611540960491
410633,0.7118411112398327
598903,0.5368633597599984
927771,0.07534934816168704
160132,0.21554390902139128
542084,0.0
748628,0.20720045972448245
466801,0.7472044902346764
754347,0.0
763757,0.4718063578403017
149860,0.7305783332658877
233763,0.7623845974216976
577107,0.6416245488218294
573035,0.5168922628697777
365083,0.22391465203097055
667882,0.5846871637098154
295169,0.4888456739426376
937558,0.7787946836448872
587170,0.0
124834,0.8133711368826796
602235,0.8806885971334745
686533,0.07619554437044501
551872,0.9192928242089479
809929,0.036717878178425103
271559,0.9213722636570585
843545,0.6084391241572378
822371,0.0
862985,0.5214293529807995
441828,0.01882958121595987
180447,0.7252642281220729
432792,0.0
600466,0.2511868717847783
278005,0.11151156890607924
866993,0.5592750555056158
572581,0.1512083210212977
890477,0.6592843203458514
461159,0.49182312747287843
179266,0.0
698480,0.2231683744069054
233091,0.0
604776,0.018217668555494976
340287,0.7448580321834666
681237,0.05689968387645175
905107,0.7772712933307536
472237,0.036118131148635775
907290,0.3791693293910452
231774,0.13457029185582972
844785,0.0
511859,0.20475691437188848
340509,0.4817011720057235
639590,0.8989838044142948
473257,0.37587996305933963
264974,0.0
158202,0.4046459725685345
753070,0.0
440802,0.8401398500718336
149700,0.0
992126,0.08052914824239454
322959,0.9405482908982518
375477,0.0
704132,0.39531898590568504
225291,0.20937609004548352
963890,0.3621388341259223
707468,0.22759756675884837
162514,0.9132743175343384
820419,0.7834493396857353
561448,0.7378265146416897
365987,0.2690391280549259
479502,0.0
849185,0.8049584565222214
622184,0.0
347598,0.17199912398083403
437876,0.9215955285839902
732477,0.0
545684,0.0
656426,0.5534955384721335
767875,0.2613600878540317
104618,0.3207786347570255
395088,0.5787973275249432
442197,0.0
145231,0.36668074630667924
162969,0.46412764655844685
817778,0.2064967596869951
769442,0.6527989550180063
505063,0.3393027089200645
118320,0.36197745263002196
892042,0.6018038891063116
293627,0.0
365241,0.6684275294097801
824558,0.46857441952147894
357565,0.0
705323,0.36333301404773516
805728,0.48699611040814245
647263,0.7019786661338305
210639,0.2612347625434131
190978,0.8007804376293826
222533,0.13001889474505318
344991,0.0
547832,0.03655171171204599
676964,0.6936023012662346
418862,0.882248216775489
940223,0.0
843219,0.13373104089343865
326533,0.6081226091043984
920192,0.8564306460897504
592134,0.9653489324040073
586985,0.0
993566,0.9207816059830672
393858,0.9186224379621749
977017,0.0
793999,0.4940656090367898
893203,0.0
220960,0.9233363277198575
283847,0.8055830292308823
168893,0.0
162516,0.7148395011409227
683311,0.0
611066,0.45463610842703417
880920,0.2499755309355793
382540,0.8154418144564237
182939,0.01801079973212904
598135,0.939787051461776
968587,0.07614411548650431
956907,0.6235817882368888
628855,0.0
512593,0.49861059681951314
750141,0.4112000526890934
352522,0.5016489646242943
191825,0.9027201050666382
805557,0.0
382949,0.260870342933936
609493,0.0
834757,0.0
580332,0.7616944382411088
693345,0.4867725216864621
439489,0.2165526783484529
249605,0.07511711467502383
381456,0.037957470493972995
989595,0.0
782963,0.5300296942977845
520963,0.018134641743010202
299237,0.4977195803012769
813167,0.17391990972692162
161204,0.0
962354,0.9807100565436365
786793,0.719337954424313
104914,0.05561715647214397
979410,0.9174156716312891
246901,0.242956835750469
374023,0.0
149760,0.05379065668981858
564896,0.7071860221122046
470554,0.5865152841499507
611067,0.0
791611,0.3580100453099593
835165,0.3382885382183372
492600,0.0
550325,1.0
512022,0.0
896310,0.15250629372726593
518597,0.07562036056189043
966377,0.11124225185075111
478145,0.583514570372274
626118,0.7398926117490219
823716,0.0
244543,0.2845521277114852
578618,0.5303217521180993
184981,0.09543942721173962
954246,0.9440115438689148
760550,0.14601917325405664
287663,0.3017906537000214
690505,0.6946821817645435
508446,0.9600046517570747
703463,0.0
568509,0.24102559908533885
881094,0.0
403359,0.5598176070702551
164268,0.0
141656,0.22936593145384962
962168,0.32498297016259897
178182,0.11437617740057168
845556,0.2720722509529858
939487,0.13331000145624985
150630,0.6760651719457673
504602,0.7341003896595663
503730,0.0
735808,0.8608834206887084
972111,0.6074001001754873
999442,0.4820814550434729
128614,0.9428229477849819
395827,0.8112222305798912
532334,0.09228657474254726
213655,0.6018959486013745
427061,0.9382531716754169
608453,0.8589925038650303
187187,0.4478402302474073
730529,0.0
998941,0.25186097939396135
623183,0.0
180040,0.42695057847545903
856998,0.11924102060012243
725624,0.0
969461,0.16968200502013164
449205,0.0
354448,0.5924421344806471
846210,0.5530270967013553
559698,0.0
697251,0.1869323366483721
791130,0.0
872279,0.0
129056,0.0
542928,0.0
476237,0.6413961280144433
846449,0.0
141479,0.0
757192,0.8796660081993649
872743,0.0
866124,0.30909371554323267
557119,1.0
571725,0.9608876975945081
102349,0.6646241281023378
107318,0.0
343195,0.48515173459919425
849803,0.1148313769830814
367910,0.11473535062791992
623669,0.4801536325595666
945626,0.44226549658290115
909602,0.309776997426707
393136,0.06373266831970358
303969,0.08013549813989387
329307,0.9803758141241641
822089,0.2897514196475508
618697,0.7397997401822122
981477,0.3164361559469274
110288,0.940677485885761
740853,0.01812627570452677
164635,0.035909002263967454
457444,0.0
666082,0.036228669601431174
486718,0.13303712357746564
885665,0.7256064480392719
436463,0.572401229546847
529945,0.018201659580880093
718806,0.22260551490751274
147859,0.0
564828,0.8602713606045204
232700,0.7001486079399832
390434,0.34567318468079977
787308,0.1646081897838709
689275,0.2929900249695597
700580,0.0
654224,0.09604360224733
734489,0.6760490187343501
293256,0.5796424173554408
562561,0.0926330239539145
990306,0.686827401383759
751558,0.5364110985571998
647278,0.8204779566563251
452608,0.8807773116519989
984666,0.7537417594721345
902002,0.0
357443,0.5678039705700322
742469,0.05495339368179059
257258,0.601521240621388
149675,0.30341369490437736
616031,0.45710486355752883
659767,0.6357137513877519
804066,0.0
516259,0.0
917889,0.055828549738435825
958996,0.3295787145595744
447872,0.6203408052294422
812912,0.6870403217714892
658220,0.6096934588334123
261221,0.525128467729606
288512,0.018662361653160504
252513,0.18966487970267554
901331,0.6465135389518024
888147,0.6528651281733362
988258,0.0
136933,0.9217927366344706
353848,0.640796679137773
298062,0.8637189042641998
601386,0.0
668790,0.7086360027228067
507877,0.3815167680460735
227450,0.5013752401219849
589491,0.13554589518415294
880744,0.11847405209634934
560860,0.3075041985012024
638232,1.0
377058,0.841115824941424
311591,0.487939518732542
207633,0.0
314905,0.257318600844893
366105,0.13857575238029665
940572,0.7394021089725307
451074,0.34615780220996284
394876,0.0
429685,0.10596093443489758
330835,0.8155282392067408
865434,0.0
184226,0.0
303651,0.2490458640237974
294256,0.4402385633443654
798932,0.8974563571871127
761989,0.580817403604135
925085,0.8434110892563268
405260,0.2665811877534977
902900,0.9819127916352433
923416,0.4346305605351309
792095,0.0
760378,0.14568259744061618
988900,0.0
673215,0.30449350388307594
993882,0.0
324119,0.1696549296891753
902930,0.7226874516481637
316758,0.0
221949,0.15135948719645667
761128,0.7284817502234051
373408,0.7610576944145858
887840,0.8607851965714247
985225,0.7830194833150809
525795,0.0
283368,0.5763127331583129
311144,0.2702234221702364
880873,0.2794146299014695
956723,0.8800431527066912
871007,0.7237268736439697
269931,0.4360080796378236
577539,0.6344618042332979
633267,0.2491163657544713
704549,0.0
276366,0.6128698048223862
912458,0.0
649283,0.44684615021536855
880568,0.5220851757720986
116675,0.5782637021752361
231407,0.33452298440241124
804555,0.37338352287128856
282963,0.13209730784219006
794678,0.0
270437,0.9013753865916894
607600,0.7879935126719272
174887,0.9597778605317059
336796,0.03611782649179433
306420,0.7099919626861998
910008,0.6825336574054108
423047,0.32854299351119975
518133,0.8835787387034968
519220,0.5841395267964283
671770,0.5979077423892905
914515,0.8202244544053028
361817,0.3600039573521577
217825,0.822457692747138
752541,0.42004360892546394
162657,0.8200817742654446
999489,0.0
320695,0.4876606888230471
867443,0.5612937136320103
527219,0.8372047879506239
757735,0.7854692775511741
231450,0.0
993602,0.6307996517476894
410261,0.0
331195,0.7546540646624058
204769,0.8233581239916583
849105,0.8606071640300103
623532,0.0
365664,0.8030613799571777
611582,0.1339289174682607
687480,0.05323571638773458
303774,0.9609600150662984
240643,0.14454188268211077
257826,0.8585397827879157
668628,0.1734387810719804
241728,0.11393814699533082
480382,0.0
866161,0.5805680650323962
419934,0.0
961374,0.5247216055676854
616795,0.4283107707781091
268824,0.7593620605040202
583252,0.0
328516,0.0363957718866836
170496,0.05125112920918154
710188,0.0
266998,0.6639467934029796
464388,0.0
456287,0.13416430780260996
501637,0.0
688776,0.3638340315684514
372722,0.018829460084720865
623835,0.09333967710514626
131324,0.8822034704501048
479676,0.702720972176677
536899,0.838716575844579
995249,0.7963372502064769
283976,0.13582942797847078
513920,0.8028206283985159
204643,0.8018720874136149
822200,0.9409696538572029
914900,0.0
530230,0.24771807506852123
274323,0.8602214100493355
994799,0.9216651068499355
178716,0.0
292966,0.7218480979137251
731042,0.0
682403,0.6228645170431457
184424,0.2677388138496866
780898,0.0
900177,0.8793331621198344
324117,0.7441190988620281
290231,0.0
480249,0.3035724761456591
584303,0.8171775663293774
385080,0.4099990219607013
622841,0.8449388961046232
564700,0.5036299085162298
942633,0.41717271554393787
725008,0.4185356748743745
943901,0.13370666814194648
432121,0.49992911919037314
783998,1.0
388143,0.07404356943453293
300609,0.0
590006,0.15109943368074658
194021,0.34538715048862717
854667,0.0
253960,0.7185405301033181
778664,0.0
698168,0.2854962925874397
505043,0.647329156762563
725345,0.0
890091,0.23480073225520015
906045,1.0
401584,0.22663481480348321
975833,0.3273861991998797
595766,0.11144804664281745
204475,0.19023770204277102
142054,0.6873960032604299
164501,0.642148525852004
983731,0.6431158297281637
229815,0.3668362715869556
681884,0.44932629813284586
599796,0.9611056247354284
747903,0.4200404621915995
516576,0.5588228318206832
676655,0.32282276130949555
804740,0.17244921780773842
250499,0.734052054079921
599054,0.0355966213593578
638139,0.9595525062888298
883823,0.20840018631969515
317105,0.3985588786166832
340090,0.0
181068,0.03650270248865345
452458,0.3422752447315056
140848,0.23937855345601466
783314,0.34774078615116305
227303,0.289684528154982
730260,0.0
396242,0.655349583582203
462845,0.32079799338689213
765456,0.6792322361589967
729255,0.74547663072427
396038,0.7607658964108972
135207,0.8359735270006055
650761,0.0
271443,0.9225122142848329
985665,0.8363973784993493
583353,0.7787122952617778
943152,0.6329086508550233
978576,0.1327933300378139
525305,0.39316505574390065
787528,0.0
109249,0.12832677770974868
302052,0.8399191720044278
245653,0.1313471288229728
245922,0.9031324166228972
111225,0.0
459145,0.3003540455514765
848583,0.05376421805263705
147793,0.0
585865,0.8604917966661658
301646,0.11262078627005001
908828,0.0
986830,0.0
796038,0.25286979590618613
900241,0.8600549170347795
821039,0.6846653230768115
978883,0.8789968625877638
225703,0.19702599269246138
962515,0.0
986741,0.8262208779304695
680532,0.9605164536471218
581681,0.3742833923997566
667880,0.0
628561,0.0
738705,0.9605104981740611
115266,0.7222301572619162
503714,0.0
471104,0.9228434518744181
604239,0.5617536114651439
986240,0.3822526718838854
343324,0.8630760219319108
990992,0.8023453075235268
771805,0.0
888017,0.7757428973493005
139994,0.15644959632672306
813135,0.7594791437038719
239180,0.6280588338083825
846790,0.7609513992322832
417987,0.05638903917548436
227749,0.7233450174670077
999093,0.8249787053569394
647567,0.16971885323603125
832635,0.6861079827675132
190360,0.7767575012278998
258175,0.7925103362356049
564803,0.30293578561024603
348030,0.6597179026319462
461891,0.0
345742,0.12190511788290004
649798,0.0
861853,0.3253801605998266
439152,0.7641717166886502
974441,0.5019982850405165
246648,0.09250985604760667
445354,0.9612542741499587
440719,0.25823225170884834
639250,0.05475801144888537
613528,0.0
522852,0.8768134429237137
580831,0.5963131597004471
953920,0.6781260274831559
443062,0.847328786824974
913394,0.0
671625,0.26732323631788574
770915,0.24721236891152082
962857,0.0
113208,0.08355882493205481
853229,0.5673222546536434
865991,0.31972507889986984
862105,0.6487094828495262
761350,0.24469350109679344
368938,0.5794090149252834
974362,0.0
513390,0.7600835017004469
613261,0.0
314746,0.3638671873645756
746944,0.8991575597630275
921326,0.5025157938554962
529443,0.0
577093,0.17177825554518564
525616,0.28356737135188365
636947,0.1876279216434557
903872,0.0
370829,0.8445636539619353
357549,0.6648381065711727
603316,0.40314797511591255
144168,0.14858999509941334
763536,0.0
952386,0.4636424465123758
966550,0.7966076542540539
349795,0.34783131495853714
333988,0.0
542970,0.036974065048400936
896099,0.0
182639,0.6610255159089998
505722,0.7304212277541502
409132,0.03624637182833963
241610,0.8014516298847688
499954,0.8238153720327682
840339,0.5996375066229261
726123,0.10611582722581445
463851,0.056273824676696685
169303,0.0
932121,0.1872582909601842
104460,0.0
648976,0.6212708007268183
233200,0.07500896631276595
659984,0.0
839922,0.0
984107,0.6397873929845076
188360,0.44551179413237235
744263,0.48892195409008676
581183,0.875101530638831
642033,0.7953533341745505
882695,0.5232625813643897
747101,0.1690978495545964
954621,0.0
897553,0.90654085512542
873558,0.0
929518,0.1468975140432776
208698,0.0
701611,0.6446994959865752
648398,0.0
967511,0.0
268904,0.5170313994821281
426257,0.3481411514356297
213567,0.0
555128,0.5924620991178425
293185,0.21303226728264213
515564,0.12334603139635959
802972,0.7901862827705316
178648,0.2303160432880596
582172,0.9578324608696714
608736,0.8231925699053435
765903,0.2438566609850936
566468,0.5693856314476441
510451,0.940730036078446
542412,0.05554195337474063
411796,0.526934671984479
207204,0.7662293148838618
241547,0.167566371952987
153814,0.4142043780491487
499211,0.49849160205389403
226712,0.307193470070785
284606,0.0
920188,0.6627615160495595
530383,0.4319066911014779
974201,0.8601031114398946
544124,0.22394937473186013
634994,0.0
864115,0.8600767346767699
804972,0.0
907919,0.09406862679572364
111463,0.4961019887432038
228889,0.0
605524,0.42576027742118494
297627,0.0
788457,0.6547179505842403
657883,0.790626921109418
618591,0.2552880951336204
421287,0.0
953871,0.8407818592138318
871220,0.5426560076577094
227528,0.8663868220639679
358460,0.7337810419579084
952437,0.0
824990,0.0
414291,0.9417328195973393
828542,0.786411768500067
601742,0.5875114277746659
735458,0.6100266339481442
363792,0.0
715181,0.0
773114,0.9559205305994375
351827,0.17095204690422644
443957,0.2067098258919371
508584,0.6446889393102
971615,0.48429486789496917
356056,0.5181745179247966
282556,0.6842924311244305
763093,0.7648977708967709
346818,0.9219618701526873
497140,0.0
138913,0.0
863831,0.4905472615259213
905098,0.7986766285961227
898275,0.2885890130644794
501020,0.3825662433644694
431640,0.1357419836909827
815784,0.5277463193640994
301751,0.0
199291,0.1511147723747086
839999,0.09350625549958427
226218,0.0
712841,0.6260248923095392
805282,0.860291418419979
261568,0.14384128473732974
185822,0.0
524432,0.7287092692181898
179755,0.06635671076316886
524426,1.0
803799,0.483357455256854
753258,0.0
864408,0.40662258889337344
620652,0.7838613289072105
495260,0.0
712848,0.0
494486,0.0
920689,0.0
226562,0.917734240825231
846268,0.9022778480424217
830392,0.7242259203239243
576589,0.5982814946806204
980884,0.07406613948890639
378419,0.0
675738,0.0
633195,0.21210201866245523
745008,0.36683813600474424
196360,0.7229705891978275
279686,0.7600878495484116
287942,0.0
865492,0.5658741481897814
459508,0.8820005211451231
366430,0.5849129826285882
731228,0.5659736758672123
730816,0.8197930185380543
372459,0.7497486796399309
547811,0.0
381120,0.621200716460779
343498,0.485448443587133
899652,0.5606331970499248
976608,0.0
554540,0.0
548760,0.9024534033464834
958665,0.0
509352,0.2871316195880087
758970,0.8827175841568652
354921,0.6862075649979041
478526,0.0
624187,0.7631388001910304
728122,0.33148726131849193
635415,0.714283634241307
532483,0.7662696544706061
570714,0.9605097583415376
746314,0.7585688857865404
473128,0.6369332197426743
650207,0.9805655416140381
780073,0.7405609587931851
932957,0.11549649139627592
103480,0.2894383665765199
390789,0.1874132428400714
595604,0.41223720736626995
193110,0.9182935488324167
642719,0.9381100397576173
616472,0.2585617690720729
975201,0.7876611085279017
461877,0.578338310607449
873755,0.0
869781,0.3002141852475472
471519,0.877936170334959
913464,0.35266454479100773
526631,0.8759499945732933
406694,0.6776593579649673
658562,0.23374514168176933
234234,0.18908345141019697
915929,0.4622446729850639
656335,0.0
169221,0.3206184833995097
367620,0.4440547018148813
455364,0.5060147270170167
875533,0.6053159557960485
945748,0.4637933117015145
622339,0.5269484759319913
422313,0.6972777144962324
593137,0.48246410465094197
813284,0.0
443487,0.0
240107,0.0
986146,0.0
691086,0.0
828368,0.8878316516425202
584151,0.7887590219171537
233501,0.0
161769,0.8996441114006023
377090,0.45390967858804004
324300,0.23549627705223905
609105,0.8752111432913268
685685,0.3057328879696564
839970,0.5347642960275597
951778,0.8189307682045449
771804,0.23321585147399332
937405,0.0
401668,0.5599591501993335
832072,0.6406791979062804
216868,0.0
459520,0.6297716889251453
528451,0.2270363061084555
955819,0.878361871472098
784942,0.6202075297784966
303400,0.0
383200,0.7744689677857045
144449,0.0
188626,0.3608701710552356
686910,0.44585265583140077
720584,0.6532152456716723
573092,0.6384805122140024
329543,0.19095332500198578
704651,0.40096913558460456
594878,0.5442919304055052
369911,0.28697355753459536
217326,0.7431685106825455
415428,0.982642533304141
429406,0.11470241386427682
566340,0.3624386219244843
967554,0.8581658360995554
228280,0.7030465960846554
405591,0.7331043403252878
999337,0.0
559323,0.7015204298862384
306605,0.7386762230090879
689107,0.0
882113,0.0
428929,0.05708208481574233
922926,0.9210699993538536
912635,0.441382976265303
254147,0.0
681179,0.9811162391254198
986893,0.018748298690172874
883959,0.4293331194497747
276329,1.0
612844,0.8338303505311615
717239,0.6210158021550765
559095,0.40273863888418915
871194,0.9204086579255856
155560,0.8823847119761825
539144,0.9019058220744776
675382,0.4197732776510302
598436,1.0
594694,0.0
611750,0.0
449014,0.8659353554163938
882623,0.0
595874,0.3909885891906729
981921,0.5108568351153969
641788,0.8804527038692102
257874,0.22900468580518746
284781,0.5414454207884823
250605,0.4666534944538574
461488,0.6830308441950036
857205,0.8089921188623362
723264,0.5016825866927838
596478,0.7858730863191881
626882,0.4277318935774559
647677,0.3242773239958415
729498,0.8995054078376472
533410,0.2675417427190993
478537,0.6665028385523394
496177,0.744201168591536
338898,0.03707464959409403
357551,0.05569685210178201
305330,0.9218150078691248
702108,0.0
882496,0.78152705326352
972186,0.619768559773161
742874,0.879732895008319
101781,0.8271675137691931
662655,0.1693176149767063
993862,0.7831268963335153
651191,0.8020086453550022
826823,0.48791991480364943
552453,0.0
210073,0.5895873547646538
204933,0.0
415254,0.34530700646344237
311474,0.0
912550,0.0
223893,0.0
735549,0.8797384275749911
581719,0.0
855793,0.5591567525377132
621470,0.0
835216,0.0
367735,0.11329035546825186
183726,0.0
719038,0.19457042945417846
874462,0.0
214062,0.9351530826277624
392622,0.9002882111315775
841687,0.37084030685189506
804350,0.19242658164070012
632628,0.38757556590103115
813326,0.0
498535,0.035916273074735
717191,0.715912636348359
693462,0.0
738676,0.5347595810139387
491123,0.0
747606,0.7873023404058541
532572,0.8013495274336885
567958,0.17138197991960208
172118,0.0
340084,0.0
246756,0.7230853036750695
747605,0.384070548415963
159007,0.839715659781863
498757,0.15602043787339787
112884,0.9618409593857734
905816,0.3115358250484352
937384,0.30667599864365314
754541,0.0
997693,0.0
210056,0.386970333233442
939250,0.05666639766750935
514707,0.7229958287739172
967457,0.4236729852077503
502049,0.9415467231800678
726895,0.5852056742203036
888064,0.32681502421852193
169140,0.5660505674396558
273562,0.7816289942604226
976776,0.5267226023341941
205127,0.6389916912818843
275837,0.0
495803,0.48528241836850144
230640,0.7662886025091133
177157,0.7787579639508996
898400,0.5847500890521016
574812,0.8181335321264898
657509,0.8349279890931416
139377,0.0
915953,0.7032270251746422
551394,0.44427359699038355
945881,1.0
889127,0.5029149519530458
240806,0.6496257416490806
248734,0.37864581060247055
972530,0.6603584161010291
897111,0.0
315068,0.0928547665702324
721963,0.3674291162287646
558636,0.4223635890353717
630218,0.7404159182533963
442881,0.0
911295,0.9206294937840795
568157,0.799832841602639
564003,0.47043661284984345
275557,0.0
253146,0.9157539623597344
669305,0.9617712743422157
314898,0.0
817091,0.20841797628085829
851639,0.14629455707014621
519187,0.0
484451,0.7365506096797283
313997,0.7247803308117261
940046,0.036165082011704736
426653,0.37048581427525357
621965,0.7187842729709253
597978,0.0
294584,0.0
312603,0.0
138914,0.612725165806701
106617,0.7832285137646785
961596,0.3667663213455528
437973,0.36640875860442623
280118,0.0
143542,0.9806187701769865
423516,0.5771971977866717
913941,0.0962453189293099
414307,0.0
757271,0.5746017706266581
655382,0.9356741531522969
738083,0.28458084149232815
940799,0.6691619277479751
423232,0.9200956378149505
789277,0.9039527594537057
555079,0.9764366693460446
176150,0.22959504896491945
811572,0.9374170145381241
132073,0.5856394827267007
835859,0.0
129908,0.6845067088140228
581337,0.5610529152774764
424307,0.5022634772570389
158268,0.0
274874,0.3406785844668842
757599,0.9402483671356543
172576,0.6045290493609088
340006,0.6236038453275049
432100,0.8818889659100128
757489,0.28564452270002477
875573,0.2890815395062295
606804,0.0
484756,0.0
167692,0.6833444547006065
664810,0.0
991002,0.0
565577,0.7009134633189414
827178,0.1259375060196902
463897,0.3655714158639283
114570,0.18022860022150716
798368,0.0
953144,0.0
728382,0.6851997587131541
144620,0.8411630461420371
396020,0.6973612793401427
658659,0.11070672172227325
105970,0.0
839433,0.5501410248897163
473083,0.8945405360758707
451409,0.856056829552025
892102,0.45042984362669336
823870,0.0
905782,0.719682261290085
212494,0.8390086081971136
653286,0.7212714916602204
409898,0.7163106804037694
792023,0.0
442830,0.479616775016714
533341,0.9026277349112628
223976,0.521557166647852
924823,0.35863887809928763
506945,0.15161716909192538
688885,0.0
317869,0.3943308325297546
359076,0.6829780830018504
958694,1.0
167745,0.0
662684,0.9211906117598531
604579,0.34475505069529383
134796,0.499819743510168
244693,0.3575854290238281
172699,0.0
742748,0.0
323120,0.0
599303,0.6258936325732198
125122,0.01873075175140462
447377,0.13041907665877717
297040,0.018301824947991187
827661,0.6438460744210831
601592,0.6543834436578466
223764,0.3434687038625309
878984,0.9396389224859285
453175,0.9370748853822944
548998,0.6405464587766584
560661,0.43896298423715824
745380,0.6364461705405304
905842,0.941317199777168
657863,0.2870846338464062
966586,0.6974199826950962
931112,0.5841422683939108
385985,0.3120558790907589
638660,0.0
899273,0.8973178950588263
563084,0.20986750272788887
293125,0.6315125111720078
957425,0.7691832890444884
593828,0.9781375427084255
450043,0.0350927062173431
637142,0.0
501352,0.4147197001074524
800160,0.5504633006071128
366673,0.44794052152173464
157435,0.0
299887,0.49937977308358844
316697,0.39305648340741506
725917,0.037643041807293255
365668,0.0
121394,0.4340564135065266
567482,0.8832961437786067
120598,0.6976375625938007
476334,0.0
910292,0.4467336928340257
592428,0.0
422797,0.7392969873364823
357802,0.23153010306744745
170885,0.0
689828,0.840611231660344
637336,0.6852893705691901
459703,0.0
509749,0.0
276157,0.11422663139443398
706477,0.24710184778480648
251105,0.8586477050371725
298360,0.39047106423409567
839929,0.18804456624977092
262189,0.39266780664463885
562240,0.2904353318102688
957802,0.2162895773746777
124591,0.2924709664038165
787238,0.8218117048025199
659720,0.822143936276785
849963,0.4424092527176764
260884,0.6569574178183583
894395,0.08860003955945352
102182,0.6268631671059879
955518,0.8050507318036787
953288,0.7984612018078522
534358,0.48722366850235765
160361,0.44491547515217345
600177,0.4674860951112302
329043,0.0
657937,0.3229555130786533
571971,0.7660589040577462
783744,0.37008274775651406
959900,0.0
590410,0.08720143096510481
972803,0.0
125396,0.0
127313,0.7624751700374732
412463,0.26815872058578605
563667,0.2905961893765734
819852,0.0
214661,0.4219095065536572
425140,0.18977189595818061
123879,0.2119506672052897
151605,0.8893100555297798
233556,0.6616825236193239
290375,0.018593431214474515
626460,0.7426210582143643
979603,0.4932601881579809
461487,0.8327212629110463
525576,0.6007736133982424
779747,0.0
974151,0.0
881426,0.0
405716,0.09382318189614847
945072,0.2799309766456913
742974,0.8477345997222441
127095,0.8163169020115549
621756,0.8260527208940033
560169,0.7810895548424454
957193,0.34068487292705807
350338,0.6065271052351159
384534,0.6792448486242251
430660,0.719071181341323
656100,0.643780746517228
706339,0.598889449436874
902783,0.0
225449,0.9804048421694439
206237,0.15193452762256962
688482,0.4239400525010126
364361,0.8629609754030293
456329,0.9234738832680598
413000,0.0
977002,0.8681952726437675
762827,0.0
920738,0.3122772913162178
220171,0.0
500069,0.4863404880941819
493034,0.8183954395737792
443404,0.5277622353069005
936534,0.8208873874935105
963129,0.8233454142142456
325690,0.2954941224279834
748768,0.38236041598475456
401790,0.0
234093,0.0923431660009244
910130,0.5472338898330397
539864,0.43254111813841806
646320,0.7426063449026546
895474,0.5436727109046837
537956,0.055614901446640844
569919,0.5251881769235917
382962,0.28737708545568835
997289,0.0
572135,0.5817740407557175
363380,0.4064386760015233
467418,0.6581879799686231
588095,0.7235781659901591
636294,0.6821977997445114
440382,0.9034757496951624
799029,0.0
796486,0.5392834959289557
756243,0.2791725267760756
648783,0.1340834304981503
615973,0.33126000356132185
845965,0.31557490217509565
864995,0.0
625439,0.0
842767,0.6343685607869133
702454,0.28466134166846124
307832,0.8022320125994344
384079,0.8552124987172953
283402,0.6386039381566936
375565,0.0
941153,0.4269635507224184
942715,0.0
471546,0.6792943052357284
698967,0.0
715902,0.0
782806,0.03715537597125516
587846,0.39092210484655887
900785,0.9212542144525728
921376,0.7428653857107544
234586,0.9411262982508708
167825,0.7141512527593655
909418,0.3843643400271978
699853,0.5841769470610201
826253,0.9396897092834995
399663,0.2859053233881879
561022,0.11527188460319976
691893,0.5262371410301684
228775,0.40345971305902273
491035,0.5525138812983853
565996,0.959683511910936
182665,0.036431707252956615
375278,0.9613552488143872
924751,0.7946104894194727
124683,0.5086618599852912
215479,0.805865214185356
742275,0.0
224105,0.9196455951701485
708266,0.07536227225947896
334820,0.917985921287508
925374,0.6465955488412303
630043,0.5032200692941985
458798,0.2954375622766011
326492,0.3087475921234596
978312,0.25042781137834486
888978,0.0
641940,0.601320076330495
247600,0.7247197193303918
743258,0.0
821580,0.8836899046396036
337561,0.1304411468005209
215436,0.0
452306,0.0
522430,0.8036300849109036
785783,0.0
523560,0.0
124571,0.7198301564269834
815314,0.84102592781935
657589,0.9615357379449656
362355,0.0
209313,0.43969284133719383
247249,0.420914510634914
241477,0.2608098306157632
199245,0.2911994372670193
344505,0.03827588407921833
287937,0.625566761807153
703821,0.13153014685461076
301659,0.6142213164403981
622340,0.5129642766211229
941082,0.7605412778137192
730681,0.7434148826552089
299081,0.17466168604885546
705419,0.6455630623165606
807696,0.6458025027265034
681726,0.6318136638811338
529446,0.6609974327485016
714464,0.9008492110998203
382812,0.9044200218147637
994873,0.3428738378633607
608787,0.0
540142,0.7262618955909059
253059,0.6028049809440603
987995,0.3105911564711609
345144,0.29166452162792716
421755,0.9808774696803894
402114,0.0818084534204845
214968,0.7443319457257868
854697,0.8842646385572795
790759,0.8380647937789971
479423,0.6874674649953822
405600,0.0
693157,0.8533098557397336
825152,0.0
331861,0.6249158526453975
661648,0.0368864154142626
774313,0.7573449337507431
232957,0.0
707620,0.8773688959881297
975239,0.8791244276543075
973415,0.2636572609252352
525898,0.17671474258446135
372490,0.7964631486314031
431393,0.17189930296446712
481689,0.8750843874541697
940475,0.8956748313757328
770649,0.4656731247066577
266273,0.07650949326502696
199420,0.5897368485100088
364930,0.10812460805649285
787806,0.5799483869750585
836105,0.6815431171383202
628011,0.658393960697378
274076,0.11431967487604218
451676,0.0
385973,0.45366286925471155
361492,0.9396377770421463
867000,0.5662549549787385
254549,0.4933709519870304
814289,0.5053014374602192
104919,0.0
287113,0.4086863898731713
174369,0.6831111709164547
861290,0.0
991139,0.7410461774964766
711460,0.9207994637460887
541382,0.0
885029,0.6188516142201302
371109,0.9799567135630602
874614,0.7733606823698538
315824,0.3968925117187332
891480,0.0
229082,0.3761228330274821
317966,0.19002598451083136
768626,0.0
695331,0.019269484238362476
307989,0.09020819424430203
356139,0.0
967452,0.19078716138748136
439101,0.0
420237,0.3662269032070526
428491,0.616370060693652
119967,0.20757007248902964
104936,0.6578055816536592
467050,0.0
140632,0.0
443510,0.7404329378788721
866462,0.0
414700,0.20794906989697334
865392,0.8048384631708279
386124,0.0
998795,0.12795670735523937
884553,0.0
738210,0.8137091320481054
131961,0.0
878613,0.0
470482,0.3260920420946987
444544,0.5321255885261568
922992,0.5055325646601803
112655,0.0
777395,0.9423882983170511
221111,0.4630269145859818
196711,0.7232859792762972
152767,0.0
131886,0.0
710383,0.46214823410426653
722727,0.035849609662162274
713141,0.920396158325046
402132,0.0
455320,0.6130155370980012
726182,0.409714750487766
833424,0.4809336983163937
221898,0.0
840028,0.14597751270115455
423887,0.0
651158,0.7158652634660598
897096,0.9815081128179883
480157,0.0552173434430345
781218,0.8002759972954551
988791,0.0
732575,0.2089963913112142
313261,0.42769530279648055
417489,0.8011089330101738
263403,0.0
572599,0.9413574087991071
562258,0.5464083496498312
170286,0.9397604706353241
800969,0.840583399413979
242458,0.8601912107550226
798835,0.6187757339502794
431660,0.5051929704430396
380252,0.8147404246334332
187423,0.0
908837,0.03791227312079075
435712,0.271066191784603
220487,0.5592198872090145
100425,0.42257079835542105
691369,0.6595088361465241
272162,0.4935132117516466
648650,0.0
867305,0.4205107200028781
651923,0.509391076790032
469732,0.8833167391350805
388626,0.8016667701212469
718562,0.18588071516804508
815123,0.7909993332215197
226348,0.17570653025571675
644562,0.1836891327075595
277925,0.3258027932978356
363909,0.7589719339822197
103757,0.503012477549252
231929,0.3586071557022186
439925,0.3512950194290167
140018,0.8516235782717374
199757,0.5036756344758003
996068,0.941492111842401
496806,0.0752634401232524
353735,0.2848645371822227
746004,0.2590734453498871
858384,0.7158324767304042
256024,0.8538202062544926
146397,0.7366175155572968
880001,0.3564458840334907
916995,0.0
536894,0.791634175812506
723254,0.05504096871284688
772076,0.09578225523209444
477816,0.3851368186228249
142797,0.5228450824694484
824763,0.361104373654586
262666,0.0
338337,0.4172163783799402
302883,0.6449749313513267
401821,0.5415410241954783
796705,0.9809774330599815
876532,0.0
685378,0.3447589665984661
923131,0.7613553002899354
204926,0.0
536892,0.24982455309519902
619815,0.1296076040480263
216021,0.5833707793091357
356563,0.38698486307373153
128379,0.6774172292067993
923294,0.0722166707566238
499607,0.9600355753942225
475139,0.9213925039637777
704530,0.42594918605278076
542871,0.0
216412,0.6572860569662059
785559,0.5550873891867792
780229,0.30727687270566
873919,0.43873326802843765
401760,0.32564569467550025
605843,0.1488070378321651
129520,0.5463840978219907
271498,0.7612433334955089
937904,0.7014439508548268
227979,0.2511597807099116
298915,0.41500399109173236
253283,0.9022720120555555
302631,0.0
493378,0.6795114953842886
279746,0.0
381627,0.942967970179285
223591,0.2009293454959211
186828,0.8770148072505086
771916,0.5961953030967722
895729,0.442147612125171
385314,0.5360942866878923
514219,0.3755446506326823
510031,0.8393450613968519
258728,0.0728279656932796
316108,0.9604053681271164
653932,0.4453462135073603
222770,0.47016380585937295
814137,0.0
592242,0.24685995013070572
385879,0.11659604430949913
867075,0.664925207159887
292198,0.6823810512294651
972263,0.388460563158976
132257,0.6756483041888882
659402,0.8225393333229426
962945,0.819503326230906
243260,0.0
992730,0.0
274027,0.0
650738,0.7156125352198093
526654,0.5111235272183828
104934,0.17025256115785603
717630,0.8841403180804578
497639,0.6187720307857407
467177,0.6863136547940754
568875,0.0
123823,0.48161703372038134
776436,0.0
250375,0.9414420341275035
174039,0.0
399295,0.41754212401751184
988720,0.41727046153831915
835497,0.0
839113,0.5308257901512741
888661,0.1145794355468112
529492,0.9182004712260409
329611,0.8977805504562946
805351,0.11335379884900638
596657,0.1495568380965154
218785,0.5458843683455069
196769,0.9413027659849298
803021,0.902311212241525
282229,0.0
422799,0.35472051024403134
996489,0.9806057028120124
607699,0.6401974099672436
931055,0.7829535058770456
390549,0.5667135500099701
922809,0.7213856692174415
689924,0.0
255594,0.6732474005739377
344190,0.0
368919,0.5674842098788823
612147,0.40269609599565315
163513,0.5841843980752457
755719,0.0
272348,0.30826656641414113
141319,0.959681057558042
333615,0.8382339882749893
354467,0.40582819511307205
892310,0.6182737110653198
921573,0.3374625340714152
784808,0.07549119798481292
477997,0.8435798084519852
470333,0.5998699297023768
796915,0.46082045634391566
112947,0.0
311878,0.6047227718206074
161278,0.4949880443932347
891919,0.7564591012272666
966954,0.4248846872817661
530064,0.3173937993674033
279935,0.4617687472030359
944838,0.3767338330140628
367198,0.582943100709745
158658,0.01834088981641489
530812,1.0
843531,0.16873335070414436
917504,0.8397135323668761
162126,0.7141744813835341
911281,0.7037097321160669
620801,0.6806267837433142
287782,0.7990874972319468
666943,0.0
750850,0.7017965385834145
499338,0.0
251892,0.01833950952187153
547862,0.5823282538578509
847360,0.8022043653667631
228947,0.7968863563218488
347374,0.5802600496297524
462469,0.9003589939786354
818501,0.28791118645620867
518549,0.0
155061,0.5434602716561541
125534,0.6924782971879354
610964,0.9223573642452656
144444,0.6708011988960687
133804,0.7391591381174086
666711,0.03784624445057195
691756,0.0
881143,0.5857558826817985
451295,0.499910422719404
233117,0.8388513939088768
761903,0.047873198132020504
743471,0.897326411009091
767842,0.8217175683376392
295398,0.9366740836179974
351247,0.2259388236918807
954940,0.980755343559113
160535,0.8589388734264486
177588,0.10970310597784834
936251,0.34905613969685434
911684,0.15481341120571684
635176,0.7730184880232988
460559,0.778299003357282
450375,0.03709315618245411
148174,0.0
266025,0.0
103231,0.9212035671481308
864868,0.0
584916,0.0
316147,0.6100706012401781
207926,0.6303334438724055
982324,0.8616707594067475
809177,0.0
837770,0.0
498261,0.864910373787808
806512,1.0
151290,0.0732613001642364
281339,0.30556912979039774
498630,0.15309376322316492
638428,0.8829569067556451
507206,0.6636149251430131
996949,0.7240358677876328
768296,0.8595237982211268
749619,0.30976011644466345
646216,0.0
860812,0.7393618789492513
232672,0.11136267204572364
456540,0.0
233673,0.46440323171521264
612369,0.0
740506,0.5649374380037235
163680,0.566106004943896
827592,0.9593447774127052
593043,0.7962025253570133
287648,0.6623614365650526
134982,0.6034301479994533
111612,0.9609428245007237
343453,0.0
929269,1.0
334761,0.36594815468991354
211817,0.641882401145615
988616,0.7593904509378201
521158,0.846208538472206
338478,0.9807321434708666
545623,0.11280765211342314
647528,0.9428036932176601
923872,0.7814686333136824
683574,0.8802327674324856
224661,0.8179822275526238
807451,0.4644061869714952
248204,0.0
876829,0.0
378469,0.602992775860842
903698,0.0
268644,0.0
907621,0.0
592891,0.8585786708171158
339395,0.8168804329168007
100361,0.8302191681222418
256408,0.8433688905240032
197646,0.0
529448,0.6994465686924833
565289,0.5666641049681267
204135,0.1971169223914119
124843,0.10918807805315935
188794,0.24979064351044186
288151,0.5290570630096197
347494,0.0
886518,0.38531488822225035
667277,0.0
467163,0.5183715702351306
471920,0.599214963738664
321104,0.0
780630,0.2790064765131178
271445,0.0
644620,0.0
348564,0.0
561374,0.03434481065210753
520459,0.1657030316709365
267626,0.7438562167498518
482047,0.055834205267162366
758860,0.4872762274179282
511300,0.31087452578762403
829119,0.0
579147,0.2097194634143289
675584,1.0
629046,0.3232167018297276
517385,0.20169377929172638
575443,0.9597316946308221
639009,0.5407586434842685
190242,0.8606147386172447
471331,0.7971170009203277
476579,0.3070505133475436
592584,0.9419791643633103
699100,0.4433139599564719
545102,0.961666738891881
221601,0.8419145549637146
618286,0.6420453802289537
716628,0.5026356622294419
153089,0.8882576259925988
186947,0.1105116744814834
570935,0.0
864507,0.0
850078,0.3208836847300645
958813,0.1818105251748033
572523,0.01843058988333982
446389,0.017517792733456175
281079,0.41556091361737374
703610,0.03564047309766503
915867,0.0
563637,0.0
669095,0.1712843060805014
440437,0.07358826525914619
831154,0.5252744279379258
951128,0.6140766394615284
573774,0.0
501237,0.7187422279419514
435326,0.0
224646,0.0
879863,0.2885329754037806
145330,0.9613220484214793
114338,0.2299408031702406
574798,0.7999848135772801
312445,0.5924989772792797
163843,0.018508332983627897
695231,0.8230669796546125
511660,0.5235177896202498
826319,0.3041687844373293
616932,0.3275563352163121
739113,0.3273609135164343
237249,0.0
853320,0.0
162212,0.9030355743288988
334504,0.07800850892662443
421217,0.5151695613868308
148806,0.621926118535919
920917,0.03707687567455722
343513,0.761720625418179
163952,0.5238460169681536
534289,0.0
615462,0.5268536431424815
703322,0.6586471386545775
114148,0.9374781948942038
669959,0.9595411777028521
579668,0.0
916852,0.39439405919468157
780421,0.5244502568218361
759556,0.055942124583948
736014,0.7355238740219853
271833,0.5450588817745501
831651,0.8420092941869607
353004,0.7392703273505395
516477,0.5126318179581114
435961,0.19203231091576647
185979,0.13940226100917583
916428,0.38556948044467626
815628,0.11057258646234523
654370,0.1301337825423823
608428,0.0
232120,0.555787223214744
390621,0.392070206448446
503428,0.3287738513294677
857922,0.8990811160326853
251648,1.0
529656,0.6448183793670826
502115,0.24754026918692731
635152,0.34947128562895446
835662,0.9620137177992314
444421,0.0
719020,0.2268468727375759
947996,0.6257418271836609
810927,0.9028572083313229
405597,0.10781715365308346
601188,0.0
121577,0.29094966900865105
298343,0.32559471618319036
570057,0.32475504408677947
994681,0.857059292647851
938324,0.623876576634311
932528,0.23931532511922246
941573,0.9795409713456918
491487,0.0
890319,0.2972953576062058
623987,0.9176771026196898
326907,0.0
591574,0.2865138779885317
466020,0.0
948972,0.6412511276002361
573195,0.6108649269860519
869158,0.0
298680,0.09263231444607267
201561,0.7040736466676715
187335,0.16615876075565586
265761,0.9387729134769532
634424,0.7012649782695685
680562,0.1536749876528497
887187,0.0
585816,0.0
142323,0.8657704062708013
788075,0.0
779753,1.0
208063,0.0
687624,0.45870085508029473
732411,0.11553995966015901
356254,0.0
778812,0.07240871442208244
423481,0.13347746288095452
888746,0.7132276025654742
557835,0.8348138854312482
663870,0.8593093077938352
745816,0.500639955905735
779455,0.053797797605372455
350491,0.6379618956177497
265894,0.5445663573308075
304944,0.7261261734153903
249335,0.0
868206,1.0
352886,0.2505298153754297
428447,0.8046941503101624
534620,0.8632290800222054
789573,0.7593547710817223
103523,0.1324757341482758
321519,0.4053613023914783
477847,0.5640168899206723
100786,0.1797652588901953
877609,0.6920319680359174
663244,0.8420978334490374
130505,0.8015954536351743
300751,0.0
358773,0.017231783730747026
826214,0.07312945726149335
395714,0.3901296485353271
756324,0.7501013948727868
109497,0.38459651227679237
476574,0.8999392865932206
472587,0.6598578316194676
323266,0.2625929893852102
859756,0.32398439019106073
714795,0.8199313188790288
842047,0.6702059436394703
724513,0.0
819193,0.7413392497813319
406678,0.0
318507,0.15973934549860444
584953,0.2867719921724255
887960,0.48058419613232845
127642,0.9174315797302132
317325,0.0
565068,0.3780234206122437
467602,0.0
893244,0.0
598716,0.4070950938992845
491358,0.7404399797500446
203073,0.0
997019,0.41424274770709524
938873,0.0
974503,0.8782906786911701
510405,0.0
101364,0.0924033311942237
661587,0.6419999086704128
897673,0.0
970946,0.08913286889993287
259242,0.9407772554022962
119915,0.21048552876558424
724771,0.4602944771283019
128948,0.0
138740,0.0364084953493137
765222,0.0
520223,0.20638597358931254
685003,0.6973965923985994
641803,0.8517000731880908
264211,0.13512860048907108
834934,1.0
596477,0.5818652826726877
234774,0.05686626129313785
780747,0.5635813659975736
495175,0.36697759729360385
386498,0.9608787937843446
337983,0.8874675119967582
516893,0.14803177755488695
304313,0.34902838382435747
370225,0.8990218315864266
673030,0.40823385113967114
927513,0.8222601283905019
913123,0.8813809810558332
951124,0.7946359569085916
460426,0.3594467225309424
819168,0.017318138544732437
381710,0.7129430311492941
163970,0.5765028400635328
967500,0.0
126458,0.8355874234801972
911356,0.8228012146365749
241239,0.7381115846773462
800842,0.8201998093890842
968457,0.0
542290,0.13146475907685234
532940,0.41971311852670945
943833,0.0
314372,0.24739839387402143
582318,0.0
324490,0.9364255361207653
674023,0.4749365416213274
568643,0.9419959893348062
233067,0.8006943848368497
796411,0.5524235285313869
859826,0.49397089560977914
358181,0.07417918822541912
113162,0.3658130925176513
940532,0.5402382096119345
717608,0.6441239535488027
155840,0.0
586521,0.7000626980720801
717546,0.0
171269,0.6422525564566018
515035,0.8463273261362153
742521,0.9800134280873872
262068,0.8420795798160321
141949,0.8653514335451274
568440,0.900526817050768
249968,0.2210325644625079
765238,0.7956083863103492
189282,0.9406238563399475
368525,0.0
431627,0.34613643081003065
173936,0.15167424126749207
854290,0.21536525397554487
371443,0.0
211554,0.12629252790419543
413961,0.0
823061,0.8801281003743007
347267,0.2619920849707088
843954,0.845366907370956
399401,0.1289639999125382
318397,0.07405418072552583
424024,0.16243895540134146
975818,0.8674197505121151
222882,0.9392556850492519
296095,0.729083914714098
623565,0.6411189986205292
263935,0.34251271568400893
737498,0.6752849939215101
747203,0.8217858157942297
520384,0.9418922162622371
529991,0.0
336676,0.7569951236837353
425330,0.920871926532107
529985,0.3097148785718861
463828,0.7372228076465959
522210,0.1454624492752758
745253,0.3925739398252886
560547,0.6212250895830265
884489,1.0
996296,0.6552437319368728
907803,0.9002685501706813
391576,0.7404471681441034
961348,0.5263730235474404
367857,0.056511480981962306
160698,0.482588173765281
936627,0.9610624947550227
751339,0.0
440117,0.0942043600243277
524479,0.017473305883558894
110862,0.536498212841348
106061,0.17276375456693713
469249,0.0
959914,0.82550687996319
903223,0.4771760666287616
731871,0.5028128557617456
610230,0.3551264743353442
603014,0.48758187403378034
859112,0.6463971133262468
616611,0.8634122809658161
345089,0.8044324415814432
161290,0.20573159893925846
473901,0.31111230189895606
677238,0.0
644683,0.4467737283966102
889348,0.0
690673,0.018280377265401302
588559,0.0
511706,0.0
727565,0.9552641461695308
557186,0.0
870600,0.9613163600743275
176192,0.4829147302335076
311919,0.49589636308193835
781093,0.30482400915825036
745434,0.0
762237,0.5615624604880541
599028,0.035491670534387273
938110,0.7404308892688966
672093,0.8006696256395771
384654,0.0
264672,0.9609161014056107
701833,0.037902637913810384
581077,0.0
576465,0.6123974910739263
335986,0.5416730689422341
182020,0.6742364945197629
625379,0.8406058987011018
777684,0.0
716182,0.0
784834,0.5679477638025114
681943,0.7165533869569931
936063,0.34922977313127396
958765,0.3096535389071104
977047,0.6849998232059585
848886,0.9414324080339771
669341,0.0
885290,0.20558713725869582
849281,0.1534111385222016
435847,0.2086292744603938
635031,0.6176533446916356
182035,0.0
280594,0.5860130185559107
390010,0.4763588760658295
878931,0.7923117942509635
597748,0.5732839292015282
147761,0.0
964264,0.6655361100052474
977469,0.7998924921843578
293732,0.0
941230,0.8805453501893928
454889,0.801764215834087
438959,0.0
781006,0.9604690266326515
239680,0.07580305439707455
726379,0.45948614473208527
779909,0.45822093122995344
179274,0.7014540772958029
432506,0.0
841958,0.8825069774502252
648769,0.7211819328085792
118033,0.30802387106231127
918035,0.0
148491,0.08074688883218757
537505,0.0
762455,0.4352515515882539
371523,0.6609476954561757
562105,0.8674838167122725
924627,0.8221511744348271
437804,0.09326431085595244
505248,0.6039904486530837
251742,0.601139229495362
724531,0.7028977778867032
693452,0.5071665233336516
344099,0.4095431420212018
649706,0.0
905644,0.28223462127685844
376343,0.8601366294580625
378162,0.6657196430055934
402009,0.0
720676,0.0
750433,0.559674764341593
992502,0.30849645187713776
781049,0.7333096927936541
812904,0.5423234441030687
825965,0.7906302027546449
365226,0.9207762618870767
930712,0.9013484383076389
209897,0.6984836726338871
974072,0.5993326197086104
446358,0.0
702161,0.9574500309318951
891915,0.36416073635013063
157976,0.0
994471,0.6671654024903656
354002,0.7594198527869573
443086,0.3814414489498072
697675,0.01753723545283898
496367,0.05673359485016814
308740,0.5885574555713096
726270,0.0
874916,0.2784905460786319
525347,0.1125165315646075
854555,0.055752083591530645
851667,0.9794897855771361
773548,0.0
624336,0.17280409579236836
424508,0.4368761220503864
266486,0.873333285206629
766637,0.9260951586329468
884219,0.0
697901,0.30362440753717657
123751,0.9804967215768853
911156,0.4756054441741868
239313,0.019511188619297883
643187,1.0
818255,0.9610254211613266
685487,0.6210773361087141
312275,0.6382336289586478
882817,0.49585265529536704
137995,0.1906997599146995
393310,0.5192672016274928
412970,0.39061555491188893
642841,0.8986554009942135
744931,0.9215045019170404
780797,0.8797199762376351
571128,0.0
303300,0.01851294608990522
904266,0.9018481196609486
134915,0.0
178974,0.8794177478191564
593599,0.05576382219507897
304519,0.14882953753119027
573374,0.8802673881697128
138287,0.8400781592800914
105717,0.0
128964,0.22954972783446445
446007,0.8604995697935673
252427,0.0
873337,0.7363872916349152
618181,0.48214302992708696
366626,0.7658228044910973
871191,0.8405216925408328
110113,0.5050498524186497
131116,0.5458475304928261
877767,0.3585884847312636
796732,0.8155535405902407
665323,0.7156544527441175
234983,0.8420593554004271
930060,0.7820990563515589
368946,0.33140539536448266
179237,0.8380318260131939
336615,0.6196280562012522
182713,0.3561262525534498
732676,0.20770434497862814
868861,0.04905730913165407
282334,0.25479858305769654
359564,0.9046322795376563
732894,0.6246851146352235
185349,0.6845381167858045
231324,0.0
433824,0.0
347067,0.9584794724155217
751908,0.9180850656306333
915872,0.10410317639253089
832143,0.43955224861825504
859035,0.3219924839530497
723956,0.728496110482465
949378,0.7790387157267747
297196,0.8630983354579681
846974,0.0
990659,0.7085404940835175
712013,0.03302175211657103
818379,0.0
350405,0.6347607329189789
330549,0.3425608290510122
833065,0.48309131054084076
512709,0.0
475943,0.05268889864884479
254056,0.8809736017717064
539146,0.14577666874483705
683342,0.17208846993780283
328007,0.5511071838801699
748062,0.0
583142,0.0
174929,0.670214970077994
417299,0.5031703153435862
151650,0.9242110172778791
969880,0.6789450494062439
108367,0.053856438575752015
483705,0.13446758831630537
350716,0.032904134993536366
989804,0.4484945277485644
808225,0.67870800732192
303093,0.8221884574178897
120800,1.0
767815,0.11505498623915385
406292,0.42069772368331254
933237,0.9425836007974847
317131,0.6336623621946472
624439,0.0
529702,0.0
249882,0.9011184726415062
122873,0.18731376677042882
550026,0.9210361192030918
196499,0.0
129380,0.34730849084966636
711387,0.8599624297342947
803247,0.7380866475949628
628417,0.0
239679,0.941532619848165
772095,0.7998524610842304
606743,0.8010375621196102
911239,0.0
359894,0.0
597207,0.0
195309,0.4521875866967969
574787,0.8213813905477428
837391,0.7450726126404222
118296,0.7007110572808574
805579,0.2899051583581927
843339,1.0
875908,0.21382371414751944
966621,0.3651029351085997
449996,0.8487433193345708
516734,0.39045657555884833
837494,0.0
990028,0.1083476788501882
309053,0.20117761116172192
573877,0.4319189377425164
492598,0.0
418212,0.0
286096,0.4559525092376997
557560,0.0
997185,0.37668645127292694
863140,0.5097736819514646
477647,0.3052802414075588
994115,0.19388132626891952
159625,0.9037963834441546
547034,0.9806772462066694
666086,0.3254866327714913
485327,0.48543915273796245
297295,0.7168885578942064
464625,0.7881022342087597
564055,0.9009355570197809
113224,0.03598300997242194
799471,0.2542919287295683
386347,0.4333057283120779
939031,0.9215909494722477
408060,0.9155471321381566
289888,0.21627228057761677
636589,0.6556045416264458
456056,0.5107584582374294
235843,0.2950587148405706
667335,0.0
211582,0.599107744764516
599953,0.3451823993798247
857661,0.959433432579528
148189,0.607243220232133
414152,0.18220755741126823
673915,0.25257546824076715
988759,0.9811127027140281
210456,0.7782296099806943
847216,0.7402366721813632
974581,0.8813125640035017
645072,0.6180803371678216
916702,0.8218249619351278
596199,0.11287819832487345
657985,0.6402216067971276
726505,0.0
738696,0.23036431050392342
523401,0.3889468492560617
851017,0.15627638136393937
711924,0.961080316105333
780213,0.18698983409441688
869234,0.038091413244370355
568275,0.5023343692346892
901923,0.6787173407754478
415507,0.1979821123755681
772445,0.6873622119355585
970612,0.2883900499177462
867458,0.7792772435371736
295866,0.8960485725956074
296047,0.24202670392850817
107014,0.10490360159733335
943254,0.666085755249762
263174,0.2987279662408723
184601,0.5188332675980837
593010,0.28787891061530274
570297,0.07538539724462685
245883,0.0
788065,0.0
244744,0.42298833585678397
235423,0.5585839488718184
882573,0.9807338186543462
678738,0.4985688990724157
531388,0.42498594230522585
796973,0.2626133588383951
386389,0.6821020570041175
716324,0.18884179429409564
998492,0.4650502096860731
383049,0.781465610875907
823814,0.9604997997973325
641980,0.11035076854654939
278322,0.2137226598045206
239036,0.5455940860833824
475851,0.13417526540627756
146675,0.0
146938,0.6396601271129287
964003,0.5835152974374551
144214,0.59571044243312
463707,0.3657463396978338
460007,0.9055176283602573
901650,0.6583166427084263
758178,0.01819917723997445
195384,0.21858683824357716
318792,0.7589881025160377
210929,0.5333125066909208
154811,0.9625211056738218
504683,0.8792615559184854
732742,0.6624245979981023
388694,0.03967350091821429
939771,0.018700563675887596
217185,0.3193695442350274
487988,0.3052202134908382
114228,0.9708033887107267
351011,0.2844706559817383
205998,0.24965009441114056
484283,0.036879241681066356
734011,0.0
879820,0.5662811005842704
656512,0.8872906997697347
146992,0.0
473842,0.8360708353259001
214674,0.0
936558,0.7398872696345486
934206,0.4244243904265885
311788,0.16875017659407993
611230,0.6043236927556744
936268,0.2769437408120078
785877,0.0
833851,0.8607175061611403
600497,0.24574594529593072
947985,0.0
609189,0.532341323083999
517193,0.9384391097200273
847595,0.759244334864765
750691,0.0
141313,0.6455482177053213
549120,0.7411792955240399
538443,0.0
363345,0.9209135213378088
329942,0.23956281208936947
731299,1.0
774877,0.0
489664,0.6994303428012631
278386,0.9032624602057076
619260,0.7646591823393176
289153,0.855193266847714
365278,0.0
968854,0.0
282019,0.9611095126974739
431341,0.5320925238463499
161071,0.6942678182643227
447238,0.8609173455857934
303875,0.0
984710,0.7216347266537596
782669,0.22982109761964933
904167,0.8386842219523787
444718,0.2475438614650903
425436,0.3069633519027034
901296,0.8397355364095047
641443,0.057977285036484916
330284,0.690894761181113
996116,0.0
391330,0.7762936376205464
151870,0.0
396932,0.2694662656408226
447204,0.548707275655066
327930,0.3573334973595855
156008,0.13069387992305334
569483,0.0
658833,0.09588331244888804
180689,0.1898672355245388
573925,0.2650405833557277
660160,0.7873847755545069
561445,0.8390276458856942
335279,0.0
426615,0.43889001707240366
674280,0.0
897294,0.15823951365487676
730946,0.0753118495891262
564944,0.0
321190,0.7017021402507277
394624,0.5429429650873344
644382,0.5938832694403193
852496,0.0
423037,0.7592779358144441
609284,0.8362691491385513
633869,0.22184161591543267
179969,0.0
791037,0.34034048877536116
358342,0.13702132840290057
237189,0.6565723259077965
834354,0.0
589940,0.8217926483430169
501159,0.6462632103899751
218978,0.0
212671,0.2600137702316433
506037,0.9169270984148212
603573,0.18092472067765797
179394,0.3059159903080707
413169,0.6342853393683768
398500,0.05455208809786483
936561,0.9799540897739023
839591,0.16714476296093156
755787,0.47508003879991617
659617,0.5637027696781781
727456,0.5592940560176579
581111,0.0
328533,0.686678728481017
598016,0.0
424724,0.016553313802773428
510768,0.2632503391147433
215206,0.035987733724286874
518900,0.5711040315944493
365607,0.5628966835963363
303529,0.3336215632202397
270091,0.2681346931096728
372142,0.0
630216,0.1243255043280912
464226,0.4810691913827888
283989,0.2882794443124958
184327,0.36076836514111293
847137,0.8244307473273392
377208,0.18661216183098006
943245,0.6394038848531968
843082,0.13202177774166632
101713,0.7625747701914581
566068,0.8838110259562291
881024,0.8407723068228695
348938,0.6187256871346216
791656,0.1871869977220272
417452,0.9161097905426248
507068,0.6210549052269089
473911,0.0
819235,0.7090754595857319
127099,0.2242287779331789
974261,0.01854534441646755
420426,0.5597988854332813
303331,0.1692394623743686
772735,0.9810227654916165
529524,0.8816630993021559
480270,0.28456096525138663
457887,0.8352928850348821
825322,0.0
755743,0.6468103146031662
996235,0.5377725246863216
654987,0.0
645557,0.8436599846720096
278082,0.5961876277686019
905195,0.0
853544,0.6491816342477785
286450,0.0
980480,0.0
766025,0.6888148342079606
126332,0.8407334201593051
109778,0.6848736148054971
633341,0.6001413254362048
187420,0.13151274301793836
649020,0.0
815387,0.0
696205,0.6203178913178666
309656,0.6202739728641302
571629,0.0
401727,0.8422770383032832
112216,0.701128459993116
532911,0.0
955129,0.0
755835,0.6510171752345925
651731,0.3929832404934021
718482,0.8218265503188678
376465,0.9391280120512088
343244,0.48543763610024876
841528,0.0
460817,0.0
762938,0.0
818106,0.6621776546474426
971958,0.503429540228111
980538,0.0
877521,0.5369114403676496
369610,0.018528694693958438
292124,0.624521519712324
158970,0.0
323242,0.7550665143792252
793026,0.5191317817472373
893841,0.24759877483745774
756400,1.0
480464,0.5633630173903086
731268,0.0
446859,0.0
168714,0.7117625550131158
469376,0.9236643331149675
226637,0.61853143179377
434067,0.6564429113088085
132189,0.8817722448767755
454071,0.4035052391813745
336861,0.8747595161402468
328356,0.0
260617,0.0
729855,0.0
420638,0.2769879134757032
395314,0.057634079984676255
167728,0.5811758000919864
866270,0.0
698963,0.5813594407996249
211873,0.0
757395,0.837505614304892
392602,0.7247032631244782
568581,0.741287157897385
892824,0.4532564934988684
866589,0.60607447062814
895347,0.6823025727574703
585954,0.0
818914,0.0
132929,0.49017964538102354
610331,0.0
632248,0.59676086515653
586478,0.0
572501,0.0
961834,0.6798271770216101
969167,0.3232769957299644
670882,0.3992240147734312
168003,0.0
225168,0.018049451824775905
883825,0.36858511774676245
326493,0.7613163984132656
620987,0.211527419440678
719354,0.0
544308,0.0
182504,0.2222827605870197
283707,0.6768703298638667
956356,0.49923340783195114
671030,0.603119297909678
584593,0.13077742738051193
113527,0.7965005014869964
684862,0.17241138706361073
427117,0.7915312275723188
983986,0.6361757813454797
389024,0.5711827565744089
572142,0.9799153725693139
504343,0.018717234147207527
758064,0.7810909320292032
473774,0.41717075794817426
697080,0.0
227427,0.0
548172,0.9218450962339749
418692,0.359851140695284
383428,0.5805677590765014
933277,0.8609842546190535
369768,0.055524794766156946
629533,0.663045659482913
244077,0.16323521400396912
868552,0.8348121482914826
661880,0.0
423808,0.0
525879,0.9795229705850301
484356,0.6810469065352339
644129,0.0
948100,0.20940158845403353
190432,0.0924937568450703
239845,0.2568649948825408
690826,0.6217758025167023
335893,0.26361815391532595
110518,0.38706529686598806
952967,0.5170279991034215
272234,0.32586543731293055
737589,0.8979754723575839
134119,0.4524815383476757
155968,0.0
149581,0.7225484707777916
354576,0.0
936926,1.0
665928,0.6217975580087745
683618,0.7239777863115409
296985,0.5605614109202914
366448,0.0
496567,0.8555734675992821
169414,0.11278257570822842
348416,0.20945485499041724
110319,0.0
685374,0.0
807001,0.4937419396945111
196459,0.9305265641395991
826183,0.8191287351333462
326037,0.5687154385941666
143966,0.0
562101,0.0
979665,0.3079876049882981
337025,0.1363700085363556
612519,0.5765297949999527
828098,0.7392694085576904
680441,0.0
959002,0.8792421558667092
918538,0.11314863246337112
902838,0.5599930326677413
388345,0.7026925539600853
832261,0.1309593776307736
732775,0.8833868257194408
280458,0.1846222278153037
901113,0.5601001954935363
681456,0.2134673636151495
650409,0.290569444685757
282500,0.8803652715733102
555360,0.0
749409,0.13569496664101494
211069,0.5800097974211236
724122,0.46135351406872765
948473,0.11120497862657328
112987,0.4778210696673228
698161,0.0
235503,0.0
986843,0.5310088224247637
725554,0.7381683934005107
872648,0.14896266946488032
997159,0.6256013045061493
300636,0.6591343188798771
943544,0.7128662762674628
431686,0.8814738608867774
260858,0.402531647969438
772551,0.37872811365554065
983214,0.9414216270477399
588406,0.20235156616132483
122905,0.681135844594853
733877,0.05592421917915584
836710,0.6441402048884233
363010,0.15344880809446998
463791,0.9197158296338236
807758,0.7797420235138568
785074,0.4577472855315056
968909,0.8820662216494473
935845,0.0
609264,0.7527879000324083
712914,0.4215227279190482
705173,0.0
664742,0.0
419168,0.664201900893303
880224,0.0
342429,0.0
142512,0.28154584141489103
637343,0.8817801007366085
519655,0.7459362349454203
303990,0.599591646151596
894520,0.2662332198219633
699509,0.8322833043079855
636633,0.019023116159701883
855530,0.5589579955044075
766561,0.6429901019501697
139112,0.0
596277,0.44988419970793603
345096,0.36224659373066875
889118,0.7041514922699107
986087,0.0
895183,0.6460046426601262
581463,0.7674028632557819
114322,0.9198501755766344
795068,0.750464213661938
659581,0.8431200607040504
877854,0.20987306282914142
495235,0.5183479234232101
158616,0.5910225154479799
722078,0.26811079943413785
833314,0.0
394532,0.7619825394198463
606709,0.9430572577221039
107915,0.0
948668,0.5698400956752764
962591,0.26511160326303485
861239,0.32937253749385903
854632,0.0
375832,0.0
844703,0.8812946843978481
837372,0.839873111235048
197651,0.0
982512,0.19136354227472424
988983,0.8017975935657687
890214,0.0
768988,0.18956436819297648
917784,0.1910619065840354
474989,0.532319391587428
188133,0.804090075663136
883151,0.8179591745834272
688633,0.9602681902004387
758022,0.7709962213818048
245779,0.9807704377437735
336899,0.3622109522744081
935055,0.4352881476714842
127595,0.3196077256469434
375710,0.738358323145171
352819,0.44783665727049
260268,0.42471023290389054
789279,0.5127722208311185
782675,0.22589874590593917
408694,0.0
890669,0.0
667919,0.38767815095627717
770773,0.7980296322701654
654886,0.24223519686637143
223376,0.8374014096637428
359971,0.0
179381,0.14929956529004365
762874,0.7030837231267633
355874,0.8444133196477416
876570,0.0
970220,0.5500911807203281
684115,0.0
395153,0.0
894762,0.1516076055074961
107084,0.06706654621777644
489807,0.817078479400665
572976,0.6992479081392686
417744,0.754259504673276
672885,0.6840197928693864
726070,0.9576253143474982
765260,0.0
630952,0.0
880576,0.24654182114985307
203011,0.3751244890602826
415285,0.4241522361904968
788231,0.017939063436793256
807078,0.0
805372,0.5253583613483273
197179,0.35378294616808825
642458,0.7795626715460501
859839,0.30794039376274435
949746,0.0
787354,0.0
446307,0.7008276891827396
907090,0.40729100213365554
234666,0.019028717223720133
567820,0.8152808138180678
588647,0.27842112164232286
663601,0.0
260286,0.13388577533103002
941925,0.9236603949407406
929188,0.20576163636405534
647387,1.0
788164,0.7277159915075493
352767,0.0
939537,0.7447179310630329
793216,0.7433043889228216
725223,0.40896694919817256
586397,0.0
857035,0.07652466972311396
693248,0.055451249440481944
348088,0.9207257048209684
716448,0.038205014266888465
483910,0.0
120822,0.1702937628549654
384325,0.0
558883,0.6174583643994221
728168,0.3222680501030356
716184,0.5162624794657417
574962,0.6443636031235673
296267,0.052648253925364936
177016,0.12875071785732137
663053,0.12571971620764932
735859,0.8011769367081625
357857,0.1714172531856591
170045,0.8872773945557441
271809,0.10705114616929202
966760,0.54229340007863
639648,0.39013711716837723
992247,0.7568197822927173
263516,0.5434296222501689
676189,0.3144096983974872
579820,0.7085356430909254
898371,0.3900042933113223
182460,0.6186770601399205
109000,0.45879726299033957
483057,0.1303516973427236
843576,0.18927318085548767
957252,0.34527944747644884
175896,0.8558974801366549
327198,0.980178475211892
956457,0.3052496329646752
310682,0.35134043286718253
543020,0.7399494988642288
276194,0.0
983917,0.7410194149931894
801189,1.0
339833,0.3429178993414714
974560,0.0
233861,0.565686317713206
841244,0.0
455130,0.34440781005312604
560739,0.0
489826,0.822783067706176
838141,0.4157172796274909
676365,0.29946124695146936
992706,0.8231564122831905
842962,0.9410526216666757
525287,0.8755880136324559
948061,0.942071104826865
829692,0.4052569310151451
510698,0.9597500856640728
741382,0.4447394084513692
353602,0.09190177217548089
723431,0.1694499600766048
796795,0.19038653006498976
265400,0.32585071434806984
939186,0.0
771816,0.6791372111514674
914672,0.3251352044117711
923366,0.39879058699304004
667793,0.9025769396618226
219605,0.3286545286444783
285273,0.8429496645459111
498172,0.5865103705605579
749408,0.25912138688289776
606179,0.7394751867836272
816653,0.5253273694310604
385819,0.0
355464,0.33544067196907323
806415,0.04995262875240916
837320,0.017992316627333103
114381,0.5707925602985516
236203,0.8599776855043307
525545,0.13154426197531066
385703,0.09096865447885889
732328,0.2701559207283085
627710,0.5574572444079365
566391,0.15089566860011958
933993,0.9616129131787017
934878,0.0
706521,0.03662136310693732
973412,0.8788050347378837
790361,0.0
892431,0.7047425702073696
431367,0.5606356986065858
775214,0.36119324597530955
514572,0.05669597234741195
837455,0.6537529044141901
702445,0.6442869281152257
495494,0.30511566824920255
191173,0.7981171725457088
855938,0.9804537652253168
759349,0.6236424596670342
244806,0.8403681188383089
299016,0.878438588019806
193954,0.0
264245,0.5436632557594765
968331,0.0
265580,0.40117838875749845
347655,0.0
822206,0.7255160023770129
349074,0.14261017970571782
133036,0.9200809406329871
698600,0.19098147546451893
734747,0.0
676742,0.5706205187737536
633418,0.7536812388356
152907,0.6518839161300677
586360,0.28164392621033946
720008,0.6574943624835927
142470,0.22629262064996086
728789,0.5411002122026899
459659,0.7096744950567517
781647,0.3846304568767502
944914,0.7733324389586809
510884,0.8782145068184166
582127,0.0
810818,0.7263759718498273
213148,0.8011708214566895
629059,0.0957672808157203
503789,0.6616815250269797
879015,0.8665280259675388
157626,0.0
446602,0.3503991121422887
505302,0.18606947488532194
578205,0.3016382066838227
694717,0.15314505744853768
304331,0.7145889213444493
546683,0.17076788088448053
297369,0.0
362981,0.7238112083048067
684214,0.8033996369720131
779492,0.6414876597110772
505622,0.5120974283763929
451085,0.9609702475077103
739312,0.6035802219807647
153681,0.3863476911385253
653864,0.0
477944,0.0
417297,0.0
656608,0.03753725120076771
331584,0.0
924252,0.21789225427459605
890637,0.3017624325941742
633011,0.35568698699718465
362657,0.31062855307257164
226848,0.5849225477964815
113374,0.42408679770056523
230633,0.8825985085937768
231195,0.0
183786,0.6264976429886553
699757,0.0
827210,0.7193789207224867
278505,0.3508372814097474
898728,0.9398811332720627
415635,0.21085907944336527
160806,0.0
796241,0.7618214584241221
677340,0.9395489962941111
899228,0.48603138839801024
613449,0.034595765897646735
786648,0.0
700049,0.6294476010272698
211797,0.48432900340166246
772368,0.4065561808015668
232683,0.15145919730359003
354574,0.7067709394375444
100384,0.9257217922968446
881887,0.49879134584638896
345094,0.6428694539754157
745417,0.9197173535267882
819210,0.4408905448560753
597651,0.0
269146,0.0
612047,0.9418187695806609
944922,0.9070199599230573
245556,0.0
893290,0.0
958563,0.0
466562,0.01784969681241008
449354,0.05805853158310634
803156,0.8592600745219947
440940,0.9169958771703111
300507,0.7233117004009784
366349,0.7785718958322285
874358,0.0
648985,0.06976557795149542
941090,0.16595232093608048
859225,0.09356690260098623
734099,0.5919028929865527
399941,0.4219884625044215
637615,0.13294825474682978
482645,0.12989634533379493
299430,0.017612181472961418
722594,0.2399832737686612
230609,0.0
140309,0.07595167671125068
641696,0.94215716723306
398876,0.5825406966802416
791002,0.0
342832,0.11289747588556492
639185,0.2384026665565727
827281,0.5196744249334058
618047,0.8772161229776504
831140,0.8803579845616701
708606,0.8218541217965806
215236,0.1701289618975626
998233,0.9612290044344695
911785,0.5122590382385885
294453,0.942888182756175
483978,0.8545338615767439
867523,0.0
642652,0.5278511020849267
939217,0.663429539806357
792691,0.018359486675879968
574743,0.7443068629153667
428271,0.8459306174617058
119121,0.292853241705164
908092,0.21748195691703337
319195,0.15440892829544756
669780,0.0
139105,0.41164099686086125
821062,0.7591006323510724
393551,0.7552459307132242
186215,0.0
171389,0.4996418205678987
208193,0.21994525665590164
953551,0.0
792879,0.620804180026926
920877,0.26595262924585816
612270,0.4750873852582853
799316,0.7120228197192457
416597,0.0
323849,0.6590571678959001
645907,0.7449246088091156
917065,0.6414407503060743
616907,0.7003765233948425
541540,0.9053657085565844
396062,0.7128802253567876
424765,0.035531727184264235
955982,0.9800735999736091
777971,0.4260560717917094
837247,0.240834932251236
147994,0.8811260351197249
923914,0.2184314668014151
446498,0.6209463217648897
101587,0.0
469473,0.8073430590087681
508898,0.2140988211560951
696715,0.9284030842667187
159545,0.0
424109,0.5473728873179428
784676,0.0
578195,0.25260183423125776
715231,0.30335821983100375
987805,0.8586254297376302
921870,0.5410348237001695
116126,0.5956495964456566
561728,0.6657857920541739
852363,0.6160002033234735
679196,0.8322779237757209
318151,0.1909028722772071
673364,0.0
488507,0.28501679336422087
483577,0.814271947044034
998162,0.532914221009113
101934,0.3742270513513214
444368,0.7594205406448766
468036,0.0
144333,0.8427087130598223
838056,0.5425865871197925
617753,0.1933114355963885
318427,0.0
897155,0.0
983839,0.6981013150104969
425820,0.6805897749231569
431985,0.0
513562,0.6562275660637943
691722,0.45961072374347733
604260,0.019457490412473872
202891,0.8933494720438416
339031,0.8478377242270231
435141,0.0
201891,0.44986470736520956
887496,0.4444747601701672
224559,0.38577075335024535
257187,0.0
133672,0.0
555610,0.11080608904355928
745343,0.036292656010348985
408000,0.9233778090415723
412319,0.20571139252091197
929867,0.46395193960988346
652601,0.9608846927650989
390622,0.8993443813498107
766197,0.5605305670324436
283251,0.8771149272236103
911014,0.23661418191394176
212093,0.278708924222481
567113,0.45761349678348995
298623,0.6056413610465106
658732,0.2119792636232382
347714,0.903250424386102
997499,0.462178884350713
392415,0.0
141787,0.26775083623185647
294894,0.29686196382113056
126545,0.7381980617671046
487401,0.03610319201693095
296389,0.831395269054407
330324,0.35798058658333526
988514,0.6572338715744859
412254,0.0
544835,0.0
352293,0.0
227621,0.6022441950826135
567711,0.788386959841649
993281,0.47813608073212827
458764,0.7808267132212415
915756,0.11144288428442192
735800,0.0
574296,0.9621136800695778
446617,0.7003302632270586
664543,0.5830947062552769
656769,0.6021798361831511
901321,0.3998064094369593
352294,0.43715435595322394
727562,0.8790634538002406
294035,0.878647743111581
916748,0.11337818439632297
728780,0.0
633595,0.6423226203866845
168765,0.8841066408139678
236941,0.5158702467871836
472788,0.03596679377152144
749570,0.5379569054924206
504944,0.6769673948577312
294992,0.0
760905,0.46319041754847223
790602,0.15368620736773117
587728,0.0
722365,0.6978788032048879
398467,0.0
502468,0.46071040159131676
415022,0.7465777631970633
598975,0.5079720801654161
439956,0.8010182587703356
706246,0.8194464675292522
814074,0.6223666296931791
705791,0.5380959336920683
891794,0.8866859199802757
168908,0.7871345177482653
562989,0.5275821955353543
237743,0.3929484069341539
961518,0.9614301246649737
843119,0.9006935607518899
380196,0.8556550577180967
530056,0.9587829440222889
419778,0.0
547038,0.7631325088512269
375119,0.9409927642440933
743678,0.3609229218034761
660933,0.8556088102072578
920155,0.0
765015,0.0
921229,0.6371610019313839
560619,0.0
700388,0.0
587063,0.0
145820,0.6069721013763834
250685,0.4405892059299254
820685,0.9792741579963413
823164,0.8822616837466822
607859,0.0
674842,0.6144812238782829
552687,0.0
135218,0.0
663536,0.0
172858,0.9165276802254871
906797,0.055469025412636874
882058,0.9386446767862612
907960,0.29425787557897726
930017,0.0
714064,0.3379691592644948
357279,0.27366874724601836
149964,0.0
343903,0.0
520624,0.0
773579,0.4506163426752056
596676,0.0
468657,0.22660042167499192
803805,0.7580957654153253
967742,0.6113403794676092
242129,0.20372107827659577
555463,0.8368376325993591
615573,0.0
863708,0.0
929995,0.053286949518262954
386605,0.603162086997761
927107,0.567024486437738
730518,0.0
244876,0.0
115473,0.38369945546707
846519,0.5554097357784675
662025,0.05506119467809001
853390,0.4011502302609674
466388,0.5439855632350835
751032,0.0
629532,0.9228825804590872
620973,0.7218116812993515
829650,0.7813756756394484
474672,0.3302473003019143
184668,0.41919208318516654
867597,0.8205737007896972
409596,0.6447578215098088
804674,0.05408807133970281
889989,0.9195034469235054
264370,0.30561278171036355
873387,0.0
613418,0.0
231836,0.693117732174719
462114,0.7382830743323034
257528,0.05586714203476835
785446,0.0
746590,0.2777171353666511
821353,0.42601947683324404
648863,0.6632033522735754
595977,0.7052306456110888
888338,0.44284462755396337
341829,0.7203034535682892
332750,0.6986652673995118
840957,0.4797187978868014
955957,0.4229304170088868
259453,0.6037521332236886
367332,0.48808704696726624
797654,0.0
587533,0.6560797617734602
763291,0.7028281340315777
719713,0.8040860820354738
274843,0.0
863103,0.18499972844771284
361825,0.056107238509074786
253479,0.7476705321626455
758480,0.9423673837127277
852667,0.8047682141109589
470338,0.03592938874285882
938915,0.2022939559826993
807840,0.8038898108311784
463168,0.3451704268455642
640678,0.1704315665501698
562230,0.03743309067893673
318124,0.0
259758,0.0
554718,0.5222685795895573
823437,0.8007906778460976
141094,0.6063793500056116
951420,0.5497139175183964
596472,0.3580959211958334
201806,1.0
935069,0.17120811844852285
859218,0.921736967245529
447643,0.9216063533691652
175039,0.49273470766407274
867633,0.4911561532935561
523437,0.0
814258,0.5413858145131079
232585,0.9584355384054463
557319,0.4024582400289
705891,0.33125366468379314
785998,0.3679095756673572
980362,0.0
377456,0.1669350497322062
577986,0.7857475909771886
136987,0.5723172340427317
436994,0.8203335995667143
854154,0.09743621385794107
266102,0.5107270286994715
423717,0.4007618451870561
291558,0.6109097305123619
272333,0.2494370376956257
511359,0.0
577478,0.4241286600729507
822433,0.037111729952963114
599340,0.0693038443855747
826114,0.865620229889669
817432,0.19291683126237485
853399,0.3660287759857344
247089,0.5806225737837389
772018,0.5237883203185975
845626,0.7807900878869493
930665,0.40328243297504834
573124,0.0
172422,0.2905810511024414
342485,0.1361339711975535
801411,0.4197403226785684
637399,0.6378877295057541
927521,0.0
406379,0.3188588135023186
110084,0.7815095840390681
586807,0.0365251183361072
102417,0.4228705966829983
301851,0.981241442506623
552818,0.5533279282045793
879733,0.7182607843024063
257438,0.05611017789991529
493375,0.7060150519826117
823352,0.7357494055769557
483636,0.0
804150,0.36407990451857625
902393,0.803565843250026
680781,0.8042798449754797
384393,0.0
154110,0.5231491580099337
805964,0.9414983079011384
456104,0.0
449342,0.6255596387313677
410466,0.5350608002510776
488871,0.7614460730840216
764098,0.5001445395195635
676033,0.0
428203,0.15183985742945036
421710,0.0
598304,0.5254305698953508
735372,0.23039705320203405
903711,0.10892988134702535
697491,0.14910989194652965
151658,0.8428434971999843
308002,0.5966922200269902
721646,0.6554880793094685
777303,0.0
240389,0.5561048493107104
312799,0.39110978266643837
574851,0.0
694183,0.5706322267780194
549479,0.5983495674964011
834872,0.2362856590533845
696954,0.0
570770,0.6628114352373308
308958,0.8612036012315452
421598,0.36990296237388814
907439,0.744132241561171
634332,0.5474783580128675
288116,1.0
875720,0.4966885413928049
773326,0.48749915060974053
240947,0.30416289113690886
455933,0.0
821473,0.0
952606,0.8827283641245581
955615,0.5581100430181881
492615,0.0
721882,0.0
295322,0.46579653275942545
559240,0.0
163114,0.3484047874657727
441351,0.9801420640658428
108615,0.5763850780690863
794420,0.0
828555,0.8369387642610345
392655,0.8780509747985712
964232,0.07431008333739639
674895,0.8820887072013468
210672,0.19157878935768846
366341,0.7258680788570676
645480,0.07100987812168956
689664,0.26467981455950323
260205,0.6765604736377495
198375,0.324715483394951
673678,0.28885979592646394
796383,0.8464965672421684
741068,0.3268207494741429
272229,0.4429461328616708
676922,0.4330332017988659
545037,0.8504269858093673
207004,0.6357633047376974
897760,0.0
500202,0.05706392750646975
798996,0.0
875584,0.6233218044624067
980266,0.23102799582140388
401055,0.9039280772756518
217464,0.3970289657472861
122825,0.0
570060,0.31888726304515497
327409,0.43886870640098347
738913,0.4856704020686982
629611,0.0
667684,0.0
788486,0.49231419788636316
728374,0.0
519354,0.8582692959448384
886473,0.07469117520554276
386610,0.2700327625828429
989776,0.10877891655822634
984560,0.0915292244151798
472479,0.9180221980351582
858141,0.5076515909798135
707071,0.0
128870,0.17038840508806571
312000,0.523145709620363
471054,0.0
225982,0.7774029470878518
147310,0.9211427324832587
684590,0.641641260734804
386965,0.0
950259,0.14466324734828065
123487,0.7837094466772786
311578,0.4685897067718409
851034,0.8992445851234242
296957,0.6852545232130648
566980,0.11437504998017478
838902,0.09396842522839861
564687,0.8413058390900173
774815,0.3427130206947762
807862,0.0
821276,0.34511774626625524
770130,0.34582161738980566
342632,0.7366792617606863
646128,0.5066882710413739
228982,0.0
708421,0.03749281737694195
212734,0.567639377917626
730130,0.19207536695954036
675285,0.6411160067726014
548853,0.449284634164418
446796,0.0
951415,0.0
535892,0.960697742059643
880343,0.8787792305905126
622704,0.7173269880174699
110776,0.9444407523261791
885093,0.4110116648058315
629415,0.0
500981,0.8384810197906237
654597,0.9177296291827799
789001,0.03621123563866278
934481,0.6198049640226777
430028,0.0
487837,0.2692630226535778
394176,0.06779994182957656
949270,0.7682685632404785
604684,0.0
770999,0.42349212995058666
237569,0.960237445804837
415356,0.4386475586904885
669508,0.6223406967515731
240335,1.0
938256,0.7404649366306679
710698,0.5222472685474973
440279,0.5804494422767474
739919,0.6616334480039621
692044,0.8153863077637153
191288,0.3799798831034692
283762,0.5251789638753361
145681,0.6715134461243689
913998,0.0
183866,0.03814518520898451
496195,0.8222568189576595
305668,0.0
950268,0.3576570801206955
269749,0.017689258719704545
339141,0.49866212925669084
969890,0.5045214493709337
454337,0.8875232314094715
421547,0.35821619267030097
753193,0.6031941679881284
319841,0.0
138848,0.648226070904962
368765,0.07327844556089072
777739,0.6992820543522374
120020,0.0
211653,0.1333174030493634
782156,0.7179665221175975
584005,0.0
447742,0.6329507520372767
646151,0.0
578794,0.0
452491,0.345946982251721
404276,0.6447185130733419
643777,0.0
276532,0.7740187904147919
418904,0.8988001246955288
324230,0.13042975654833772
592098,0.09135981210153739
313560,0.5441179778080372
499220,0.8570833599996491
337990,0.23150561490923802
593192,0.5517262615346666
294341,0.2686084501825313
539501,0.4399345376220318
686909,0.0
392483,0.8603858265881293
779205,0.20813527373228582
177155,0.48011042558214695
783110,0.7781037023386388
417494,0.2878787525881772
400083,0.7040901908881678
412393,0.0
533971,0.40794287406776264
427920,0.8603267396835113
909824,0.0
106298,0.565967227166012
683352,0.28957117866618814
485478,0.48589782901670425
189944,0.8403127908419659
515134,0.45765806793671643
540222,0.8839612396912148
679207,0.0
115572,0.7765963325426015
851181,0.558761222792253
297470,0.4035335900388094
200707,0.2633026428715164
726983,0.0
562136,0.9200552041353119
161734,0.8811346670793565
603713,0.01734599247565015
455807,0.230657160558494
273858,0.7629861141988254
533574,0.4060694821223192
524626,0.7737599153081227
786786,0.9618743589039522
574133,0.6874187563901392
541775,0.0
714759,0.6829640658726976
878841,0.7419148333052354
730977,0.9407458714354525
596355,0.2214547589300053
484305,0.32629105756871907
965475,0.4384712741922981
453781,0.17172606957493083
865981,0.8940314996049097
923240,0.4774861134498609
482256,0.03759914751950643
182656,0.12990207705561155
439644,0.3316606093862369
412357,0.3291460871841057
593241,0.18517436899555872
161953,0.34354123864974984
143816,0.0
736692,0.753665617631094
159761,0.40616671680015515
639760,0.626574307209634
691129,0.5266416577539951
431144,0.9202646832740985
722185,0.7103920676556738
935868,0.358783186912526
995070,0.0
453343,0.7395552730967605
489023,0.11786793831294902
409281,0.7848820391452648
674831,0.5852898056588528
129519,0.22302468393054695
790322,0.6424812550596717
359915,0.9028333524338142
209716,0.3277826021504112
159060,0.0
977276,0.9195654972618964
929751,0.0
317277,0.0
500902,0.0
837407,0.8289682862902633
488679,0.0
715013,0.8130352325032478
928058,0.0
118398,0.0
517659,0.5438174646531805
959751,0.41795596442524396
581379,0.6023063643115457
834040,0.5573426403373296
772538,0.6605494763526437
743783,0.06862576801621438
480001,0.8411665657122255
752151,0.1541675002644185
539428,0.9399132023366924
574965,0.13278812304356713
731909,0.0
699730,0.5986009685403655
209944,0.306446066852598
267713,0.0
271286,0.0
257118,0.8356932043296649
131485,0.9812278359844712
484043,0.604714522336573
334965,0.8720111284361113
177472,0.4209871184791738
476957,0.5286909393372242
649363,0.0
800533,0.0
809750,0.2082741629686468
199048,0.6319182182319153
344195,0.5067998595050206
559870,0.5039827969735277
731921,0.0
511539,0.4426481462998626
696799,0.8759715605336571
290951,0.0
509586,0.8028924514938451
701271,0.6417090174888218
871903,0.0
113279,0.07630635070676625
897779,0.8778287243061079
431467,0.9210338830288666
162814,0.6845414739003665
706706,0.17058821982301065
615232,0.0
301258,0.09431276399663112
845238,0.0
688818,0.19153836548162745
988350,0.40381640245381184
460710,0.0
317593,0.8748877145534752
634436,0.7544534347069146
175429,0.9182726723275438
575473,0.8613618772416787
195611,0.6226334127724489
437807,0.11409156589039722
829504,0.9606850120072401
738162,0.32536914888794755
639349,0.5579153080234607
361838,0.9812204484959873
915559,0.0
611488,0.6994917065392308
680815,0.6432874356997756
429193,0.5042817228162791
384153,0.0
459123,0.0
870521,0.0
266591,0.2984241203633587
586995,0.7156370854725678
930608,0.0375612915623696
963936,0.0
894696,0.0
440796,0.3481471703851136
944569,0.1701126052959321
549959,0.05621999139786303
161735,0.4247371299941321
480894,0.3933237468033992
435284,0.3415674853240767
545744,0.7112927184205013
786128,0.5869774761377554
205586,0.5174463376278347
223765,0.0
985090,0.11220138588848498
834734,0.2019749516137415
919192,0.45743127097603914
915547,0.659707011555948
778340,0.94393503835247
226440,0.8007707532316909
568948,0.09429235316661244
108013,0.0
415011,0.8434068904514391
708649,0.46115377279500264
699072,0.5799621155818849
229420,0.8598879752252048
715853,0.8975129552087593
579074,0.0
189529,0.0
518409,0.9552992524968715
265911,0.0
962779,0.8328438967957449
345254,0.6436779014921452
872701,0.26392197541240553
386737,0.8352982879817153
733381,0.9617698839775699
224211,0.11305980394454562
643230,0.5535623111512484
558871,0.9796430556649862
102385,0.31055441753427887
800747,0.32848695887518337
162094,0.29276292560596
385621,1.0
794592,0.0861513516228301
340099,1.0
118770,0.3249384473594052
803690,0.33140825535058227
848469,0.03711884607533799
604025,0.79980161719587
913890,0.14477753391402245
691808,1.0
959872,0.6489330327666731
468734,0.14997321338972938
200733,0.7774942686886046
126457,0.09515174305524332
750930,0.5198424323143274
162367,0.30043605602563805
198028,0.7630570269668496
188954,0.40053171810519556
198322,0.43396870363251516
953991,0.23038383903933785
288052,0.9797354407843721
123793,0.9213754065824695
901735,0.03527477213602081
747737,0.958954883448167
243050,0.0
450031,0.03647296545680293
619566,0.0
772404,0.10834850019174957
378603,0.13466398153917672
549721,0.8579072596592427
284576,0.38871794517962643
141337,0.38329819970250806
776733,0.5366893376579202
744839,0.9213901119462463
649770,0.29274871283571885
166293,0.15027613674799867
843638,0.6419189945037
155948,0.01892190406935561
964042,0.0
804434,0.6007340704443983
942200,0.0
927841,0.7193169145612712
299994,0.544553541247167
290741,0.3986423069936677
254648,0.46688041532694713
593013,0.5860532245959739
534415,1.0
911344,0.132681691093135
760161,0.11141810002795806
453131,0.17825054766693268
298315,0.9010375540368221
285316,0.6590649877506599
983963,0.4426629246031926
755375,0.0
340790,0.881494960928444
349055,0.24875187924137665
181636,0.7457822868306065
603960,0.0
601523,0.0
886246,0.542089810977517
911021,0.03568112704404211
108475,0.7820129271929304
971142,0.8176352960919482
638194,0.0
743999,0.6908554562900138
851489,0.6385553742687236
738044,0.3253711619856686
689907,0.2922431634540701
778297,0.0
873333,0.0
460723,0.38744932353976075
165921,0.26983787740723436
469538,0.48326169534642405
259624,0.4177195922146419
946021,0.0
353306,0.42334808780561684
992172,0.9203032308174968
450022,0.54548217290483
261489,0.0
245642,0.4131161712843966
649936,0.8383088108764967
693436,0.4922303506816856
393299,0.6602285897565823
938634,0.0
379413,0.5379987950346381
864068,0.738941700352261
596281,0.1536628120648316
973653,0.09265669684601388
830119,0.0
433474,0.0
102361,0.4925703856921936
180460,0.8388844833183966
996390,0.2403760352645519
194539,0.8826784428167236
371321,0.4854798591189945
159296,0.731949709888979
426899,0.38754370757872514
426587,0.0
203318,0.8840809268323062
293583,0.0
787775,0.0
575529,0.3032492982710027
534857,0.23783217057228545
218319,0.8223767827741609
985364,0.8596526350690522
361679,0.8409126723199023
332752,0.7178596257849981
463380,0.09304702240522816
789023,0.11408733568104912
198816,0.0
793469,1.0
513827,0.15119303902937284
772240,0.43916319939355164
824250,0.0
548860,0.32059481066451206
404653,0.7727160625911891
406176,0.5118348257858971
768738,0.0
329804,0.9207871841416387
124512,0.7112294518715506
958345,0.6834888240400449
408986,0.7526857574920599
637310,0.9408287877010075
904854,0.6381030771506566
863913,0.570477855312979
839249,0.9215472121750425
814517,0.0
547353,1.0
824372,0.7018864532439416
685320,0.4853921710754279
506968,0.0
467042,0.7819342116593547
809891,1.0
121357,0.8985959512266735
907564,0.038603244685983466
856297,0.0
134911,0.5533122992490943
795856,0.0
652722,0.23285263143455698
223218,0.549635100701813
682474,0.0
758131,0.7180761778331597
751965,0.0
529437,0.0
892181,0.8168476472226193
503050,0.0
623650,0.9153002896131471
891372,0.3043723358872662
690973,0.778166881844938
527326,0.4562637470065314
964379,0.018970008297930684
293135,0.5405477162109703
629473,0.7143331937186996
689773,0.5983936675264432
891902,0.11761380041825152
152169,0.09423617963296115
309484,0.07829132189000511
444827,0.4647698186337232
299416,0.25035663295813854
197755,0.09299982043048961
579335,0.4310627809512932
397081,0.14855378506316988
528007,0.6615774357061706
578491,0.914696473182661
870441,0.9392186209880798
215843,0.0
857698,0.0
979751,0.0
959212,0.0
379513,0.0
905853,0.6870628804451382
158244,0.47600982499837957
769891,0.28780298671510457
824889,0.7641557409554587
614126,0.0
953314,1.0
284843,0.0
417253,0.6229928970418016
761059,0.776770460159694
394988,0.46113379297200735
103123,0.8249965472995237
452724,0.0
893859,0.5836484858694385
226523,0.0
831623,0.4888450285169104
511292,0.3129952586780535
134503,0.663812129651104
845823,0.9431732433325181
687640,0.09502241503891014
225821,0.0
596548,0.43573461122557283
716062,0.7008297534865228
290672,0.1341044275410736
181932,0.6622154903023112
848443,0.247618401243286
428265,0.160087425668982
612411,0.09284916879746583
209194,0.0
471212,0.367676950429421
634622,0.0
574417,0.7385630627724141
366221,0.9810299428573727
530067,0.0
811346,0.8564085831101172
418291,0.8583657119760958
165121,0.0
430239,0.7390796618492627
557011,0.0
807779,0.9011944461346802
452959,0.0
197587,0.7947835499186807
497790,0.4298169009050738
889624,0.03673094430534365
850304,0.7809793507894057
617001,0.11143272474574924
438500,0.0
590851,0.7847588428439127
424539,0.0
550911,0.8995839257556174
795475,0.3760314837202105
536652,0.28437142647151553
118623,0.7383298923405912
521569,0.43001289439229534
596672,0.8648976151280872
281678,0.7474513376969482
841249,0.4954987923103535
355225,0.03678615247184752
771846,0.7394570088540608
504169,0.5088982087047018
648905,0.8985281809138967
907767,0.052722486283058985
540646,0.0
531366,0.9599602082057473
108146,0.5440045049289847
802969,0.6436260685375391
351490,0.08872185765537485
899466,0.13074677312012284
739149,0.05678200211801027
209424,0.0
528516,0.7773538334021792
962781,0.9200616834991048
574170,0.7028742358929579
233363,0.18773238693228408
136469,1.0
774292,0.42061996413313385
156873,0.4841976792876125
690799,0.4412763565540123
246190,0.1135595227143373
995026,0.8178643361067494
943564,0.10928982846971161
744412,0.5134682630972919
766118,0.7370756540592519
188729,0.3262507232451714
831434,0.8751352875518228
140660,0.5985753973655861
300260,0.1260409268030576
880790,0.8403333567447601
898861,0.5819867944901518
549250,0.15111211192211668
799391,0.65837170495817
100163,0.34737506646696614
937522,0.0
738685,0.4434114935334688
629538,0.0
737338,0.3231279496990428
439388,0.22665885534680624
192970,0.2817481121939184
620654,0.6393306587596991
534194,0.7305186844009818
628722,0.47852757238437427
738431,0.14271248829638342
672808,0.5344038488035278
100963,0.36368661470310715
801193,0.0
838889,0.0
712820,0.0
899635,0.764216427521446
754580,0.6395508676992147
966249,0.13140766260462886
268992,0.726335890752052
604314,0.13305091615383643
751872,0.0
272299,0.6655260346777577
382556,1.0
645255,0.7797597880467741
575538,0.36352456687745477
419238,0.29607611441814335
667144,0.6616788472775088
357826,0.9228579396741442
920114,0.0
931605,0.8986504550158756
766533,0.6974147225395803
714131,0.36843394176488276
734709,0.8607733487295545
835850,0.7055560637519952
298600,0.6068326533359947
905393,0.3695824353272426
968881,0.6182526496196317
341741,0.0
318223,0.8813977066644065
778644,0.7816369579693342
676919,0.4054093576852936
893997,0.5383897004398168
116501,0.0
875339,0.4520157312729491
383468,0.6822439122731404
553679,0.5932486200548637
216322,0.05691000366031077
276443,0.42898957312122554
458044,0.9326181904827348
682732,0.48178346995073273
848412,0.09744499160840157
413579,0.668486738861168
549867,0.0
955280,0.0
580702,0.05548388242912088
960501,0.3503224090604374
516260,0.0564548831660211
424632,0.3068415546214277
208433,0.801379211968629
390516,1.0
566446,0.5711661934500939
417171,0.6796972980478735
333932,0.7991843201828811
847793,0.7402767566600306
352425,0.33498173935375763
933376,0.323999845082181
470079,0.054092432740529814
544204,0.6369366851076469
911911,0.7023499898189763
339730,0.8242569362107204
533745,0.0
644255,0.28849145686794425
335883,0.0
286725,0.0
302542,1.0
867006,0.8984937157029874
920336,0.0
366289,0.0
648615,0.7044818446760167
364328,0.03560659497798354
870121,0.0
641964,0.0751106913849925
501574,0.540471862070824
852570,0.7363133019507055
395811,0.0
716373,0.7465724444227666
695971,0.1917183452435954
565479,0.0
691586,0.46143690284994243
776450,0.6638970797275934
305358,0.401778777224025
972713,0.5085976577979736
902328,0.0
536541,0.20471244978787834
692903,0.0
569135,0.0
576551,0.6641085818516005
973602,0.3234397955248973
867210,0.13583749112312654
737642,0.6051707734152703
996071,0.9044710545346523
104989,0.0
965614,0.03705425857245607
977608,0.0
210059,0.6643127923904326
709629,0.7147659032164654
285829,0.0
243001,0.4382553313771791
622139,0.0
405941,0.0
450283,0.4000169422160721
176340,0.5265308655744044
588770,0.8435599540459437
827915,0.0
293948,0.24787887674733622
432062,0.9607848851913325
310880,0.0
975130,0.9016571627993382
201803,0.8349861829232132
230746,0.07425527005515967
116990,0.6553660718829484
503916,0.32207015933187966
355154,0.6246550908731132
762758,0.37136671957026457
606705,0.7298680649452001
597062,0.18741797512914632
265928,0.9784163846422603
523413,0.7236268481713352
904507,0.0
691469,0.4525681947617779
107869,0.6638481037083622
367013,0.9822654690292996
919203,0.0
365916,0.6951757232409604
486970,0.5761257710873685
968602,0.09414691471830919
108716,0.3977102022887007
458924,0.7953371601229019
330684,0.07484380094996115
480016,0.222612634966578
407496,0.0
187267,0.4928453416612493
407115,0.9014372151065803
966650,0.46768470591711225
500136,0.6053690619342463
546710,0.0
172029,0.0
867074,0.17114589438689354
520432,0.0
518750,0.8831670796903505
528522,0.1565676478829519
297067,0.13034273030150131
281900,0.20889227984207565
830226,0.0
156717,0.4830827084597895
342869,0.5236719368029126
709499,0.5376845102339808
383494,0.8342980756775633
505933,0.8735534617898439
283668,0.0
315276,0.7851045732583491
751211,0.9224316301168035
612277,0.0
469428,0.5934749430385778
152923,0.0
693669,0.7996908902191088
969524,0.7260291842579774
357485,0.0
859755,0.0
426663,0.6103199113412362
876602,0.6574181370262623
792117,0.5412195164315093
310913,0.01779206798211456
548401,0.5794543203963194
335038,0.9209312581846189
690138,0.0
865892,0.7464991828062255
906983,0.1199506098152478
163908,0.6206528217747717
838869,0.7673028517194184
640198,0.20907312017521085
661365,0.4743496454894143
558538,0.0
152901,0.21374555895055425
939509,0.9617248973301236
312939,0.0
974107,0.0
940351,0.2926595519543244
421029,0.0
982068,0.0
894712,0.8602257311436118
374137,0.0362969756227415
442366,0.7144091935887855
416513,0.46544062787932533
765665,0.39760468023500606
332692,0.0
876705,0.22171358370383804
236512,0.6436852898699699
594326,0.95704694165811
224303,0.8790749925231873
696195,0.43298579604363685
628757,0.0
770859,0.402070964887721
969980,1.0
114549,0.5234373302792886
600581,0.13288281286837994
340933,0.0756472796709714
367581,0.0
920567,0.0
346023,0.5345012018787715
688128,0.0
738498,0.10705370979088305
486271,0.0
436506,0.7619745580242412
182304,0.21665830070859574
704309,0.8807065417638797
898001,0.28116789308425805
829308,0.2673827764643272
514799,0.45947933755052994
199018,0.06857360400987154
790011,0.018155060216874092
611533,0.18529930193126698
763206,0.11045199559279135
526008,0.21200549191521256
675808,0.11407556483017016
266336,0.3422130796717822
862256,0.0
794838,0.0
624101,0.6508179790912442
420956,0.6829613121259721
790611,0.0
742973,0.6262751520952081
735989,0.38479058763273777
336762,0.8221720504451635
291629,0.0
202854,0.9027314415813343
326892,0.5569521512488694
470218,0.7064720831720694
978103,0.9608519709824694
214880,0.017834453860665112
896586,0.07243060854778957
989187,0.6056398997097433
404656,0.622796277588023
972834,0.5452523023025315
787936,0.28088165445224667
494815,0.43570645715505846
890070,0.0
193735,0.47970291775603596
975417,0.09215260503696768
713887,0.22572875274897344
847787,0.9590444337212259
756653,0.0
418895,0.0
960303,0.7743355620355974
455830,0.24643425627396479
306339,0.29205217464256683
719280,0.9592353809715979
168064,0.29819943510803854
378221,0.0
362148,0.5992922798138748
127285,0.13161068187618558
974692,0.0
200799,0.0
616387,0.87998619920819
577932,0.5564546114376819
753761,0.6797638266167947
455883,0.47945713446009486
179315,0.03482410342629618
814231,0.0
373856,0.9589661062865332
198180,0.6279818142095144
324097,0.2849692860963835
788794,0.32615108829557166
424972,0.9608271030471414
880182,0.7332543497908637
109904,0.3369791887468543
671311,0.10759045017233292
994785,0.0
178477,0.42187926070464293
695981,0.8226111689211444
806775,0.1304059810020382
292830,0.0
721911,0.0
950302,0.30648149352877985
696708,0.5227761806881002
478901,0.8839043662678039
322103,0.13192848095906665
679623,0.6411870590807159
977279,0.24625783985839092
161259,0.48759180579814076
907311,0.77855806876477
761705,0.8804998092676689
705738,0.4625693847425816
983200,0.5667546360592333
542678,0.07342178885631234
548702,0.0
853840,0.8601632501608685
846557,0.05641771905874773
784375,0.13797185172337978
502634,0.8040824773714084
974449,0.018586293507207825
192847,0.7426469555531037
787171,0.24506737364210035
835374,0.761215794530997
825102,0.6732295466455805
144181,0.0
616470,0.7259128003276543
502997,0.0
302827,0.0
262324,0.9361166753017505
123147,0.9185091390718212
240155,0.7852225686206915
582261,0.5487450283503635
635783,0.0
642032,0.6590841188465006
772807,0.5227738674710428
424627,0.15393019543560177
598817,0.018857361943928813
779322,0.28155754984065157
742926,0.17028255606090606
480719,0.7358456009455062
588325,0.05679344091114293
877649,0.0
783176,0.20924266556964555
265411,0.4814587452448288
988229,0.03732442658050889
707633,0.0
639765,0.5847005828617067
989789,0.30321981910617185
700776,0.07178938944804392
968738,0.9377724354138344
663279,0.6672040320399136
535481,0.5809927241945018
569782,0.7008602435748341
576879,0.5574159734995832
699103,0.9611924887246515
406513,0.6870975745314901
871579,0.6989528712644967
735954,0.0
617954,0.6655854254671542
779609,0.3038669441613025
951759,0.03540716440118938
517464,0.03803365083088168
186261,0.9022800102643929
970795,0.5808469416970674
542455,0.9006235097460339
170499,1.0
568308,0.18584104038210494
736028,0.20659008835437956
678321,0.35028317038792667
602222,0.6382842508189949
873272,0.306593117926848
228810,0.824410849267474
248269,0.4546388412009663
618825,0.15123475523816157
853476,0.09427628546853832
624984,0.4422857796044274
826716,0.44358636068791496
649302,0.42307547451466404
206669,0.8092786438799727
658348,0.28795337537645516
545444,0.6763827305711699
503155,0.6629342188261033
176763,0.6573490582190745
449071,0.13348319806235504
286435,0.7364921714611479
236008,0.16872481154513527
510038,0.691585229850319
137537,0.0
880822,0.7388840213441757
764001,0.3767972813047319
522849,0.6604499612328615
685112,0.9398506205802156
698957,0.28887080117367114
870492,0.0
592109,0.9611514018779497
821745,0.0
979243,0.5271579119636498
222078,0.7625440833516982
938744,0.0
525515,0.03719784248561369
383011,0.0
844496,0.5843834590545094
781892,0.03599873277022145
875922,0.28972663119659886
172320,0.6174723626893631
551770,0.9546867764239897
819561,0.0
766295,0.6491443366241424
165348,0.0560281118913909
462043,0.6970001679337667
658792,0.2684916601548119
672857,0.0
602528,1.0
389607,0.3576363917012481
683917,0.6601214851006558
500071,0.3048867087120907
288120,0.0
401722,0.6697998974800408
323074,0.881762524896542
588546,0.0
261872,0.3776935054446238
536844,0.789365162848418
994317,0.5876528927345861
735251,0.9799564889108832
590303,0.7624697615432299
515992,0.8050662481859852
846162,0.0
446889,0.8615657139214977
810031,0.8818614600710637
130698,0.0
317109,0.0
333252,0.0
265395,0.8014409954018691
360496,0.24050734727766138
163471,0.4076942061821299
796860,0.0
181430,0.8003061673611442
781358,0.06535691177732737
240517,0.9608827938496648
953657,0.016416881155670637
706149,0.4000620920220614
772878,0.9388876814338782
990151,0.0
888909,0.6624943932144166
666028,0.6481909381958187
867842,0.6652624642501367
387341,0.7144049396946457
392275,0.2489112835161986
932621,0.0
370375,0.8995207612245083
517076,0.6819399087339407
999303,0.6794845074058717
248270,0.7716526037539102
658784,0.0
608479,0.05701884880512719
708335,0.4491526694195037
820665,0.7423520290702879
721451,0.9798887001367163
320184,0.0
329298,0.6863012829848035
474611,0.4793458115255594
960427,0.0
254610,0.2965599624078048
201699,0.5960095660775574
623303,0.0
402815,0.0
913173,0.6998133380729418
823398,0.9386166590042581
173905,0.7304115521568619
633369,0.4031965013327581
526672,0.8997735581006189
523446,0.8092843287592116
882639,0.7768878792509523
619854,0.2850083254836487
941104,0.9026559146549445
166501,0.8242999272173492
756439,0.6204348105334017
507902,0.6055331359357006
262956,0.7473974910376681
375034,0.7998223984285701
599328,0.03609289979284359
139022,0.0
715034,0.6247506260797925
593350,0.6339744693313563
783530,0.9413757052186366
259975,0.8600213405780099
185497,0.5712036350610893
482564,0.5153485047317652
375568,0.863733677101594
724670,0.16640134130804585
820752,0.5000283846300095
603341,0.25718323295411216
969919,0.3067420790544865
781867,0.5641228904975605
751475,0.7814195337569986
906651,0.9395469693488568
852290,0.09509922049935823
621271,0.9370449238886878
636843,0.12498558004556952
169257,0.3215780473598117
903980,0.897297188545413
329979,0.47236424710484
403756,0.3887404807052216
386758,0.8794495889029839
718205,0.0
774642,0.0
568283,0.25985128158648335
617740,0.0
392971,0.0
273297,0.7975648573547245
109020,0.0
286995,0.6279465170416683
321963,0.2352509632144596
996645,0.4798297714676516
282043,0.0
520962,0.6199702411176667
806745,0.7605566668602416
782881,0.4382307941210938
720331,0.8856501569840748
529129,0.0
791699,0.5131058934912764
698540,0.5834061259970347
206392,0.7753837704700494
547478,0.7596677891009369
522764,0.03607648021714342
850045,0.8422402875075535
542679,1.0
543342,0.38295970699488624
843088,0.0
466028,0.7801717143788705
997619,0.5214036567969024
193445,0.5805600549344626
828534,0.0
475158,0.43393993586166557
210956,0.0
729668,0.9620019783066007
773170,0.0
369898,0.2910825456380681
236019,0.8452052604704777
593680,0.8643416624182538
727708,0.4335258505573302
956254,0.05623050754112492
647591,0.03616840856835983
655289,0.9017573676942132
193220,0.0
644932,0.0
251595,0.0
866245,0.7978297516900262
407748,0.8222930443095089
392857,0.703535322977711
698896,0.32493103358397335
548742,0.8785516423678288
554556,0.2664826090746128
109590,0.0
173050,0.056719580747165994
492734,0.20888265182178342
809617,0.9619894015861072
580548,0.2029593643439333
243703,0.543880411419705
988773,0.680019833351818
570086,0.9791118384524437
110911,0.6037038279599913
913829,0.9036987279520108
102570,0.056181115805057344
562130,0.0
969215,0.0
277024,0.0
604824,0.2871825096619508
805419,0.9399454348854098
512020,0.09559150992501905
260130,0.2118525181296113
164809,0.7228102691791045
793349,0.44389360837602804
233259,0.0
356006,0.03717560785270877
198134,0.5072310828874879
724584,0.0
337895,0.29381227227028267
878425,0.9619586042219103
384381,0.5202363584342575
146253,0.7711787198512914
765947,0.036980050483866815
884423,0.48317589745749945
759354,0.7966797892669195
518489,0.3551812460280677
970306,0.03709176113671794
620660,0.44821104404092826
361328,0.0
266098,0.9605672273121416
176511,0.8839931943537789
787797,0.0
981826,0.9599498903277581
294600,0.5306629741196546
559456,0.0
442015,0.1154842872189581
526573,0.5430197944626772
627282,0.0
939689,0.29926388165712514
489355,0.0
125177,0.14524807052681957
231369,0.0
825268,0.0
495892,0.6031059814151483
602114,0.40058231552534496
420356,0.0
236818,0.6858348629707273
768721,0.0
974802,0.09355236974551431
975582,0.7096686247291979
381011,0.26652066187979817
626579,0.8012036612666841
166640,0.5898540342023558
753569,0.43418676669292633
805330,0.897298952282687
749936,0.0
611741,0.722825493255336
913825,0.8043041138428898
654309,0.1118633265182607
271571,0.0
709387,0.36516177730102944
717799,0.920278943732897
350265,0.9807070601712421
879659,0.05690064947326537
371587,0.7781863574718418
973033,0.0
313133,0.5840442657874273
363148,0.0
817743,0.6051679963840655
656838,0.8371014108840505
735625,0.0
674459,0.8121065309369193
114122,0.9050436637335689
535613,0.3837238787647908
649568,0.390857847459785
636881,0.4019783622100949
473781,0.7240023056905096
103265,0.8303527065498237
659797,0.18917335720601
107852,0.4099503265141645
623658,0.2052379702334543
459777,0.0
226578,0.5558231358379299
103333,0.0
833060,0.3451028807050335
245051,1.0
855715,0.4799709943389529
715548,0.4251091082594332
496891,0.8812196874435091
785746,0.8769961100413213
468368,0.7176915046617317
157423,0.0
536260,0.0
766180,0.960040300201437
555643,0.0
647477,0.6228988783444808
687490,0.842091829612377
990756,0.5243070764481149
817868,0.018288104784807614
737725,0.18369271369286122
208804,0.9057809292511197
611585,0.0
918082,0.0
659905,0.03653479518958802
348899,0.21154744185531976
991694,0.4624393159437525
772810,0.2542945482645627
577796,0.0
100248,0.0
862765,0.2451439523351151
480060,0.0183020232561631
531716,0.0
462976,0.5775557492258511
428596,0.598759154717888
917249,0.0
530105,0.9206836823607238
854842,0.056341993583041025
323786,0.5672441175973055
397630,0.8396429794838852
936411,0.0
421386,0.8658362650615828
727320,0.0
786028,0.8839832189615515
725055,0.7219221445655774
268256,0.6623247621824829
509016,0.0
300565,0.5191844354882724
266560,0.6363774297530507
981457,0.29842505200410635
102872,0.38166250446458927
182159,0.3804759940818566
542014,0.0
757398,0.0933833996850669
654119,0.8643129607008869
948550,0.7843822626428041
377633,1.0
748171,0.0
714576,1.0
723974,0.6933246413922575
972956,0.0
629113,0.9207385506266423
813144,0.1497880852949118
789860,0.9376499275237019
674967,0.44805775316672203
828266,0.0
932055,0.4715836045797518
483996,0.0
476313,0.6042581065798776
403459,0.7143057699763777
277236,1.0
895886,0.6585409030643511
507978,0.3456781069862481
191054,0.34333978979869767
590004,0.7631850807946214
528676,0.32239064413758756
362666,0.05759382242005284
948084,0.38441000408982634
145541,0.6183772137639387
982579,0.1307527995709346
527735,0.485912286065922
133555,0.3835750944485137
351348,0.037246001128067266
454015,0.0
773538,0.64242468579488
755332,0.0
687285,0.018267744690499695
878453,0.5846850408518791
438350,0.05444400742069467
640014,0.2318920720966578
426530,0.0
597470,0.9194923247398606
813629,0.6599687326574921
660441,0.0
706535,0.1544374583777482
166929,0.0
471144,0.0
307490,0.0
228726,0.7197125309127623
655091,0.8626068942898307
266321,0.4376610259648455
846225,0.46907597854945837
139382,0.0
766681,0.11306027672473683
287512,0.3290768859159065
319551,0.7817716694207691
771079,0.0
742700,0.4889834066243074
500956,0.26776408655103506
382198,0.937288462229617
560368,0.7405140718049508
627192,0.9799585698737131
729714,0.2834020604714948
610481,0.8645830165235611
465126,0.0
939800,0.6474953071869594
757656,0.0
303720,0.34434143065456085
562780,0.07197173841699754
859012,0.05672690327996344
619728,0.0
975471,0.0
970044,0.5263592051676921
391295,0.5361573856513931
848043,0.8618966047153073
166957,0.016827840939530322
372675,0.0
524519,0.5158799868782591
167742,0.0
442303,0.9379030906272735
881125,0.0
446513,0.07576415929841651
804088,0.5488490698839406
385665,0.0716588365334625
563079,0.5838250888759234
515623,0.6647089787976072
953180,0.5478663944546344
325516,0.9185596480255791
421797,0.05603430239606685
270298,0.918563516482668
324435,0.0
768654,0.3409687565656288
380958,0.0
627473,0.2815466033381222
724755,0.30072254157314676
466254,0.886505990706872
787916,0.17017602686936903
171470,0.0
454757,0.9607207530169408
176967,0.6336144085081644
523498,0.7808366675460394
946298,0.8951194609791362
397172,0.0
865462,0.0
403167,0.0
791076,0.4121506967278343
305429,0.13240431412992235
594202,0.13362656553279348
717071,0.17065667812748597
750830,0.32128634550636537
850030,0.30853711624192215
759996,0.9384060685487675
889319,0.14185871822376867
979395,0.19084272579685355
740019,0.186996506704669
409384,0.4653271515284038
569646,0.9189554579505115
479212,0.40960434455034284
295123,0.821627328765588
313971,0.5285574164610196
198633,0.722351165297267
274599,0.8783260468093691
125061,0.5815196768149903
614208,0.9771432408752794
134621,0.795471421444524
806507,0.0
430698,0.0
218933,0.522164306740331
399239,0.07613232054096844
616847,0.373012105061185
913226,0.9604985787606704
813027,0.0
695228,0.8968933328438963
931401,0.9618364397964824
680809,0.27681773523454195
856594,0.0
811488,0.0
312752,0.7757245725581948
217038,0.517514531712294
470322,0.5300878567565461
456861,0.6384908819599214
406985,0.3422844803578914
979080,0.1479086017847055
406092,0.6613202420197111
292567,0.24623083575899574
249723,0.9399439500996921
621180,0.16607434755834993
840034,0.6244671439963069
556209,0.5681591432309695
596909,0.20865080739787628
936793,0.0
800787,0.0
477763,0.8405939157251021
735515,0.27059088317911995
276408,0.7251614869201832
104027,0.27116048172157
559137,0.304594134905236
134165,0.0
367415,0.8988616104089407
549833,0.7056063142355082
494020,0.7016228393733589
405862,0.39924531274535385
211774,0.0
692444,0.5318493317990894
386312,0.7398984349793459
678924,0.7227202252350277
766620,0.6174155605482248
819105,0.0
970174,0.20642855771609675
652766,0.0
291139,0.44830924737193534
100620,0.9211046080018217
524248,0.0
254671,0.11215928770146233
626648,0.9606984311269395
105489,0.22941563255871272
968647,0.0
199264,0.36242536812352427
841639,0.48775626894193075
948256,0.3634732521723645
439167,0.2455914002082244
483856,0.9049138280599277
211854,0.0
247589,0.2323884833609329
898836,0.9003562548806481
752966,0.456434164865916
430513,0.1130113795157513
733856,0.0
903622,0.0
285497,0.7788145274541369
995946,0.7848107368438331
656067,0.920988794456932
229953,0.38573780728775475
259920,0.07300285410290391
182190,0.7611352753566888
401855,0.46594872395986814
161405,0.1259683216433739
576874,0.4947477621143803
894302,0.0
400752,0.0
345376,0.9002315642552527
587981,0.585631963650675
403545,0.4524680115509776
614937,0.0
369351,0.4179017211621437
345425,0.7096194209888168
728128,0.6678358256076049
908870,0.899031938007256
830315,0.30021795520667277
409788,0.0
600613,0.7428276020947086
631800,0.7140439386384133
200039,0.6726243960981202
517684,0.17274556514892647
494425,0.8620829472184561
456763,0.0
445417,0.9495032541037043
907254,0.2772903800612695
673919,0.0
234484,0.0750868142680894
489538,0.10893395016257107
572091,0.0
150116,0.7398095532882977
425701,0.6421820492903914
293027,0.0
221359,0.0
176831,0.0
707533,0.0
850695,0.03512742791786805
599969,0.8196298197513542
391040,0.0
104566,0.6599947266840062
446417,0.921839819429319
321425,0.11326585837696686
448946,0.0
996906,0.8640553580307949
902238,0.6189831904124828
489415,0.0
892429,0.5142127543087636
440308,0.81263540318291
350521,0.6413079120744352
710985,0.7223047850848658
346965,0.15394315217494764
913260,0.0
777781,0.918586302955876
519331,0.0523830667860603
344686,0.6697106965057606
362308,0.36304992201045216
832177,0.8228545755311338
209838,0.4046885537866985
909351,0.20451925831945145
257927,0.8811257193476174
215167,0.9209690307199797
800698,0.9212030629418609
448854,0.44741834885909304
410224,0.13639986082787048
718280,0.9215044647073964
749221,1.0
126718,0.8197555975190967
720288,0.6441707089381044
841935,0.5420270409522823
661556,0.6429396388043218
875784,0.9390612367945071
468679,0.8828061980645189
949675,0.35261141011534036
385634,0.8395508260472645
923591,0.6201796025251405
791955,0.9804834710853416
331565,0.8181215676295022
823653,0.9253300709383185
134901,0.5612211051291369
754699,0.5237038105089727
424046,0.3524228348873672
741407,0.01825579889677504
134968,1.0
141404,0.26473127645118805
166073,0.44005908822064765
684516,0.2829947493280476
532190,0.9605521598566118
307757,0.018474222564417872
594841,0.11371922849608478
963576,0.5296623020242486
479751,0.0
540442,0.6451126585263164
233507,0.19971413896303336
704977,0.6244278229799918
535644,0.8987929810228282
306980,0.6404340117846491
886121,0.0
402477,0.5637826924471431
855276,0.8592703237746206
603253,0.0
242894,0.09357800224393818
813423,0.8635539717629431
381441,0.7585546152426434
166442,0.7618876756108668
440274,0.0
963894,0.9084169474071314
968176,0.3871428593825582
668770,0.037170825535655275
750465,0.0
222293,0.7848305136793025
270515,0.0
895228,0.3256828771895997
645147,0.0
762705,0.10169252387885168
612762,0.0
776520,0.8009375760064553
488967,0.8233151774371541
284517,0.0
370256,0.8005053250607838
775488,0.20688720988985812
280475,0.8106041856482731
221235,0.0
436910,0.9196817929221741
969871,0.4726319902609667
683615,0.8825875530837547
659638,0.2625562472217842
357465,0.050896257123309405
369628,0.0
597059,0.0
571564,0.8991546376018944
993088,0.21588227850482108
607074,0.5230885632760436
768146,0.035745291422936545
539767,0.0
876065,0.0
200691,0.12984537483046188
527396,0.0
730152,0.3882572613829651
612745,0.07383508731376351
738846,0.0
235719,0.4486277775880993
557363,1.0
243041,0.7640061059732647
512496,0.015746370142382508
870793,0.9181401743168329
810511,0.5824874518026143
387543,0.9020823149673959
642681,0.0
976666,0.4815405664595976
768773,0.05914820016108142
677920,0.7424597034615308
879579,0.9011290567838045
781366,0.939804601424598
676970,0.3517020256655434
476540,0.6634766733850861
799417,0.10747930940911028
416098,0.2515622165608012
327936,0.6322317215770542
113326,0.19837497574617707
629691,0.36416535859072874
515315,0.3490543614458896
265896,0.7605776779986294
665225,0.36443356342032185
404078,0.9028947125015335
140951,0.6255152597471125
372632,0.8258467963280283
148476,0.7369464108363791
532445,0.6556661755528407
479768,0.754114743015536
484352,0.7166804739183009
473910,0.9568508023282252
533600,0.3579318513371421
165140,0.0
392365,0.19846950116710194
234123,0.6533751162226091
650048,0.3441672848233382
726993,0.11492347826137224
417264,0.0
689804,0.10958365558470802
700252,0.0
286502,0.7806367018580851
259215,0.7962588202921548
397702,0.0
358392,0.5953786889940867
251279,0.6046084837406697
423011,0.5645248234083735
775461,0.5567956613762189
688293,0.11213763837306859
316710,1.0
298372,0.073591631137813
720770,0.6803323514889601
950970,0.9008507932778467
880407,0.8806342198899849
699398,0.26747650932465555
616533,0.7334518879408645
877809,0.0
419481,0.0
330505,0.9212825164300128
105481,0.1904186792335359
732428,0.5347345818429302
854118,0.9604329584031215
440662,0.7869309320331116
402053,0.7996012152429467
530800,0.3227359835588865
825266,0.8019960587821005
287884,0.9630365017062118
333942,0.3888830142052896
788386,0.2809048242202971
939063,0.24304782121516544
322443,0.6178668942677787
974697,0.37692675629265204
148923,0.26735862816078615
728571,0.0
866477,0.3791171848449572
174555,0.6220909898665136
633360,0.5658115254977475
588077,0.0
774365,0.9794198173914956
314796,0.501092334136605
886435,0.8184727706978067
608175,0.5749156866861308
589351,0.0
829640,1.0
338323,0.0
560153,0.8745226452451869
747792,0.0
410910,0.2808199818751786
366531,0.48698232722077367
333691,0.577170805648293
266343,0.8775404036706042
992739,0.0
407321,0.17410466670632613
384178,0.728041382773819
102933,0.0754364254590812
571259,0.9419240550182346
125930,1.0
527217,0.2040427933128636
758939,0.19283452805614734
449890,0.0
504327,0.8989751701083611
217415,0.7635708164608057
347156,0.8435592591485175
539533,0.8796065582429379
107911,0.8537253789468072
683097,0.598692797655859
401685,0.01879086260003275
147779,0.0
838629,0.6167334733564022
524105,0.18794698605456148
558494,0.33869668919796725
282521,0.6191868595356412
533324,0.6762573580342995
810650,0.18583231137650863
599553,0.0
860258,0.033543790634177756
179419,0.7384464880390139
447809,0.8400197319258715
742217,0.48511899369107714
478037,0.41124608495550885
798913,0.26960525231457527
507581,0.7870504111204591
147738,0.3037968786239586
162609,0.4403092216272796
333396,0.018475862042863386
299401,0.16083474248280016
738915,0.5634126940265923
707299,0.7569383865609032
984093,1.0
511486,0.0
932409,0.5234640848882083
242789,0.09132585237171505
356933,0.0
550644,0.6408249800394553
718235,0.1645830407890361
128099,0.0
498814,0.184814382260447
459295,0.0
657290,0.6492837029995192
719061,0.8104605010602314
727466,0.6001670499487077
496236,0.8610165861463742
628751,0.8606484938605973
568188,0.6062702142745192
402444,0.0
103676,0.6827684641936619
390567,0.616099636381602
559163,0.852808857291235
705218,0.19794378295360796
419400,0.6600872945385154
953477,0.11398587132252731
645609,0.11123545729131237
807548,0.6676112118406051
231093,0.0
238105,0.1395624204278591
433278,0.9014956042928822
844240,0.711248690138585
815855,0.7600778354828475
956207,0.626254377202045
510781,0.0
884130,0.8804638748995353
718904,0.0
655204,0.0
242060,0.054701849862003174
234513,0.30998659236243464
405178,0.7170502914391695
832747,0.0
453560,0.6598362820802838
422429,0.48594865421800054
537665,0.1517056956934528
574375,0.07312835099021163
359752,0.0
838769,0.914817288143342
413308,0.43760206317799166
923300,0.5368872458807145
209309,0.7063259087624624
705279,0.20952009662963036
526118,0.4492862051655902
643973,0.7384027035262147
732508,0.07210557987214171
375641,0.3214711238169251
611286,0.32541033718999324
286328,0.0
411993,0.0
528084,0.0
390645,0.4755451115014037
171795,0.6918383097825153
663505,0.14748655747779724
176349,0.6094043695707341
818420,0.4755527890353129
733383,0.9624215889848032
750941,0.24820867907611058
215733,0.7467925616115757
566466,0.0
303602,0.4640856607181788
802263,0.4612042382241903
651076,0.5435086456137443
849968,0.5183928033481235
436868,0.0
848091,0.5802739292452676
257373,0.0
699183,0.019210751677162567
948827,0.5232330722100651
959285,0.0
734852,0.7272496042644001
729694,0.13481765191311906
842022,0.8737654215034475
875825,0.980741245537713
528349,0.6507353797551165
851117,0.0
730058,0.7212135956572646
178485,0.0
687979,0.10055852127120612
973007,0.6608177346760791
546398,0.7879763045949941
876895,0.7555576454322648
540395,0.0357814953739149
379325,0.0
222686,0.4742446699342428
820181,0.9638509279172607
374154,0.759433415094394
543618,0.9383620850991355
414840,0.6444165549670162
715004,0.9017953093301191
401593,0.4433778491979792
613855,0.8614168332306604
490571,0.39459834780705483
416727,0.2671817757662358
208077,0.0
785247,0.5602541782293202
868882,0.7578339555003981
796109,0.29651248070610253
936917,0.8094294874531642
861450,0.8290246277903812
716580,0.5766369856554178
513162,0.0
797984,0.8808208357017919
858210,0.8779481323833112
192989,0.8587088888793365
372277,0.289678287833725
673175,0.0
670992,0.9597345805654971
265542,0.44517817107964297
942344,0.8414311389920058
895527,0.8307504740426275
727988,0.7322579594178079
768552,0.0
686138,0.5938579957972815
873434,0.8492704359875591
145961,0.9782286152995787
646180,0.9199453077550991
315517,0.5863170656849468
977330,0.0
126459,0.5232726635375511
316066,0.4870093814611759
586859,0.33311026815963146
781347,0.6364502134563658
674364,0.0
341141,0.719761285100633
678125,0.9390884991260875
736780,0.0
476856,0.563226248034874
277650,0.9804782321649375
255336,0.923895174369775
762870,0.0
604254,0.3463232417279019
357448,0.1927019733152245
552477,0.1494267778736322
965379,0.7819159564110929
381162,0.07232741226795532
705426,0.7222200606171945
780485,0.2151687312834417
765724,0.6282281854516744
783454,0.5459611038409724
808321,0.0929395930390671
352168,0.07230261774460041
620245,0.0
292410,0.08704045509651855
153068,0.7189001955262805
485384,0.7704334845153549
582587,0.3009953872743946
497195,0.0
503179,0.18967770034856926
757488,0.5357733889272493
887614,0.1111372932455507
782584,0.5734158089563639
646487,0.288973450467629
744860,0.8975681243022499
272692,0.509484722942632
343614,0.03632864698008076
586815,0.6260594483640115
366922,0.0
269673,0.0
558216,0.8999387948782264
263138,0.18346385690671846
895669,0.26998741160588335
468865,0.5421811463040632
589317,0.7308961812063928
863781,0.25229352234533775
395449,0.8214001240556672
430754,0.818406337655929
252459,0.0
347968,0.32928014261442284
686802,0.6853755124885471
852185,0.4996734224018487
249455,0.6169895202913013
542140,0.8217403852875291
592191,0.30029127763216124
405945,0.8747091872636362
516268,0.8071493840290855
838274,0.5245470865256389
216194,0.4783195727872455
490682,0.399807537654258
218816,0.0954382779770061
626714,0.6606082147885993
520407,0.0
555966,0.4912325360125765
215126,0.48396442456414185
135114,0.9003843140469553
792215,0.4847755687465679
228409,0.7411701773442042
578049,0.7804442861654989
905938,0.036149406203140735
887933,0.474546382150357
794777,0.9193225143460584
478887,0.39918338411139415
154043,0.7017483762444079
134476,0.0
974957,0.37175140011763474
986939,0.5323861948722046
681187,0.06916129462351485
921940,0.3619623020314115
215342,0.9393567619210832
892324,0.5217537342424998
449916,0.9371073215122303
490013,0.6427505332596058
944363,0.07377093787421596
109548,0.553719028636872
183728,0.3951648959773621
279999,0.43388956623066627
994874,0.018317961484276866
222592,0.5209659563668594
695057,0.9126009975459761
822100,1.0
137600,0.48387163365974845
999809,0.7438733326362066
351790,0.5505434384266941
319935,0.9799313971483332
123566,0.8948350273744956
736992,0.6447587087248972
375282,0.0
910149,0.9804113918014681
341462,0.7386542683956178
172091,0.6381825813057878
489447,0.4059513708353672
980001,0.12654709749932316
103171,0.7829502074084631
451359,0.8429514270880706
700484,0.7600475370131421
603089,0.8812979915995808
300013,0.8772011203976448
720258,0.038641577708070134
500965,0.727896712894629
859368,0.0
154791,0.5609341391187407
993131,0.7651187104266434
984048,0.6260426846040176
294049,0.8811371411731543
925653,0.16967775551742942
161046,0.0
840382,0.1867452182681861
402939,0.4664023766464508
120294,0.49311230779403586
963538,0.0
238555,0.4693270414339012
911111,0.4642923666583451
462583,0.16800874849936318
633236,0.7575625560191551
239031,0.0
586659,0.478961543721486
935068,0.19345915968038216
595688,0.9384637594646627
205771,0.6604176124084832
527113,0.8216379400968319
587059,0.0
768545,0.0
503424,0.018772635481008763
486894,0.3126252589803958
474999,0.6680210356058671
341345,0.9626787653992417
132299,0.4056290084397167
957829,0.3463055943897065
138463,0.17252138010047266
744890,0.6767838869007087
834247,0.7381243394701512
131810,0.5030535708611381
175070,0.7672697513149032
476448,0.189283469579446
554063,0.9025601817184519
436045,0.8806095111981598
284831,0.0
671972,0.7825787545672935
967595,0.6106570390595611
838772,0.5175334981657599
633450,0.7178663558770134
365470,0.8967345917838909
735196,0.30730089353786905
607973,0.5412500162404077
757600,0.6361844620478153
508986,0.0
648290,0.03367532829568216
994209,0.018705231561503232
384002,0.5853748794280548
482677,0.5059553635286427
606116,0.4198685840164683
246323,0.018032565955623303
335522,0.09242185612445446
242906,0.711219393418042
939116,0.6202645949690273
248383,0.03702750776633471
192177,0.14931927071813575
839973,0.5831614674786384
172485,0.1535335074500629
155510,0.17847632067543345
872183,0.0
137714,0.6182275297504265
418136,0.42665404842166105
863563,0.2888206520305801
634401,0.2743185544563659
610879,0.1636150985083771
886878,0.3112538336407279
790053,0.2097894895015474
529954,0.960815265026734
975062,0.40712766443894965
154003,0.14855105752250589
526935,0.8253152456390919
273187,0.0
264756,0.5221038808937095
546121,0.8159927460621045
469938,0.34454124466372826
616583,0.2280272399611913
177852,0.09084865570435464
294958,0.07724987897614258
656753,0.22260697359601647
100815,0.07253883107595828
834317,0.8817644728442007
259289,0.1746616386789507
891925,0.0
259196,0.15128082581457172
892614,0.4261318734254782
585998,0.17391604461661597
283961,0.21863767100753584
635276,0.41403063147844954
476769,0.7809827423212231
703930,0.744005579991199
709512,0.0
210231,0.8811992915775129
388324,0.8980565501881683
492168,0.6774676635596508
232749,0.0
306660,0.28903813383442156
940590,0.21981369933798783
446123,0.7969477031347227
549856,0.2035695402449905
819711,0.0
283072,0.11494176623512188
551736,0.6393686325032375
814001,0.6439572298625095
447400,1.0
751232,0.43381187484178513
527474,0.48264287141207945
792244,0.5119929611504097
567220,0.7873330025314387
113246,0.8367414984727634
115795,0.637643824966881
512603,0.5319952685884288
779525,0.0
763504,0.28467803986995216
653428,0.4099958836196119
126744,0.4981869679708586
400344,0.0
609243,0.38006029378310435
304463,0.018870446733292173
725153,0.17202095279241517
275051,0.881237138069814
680478,0.4206567488235915
592573,0.644830126408102
521758,0.0
170431,0.8988310352827412
957136,0.13218498544856844
563381,0.9798099631279831
530356,0.6645688810759253
578507,0.5033259266039998
602919,1.0
827196,0.0
842226,0.43273682115711964
397047,0.6769098243654714
805853,0.0
845973,0.0
991201,0.0
461374,0.5532178248808477
892735,0.0
792467,0.6323298898943105
880914,0.496539717936154
205729,0.5838209450223717
779927,0.3793344723313116
502467,0.6202596899750739
288442,0.0
908089,0.6272701866060704
851968,0.2536344915238861
767327,0.19156483224694054
395582,0.7985821356792022
185535,0.7757398488380777
214083,0.1900591086980911
131920,0.24383722310098246
439608,0.8153209742258951
904904,0.0
981543,0.0
776099,0.1828766759871099
115647,0.6022205113788107
308852,0.7777579249978681
179142,0.9177190353750078
584412,0.714390909947819
708061,0.9604920284079493
717423,0.47109402395904193
423298,0.9575328878125505
501834,0.0
132777,0.20822873572131737
154042,0.5969291991343068
963203,0.9424405129719442
683673,0.0
439700,0.7246061596055307
830687,0.36509339424128107
344948,0.0
686386,0.824581101799237
992557,0.09083480353694286
858857,0.36865091209263023
342918,0.0
198717,0.6813403333555922
132656,0.9603383523074646
577563,0.23952853659128662
248258,0.7578824646301497
420946,0.34074663214177187
948072,0.17076427236770697
346476,0.7355528056762604
904480,0.5065864304348214
964044,0.7630475380205763
608847,0.8198006964428611
736419,0.6538657674073756
663594,0.2538504555204523
224804,0.0
553476,0.572150387647912
976692,0.6011932785869472
739657,0.7395421102011038
128371,0.09536794013597442
322294,0.6390935749090356
144371,0.27721593042065396
721006,0.7355499852334303
125456,0.0
537672,0.1268822366858255
171531,0.8807219694942846
614091,0.6154910275393429
467946,0.7555171736415828
374122,0.09662515960620295
958584,0.28276861182130103
690259,0.4143431999343924
743499,0.05632153361182982
354959,0.7012104043263339
355946,0.6222117375793039
111188,0.8989543730364934
781796,0.8663697880422194
349860,0.0
365817,1.0
635728,0.6552485996328761
105833,0.758659685174371
341592,0.3473179575455482
864398,0.3833120724430778
866707,0.4615954786011651
341653,0.9801587024743624
871241,0.9398017481809576
418765,0.732164968226984
896511,0.6366315462278789
669391,0.9793802291215413
969152,0.2815349616933878
540823,0.9119938394010412
351183,0.7211326962932407
606621,1.0
821642,0.07395934832182711
879815,0.4297717799833367
536452,0.03857765623392936
815249,0.0
631847,0.07581526615372595
928257,0.2550723074511321
591404,0.6830622263201291
397678,0.7576585003103946
746778,0.8340508750739956
699734,0.0
542040,0.49930898074453434
374266,0.0
184236,0.6416175915906673
240365,0.13252572994830594
199614,0.13417775380008812
116522,0.9001150798946725
622086,0.9598113402354433
754786,0.9391224938700201
533209,0.6221120635391614
750619,0.8841289040136701
486105,0.2287098302967876
220572,0.0
885036,0.4191455964178966
661902,0.0
998249,0.0
154735,0.2654468601866961
105215,0.9818428183700527
676011,0.2938424722989298
832420,0.0
247564,0.8826055568842601
299149,0.3285249062177209
708453,0.18592572244616937
502314,0.0
365548,0.09255647633668697
644946,0.5839449731379717
940277,0.6689455857942571
753820,0.03732811740008668
395935,0.0
944432,0.6219685917173042
741546,1.0
159297,0.6757818301223315
142314,0.8858535492304727
272042,0.6106494492616054
256238,0.5858418974349578
311342,0.42389550505305873
129538,0.14786682641149754
826829,0.7193972309298475
542748,0.6763472421404475
858582,0.0
971218,0.5928185455331327
763232,0.09347052764556826
336389,0.26395415181441867
996292,0.3034355680592313
179680,0.9018861017723688
613502,0.30027905599529103
798285,0.0
255100,0.5630862925489248
428027,0.5568453440366351
414899,0.05585302601950313
442856,0.917925058375665
683463,0.0
338300,0.0
603149,0.9598277707656656
544466,0.8371368451271316
561294,0.018544160332919134
465001,0.5612994381269386
743430,0.9192596987340739
205720,0.5080750213394882
111802,0.799553368440504
370354,0.30569078206150996
409724,0.5778625359669007
847454,0.682250599221384
688677,0.5787924066763992
787406,0.41117798592361066
413191,0.0
677425,0.0
598261,0.4857008341317454
619833,0.0
860760,0.0
477674,0.0
299865,0.08721403937747502
784296,0.192473774187343
221108,0.920609538946696
782966,0.22642422302440351
302623,0.5218156039116711
697760,0.20727113610720518
591928,0.07577332938314217
767071,0.6045175867165692
938545,0.4634525827131037
660789,0.0
794459,0.7415138811145479
901078,0.49061118488874783
339818,0.4111809373227684
880989,0.8793673792221903
146109,0.6448793716979775
486224,0.3506688260907425
396096,0.723142882374944
212001,0.0
401213,0.0383489860770462
514084,0.5464168165663295
853897,0.0
721121,0.05593894308267977
986744,0.09590657702078705
157339,0.20835794065307733
378940,0.9427133495667074
797122,0.7605513845883413
679980,0.28311339819452713
434496,0.0
252634,0.0
669465,0.8508955016103334
934672,0.7045200440276301
917841,0.0
298190,0.5229687344703695
612337,0.16919490373439752
173746,0.0
572603,0.9223468654474021
609372,0.8832987791349284
382238,0.28485863575540976
440658,0.01801059179104088
822841,0.897009340316044
610922,0.0
627218,0.12999636891055563
896707,0.9190950557403612
804591,0.6060214098698478
882678,0.6210907865362371
190414,0.37604269000534424
950148,0.0
460243,0.7421535049916792
674690,0.09556749015322155
214448,0.5136203766937324
333808,0.6808225597507647
770803,0.6893991589707624
686836,0.7560407624724751
467656,0.07684805423517738
793342,0.01853285786370228
938380,0.11401480385182641
743234,0.38446614105617666
304413,0.13033915854562822
325964,0.05671489711431366
902033,0.0
558330,0.698415130949923
836484,0.8364358726059262
409835,0.683247590025492
884878,0.9609854013850269
429767,0.6040546303065614
142176,0.6712081854155394
636106,0.15161655208285635
672934,0.6047370719982863
607141,0.036967338187822156
610390,0.0
211804,0.5445432054357277
183202,0.7408213321635083
405882,0.03546064154632888
125981,0.51938833380756
210482,0.07436766903031589
865775,0.7894573060271877
743295,0.9023623912291773
929914,0.7215945282088735
579928,0.3671552500076615
737349,0.625835387351472
113942,0.5314629684327695
735846,0.6265440643908755
432821,0.8218717863409456
786688,0.6387298030809261
491669,0.6256228883477197
609982,0.7648263510444793
985500,0.13183046523805014
455710,0.44426266206614384
202787,0.4004252855100473
615598,0.39463956417626567
116157,0.24036029012680682
645999,0.22667498895176594
337391,0.9607646228574223
930758,0.28195944588912814
447769,0.8226161612731521
853319,0.6006233422137273
170022,0.8519539378050088
685221,0.0
144797,0.0
225269,0.3783857571337402
928513,0.0
987740,0.7197076848574825
419609,0.699835883477299
667440,0.7467503337042125
366600,0.814922039928761
872774,0.09371835869692634
406079,0.36123968606835094
155801,0.0
621582,0.0
270586,0.4247808080958662
434425,0.0
931272,0.0750454367871044
334011,0.0
924870,0.9411971883453125
133409,0.5215824423355557
534791,0.5780954598745252
614716,0.7930700966348889
444058,0.18959923339763848
348478,0.40756421043455315
117313,0.18506005821233834
387355,0.5227798001171373
770480,0.9048433373793019
901186,0.6269740564236231
692252,0.8162090994800533
252504,0.4516654732286208
172303,0.07562786776380592
425622,0.36252844341838925
160661,0.0
484903,0.6837314818410374
703044,0.14680980447387412
761457,0.5794689967310495
247910,0.11410872107605172
335816,0.7419955830312862
736537,0.6635684824781709
927230,0.7625992931087531
809132,0.8652490927723411
249421,0.8834284891654473
901131,0.9010008449776598
501587,0.738908516797064
483515,0.0
827515,0.0
463235,0.3223163252688305
602441,0.0
912560,0.8309268594834671
540049,0.7593312963534977
468731,0.917942366212476
770437,0.7291495477490053
819303,0.057556057592125114
520547,0.9430819169708915
305139,0.07451119697291915
913426,0.7086483263506927
365374,0.5370305024923382
784538,0.7590476508258469
833889,0.0
819968,0.1033455914368569
713682,0.09452986160273275
762399,0.7684269484942343
879989,0.11273059624550322
807487,0.7744721277792447
446364,0.6555668101773912
477381,0.08930594822411697
906661,0.7348508011328044
663248,0.6998194545558392
701192,0.0
550907,0.42800229204142376
130306,0.5020555678289579
973093,0.6748706585480019
428707,0.0
767910,0.9430322018702396
963137,0.256425999367177
561624,0.0
529675,0.8796454117270242
302497,0.7935079162802805
817505,0.9417140315257914
571976,0.799863299465907
883834,0.0
975192,0.22567996835915505
366768,0.3626825089611307
623030,0.447044247447298
442835,0.0
370367,0.9781900975532984
568483,0.0
729468,0.7461170361764093
346898,0.0
370028,0.40329441694528617
114695,0.3437917660594333
845201,0.23087065210805022
617653,0.14744193685673118
112012,0.736837021431338
389892,0.2280010405753651
636557,0.0
192471,0.9418176845375806
896973,1.0
978606,0.33902933070815205
542147,0.6042117067472519
608152,0.0
341890,0.924692940580166
458105,0.9232555729047424
187538,0.48553557959500554
105948,0.8635537692689647
687005,0.9004236022167422
284083,0.7411324054369275
377648,0.6215756675016837
156842,0.7652014390976349
926526,0.9055011017708898
601423,0.46573512323146854
493016,0.0
641676,0.2676813822185545
124678,0.9452450235334692
526992,0.10590967392268692
950884,0.0
603683,0.6578397653939142
762512,0.5637798781272132
213896,0.9588859573616014
926424,0.0
566467,0.018639933526283143
892991,0.08492597681900815
192559,1.0
117729,0.9343146227439233
897716,0.35903711743300176
262705,0.3415813597504496
310204,0.0
310990,0.6211846938463643
844754,0.2779798866196636
234818,0.8234841433108167
448824,0.9165301251946205
513701,0.3758014278141599
367800,0.0
577192,0.3328133104316785
367740,0.2885417250413344
142482,0.8396586712408747
257262,0.3518991704089956
612313,0.20731797689519751
856739,0.8018814862518545
262889,0.05697717466235395
633484,0.07460407914945888
462102,0.357076240107707
394538,0.23397050775626574
681856,0.47069670694734117
588313,0.2981963913405797
645944,0.0
371406,0.0
867738,0.06995280851765905
274437,0.39942568973873993
723490,0.7706695250043115
636391,0.4247104418788035
762622,0.0
538251,0.6484853634272002
345811,0.28572359432414585
158921,0.2596750617907494
596589,0.3692925088195653
644471,0.21428733524156496
764020,0.9602195531454994
618404,0.678706531559839
573971,0.97922963531719
550600,0.0
436444,0.980563335302326
125507,0.8448770414527236
111526,0.40078148605837083
583711,0.0
651301,0.36998957368086927
314067,0.0
270062,0.4805988113607077
252075,0.8637439631988274
337201,0.9330741958810184
949514,0.8836149375323656
441223,0.859005230979568
449708,0.858610065458456
776013,0.7825610749664803
375811,0.0
504636,0.26405246173939134
525364,0.5783177478844753
786673,0.5194173246886151
236267,1.0
170986,0.0
258188,0.03744906046421592
530149,0.9010285521704091
693752,0.6825317555791602
811471,0.19681919156758731
399248,0.382542977646113
930957,0.15032523718245083
398459,0.0
515228,0.1644967396972479
856964,0.0
867359,0.9204670154224353
663681,0.0
902988,0.0
339888,0.9384747112834938
766633,0.8322635123088659
701136,0.0
266950,0.776464918560083
868961,0.5003203040217356
455645,0.01880872227408003
844047,0.07422111497268218
675475,0.37259276952089204
208857,0.797172764631779
183454,0.7202181122813909
394095,0.9020766675033843
565100,0.501099063343236
658132,0.23724955002977652
511979,0.0
478533,0.018241880891978503
866213,0.0
427305,0.7274549828062153
737909,0.3841494679268042
301645,0.7442163972286362
139951,0.5193794288340796
279823,0.6172842703016584
342599,0.7585840331995197
818735,0.6638109825872999
128489,0.5820334540409682
538062,0.44117249731048963
654232,0.24611504403920761
702989,0.9389367531477403
146564,0.07800773535191198
966672,0.4084636033689898
574485,0.24423288171502594
536433,0.1309674267453186
103161,0.1964032820125576
144155,0.03317434144499354
966051,0.20502414328926347
490358,0.44255643658686766
113069,0.5838984557902074
909663,0.0
254593,0.8334440217462182
910075,0.5444295923529627
183096,0.24545317099986894
309201,0.0
951703,0.6285667909081286
806647,0.4286962241836129
922348,0.9606228991149834
710138,0.2902228848326652
278097,0.48547319241668335
198761,0.7690922483545372
327953,0.9214748666318178
564462,0.0
207410,0.31688783335229515
806498,0.4145814773092284
452879,0.7832519423722322
797429,0.0
865192,0.8951763248807029
270615,0.555044722412326
591464,0.9597893528859206
501913,0.0
636591,0.0
169534,0.0
564893,0.366068399405572
557603,0.7275327634293091
173325,0.8180861217589048
947361,0.9218067644089796
101659,0.0746817549666206
620497,0.8429187598678397
687935,0.4623347013785029
161173,0.643175007735835
858763,0.55467889566569
104191,0.9804577897843377
730915,0.6636663300637123
187727,0.0
377271,0.5087520912697614
443210,0.24743954974498564
998481,0.8785194026057775
893170,0.08465499959463539
863097,0.15341531324579916
877084,0.5841918599774151
860021,0.0
732068,0.6633739941000658
644151,0.32624896622128147
625626,0.4597829051125385
557638,0.7939041082908328
571704,0.5079526531755745
647324,0.0
441035,0.9803803427245816
436709,0.7822426279705222
997381,0.5976456581744546
396269,0.5115995450701419
593093,0.17290232973320915
760947,0.0
578763,0.4922270034867857
831088,0.7366196698166001
259896,0.0
245213,0.017906827080098935
775286,0.0
409101,0.939012478391129
876013,0.0
420290,0.8803022846724862
101870,0.628737689875505
182001,0.23954329374245262
442483,0.0
856619,0.902771974246135
791399,0.5301889993098357
460985,0.3819821657168032
867908,0.7162779400753926
603911,0.7785108628181209
283611,0.0
707537,0.8371522665405349
276319,0.5674978916469887
965418,0.5876305456593888
486478,0.5406262606806648
294582,0.4951960597872801
893783,0.0
183465,0.17013942820937653
428274,0.7440683572871655
168688,0.22591870905672326
863411,0.8604353322455044
635512,0.0
689787,0.5297493446460693
609198,0.12038443199076972
792194,0.0
113005,0.8063489780140695
324186,0.6213806023804986
104751,0.960235926904763
915049,0.14866500501596125
731527,0.8766499896178079
494453,0.0
717236,0.9199879432307331
499846,0.12855238748255224
204622,0.13610191328788265
725088,0.5640244873852145
542472,0.7578564359553457
832477,0.0
136188,1.0
684051,0.5189532763426621
182013,0.18243390812596952
132848,0.0
618616,0.0
796036,0.9591640678095303
568855,0.05517414489897732
819921,0.7836804921347303
295755,0.8845090078818375
765707,0.7206996798663762
231429,1.0
841086,0.7552254157921585
165275,0.2865640085159682
149688,0.6792199285781572
761984,0.26086543449252625
906070,0.0
347176,0.439725681134679
404696,0.42904213474946995
322762,0.5137058943519547
325983,0.1318918853434866
672187,0.2687561733892032
407289,0.6648428196029975
174858,0.7164670822477409
614226,0.7990355701838013
512942,0.8835114899823994
757366,0.6204363897829672
839279,0.6978415753963145
914162,0.0
835258,0.0
310852,0.3304631951901402
226000,0.3434749917177018
233231,0.25718541247006943
301835,0.27727436059021915
417002,0.0
622903,0.19685538976094993
146875,0.7232872795167844
116469,1.0
578343,0.0
356457,0.859495441593178
665507,0.5170010147481392
928502,0.3856302463064822
485272,0.7634326256472603
443473,0.5981754730319603
396092,0.8752697116975121
903536,0.6586571599198996
613996,0.0915163705164391
154225,0.0
512181,0.4431986942460843
668867,0.12951703101362247
469774,0.0
309549,0.6023476853364287
135100,0.0
988262,0.2680624289759285
543975,0.7740338473960587
109516,0.6817863614919651
443099,0.05652132087104924
342025,0.0
274095,0.14975826125233252
528371,0.0
114529,0.1791722387611311
369955,0.11345781411361358
680642,0.44453090165369585
801159,0.16923383552668703
647226,0.3426915157378282
233735,0.7541672457133904
642014,0.4026616338531042
490930,0.4844355310339897
514972,0.6422232975807349
344971,0.5501733770116276
470450,0.16486488752459602
568403,0.47613669127861935
619936,0.6977136937274752
838453,0.5620228750514868
905259,0.9419561093740088
844589,0.7035520406130592
139728,0.0
984837,0.0
277222,0.7342659934034905
922333,0.13149847920794544
653105,1.0
502610,0.0
127601,0.6623621602123352
585658,0.0
617591,0.42691086962112024
970742,0.1187428219354244
636239,0.4589511700724118
555086,0.0
825753,0.5340490421564281
178225,0.8212718602731489
990145,0.0
107532,0.8810619194708098
776130,0.0
746335,0.25217673550384034
635977,0.0
306593,0.400573062038952
899374,0.0
741840,0.26070980395816673
382928,0.09128202899049422
205454,0.6365894623699906
912570,0.7384671862402776
712555,0.4430524847757884
135253,0.13579714838522033
676708,0.7277890033072634
301437,0.2480009341259475
400125,0.0
235602,0.8585807427322422
867725,0.9806036218157478
268326,0.019110281092923894
696465,0.0
203205,0.23099999541230357
624587,0.09598331048384932
462742,0.24723882920887716
221761,0.7211983207973522
477509,0.17954446817288763
918104,0.824438856199648
739942,0.0
396165,0.5769078103057212
972233,0.40400402877372327
828712,0.30367029555020486
639638,1.0
796426,0.3612408610997912
438022,0.7816235499383557
228423,0.9581804980475389
494176,0.7410794006048844
224860,0.5773648939304894
374426,0.3416035512300813
812185,0.514479126862346
340452,0.017178155533025347
270053,0.856882231362311
596992,0.14837568661256365
910816,0.717354544977273
330977,0.40059950948337225
222236,0.4261499135365651
134300,0.0
900132,0.4524074237056925
806761,0.30174424203282546
611783,0.6079751352597962
743590,0.7220885254958131
739988,0.018556204222452716
331613,0.8006828826738889
247126,0.2866709265097804
194582,0.3236504714151164
280457,0.3762858850668568
545329,0.9586978378135268
419929,0.0
845031,0.5854829220510105
618902,0.7212773461193581
473835,0.2848445674111969
905453,0.6933811858980624
505866,0.8418542568007495
301584,0.0
280663,0.8599578458847424
532011,0.5444544830876732
977389,0.8187125765660909
954770,0.8418419916385422
911403,0.05717273325987712
209248,0.0
584624,0.0
814974,0.0
896400,0.0
116519,0.0
390791,0.3824096872742201
486551,0.11413545376783289
750320,0.05323408718166694
817650,0.16157044801246684
637303,0.3350880110985021
153912,0.48908943634135
442438,0.40932365277696503
840576,0.34565458026772033
257412,0.9379045837708966
599602,0.584153283924375
385791,0.0
683878,0.47944336165034745
186493,0.6667477833049673
821114,0.0
242336,0.13126734512870478
889398,0.07547778573085927
147870,0.13083935436760868
675160,0.0
894726,0.5922605592005145
435365,0.6467653201448859
111045,0.31634218774336786
272274,0.9618605964589355
520730,0.7594714306243069
356982,0.7005370579591064
832008,0.4214509501197625
257423,0.0
663023,0.8404026509168089
730088,0.35295902921798755
667533,0.6063130789320158
360023,0.2901965759601351
719487,0.2458471297492873
889608,0.8551779740869431
973081,0.8994502368282224
349833,0.0
647404,0.0
917104,0.525022137362306
526500,0.8250895448174568
174894,0.0
259501,0.0
339630,0.2373004641238632
378980,0.6737779342870187
787296,0.9019822014153813
693624,0.9413881408638591
136333,0.8622449406363647
268539,0.7856365452125889
358040,0.5644054584936252
482426,0.0
677516,0.5175484051409409
840011,0.09512807600647237
842321,0.0
157553,0.9389973195007153
890006,0.46355060588641117
232307,0.8118345019889667
103476,0.48736694134501374
840840,0.0
930244,0.230885410743876
536232,0.19020374151334712
347338,0.508049829885989
488576,0.759073745989619
292820,0.5669772032401817
438811,0.583479234118275
572440,0.0
825397,0.0
976690,0.808910805386672
818452,0.0
981950,0.0
428958,0.0759436614091213
337047,0.0
337964,0.7666396582511337
329618,0.8916867472280506
536573,0.0
934984,0.6578879692334021
850866,0.941283464612932
125643,0.21948555117886517
831695,0.09368550545830226
241656,0.0
619954,0.8036651090891416
731995,0.9063789393195065
297578,0.9408890736445971
651854,0.9577404897088434
549050,0.4678830852072294
753742,0.7164825745406157
557250,0.5640161733559951
594286,0.0
162687,0.940719532330281
798287,0.6600873422123468
243671,0.6373601438685316
709100,0.8192162454990407
441069,0.4434536375735503
626027,0.3251632733818587
494993,0.0
137819,0.5024650984486455
605586,0.4049715244584812
801092,0.8185089830035595
966122,0.8200928155675341
997412,0.37932048316695616
142238,0.843493813530462
783150,0.11064739461004763
495447,0.5071485131203595
671265,0.9622817504203606
757987,0.4468954434167792
265237,0.0
648888,0.922116486156059
820962,0.6489036093444729
328131,0.8714851362455087
547355,0.5980112177629748
815591,0.0
210070,0.1479542077549213
745477,0.018058453548023632
675309,0.05604116900080749
242530,0.0
240889,0.5328952553357659
999981,0.01826622837207705
572387,0.7434820181642164
329961,0.0
747245,0.8838711654261684
464972,0.5802221778964523
765719,0.6784089641347532
810529,0.4940658680218685
204346,0.8633011613409663
449648,0.1257783841556918
361360,0.7631685370324128
227774,0.7630971442904452
665860,0.4331592746470102
312450,0.0
309308,0.8959662333393692
481810,0.4679018762414703
420734,0.7975001529288731
832023,0.7756709013693343
906867,0.0
247387,0.18868272885226492
709465,0.960707305469793
704016,0.1341719904714962
801055,0.4328512887452543
780112,0.4641510121063886
393262,0.5788173963482922
740364,0.3039523857089809
989687,0.0
867408,0.835571361347579
768753,0.5586739217687837
846303,0.0
177272,0.8370402029064887
164165,0.0
614856,0.0
711743,0.16410137462796578
668290,0.8576734792940651
450227,0.33799227444508145
549800,0.8237824160263135
880511,0.0
811929,0.760690367968007
234994,0.31979954071257516
733849,0.5838451735604075
641442,0.9383621570473298
842465,1.0
811569,0.370975085265803
562018,0.902980965014975
860801,0.980210911404057
816774,0.18589106498201968
707953,0.0
858024,0.0
807352,0.6147804275155588
152625,0.5540362159440722
438690,0.8609404154943491
345127,0.8770044353045289
570149,0.46327776886867783
912877,0.0
231872,0.0
312353,0.4208693814223199
104034,0.7186791198099295
342323,0.0
927791,0.537185176109584
102162,0.0
305793,0.28548815595593874
556160,0.18884244499554892
972255,0.7612161224182362
915954,0.07635817160578588
601269,0.9201598517726783
628211,0.8566670462528331
541166,0.7616471098413437
308252,0.8415340016302708
716059,0.6983061960278718
629714,0.6431619804224575
833269,0.13085133529317472
106364,0.9608238063373977
424175,0.9593763450367295
185907,0.13003045616336922
978186,0.4681025515105354
238344,0.9098134052226867
473238,1.0
611274,0.46086185723302087
380760,0.0
754420,0.37833644363326735
776757,0.5988135175132552
442776,0.0
236664,0.30503942887978563
227608,0.3424949946520824
178188,0.4714217032937005
379874,0.42577757575370634
164954,0.14164271843804793
872156,0.03724512386195867
518200,0.0
845074,0.0
405155,0.3923301994463619
820098,0.0
337628,0.653978474774917
702302,0.802809265962856
312251,0.698920605673684
692923,0.10975514234473834
718561,0.0
212780,0.7565669481678657
277110,0.1814256839870962
959426,0.9809458512348546
244209,0.7205094757934205
356326,0.0
837256,0.6951687776081616
104648,0.897248738598232
957306,0.0
843104,0.882758272837562
183732,0.31533537911259785
427246,0.7713066987440435
822760,0.8357875087969342
606133,0.9825342645225159
837432,0.5187696339899872
427285,0.15292478649830815
527466,0.5461443853674126
915083,0.4189286322662428
709164,0.9794120887842243
297241,0.0
911302,0.8689069543265351
688718,0.2682394218166951
395386,0.1502211536433474
530451,0.7637696922662984
320554,0.32857354486442203
140126,0.06295631594504701
322664,0.3649975914264691
725890,0.721834109808134
484405,0.3921518514668072
235046,0.42561290059760515
534319,0.7580613862411624
203685,0.8338293920251504
667912,0.7418785403192129
865087,0.7183560444905731
181338,0.29025770744590296
602881,0.6782425240649627
865328,0.6586091464788576
213373,0.3634231783259826
521358,0.8222087437919811
658417,0.0
769080,0.6615934234889617
686400,0.7263956098760513
738823,0.8844763993662224
197706,0.389070015603945
170484,0.26554275876934136
508211,0.0
929805,0.8388055368309949
117211,0.0
443059,0.0
828788,0.0
684531,0.9624950688357038
114912,0.6443373061963491
144488,0.03710525547254077
589770,0.8963734038465248
726000,0.16237678553989837
585284,0.03367623669305061
547580,0.26557349045248135
753688,0.5848970045238002
230278,0.0
712651,0.3995128001511344
130092,0.0
107214,0.6987904621726316
899480,0.4588979105058933
225106,0.8163612294136882
992669,0.0
272600,0.45766970426296255
323014,0.20453267583511844
479510,0.0
976892,0.5821877053128554
167615,0.3886593483207946
125341,0.10996274740010267
831896,0.4876096351925666
666812,0.4382839674599409
687884,0.3086282128038614
822698,0.6790028831768473
657928,0.6016419561274061
705649,0.0
332101,0.018703782725722633
615922,0.36442043185489426
334128,0.6564668699845632
435199,0.5634848279078446
673269,0.05349201183000173
242532,0.6648520579963347
707815,0.7590484227484996
643044,0.0
162461,0.40711456871966484
982603,0.0
401056,0.0
639342,0.4835646264734481
934460,0.915567997710926
619606,1.0
779267,0.42508295492832876
763335,0.512706236566733
330925,0.0
618243,0.5450599332330828
130272,0.6054301968250048
663664,0.22805511175771234
808828,0.9605655421998344
559333,0.18914102651993905
891086,0.20431185191536883
660805,0.1087937157921389
323454,0.13193668521044388
174554,0.20994834200020243
214345,0.6189123411735622
734812,0.754345910200137
200348,0.42315338816519027
873336,0.8821621800379827
839384,0.3339189392243083
877355,0.8402362001107129
430431,0.47909514396283515
892022,0.7588444692973721
440867,0.6135749701237394
262831,0.0
302686,0.6042659011712818
965495,0.8574956935332598
358522,0.8221416585821211
403118,0.3197571401246841
203187,0.8839388103031959
552408,0.9028029508344052
664078,0.46617224582652306
554460,0.19062284815868785
520212,0.4109464635730703
241417,0.0
518374,1.0
826605,0.6735100546011316
128303,0.14854540207604183
956617,0.26567027968346846
247915,0.1915423052935745
757109,0.9154114510080885
398197,0.15547271866105725
902074,0.018429674864213645
561462,0.13293175249821673
118920,0.31127851499546727
688555,0.7427356434714694
127168,0.7268048839628597
995276,0.0
151905,0.5216464954835319
144016,0.7583177199488327
609555,0.0
910215,0.661490170607055
289366,0.8741110875277919
171631,0.8202945154712199
669001,0.6900639455910924
580424,0.4405708276851879
292688,0.30861393390864156
626311,0.9212682686131047
399122,0.8205317558150977
823370,0.0
408140,0.03806226463614831
364455,0.03504880399658174
528673,0.5381468001450548
438859,0.38732445056406917
160971,0.937495302841526
866383,0.5048187803637973
685709,0.12776635306435535
667320,0.3620594877635496
701127,0.9005684237685441
917085,0.8012598717164117
448286,0.879039658923775
473644,0.0
678561,0.07614845047885423
455135,0.7332716670993568
153339,0.34572054994676266
179293,0.47337736662528573
161705,0.4606388595390922
270295,0.3618867779948713
945928,0.6830225796712227
921321,0.9438573399272022
271077,0.0
741134,0.9208954144160862
489514,0.9575704935341358
624096,0.9589536646268784
453540,0.0
546471,0.38581210678482764
309267,0.10891595185358557
748120,0.0
321545,1.0
788854,0.41834372500041495
380730,0.708845810622182
376046,0.32283226729541253
443528,0.10896117704862492
391065,0.8024985211348244
843734,0.0
589797,0.2145108560065754
675305,0.7416593435646746
155127,0.0
811274,0.8575238224506441
859737,0.5157046703674819
850223,0.9802877263843284
444695,0.5610343317513264
183474,0.1535700301290873
578435,0.09411508448662194
342144,0.22308816915110785
775990,0.1906805825219846
914340,0.8799064585208328
624747,0.0
691165,1.0
320502,0.3283443684329145
313546,0.3910394980736228
539597,0.28401003109684514
145990,0.0
724285,0.2726861689203476
734504,0.6601809653883925
612813,0.5190744874618253
302316,0.0
780474,0.5800892171313161
462722,0.09210947178730246
530938,0.6353369957905617
182231,0.557564568005654
765132,0.883000074563781
765153,0.7575017688317153
572727,0.5424770028811811
974651,0.13370471236798775
248818,0.7581414192847851
947974,0.40366895785552126
312201,0.6026975362596756
488085,0.0
448565,0.6809514532295234
462309,0.1365847847858958
909415,0.980642559091454
926248,0.7167944737062448
992613,0.7824931376692071
965810,0.5161861345465902
616014,0.6633191322723525
896643,0.5450086487246344
209292,0.8793185185064858
499042,0.3106499814168393
516032,0.0749123605742802
221437,0.685752383813773
900600,0.583372118779458
787281,0.7632641971933157
105164,0.0
132427,0.1522918709072023
918958,0.0
285583,0.18466480982291716
809496,0.7597136000732081
204362,0.7284149106097819
687122,0.7766104687991854
831656,0.24812914146253814
869175,0.14874187036108671
813714,0.08949719031441952
992944,0.8796394957363443
296000,0.9800067017465894
976146,0.5782979056358785
637370,0.07628186811297478
705429,0.4792217743034978
360129,0.380637116634169
848479,0.9004134450340501
475908,0.5180084875785345
952780,0.7338344440291753
663561,0.43546796778921715
236206,0.40052546070113265
294469,0.0176377785058215
815503,0.3908332866169421
383675,0.800004040308584
457682,0.0
934349,0.3355036418274755
395388,0.3210248745605975
485430,0.6286830610928643
910643,0.34796506611356287
927930,0.9117591235288723
106793,0.8048677072920685
318518,0.6551165176910171
390513,0.13382760229928298
912423,0.0
861057,0.5119062163630033
304232,0.9584369799294676
289453,0.6353019707113068
145849,0.6651403987612508
233269,0.9796409455370974
453165,0.9635601153620571
416023,0.7253602950032695
154699,0.11095549600689389
803907,0.0
264603,0.0
811073,0.6017190775192068
600521,0.8428163750290547
775017,0.7422257642767335
345910,0.49735433036839
735801,0.12845933735856557
275533,0.018789225319081056
509983,0.08885229068078931
546879,0.8195446858360262
832814,0.8597753295741851
252070,0.08637448376883182
158473,0.05645065789763355
997322,0.3124483669429656
398079,0.6462024919587053
619544,0.0
112999,0.47877118350804126
310957,0.7934221729344726
350264,0.31767407744021026
563763,0.7650946249725963
597608,0.07691168995579191
849334,0.44227710611194726
970628,0.3475435686001309
448175,0.7807627886171484
709167,0.5613583212079349
424126,0.0
510816,0.486427686266411
852146,0.49864104924116825
467046,0.0
467538,0.11356192078954067
217169,0.03826747350865782
517827,0.12836848825249234
688797,0.48184593938722936
792366,0.5177924013948416
663230,0.9801382837310305
907619,0.22400876321439359
510478,0.7983222829541786
807778,0.9190300171554157
867311,0.8627528916517618
376251,0.0
606009,0.1471490756408154
109172,0.8968373838487236
368710,0.6648555013285431
741414,0.8425103459855172
655388,0.8412281256830517
577213,0.06837474292483087
730759,0.38257176354263367
866005,0.30566648096544863
867136,0.4267288418391532
673627,0.4012769350008937
776133,0.825087999360995
420796,0.7376518214544506
324015,0.6402890734665495
305263,0.9010930799197787
576803,0.2251429620564905
567393,0.9212186454087934
840711,0.0953561320613612
281466,0.961781174950102
743182,0.9231099102248751
102568,0.17012356348424978
965232,0.6903263898333164
820515,1.0
923673,0.09388824792423328
650105,0.0
104764,1.0
461426,0.5589919051772677
589879,0.45605039665685027
127546,0.11048169576486068
642063,0.9197866424173348
653552,0.6820384126359498
158957,0.3058268483803904
794199,0.7157102676620316
740196,0.46142579245234533
283099,0.19172335419390538
592680,0.3697703955604859
308231,0.6379587529624627
397843,0.9237117865009891
561511,0.8609021945828538
634594,0.5005964194090219
375349,0.0
773866,0.981969601437077
206007,0.9581846124215396
828521,0.28261731686185937
524443,0.31815109494982785
289215,0.09685372984241036
494087,0.9418064533489743
334399,0.8625591786745627
675999,0.5972257298635185
103099,0.017554972956912836
252758,0.45447556868491246
625696,0.17061374182207045
972268,0.2512303886268062
365175,0.8780333851990587
858451,0.38795318806900503
203253,0.937627546761337
372925,0.14802856575428344
568387,0.6108248843473078
494954,0.8245373389720352
912341,0.0
361967,0.6796624973525547
547098,0.14363732649175348
689446,0.962431054022716
191678,0.23000323901601527
642791,0.5845156207267587
368640,0.8162332158660262
798590,0.2877408706623749
466035,0.6874194614786848
840470,0.0
130267,0.03748926840634804
974589,0.3467526292257002
419242,0.356937653795728
303890,0.4874894192666313
257060,0.28883766419123696
416296,0.5096329020359709
300051,0.03602279586621125
258000,0.7989263955327824
592443,0.0
933649,0.9018669184776974
649105,0.8952347772915388
973379,0.0
815540,0.4453746845198172
771865,1.0
165962,0.0
927695,0.4935168545195577
500914,0.626392751196163
796897,0.0949457891035526
603877,0.8054456146203633
297073,0.1697521540039117
131902,0.0
456803,0.5926186728369923
607180,0.0
604787,0.7206652308643202
717691,0.3652328760631391
607829,0.11341589202946666
424309,0.8020948264385668
107702,0.8370463500786572
202583,0.0
875402,0.15227642128093485
117837,0.0
309474,0.5906025550567988
949257,0.6523249767574032
391969,0.6079337938358871
233677,0.7714029915917885
144685,0.21347094160429622
739995,0.0
243380,0.0
389585,0.0
921657,0.500102481591044
542434,0.4646103456068403
697483,0.038031597103958426
542877,0.42241153626057903
645713,0.0
598526,0.06524547053015199
399175,0.6477671556830099
504621,0.03539412036071488
430352,0.5731392526197774
478417,0.0
804213,0.33267319065879486
625519,0.5846045229918599
292723,0.262864559224044
565332,0.0
616964,0.0
720853,0.0930755093260233
545438,0.773937991143236
425344,0.9379782003432521
462597,0.34303214292529427
928791,0.9213277812617515
290959,0.9203303039765851
161870,0.1346364239024403
878407,0.6430558489830619
323599,0.5475890701076521
727036,0.05712865263896921
978724,0.921771580886877
179113,0.841533780150141
221705,0.05661353219481099
419273,0.0
833976,0.7767696872467178
251807,0.5598829644636137
919618,0.8423499309001445
659605,0.8546260705024724
396125,0.6917502223512151
636129,0.675238362483395
773053,0.0
737240,0.0
550430,0.9299065633674823
714433,0.81796191873117
346935,0.0
536108,0.5024999556812733
166351,0.8975746190289032
332575,0.9760167165525929
453283,0.6002527381904094
623127,0.0
789659,0.8231118873041835
390326,0.6035658965017326
995966,0.7433716660277317
223747,0.2209477086933771
451942,0.0
710664,0.46530842738616296
923507,0.6467513447727978
855604,0.46365200806213247
472147,0.0
117287,0.8260089994386547
725922,0.7673163974470477
733394,0.5611683587023123
998055,0.9015245698040558
308364,0.6345235860494809
400595,0.9194789292773933
285208,0.0
947598,0.3979285539258821
580572,0.0
270758,0.9411375773616873
862233,0.0
741884,0.900991831286202
629864,0.32228702070673204
909694,0.4534137032752383
234993,0.8028032060377123
876993,0.6795559592875468
769489,0.5390239516932042
555825,0.7611955183485379
716562,0.6228583632121979
247282,0.0
309949,0.7658451862603932
307307,0.9391577611783295
860391,0.9805975469109227
391606,0.4470376325694915
509306,0.7400903570672076
350671,0.4611682698340912
666075,0.727632164767134
366554,0.5172726993587903
180775,0.5058915900515526
310448,0.5163143644102921
209671,0.039407917708615944
317176,0.363330232722302
401437,0.8047711944668908
588899,0.3433861769341614
550783,0.27107905889071926
894532,0.21214605606414588
689080,0.16791808758498383
268053,0.6623482180728661
535112,0.0
334341,0.8239228495444484
586298,0.0
136911,0.6185098650825482
928493,0.018072998252462898
923363,0.018436884323004697
838585,0.18697450599328322
301464,0.5585483489429296
312567,0.43609160279455117
442195,0.26916183328791415
545666,0.0
838533,0.0
209786,0.018830183167523093
570998,0.9003813090162789
538419,0.5625569829610925
116546,0.40582223687732843
616198,0.5214022799065646
361744,0.8641824231329871
522071,0.0
584740,0.9608977331454399
136814,0.3673174263157994
134551,0.5246052339803439
498560,0.5097705242163524
293945,0.7057417340459993
611039,0.8390169719850208
993241,0.9820541388777416
994922,0.6226660562861889
319269,0.6040630992950076
275086,0.8999472901899754
148921,0.0
918445,0.34029292095103575
247548,0.28273314646557807
934325,0.0
111289,0.4844668372138064
269019,0.3095940741084037
863341,0.0
351337,0.3168031150522815
244259,0.481522183829842
981004,0.606352607344404
500568,0.3267001031533382
646475,0.03712036670301501
127723,0.8624768562226207
351082,0.9599714939051598
849702,0.9188457249446454
424148,0.8615332897811789
551325,0.5820324544042268
234853,0.8222505163712779
936678,0.8653332153086307
455594,0.6811973617641859
683365,0.8023301071396131
507655,0.7357480817585006
803065,0.1899192518394248
354317,0.7659490442077314
157704,0.0
817053,0.10705010858808287
129756,0.0
460146,0.0
394731,0.453570600709524
478243,0.22474224166628937
951391,0.32345267974242903
882250,0.3714750168159094
330803,0.7638212547942398
921819,0.13361508735484268
208931,0.0
510330,0.49177402945590826
574000,0.36323893512159416
843709,0.43513433694705245
714313,0.0
582054,0.2595996550964349
376449,0.42899151210586817
963558,0.3519000801066755
123546,0.20454158925729982
666791,0.8589729807331327
478371,0.6386484935721665
143873,0.816857830165482
521700,0.43586854233570516
207178,0.07627586136940032
711086,0.36439036349035125
785000,0.12782420256443944
876823,0.6075041489696801
931499,0.0
197342,0.21199312936077094
571698,0.09881662625616543
200775,0.7825506164259689
937224,0.19887303160404235
852839,0.8411288368419578
464186,0.9022725306610551
550329,0.0
616587,0.46201784078358027
491377,0.40443908912371507
905217,0.0
647091,0.501840137153889
550494,0.5231157013259566
106219,0.8071619517659303
954638,0.6000333911414887
245609,0.5596202647356144
339629,0.04806592152259567
448729,0.0
663231,0.0
631602,0.40388269028027424
128413,0.0
589398,0.24527230388773663
670143,0.13055256615412275
330606,0.13866919862642138
932149,0.26668339437685534
521054,0.037697622405749594
669164,0.7555007597106692
720495,0.3865297523292503
778206,0.28851492598341333
703430,0.42069175970991635
739985,0.5780820912538398
839202,0.5453920131713711
237899,0.0
949738,0.8977329167367583
460808,0.8586083755522528
859980,0.26043038252705275
116886,0.4051747791402054
108498,0.5250607546363311
940256,0.28610843896032506
301939,0.6945076294111546
998256,0.7224076058271307
249215,0.9187076887968243
748157,0.17369979939828065
675867,0.17722378975924463
252619,0.5324278573765131
451279,0.8001125953982681
614927,0.9018634535038483
615432,0.8812248002473683
544297,1.0
643116,0.3193354111325639
772314,0.2058413518925775
113240,0.8229829732014828
930260,0.5014004190963888
523527,0.9805630755578428
288991,0.8765729295274587
480564,0.24839301441871547
674982,0.0
750643,0.8953432736506718
563189,0.2590202048019913
601142,0.0
936457,0.19029265245858917
547668,0.5841082446162765
413333,0.45503640136669227
920776,0.0
303152,0.9793464740870145
245889,0.0
413188,0.4942335910896163
210007,0.0
448113,1.0
744370,0.3890524284337513
770508,0.056617691287579125
180912,0.0
158598,0.12471338068158287
461839,0.8843373920314146
100121,0.8318000410454617
248479,0.8818480586662892
857694,0.0
369167,0.7194072999789053
144053,0.0
992929,0.16931312467166004
329271,0.15623807957478172
677182,0.0
882055,0.0
880764,0.0
427732,0.5892169785405057
273943,0.92104300676648
795281,0.17464453923909223
828955,0.0
564398,0.05462018731486906
941109,0.09192621383182914
155237,0.6634612933320765
105867,0.4629818618204778
197322,0.0
375858,0.3930043050508914
820318,0.939756884192749
134248,0.9184822309970248
153548,0.0
472538,0.8009517559902102
546387,0.561125921859926
555501,0.03850660455584647
306711,0.09142018249380379
301867,0.7262687596188214
950588,0.0
709808,0.7597701722658751
933426,0.0
939046,0.0
698263,0.9804007932703782
399747,0.5770618835355237
487624,0.6879421939178807
336300,0.2880292219844912
325417,0.6544004701498345
739820,0.5256839396357674
595012,0.684159951997236
645208,0.0
677412,0.0
854358,0.0
993768,0.7650223514311275
369114,0.2399792432775948
682853,0.6529843272795888
879801,0.5664276569155157
436915,0.0
541269,0.8389403496845396
419261,0.0
396391,0.11150042291155446
333391,0.6204308601675382
905281,0.0
543539,0.0
543125,0.2418417083086992
569581,0.698567186874431
810230,0.46511100571735503
171619,0.6553104717147149
558731,0.6326344132220457
890106,0.0
149737,0.5109530005364353
773283,0.04993232189835922
742958,0.2510394280380116
680417,0.35799537160597167
405534,0.8603405573522546
493280,0.7272674235415119
654322,0.0
800502,0.5029283133195342
394117,0.0
730704,0.9222285625286545
753394,0.05489883478842537
722920,0.7242806869669987
874796,0.0
472198,0.7426521441422302
911987,0.0
613347,0.0
183092,0.0
808979,0.8576875530148993
437090,0.6445435142691017
943440,0.0
855208,0.8602785427326934
319979,0.7786894989412201
909049,0.07455510687532346
860524,0.8382206718815511
599596,0.0
855274,0.5148930773768607
935593,0.23226580577363257
475771,0.5926251240984474
921530,0.8759573964677297
991149,0.980015207277368
675184,0.5436468156352526
841293,0.8896646082633065
544462,0.2026447982321957
659266,1.0
847743,1.0
204052,0.2232466984764314
986236,0.5555268682385704
289399,0.6609529645118536
518626,0.9194200433549994
761619,0.6266603070127994
638623,0.6421364635176723
257121,0.7175724586239406
625299,0.01696466873061669
584610,0.5802448379400479
839348,0.17552960579661026
831952,0.09508800384757413
127686,0.07451454876967857
646172,0.150301252454285
108192,0.5626485999442243
270112,0.20903188651551208
205441,0.36676086142770686
256189,0.1149537765282638
541603,0.7631051783127415
786425,0.038722590413954844
655655,0.344074078221879
347080,0.3475941356445727
373820,0.07299869192598961
126865,0.7574272909591038
568459,0.1674887697917266
105138,0.30992488283319963
723351,0.5764326538914826
612939,0.0
498241,0.06548098465587505
826987,0.9208950549969308
565000,0.6209424409357401
999171,0.30938700592790297
517009,0.0941775752556493
764861,0.9018927384104996
911106,0.37453702988606896
122304,0.0564010875963573
386868,0.0
774038,0.4005943514177616
752347,0.8178210993737814
599230,0.4768972340657422
905302,0.0
648491,0.6623993371215442
548638,0.9543639157488044
987394,0.9195880892941505
505573,0.017880075348613356
504312,0.4076695697466555
130259,0.5842078723824435
157140,0.32349978107691285
883472,0.30757915714914874
126881,0.3268666328385346
871709,0.9411322224581126
202189,0.7002337116831396
856528,0.5592061897554392
467739,0.4641600551546654
652374,0.22566439438559574
741132,0.4965047483010731
381319,0.6860988370090353
129154,0.7972572068423616
984475,0.11204983979712234
199487,0.3542399800353875
606081,0.11155656815632359
997345,0.7532280606531006
881796,0.5438034670417501
543025,0.6627678566685141
234005,0.8008080031107802
465821,0.6377810302924382
679133,0.7225857587951057
484132,0.46012194433301357
341020,0.49002295156800213
245137,0.4704829452019541
127038,0.0
345211,0.248319741699134
357620,0.11106858858152403
444391,0.781540166050155
574377,0.0
181035,1.0
177455,0.15079247354671257
603733,0.7202417106679125
792894,0.1701819052907533
210442,0.0
620601,0.6441983682912061
429713,0.0
390466,0.1598602979782598
793813,0.5864613729869111
185433,0.2056106612525443
150886,0.8790433673382974
572754,0.21113404482402143
880534,0.755743667813247
916822,0.547316840682197
223230,0.0
365880,0.758437608485019
372393,0.830296620537242
443623,0.6849896221705438
494492,0.8191487921599349
774151,0.7062658959123365
528612,0.5543517246516269
547957,0.24884176622461177
287004,0.9804820242876581
450658,0.7978546733245716
963557,0.303565256505195
475325,0.4387189852411585
641493,0.0
177922,0.5609401393707046
519061,0.7943327993610616
352366,0.7457391269223362
224191,0.0
328538,0.5829657110266088
618834,0.4694626791312364
725486,0.8957825610441936
201930,0.13148495914769154
637212,0.9200634773693896
886330,0.0
213834,0.653066628440529
535463,0.5561502027867522
445676,0.49320173706594633
527552,0.07578872937072947
474313,0.6995195919473176
915198,0.6605899766610168
910681,0.1527660642106432
142013,0.9422758524871444
574493,0.3944080346870373
794476,0.8053838191907909
180823,0.7443314504395707
333340,0.0
222484,0.1609586394776123
250927,0.4366599348008639
916087,0.3193901877219836
558319,0.8580758085485775
778033,0.0
704629,0.0
399633,0.0
510742,0.0
351198,0.20788544124101993
350005,0.9805041831460808
272174,0.0
709199,0.2601572869245112
998179,0.0
783893,0.3673828641725234
222935,0.6102826987800151
178365,0.7582529813192979
690774,0.0
556478,0.4713192969178423
512794,0.5537101179471479
514776,0.9399693366581066
493985,0.615679604786239
755695,0.7550528002590627
997409,0.0
757500,0.0
202965,0.3457827934844916
308126,0.0
210101,0.24893701952663358
342370,0.31455544974529365
174966,0.0
205433,0.0
268862,0.49642666855038137
534656,0.9016428440057928
564158,0.5195132726077869
347068,0.8268208619675987
821309,0.5670087582254478
594117,0.0
350059,0.6013060745005105
110894,0.0
706391,0.38823140237691406
767657,0.09302350757695432
950280,0.4074387527652928
448826,0.0
377606,0.0
102299,0.36000036501930954
240671,0.05614042218204801
247382,0.5303456132053027
951789,0.9610378786318997
547302,1.0
369222,0.22584785674702296
571109,0.7940241112547595
549105,0.0
845283,0.0
938035,0.6635734343464016
344585,0.5517046777853102
295542,0.1543136964549026
380311,0.018372373525265575
263374,0.3930208682243941
353529,1.0
120982,0.388842455051378
760710,0.7208894805446677
230768,0.5622092082148294
522626,0.0
791000,0.9412509048862243
410263,0.562039856704784
331639,0.11252812432617271
591689,0.5217473010773255
686349,0.7453521529912995
643970,0.2821841997050943
283542,0.6416457103117531
453904,0.5226559795948293
587291,0.597450531107393
208510,0.03683036883795189
339036,0.762726941525867
849756,0.4866571624851783
264210,0.8267676444018652
285512,0.7607315596617799
616547,0.8383369945828919
797943,0.4545480867091863
833494,0.0
553202,0.7526158765795592
785549,0.0
512715,0.7019533842113156
828423,0.32586045772983385
906182,0.0
799483,0.7784044019750778
872395,0.936855660200862
931899,0.9633803507176396
974905,0.19184737299382362
716781,0.34196588045889975
193237,0.4253788715619423
519428,0.7134690159158139
794738,0.6989526700302165
611165,0.6040546771914662
681931,0.036967101500024274
977220,0.0
656927,0.6017274259361068
941633,0.7357699242454685
101309,0.26787018849325955
407468,0.778125951613072
718355,0.0
561463,0.09077969682480687
165980,0.0
494602,0.26679779348461335
599378,0.30269198726270774
895249,0.5847572664892408
985202,0.6897733299567602
918791,0.0
141774,0.8755834054484629
779291,0.0
273221,0.9422648187924884
401866,0.09273492582140587
330202,0.7908271366528818
694217,0.5831325654791232
458846,0.22990321174304756
996490,0.5849814685496834
772017,0.7320145616195379
566887,0.7625424690388433
724384,0.3637395749108643
787531,0.9423665173580376
451838,0.4093965247421263
802596,0.1529786484724599
516141,0.7044460463984838
744509,0.7150713382704389
349235,0.3365946383652352
860008,0.9412173521119338
575792,0.0
787945,0.0
696538,0.8563401202781787
796545,0.45988874303554034
754886,0.1268748606817455
333075,0.8166241431439862
279270,0.38204054813428606
930765,0.20706731408646925
595343,0.7385986704524548
580521,0.0
709244,0.0
314443,0.3540926115833979
513549,0.0
133093,0.0
795993,0.6781106889553304
617725,0.0
692578,0.6065664287212879
561517,0.0
874755,0.500755274052643
851417,0.0
666119,0.32770218467586565
676950,0.7175020490316446
143836,0.4848046092695132
736539,0.0
294622,0.6421961254213808
283586,0.41278010245648145
506821,0.2479642681028433
540231,0.7429229563680709
690147,0.4906677742816842
616821,0.46469293816760837
240672,0.4349506081085728
329284,0.0
679548,0.785802888037127
260089,0.48693817228609143
877675,0.2665160917448618
731925,0.0
572052,0.22981158615182362
176852,0.0
175271,0.6943686927484318
772096,0.4021804094149917
511206,0.05521398079801504
136363,0.24985182091161615
485383,0.36391092874341335
388317,0.0
115832,0.5877528892394481
790897,0.7167632198985985
691831,0.43346624145162976
921183,0.0
950748,1.0
776565,0.3809005430925367
219758,0.8727865898597176
291441,0.0
312612,0.0
300142,0.0
105131,0.4060780397140186
280492,0.7086720892687453
935472,0.9415737742002201
399796,0.01619456903812184
757694,0.20787519818784053
284028,0.40779440758134095
816461,0.8237718970452311
382262,0.31701835984071985
636715,0.4163462647956381
320737,0.13452819330135785
495414,0.0
855390,0.6279357595262782
189170,0.5767339994351209
436398,0.0
882788,0.4040416489289409
573847,0.7169695490278292
579341,1.0
571729,0.599900725921631
889490,0.21197859126015495
867819,0.0
967074,0.7610884643964742
127504,0.6818528050913215
413861,0.6318932500034764
475245,0.9188820092242281
408936,0.0
858247,0.8663956886980246
856992,0.7266500100682625
354616,0.7109829898605131
447824,0.4003407313379724
884163,0.1117722603355355
120316,0.0
530824,0.6445045587966618
553072,0.6758985887270059
996887,0.9398596548416068
397361,0.7604371243545257
881116,0.29034558399529
289891,0.7550922912940459
776056,0.4620894418294815
926013,0.9415363766319687
561167,0.7963481106862356
500372,0.5359360648332981
954433,0.13468324005899754
683821,0.5447865876851835
939908,0.14428776093038084
551201,0.21080720222894098
589516,0.11292985374854679
394605,0.01836696427321781
123826,0.7822501465596128
605581,0.0
714183,0.0
512728,0.0
216373,0.4188966517979398
844201,0.7230579595770786
323525,0.0
800640,0.8777402271070996
547555,0.5259462072680204
409642,0.27691960938652854
510906,0.0
694774,0.34913858175787615
368099,0.5645162988962431
758222,0.6583716448412955
961329,0.0
892769,0.0
176309,0.42889823324316956
949268,0.8382268146883518
271078,0.7196796275436073
761400,0.5012623542829078
742283,0.015443482165461857
665859,0.09491242203087322
815579,0.6401726650650585
272890,0.0
134458,0.0
134960,0.5804219790740095
604956,0.8631019028809475
368851,0.8612966293205014
236401,0.0
882275,0.10930579370436593
946364,0.07384092146631668
239007,0.0
786335,0.11416355889105334
533058,0.46701300460119777
321298,0.9593555153697169
117224,0.0
737555,0.6531653326196001
821308,0.7231987634515007
204236,0.30264424504584686
233087,0.8978998033195942
680828,0.0
649198,0.1900545453647736
669699,0.8620680467352129
690592,0.0
721086,0.4205173272541536
254351,0.7250275390813163
510500,0.4150795920964538
579399,0.6546370952910295
962222,0.4390414668592297
771820,0.5470099297343467
556794,0.630018088972952
243833,0.8805333976511537
294761,0.035953362645192534
749331,0.15091578537837808
962968,0.07181239878909525
949128,0.3899655595560015
661609,0.546418061385808
944154,0.7748859291735464
164311,0.8051463190885623
512763,0.3251983209771349
207260,0.3454907862410698
638188,0.9241102792847349
446809,0.1496007916978626
814817,0.533115756459092
719893,0.7136601347131352
378501,0.8588709592579471
553511,0.0
411455,0.19217204199046095
479899,0.0
141770,0.766423479224873
521144,0.8800071374100534
136917,1.0
266272,0.589636171180174
340717,0.0
343484,0.9553786617863418
143804,0.0
567962,0.6399516307771276
257130,0.42513019190709356
718378,0.6240628741975729
874613,0.5042786074530833
571540,0.11530189497598183
851507,0.9166980848412225
227156,0.9122816941000921
399137,0.0
532262,0.24558868638058284
392643,0.170223153508842
416368,0.0
292915,0.7257476145531369
848854,0.8810955448551732
315239,0.8232598053738832
411197,0.050258317884286564
895468,0.5438854369911885
486738,0.0
399322,0.5921034600910462
883949,0.15477446596619557
519092,0.3218017675130792
252895,0.19012075553133884
336332,0.09416753536554462
507244,0.28179099934893626
663809,0.24304488658762596
509955,0.8207946043681204
282613,0.19065543242238922
524771,0.8207689273876583
213804,1.0
590870,0.9013059397016217
356258,0.0
666144,0.09917507206500586
647649,0.48490868307519314
694705,0.7357547859922473
479067,0.38649444498631685
954427,0.818770637062658
896238,0.695720629001072
498643,0.19843727819107218
533552,0.7191822994701443
924394,0.0
107819,0.4918832251068442
359011,0.09142295037744437
522652,0.5622241461359758
817710,0.679358561414824
751958,0.8592211605847173
759806,0.597593524713836
393671,0.8378701305164769
589972,0.28802103856673633
973916,0.9804563629245986
187811,0.19292960199346823
123535,0.0
499530,0.42123000724319914
624803,0.0
933773,0.5355657058541147
688232,0.37721261417251933
568741,0.8042185742930633
153713,0.30256827513081624
240114,0.8866291790271517
300954,0.2679092981333571
211043,0.0
633613,0.0
242360,0.0
959065,0.6410087805461886
704714,0.4164112216263254
825179,0.0
898856,0.0
300147,0.8405228895357507
256410,0.09471421470416115
307176,0.3488808609315021
493554,0.6407076223502636
214274,0.8108737964168993
311367,0.8606335935682179
627774,0.08141013273568143
694055,0.45383622017775144
930877,0.2780707671574139
644148,0.0
176440,0.30102050231318495
570503,0.0
540914,0.9796680004362499
514716,0.0
523045,0.0
778071,0.5202289323023938
681503,0.8827616210783702
240907,0.318803475196497
425211,1.0
545946,0.6157371125466496
648406,0.9235096224872751
479074,0.019053249118130205
805804,0.2670946563754795
293150,0.16112694903311034
108104,0.615931197532358
740583,0.0
670291,0.8237958752616457
680058,0.5269356685082514
410092,0.901903944430498
187526,0.4619994243152919
320161,0.9403827704269246
567831,0.9188489590365716
667185,0.0
674642,0.19280864981763426
637919,0.6291821053437056
528766,0.29890429596740203
161244,0.10321376275793058
180083,0.3469736484039035
947815,0.07650719309186874
507282,0.8612155740826027
853207,0.5446194031940106
431766,0.20930729980642956
870524,0.8987322634126866
252584,0.8731516251809134
388189,0.545715619585316
984750,0.0
635196,0.8804032577777668
152776,0.7389820923196806
267049,0.7647343116556019
535448,0.7823443459721918
285806,0.06206604606612079
100817,0.6625356915757742
765899,0.0
321101,0.5021122600849872
780582,0.5424844657918433
337019,0.0
898667,0.17404944965449823
768306,0.24353843568718941
867618,0.0
287402,0.9601069861350464
756654,0.0
599706,0.9024942170261897
242042,0.6045774898787486
403108,0.07678693097200553
858634,0.0
525714,0.9391872322414159
377358,0.9568734364647846
646982,0.7604770467890902
288247,0.5580650413486872
968793,0.736559115560398
571053,0.9417426241160647
552716,0.5148541384804736
654901,0.32321034591415526
596179,0.0
617806,0.16738283689659517
153296,0.46436223537791266
311280,0.7217836175741018
229270,0.7997444310107338
833070,0.0
213871,0.6607217930641712
815668,0.30847948167939404
867598,0.7761546128229988
604986,0.0
605968,0.8798674448144735
479872,0.7823839392750683
637664,0.0
336697,0.878159139743205
990851,0.7987369950128542
672410,0.31909976912153293
230637,0.6453196716993802
616873,0.7790594688361928
960448,0.0
113357,0.4205321728252815
238616,0.03746194273003749
814525,0.7549137925291405
806477,0.7395549083038249
380627,0.14895628707699105
586793,0.6055534158502162
834538,0.5433789584069412
515452,0.0
421548,0.920406627210895
687229,0.9092067131997487
380527,0.0
331002,0.33679555202101585
213302,0.07274517127418177
411231,0.6969794415132152
284889,0.0
650080,0.785430861144698
539975,0.447891260032147
290075,0.4672678775477536
472365,0.8796877827723064
495894,0.1925263228107092
176419,0.6188011813603351
729641,0.4494429787447708
931241,0.7480062932971955
925126,0.01762565640905381
872854,0.183643216230924
580602,0.05174215367768582
938807,0.8393913669743391
276120,0.0
310052,0.6207412283718485
159805,0.5154944262701495
380818,0.760727439520996
642127,0.362187465788987
403963,0.0
794982,0.8996904461883942
600910,0.0
244524,0.2580777203108535
555424,0.8030962121597333
569892,0.0
935415,0.0
334111,0.5735670773887633
814772,0.7858113502499456
238013,0.6046903479376928
601296,0.33918822396335097
346298,0.0
716507,0.0
106294,0.8070467539282971
535557,0.09291066619565587
631160,0.6204167851239475
684427,0.0
685053,0.7725290399437659
636712,0.07387315180207214
279509,0.17818757722075648
976657,0.1318047305441692
479724,0.42187834889337045
974253,0.0
877648,0.9215112081648096
980243,0.0
502207,0.7316029038599733
772783,0.0
257165,0.6181253442725947
687844,0.8729489214580732
576552,0.22628615466621088
794463,0.6248238980176697
660055,0.2786739926606847
693798,0.6407170096555405
629823,0.9216042987296622
871915,0.5699194652602565
201575,0.31798967201358674
536175,0.09382512180871493
995703,0.18571719203335674
758049,0.0
853153,0.3003006420385066
525464,0.07411348410915568
190852,0.961659784478837
539351,0.8651560043776518
142730,0.716440101760908
816889,0.2668979909922669
301032,0.16404020593465252
133881,0.6026426636308837
980503,0.49495816070583903
793852,0.0
319501,0.841728349737225
983912,0.16749207780004854
881708,0.5303334856346857
619538,0.24834778627107817
301003,0.862947900940206
792431,0.8426755798496827
587335,0.4093834753437288
556214,0.7292291810852101
968216,0.3063350946619114
648696,0.1515285288199832
162240,0.0
644216,0.0
283554,0.0
501431,0.49937963505352834
281085,0.0
626568,0.1130825433399462
722268,0.0
945041,0.0956017313658439
267631,0.4705423731094015
806358,0.0
181680,0.42194096580505014
393324,0.8397619605817039
452790,0.038262996590376665
847157,0.6418871803117028
798603,0.3362665451784459
959318,0.0
474539,0.8638233418507475
829957,0.0
614441,0.8005097452145521
623537,0.801883412166612
395170,0.8801599625133795
926280,0.0
950465,0.49584547370735776
357078,0.28952826768153
179233,0.5559920758574712
187365,0.8823513867467404
518074,0.6201606847131065
661689,0.9026125213922235
434401,0.018720347495691837
555813,0.4682260330666495
489842,0.37663240796542025
529056,0.7418322078787523
915048,0.0
346114,0.2295469050301361
138504,0.14366734558949404
628038,0.4101273701174247
896065,0.6023528170638625
483411,0.10379903761715095
213501,0.5150292068158364
716901,1.0
735331,0.6232608348390526
198807,0.3988767832517965
320266,0.34390747702921914
924953,0.4578541220090614
661566,0.3457596419480353
794437,0.15000194820897586
543693,0.16865629181558203
759433,0.0
576267,0.12775316733237815
335732,0.8784169790683731
899559,0.5164720308752863
325477,0.13338399330709275
111778,0.8502602933368822
843672,0.20397250636026076
192749,0.7004069689232969
535160,0.9609950264888198
727658,0.0
227454,0.55683632640391
356643,0.1281944472968811
681794,0.0
905457,0.7960236881598438
284752,0.3696586635202449
875115,0.5828623413581703
602600,0.8209483924288102
631621,0.3979022009226461
441396,0.40928455594471397
841591,0.4814499038354687
769383,0.919494042119695
473504,0.7937557388819894
384368,1.0
492407,1.0
667127,0.8877228774018984
226309,0.8842114772459548
639865,0.7024047886912983
677532,0.7584978340362304
377332,0.5979175040828572
738207,0.5239786383837118
450026,0.7321794326908456
169731,0.6976663403712133
515216,0.9596106161813948
972980,0.4375045421771379
284042,0.0
122512,0.263448592931305
518365,0.9565335281910197
505896,0.0
324220,1.0
140950,0.0
893022,0.7180290839996718
248570,0.801180437697424
918572,0.0
892250,0.17202024522083897
431921,0.019206508115481694
395263,0.0
799019,0.11282506866352657
786950,0.6610137824896097
291824,0.7373230576216812
922620,0.6603584424250614
794956,0.7630519903732572
498797,0.546734367560532
255330,0.3271651753380516
779791,0.38545166060433156
695585,0.1712702670588568
157465,0.1831240710551938
171694,0.4822989780433242
807671,0.2250419018730682
673458,0.7264456649867829
808495,0.32200644780955695
384824,0.2692412465585172
234114,0.6821974952556608
257487,0.2547041097346842
797145,0.6625811285402431
366640,0.36923201982882625
295374,0.0
331620,0.9201830234304847
245332,0.0
153063,0.037106186683615705
225169,0.4025085691363379
626109,0.3849154590928205
509687,0.48739685992698284
956540,0.9200141301404832
572653,0.9863890394564305
281342,0.06480282820712445
636540,0.9011721903636757
110876,0.1468813418044339
964135,0.25672683205620644
794814,0.1963138123216419
442463,0.48163325009912594
423730,0.0966956250308844
664115,0.4086680981454918
528304,0.7225011872852993
463565,0.5524581913792609
421329,0.016635624709293757
878433,0.3545177765875908
651429,0.6775501070747858
526109,0.42557426482144023
378953,0.6811749654803212
194636,0.6984162785121063
674203,0.2068548859241941
112394,0.0
504717,0.5735231998991454
354539,0.5453334346852569
100451,0.518398177948275
323996,0.4240270901974889
821724,0.13398954626710535
675955,0.5351364207631246
142000,0.38628147184387573
740813,0.09314342050609488
682762,0.15464880505849546
628288,0.8843703896969005
511600,0.47999011892571625
708907,0.7579092848941983
969129,0.5602315582844659
592282,0.5200644365058025
717393,0.0
444344,0.46327847568038283
467877,0.8810011675403085
606234,0.9195061808848468
581520,0.8668460825187492
782425,0.4447680628628593
656058,0.6755449149491589
825994,0.4425226461676085
118976,0.8238592719352683
190588,0.9595589657459264
518656,0.8027353121107477
746645,0.7053754071892744
722717,0.3298275038669063
820345,0.6796416933610168
297262,0.6234564727383524
575650,1.0
617368,0.7874465197940249
432290,0.3912394889885496
784468,0.37792909288493415
653846,0.1990835641086689
664496,0.6493511074661561
167920,0.7707916409074608
845342,0.07457254181610543
573501,0.20461490973165702
366411,0.1932352550125168
598927,0.0
134622,0.18897165195964774
673731,0.9029618811701117
493327,0.820368035000329
951670,0.7801308748616869
202456,0.8418575144725987
337462,0.22933221427085335
500542,0.0
560961,0.23836604435385703
366945,0.0
544013,0.5748668249091745
390735,0.10460638457120708
313276,0.0
727183,0.9410651844886853
401644,0.0
889236,0.368196398937936
365893,0.8582282419308838
597969,0.0
100805,0.0
776040,0.34610845612559915
237694,0.2521881420915504
481502,0.2047992273820684
418846,0.0
513344,0.6993502883941165
257338,0.7537821243161049
714793,0.554020556926603
373985,0.4037018973082722
583686,0.9224203754434356
131427,0.8024284311442926
477854,0.0
345896,0.3261404181634427
290906,0.0
278516,0.0
562994,0.7226504825238602
641830,0.7930262035691319
906454,0.29880567983761813
144844,0.3411800256397305
709215,0.744292101083407
468382,0.0
401000,0.5001478777299272
452970,0.36978278732032543
537639,0.6638065359037768
741820,0.6396683952762966
650637,0.3963814866258549
109625,0.056021153184882606
978486,0.7797165679292688
375545,0.39747994440165174
414191,0.0
208006,0.037378978391527734
419640,0.4995624091475989
832136,0.0
364679,0.8843862758362253
400502,0.4048516592692354
264710,0.3474459304498186
157978,0.056369707252604484
728038,0.09178897209155182
943002,0.6828981590065066
687653,0.912078591329443
722543,0.9613335603886958
341128,0.24713512314858968
499442,0.517951422997807
328441,0.8010404906259675
961132,0.3612870987496569
451975,0.7021299302130714
200560,0.8361397045306047
435731,0.3640345419784084
958056,0.3193465223073925
440340,0.0
916691,0.0
389160,0.481850830467006
852335,0.9577448406093075
331272,0.8808669996796433
586089,0.10146872000078332
492513,0.11513747249987406
158380,0.62174527787823
722186,0.2481404253723692
660523,0.24814725919466155
518889,0.8219178275403188
230772,0.0
229059,0.38131104092479123
194623,0.9799556357077266
841384,0.0
302820,0.0
649597,0.0
544281,0.5286203342261991
125436,0.0
175570,0.0
487544,0.5996942983203584
743100,0.0
514430,0.7773923060326506
289868,0.3120073243713487
560721,0.24752270938036192
104779,0.017608006732083993
909148,0.6128580140109625
111873,0.8583585796930345
941384,0.15654301875747287
208966,0.9188655639548067
502009,0.40210655026226716
427717,1.0
372666,0.6416821989627274
902925,0.63698337538924
443600,0.43886835409737907
914707,0.8819042587530574
876329,0.6864233210640265
136292,0.5440948520496304
695951,0.7702624678605265
563206,0.0
930484,0.49556417071158293
821694,0.7597665454548901
650553,0.5608435575550608
357993,0.8761351159575043
760434,0.33536623174693697
395810,0.8805435283283869
716343,0.26237681323917306
648591,0.0
906148,0.770865802542469
785839,0.6852524537225034
285690,0.5201186348920279
777015,1.0
614564,0.7525923644839784
550407,0.0
620117,0.6093001522340313
584855,0.6311699402029463
537528,0.3261308667442415
541277,0.038294022623901317
172668,0.7371824810279871
288987,0.9402050197519881
404615,0.4309246646422099
393507,0.45127834417262075
984395,0.8651909497642829
431311,0.7784487497473062
294903,0.9403531443459486
836493,0.5632788664451129
495586,0.7629116867740482
316184,0.4629234418519353
146956,0.0
532389,0.9805434436401385
846976,0.5754829139607074
202155,0.49191015078136757
294007,0.2043522070161229
109013,0.01808820530451935
633219,0.36883593775866
767286,0.15756758390084352
785294,0.0
464094,0.5050340001879439
964782,0.5411667348567588
198902,0.600074691268508
495134,0.6077166569550746
371323,0.7051651457858754
289534,0.741052693204494
960900,0.174316648163488
940011,0.7989537109966679
534374,0.07586193071888049
987360,0.0
496044,0.5136609782481615
428076,0.8762924937750024
273092,0.940858300301092
287801,0.7578380220671299
725229,0.0
861831,0.9405656391192702
855774,0.2694372963642083
425763,0.0
978518,0.09139715816448603
259557,0.7562906712100879
638200,0.0
217267,0.8783979565441904
298113,0.8639151075027056
399906,0.534401975042542
900778,0.05386061679203491
355864,0.6973343531010537
437674,0.861712768677011
686989,0.3124980212354857
186718,0.0
896940,0.837563213842843
752468,0.2576700318897218
717007,0.9429379963031758
985022,0.4423512889052485
981321,0.31439256616942923
930495,0.24272979211684684
619357,0.1246841778908758
184830,0.3840389805066625
581765,0.2774133339282024
533773,0.36584722726477853
352076,0.7146821914604845
672060,0.3990113688309853
691814,0.0
412908,0.45649298325856374
407969,1.0
387937,0.0
492541,0.8987906659378364
290377,0.3044082901789442
775226,0.1884098255826619
304283,0.5428445537039142
164481,0.5862016558110807
693935,0.5456513246339117
253463,0.42565329784056005
175865,0.054716539561084056
546974,0.0
120587,0.0
656223,0.035841450639274686
106359,0.0
603640,0.0
317174,0.6908242273875994
749601,0.0
264847,0.07703747785127776
812287,0.0
815282,0.0
174022,0.817331597764197
765590,0.9425410005290665
174588,0.035044058842703715
732720,0.7624027280098676
460693,0.0
549534,0.0
498069,0.8387436792730765
179781,1.0
773184,0.5227610027915638
621039,0.0728443842418398
688487,0.35003057252021264
197812,0.0
879142,0.22200088259352765
986010,0.8632588652224435
192782,0.07450943731700074
815497,0.7763549732379947
740609,0.9393144651251344
482440,0.7776313691887672
918332,0.22504384798379828
103236,0.8261609975664197
193060,0.0
721635,0.03411072034746934
638716,0.9802043712442898
261810,0.327356164350364
252103,0.9237691883372899
210788,0.7626810232343822
129722,0.8830902144753886
628230,0.5029477398405829
930288,0.8812756089357389
215231,0.6371305428810119
528962,0.8061065483656014
909935,0.9578169278681127
638094,0.5619453491380082
104182,0.3838767662942307
881176,0.36772706242770725
377965,0.5063247598016907
789754,0.0
153217,0.12742757573483968
759795,0.5213657624709745
435473,0.0
673533,0.899485210695546
257824,0.6367430416204609
208024,0.0
711218,0.07392408738945962
928503,0.3287652592826597
810483,0.3803315612815297
959910,0.1291909860002841
781740,1.0
594536,0.509183154145477
482130,0.7008769993557499
360154,0.0
223078,0.03804401496232422
952544,0.6243005521320825
498573,0.570077988679815
430205,0.6454567010608704
134614,0.7765488208515979
523429,0.4299910329901572
438266,0.5984584871883581
899836,0.054779540433228385
203746,0.3047761277794169
758664,0.5384437326622766
462681,0.7037780050518441
162336,0.7389767863410153
698042,0.0
420272,0.7370405594575975
169968,0.9421712846522713
648115,0.09326379042592207
707792,0.6997277919133774
281077,0.35583608635953795
289780,0.20128948661904114
372819,0.589291658676728
934811,0.18386547983767582
490161,0.7530697170927179
601883,0.26692096915640157
241725,0.0
882328,0.0
686743,0.07377752098661458
897567,0.9053775226652171
173432,0.5154888570865699
227670,0.5327849065257526
446011,0.0
537596,0.8091910785493911
101198,0.8027029294387492
535055,0.136249766260054
319514,0.5374698446963306
563504,0.8723990558422766
455427,0.0
287435,0.5428422858365473
923046,0.86489137200385
259380,0.133376863823496
693687,0.4178311263950138
990061,0.11419599140473939
242098,0.550124156267708
170804,0.20735855279358598
295576,0.0
419340,0.3060428945437079
928525,0.5215288982141062
802725,0.5735601524637944
128295,0.5385982997176386
991981,0.9612507203829589
718191,0.45665106769842506
659138,0.46219268999072227
120965,0.5847521952328084
130284,0.48650454439975027
172048,0.3233129831264503
369846,0.0
817355,0.8213001367791296
921482,0.048924522711096
900976,0.9584257897839702
821184,0.7224144224704359
673516,0.28392819874597747
343502,0.0
466839,0.8243023838320637
573201,0.6759036567432603
794373,0.3101288773413072
349851,0.0
553543,0.7967434407916537
375117,0.6256035749180732
648200,0.03778355468649912
285509,0.6377607498795856
269880,0.5064409927924745
136172,0.7512759021699095
805334,0.0
968109,0.4434945182601792
180521,0.036973942519292376
442101,0.6674255602558979
211076,0.8793014371751139
148338,0.6401226947106234
106199,0.8787202701301657
281044,0.15296141634199545
498840,0.0669569269886951
267326,0.8038083462987397
973735,0.09487992060334732
164015,0.017755138215381185
559891,0.721791779895747
844954,0.8159657186437649
365331,0.2101646042294262
280796,0.9608227703703307
691089,0.616540466614903
882111,0.9021984069115292
935914,1.0
213123,0.0
209892,0.8248651466346708
597281,0.3060506597364169
820142,0.9207366468876732
952460,0.08362262158082803
878933,0.0
277078,0.5824088863150264
667156,0.833408419311085
967111,0.0
848742,0.3609036328169475
706529,0.9380929883500634
949658,0.5825300710197258
517650,0.19005378772743473
168124,0.20938315242495614
952467,0.7608966642665741
722115,0.513042884175959
960419,0.0
495277,0.21362347228399403
652215,0.6976997218060829
303854,0.0
702347,0.6225470642588643
231989,0.0
755836,0.0
556046,0.8195611036432077
931444,0.897271938378368
971374,0.4461505312077467
745371,0.5415735547217942
115455,0.12877272053390681
347001,0.10739363797705956
522995,0.3208136839011643
340852,1.0
680899,0.0
996632,0.33100758354121984
794191,0.0
973159,0.680957507870031
579211,0.681704018175346
365324,0.8800450130507366
422685,0.0
895358,0.46054917962786307
464309,0.0
213529,0.6043778000907586
408654,0.12944530340925786
159073,0.6403728457210778
870333,0.7433532951980806
181154,0.0
986141,0.6999841067145124
536544,0.9399005031938514
165149,0.7632256048207134
949057,0.8219617633834182
690132,0.5684375868689958
738845,0.30645421378723064
532680,0.7644485149215793
532139,0.0
825200,0.4647598043432115
292875,0.7825044354427314
717056,0.250465291335064
562440,0.5239187707492802
582419,0.8414219061655936
366930,0.45898822968713776
454745,0.2985438752224731
669237,0.734599442540257
850044,0.7268685073177295
865058,0.22845843005395305
393364,0.6696365422440363
823937,0.6384406576356012
814955,0.5416754044418314
700462,0.0
954773,0.0
984706,0.11211894310226446
858694,0.5298710021428782
114046,1.0
598207,0.8007461801061917
335346,0.0
636386,0.510984686751435
451314,0.8410873553092487
714420,0.7203667853399895
276901,0.0
907075,0.0
290491,0.052802994719272064
887133,0.5622558329522501
931875,0.6241774161565949
705508,0.8983545832623895
806430,0.23210207145271466
608413,0.0
384290,0.3227892589617336
142924,0.36829700033393153
551419,0.3298985489041065
238394,0.025212877659120884
876892,0.3842459494946803
404102,0.34389659639814535
386004,0.6176299279633334
251421,0.44600700219178246
849107,0.920087347637782
881575,0.6092675838669456
554387,0.24569117241027522
427471,0.8843601421358066
699632,0.0
149657,0.5756383910616965
690970,0.035617109490438295
289709,0.0
737278,0.0
638930,0.18549276374550214
429991,0.0
530259,0.8385001899379746
325478,0.9191983240885445
540702,0.6202625066008368
437015,0.8031018396920577
535635,0.33656604693768233
113014,0.21178934700342233
943600,0.0
222703,0.9370144920851062
800189,0.568301961440763
241187,0.0
411200,0.03576440539629859
597824,0.5365460764421905
371035,0.2657937726217529
948813,0.34176516082958236
750857,0.07333343617234153
744906,0.5313409448694211
615604,0.0
807031,0.8974876458369718
311083,0.33759667275361704
223931,0.5961113560876949
534537,0.7938698338396162
476431,0.018595847503116405
824942,0.7702827995526952
311666,0.9216739146720314
553106,0.8379373973040558
538779,0.41662548627722423
585028,0.0
284332,0.03566947406008601
576821,0.2694066717212067
663483,0.3692857965204929
500128,0.7181584976881908
844183,0.0
110996,0.2427834397422193
359555,0.0
291428,0.5007959868618057
222150,0.07113334423576975
111153,0.0
860614,0.0
329793,0.06655779895862808
752062,0.4364462597064615
715913,0.18061685648659298
811450,0.8412276996449984
703165,0.6179840666547421
586419,0.7155024403432133
767612,0.772843109403328
593515,0.9605413987089974
787233,0.9610823110217397
900451,0.08987104692636441
171161,0.18678899132924343
866031,0.6618793546794205
900457,0.13463436849570276
427085,0.018452876975844038
395667,0.47866896179061624
845771,0.7827947921085766
542186,0.8005666384206493
752727,0.9808483153971231
629878,0.7979592633844034
759697,0.1296644311531126
319415,1.0
973901,0.4510306570888398
804815,0.0
130046,0.26734555883223815
475128,0.40471627135330124
433733,0.0
638169,0.8226973367243571
157473,0.8355648341466665
672494,0.9607968903986924
782109,1.0
346074,0.0
509831,0.7985993582522909
536836,0.8585313094381442
405754,0.017869585473282868
599765,0.7663757108651098
616018,0.11035482305545476
689740,0.17206757026264846
349803,0.3832608101899122
859443,0.5584293060974314
945351,0.22521915427076628
686361,0.0
524128,0.40141011077696276
180477,0.0
827809,0.18487362397274865
157291,0.30649720410965525
571474,0.35875125322673646
606442,0.46145961216084613
378342,0.8980409765458846
912197,0.07375588779863962
420209,0.0
723023,0.9593965494219593
693943,0.44236795397302453
937162,0.3711834318177138
745109,0.0
278473,0.15470006217756277
559636,0.5467423179412386
445496,0.9402882625846055
640727,0.6373161258016155
327260,0.7831681735543384
325842,0.5827130583011098
523747,0.3886528532654353
556157,0.9604831306438212
120238,0.0
589174,0.5282710785394895
812982,0.45730257614434083
926373,0.5646068488380053
843309,0.8387173850762595
629115,0.34411927509278045
513401,0.9577224976681183
649864,0.6027715109716776
835553,0.6896749435319709
543497,0.8596065689976718
629884,0.8249251450074365
383534,0.6751046085856661
727296,0.14890832573711513
906306,0.7074887818246274
191696,0.8952684853227868
274363,0.2385909465329076
721084,0.5361468126826808
750025,0.8360178416238768
943402,0.6609333751340287
863184,0.2044419771460261
460291,0.0
156141,0.15216454895430023
377172,0.3143105167755101
169485,0.38105987201424196
756093,0.4633844276976182
388050,0.881726387693125
543509,1.0
100177,0.2107714112976861
566293,0.0
456862,1.0
966965,0.0
580841,0.595519192594013
474671,0.0
444690,0.6582736767236749
809979,0.3607980480535281
455557,0.4515573256321551
658215,0.0
351141,0.5846979430744089
856004,0.0
333480,0.543820848268977
281255,0.9222080592903337
396370,0.5807345723675306
527606,0.7614553157499504
932023,0.13151175798646877
293749,0.24723519329805924
486253,0.6105457058292735
923112,0.4718144813534421
686328,0.6362346729295059
946182,0.45547262502353847
369511,0.0
653354,0.87392242677377
644101,0.17106780406165592
127524,0.3117304032313271
825242,0.5774635439783463
797591,0.682035983279606
400618,0.3636183706267215
134868,0.5812970530770573
643907,0.5038897691292943
391307,0.9609685792170439
176626,0.018033916955305474
668727,0.0
650325,0.29447257839848257
663750,0.6598186558231149
119793,0.30519666215778435
350984,0.0
195543,0.6505267312503619
479813,0.6832656009656516
349521,0.0
549370,0.9798258182204516
735086,0.0
572086,0.4180358140869818
977142,0.43594118476767196
171287,0.39277196358051364
755181,0.12944102070671964
243836,0.11029692489265067
163654,0.922381435199252
577132,0.47816062125098724
938751,0.9149803197924546
736705,0.48781275840581195
934862,0.0
849379,0.4177138502794792
401943,0.0
540053,0.7828421289442115
857467,0.18879711571827684
801639,0.7000625053579875
809148,0.9809053741171221
130427,0.6223071577256106
168275,0.0
809552,0.25280193619064517
424659,0.0
884189,0.0
183794,0.9798628098683408
455308,0.0
955981,0.14852159086423214
600585,0.1888405328760609
690123,0.6619465491746962
419020,0.895726150344868
352417,0.0
801353,0.8016433434811174
454861,0.8772483208492026
196482,0.4252205015180919
509867,0.7632057109235282
964852,0.4428773751190358
901782,0.07537970667714379
451718,0.8569454103513378
437125,0.6412093008011842
789126,0.016852439194038178
733838,0.7180229292212436
148395,0.0
389495,0.6122848027307608
935679,0.3414406201711397
370914,0.672217337558506
559928,0.9414417935860024
456038,0.0
301853,0.0
954425,0.5041198332615484
353959,0.28978568497169305
880327,0.0
366661,0.48823071597560525
218003,0.7404325161895053
807202,0.0
305089,0.34668664593645193
233112,0.0
997988,0.072404758442393
504931,0.20675289249705403
799550,0.09490648301632457
692930,0.20739047072339012
116798,0.703975271240607
778756,0.0
106280,0.3356401516213911
654000,0.583318315719001
692833,0.7701532993020656
976867,0.2193498490065916
581680,0.0
245182,0.30537483956787476
936933,0.6187594951978038
250079,0.4929392881481274
983101,0.7377494186329978
282476,0.4564057428949903
853860,0.0
588418,0.1503590283503614
221585,0.0
842178,0.8375023228119204
751500,0.6418291187881953
405325,0.0
704786,0.16878253035054722
467247,0.4592278046606004
721110,0.6833514420930747
404070,0.6410567210105574
120126,0.9413454001079619
771132,0.39783454889389425
592193,0.8389645226463859
945848,0.4200097529535578
696438,0.1778086171346158
687341,0.8354189208855504
303770,0.0
193847,0.0
267981,0.0
778359,0.422806970731308
952490,0.9807365989916752
968976,0.2942882298316184
603981,0.9024526594428207
345992,0.30388338575995166
885731,0.7127907334876206
435725,0.617489162107084
631768,0.0
672472,0.5023850740118595
459684,0.24620724277374326
324102,0.5482361613704866
223741,0.0
392715,0.03714353870475312
392547,0.5848013927323781
157494,0.229032496422061
559544,0.5012045257325092
158214,0.0
436451,0.8986940588015899
754994,0.8207334304108115
464126,0.7754309984022083
898816,0.3508277188796323
186723,0.0
739249,0.8615050993094775
407480,0.0
846937,0.4457017166895371
954476,0.0
415050,0.6110769443310251
475783,0.7350334637856173
193273,0.8596335054862142
153483,0.38104262065644623
251909,0.4654503937565587
349755,0.8393154074817742
621094,0.0
825725,0.6051645245020122
612383,0.1924298426962406
130262,0.0
413981,0.5762510261422314
519767,0.5180874767128161
800197,0.1337320517575379
891753,0.0
689441,0.7623008446869326
466945,0.48184491684658426
778867,0.35279737651891846
336754,0.0
180260,0.32241271848294484
355573,0.34633905966772655
923742,0.0
355345,0.05680894457841122
143715,0.018841974200376418
760586,0.9572521791395399
789285,0.9211214912958464
297041,0.7795934519406782
948665,0.0
855432,0.4106318959250654
293518,0.7369163294343966
752358,0.197118292196145
991591,0.6168612206346308
742876,0.0
455118,0.15001153279674823
135580,0.4631210828557111
109330,0.9003058623469455
284754,0.0
580108,0.05704904329072712
148939,0.12021627198511518
806739,0.0
502292,0.15271575834562034
607655,0.9384269627633375
462946,0.8016537233149525
914653,0.962019136746889
277322,0.0
470298,0.49411800966871056
229454,0.0
264378,0.48338129367941274
690247,0.03792848146335874
920968,0.0
532205,0.2221340719287923
330854,0.5086085024464723
590517,0.5258449097448843
513727,0.6974168725427444
196264,0.6584955703795166
526113,0.6065311065477981
355634,0.34607745344545476
300359,0.9210043648984022
732644,0.0
341249,0.9416129386702234
895083,0.33427244569911474
768479,0.35262724319295935
448227,0.7239270148229396
578370,0.0178548696785187
973760,0.7302717964352278
466260,0.45286871342511703
523176,0.9804621330546016
297559,0.0
876436,0.4588717191257329
304527,0.8109680097589509
613012,0.1543582073836496
710662,0.0
956575,0.0
981176,0.07541712523295374
352046,0.5788674198694443
404147,0.6800797193549333
923761,0.5210936845390809
311161,0.4463083046637309
750459,0.0
269050,0.5613491476217273
183525,0.5564106636501585
958158,0.46348231392489336
683262,0.19091658294237931
416232,0.0
907025,0.8043545440192098
641304,0.8811177517796703
775345,0.8424522005990839
647967,0.785016003047349
504186,0.0
309434,0.0
446139,0.9198871764254322
933492,0.0
454386,0.25004068505712707
322139,0.9027506930121272
135089,0.0
997916,0.0
576445,0.8841981273316168
320657,0.36360289965558434
353887,0.7247247166171022
658637,0.8187902381062719
668769,0.6971540220711854
784657,0.08256173458953874
268645,0.6591734548120606
394649,0.24930128597835668
320412,0.3601598880842153
383958,0.0
558095,0.9412274729103942
929041,0.47980454119536753
370537,0.981234301798534
235366,0.8221402320001103
311546,0.4255549883651764
989654,0.5618259969513003
145970,0.8641464459575915
996706,0.07421405685204313
288050,0.22759825085753696
107237,0.3874353895215332
595018,0.59797986076187
439134,0.0
904342,0.13368938990818327
667606,0.9592426526830653
106597,0.0
621171,0.9412594718074698
346267,0.9617160964331614
606106,0.49098728719541473
109376,0.3283459296792765
873641,0.0
577015,0.3629889403169561
812810,0.0
370319,0.0
988993,0.6042762972638948
210566,0.0
778963,0.26928463482091364
793636,0.6257791171313608
285927,0.19107781402294524
138925,0.0
355981,0.5403412511739043
879466,0.722636312123374
386286,0.5814889593338237
275878,0.0
372282,0.40913664006706985
111859,0.12190853031940321
808743,0.0
245790,0.0
292568,0.3473713135087027
150191,0.6042926958090661
430913,0.6655752512594193
834277,0.6047172666770949
691118,0.8610527239035635
628050,0.7969802604451695
738346,0.8827013843308018
940843,0.7450885869960516
885810,0.6621571107224974
739506,0.529320000951005
225788,0.5826780367959198
190135,0.263985818119606
951239,0.7276869794625638
901967,0.0
159039,0.2791142991374744
517426,0.678252421598044
254645,0.0
416802,0.09537277167173762
863788,0.8436396267760984
396943,0.6607271818708637
790436,0.6680728337920055
434266,0.8943696242829353
847722,0.5058573831992519
143434,0.22285797831151619
634060,0.6612363146496838
739811,0.6571685603974582
891391,0.0
918934,0.5217995161056739
602978,0.0
295568,0.6432793888721613
247332,0.6631274913448492
561489,0.9405923257032587
918000,0.8098214624690279
499831,0.20841567464853433
977854,0.09331717556270178
807205,0.3179100693174402
463137,0.6154429407233521
807979,0.9383012724584143
418932,0.7659594480191707
887994,0.9807083445725638
916809,0.3577235562700762
631198,0.7603183001534596
382992,0.6267488467528897
414864,0.0
368310,0.2633544731972541
734922,0.883080584941088
917029,0.0
312258,0.037345638523612355
357258,0.8540727549003418
301446,0.7646344087659285
972648,0.6341818985566
528534,0.42502213701350483
353440,0.7576621920761132
440247,0.6836687462016393
684385,0.0
592883,0.8937198423991218
306834,0.5793506781078218
942319,0.0
288849,0.0
825364,0.6842617958725618
980569,0.38012722197189314
521565,0.7675432490158998
342168,0.8961340781413122
226998,0.0
741957,0.24795256890648984
760253,0.6413290851151182
674966,0.9183077168823962
483296,0.27023693282003625
141654,0.0
298388,0.9607990036615879
595242,0.0
259872,0.8587874980957635
522233,0.9206509030561327
505179,0.5195134283039193
229887,0.8217335039944225
112130,0.036674366891892435
920115,0.6362520051137825
981338,0.0
813991,0.0
568667,0.6206966243375249
660902,0.5635430642701112
633943,0.8971516173975788
403438,0.378269072029139
369429,0.8096817449960645
223224,0.5051485797521899
711942,0.21103254657789555
686817,0.0
773226,0.8155029393646641
354644,0.24692671759924
971579,0.618807270249937
864676,0.7776926284587411
774111,0.939317233097779
789065,0.8581206383985908
895092,0.503462340576219
400152,0.7971672548441392
833017,0.7863659573061519
133012,0.0
488108,0.26512616886333723
234206,0.5204178922941151
680713,0.9009917063390462
963344,0.0
202126,0.4841157516568753
757579,0.5433544046103298
553465,0.9231105116920041
412381,0.0
989603,0.9401869093719659
734066,0.8819856056633435
766616,0.0
267806,0.2805710656593009
541971,0.36905601891244083
704197,0.7631653264948038
582997,0.3591753076828293
721619,0.5809289139296862
975741,0.0
721499,0.2639364367073028
177501,0.7804322889386985
389184,0.1495508825344434
262765,0.4080920336366816
242638,0.5973957062929566
989619,0.0
846419,0.6636873470782985
576966,0.9368720793802149
213157,0.3459902821210451
461207,0.9641902717501132
966281,0.6216468107140515
925460,0.8637511480000799
899024,0.0
502726,0.32169192716891903
616370,0.0
866502,0.3736184322792805
271676,0.9807666921103387
575318,0.5855338659669014
646250,0.1931016136534731
733424,0.0
319123,0.8578659282150641
460435,0.21095816778716373
525594,0.914955119386174
712668,0.8182218477209203
194983,0.0
653642,0.9225501955823674
212770,0.10369028287279544
212048,0.9789035697992599
804767,0.24867124886621525
533269,0.0
468134,0.5503160453406915
575044,0.8632157163254941
220962,0.8586181308409038
889772,0.0
338212,0.0
755561,0.6632414726843825
269506,0.20372556542751286
242298,0.774189870119809
712273,0.6606354336746846
694709,0.07513633276685783
582745,0.0
330685,0.44743930009281735
341947,0.8781382678070125
124769,0.01812870660811822
458043,0.8377140170244438
404996,0.48364886842731514
680043,0.5561344355610812
591819,0.3893203358435125
388547,0.20754757926519196
977227,0.4971634599051859
291446,0.048987528275739864
360810,0.3411452361356309
623836,0.8631629325082433
669536,0.34179502559223346
348170,0.9371615681298204
102955,0.9610036436081368
395114,0.0
517430,0.8414454238051448
551791,0.4990326147297307
448636,0.0
217254,0.5476718590299503
651138,0.018690461847936154
483821,0.5396805382714059
774078,0.883284013563556
108015,0.7765101816383959
216461,0.1927502556812128
829261,0.036855713082011944
529738,0.6817391870173641
281515,0.0936303918403751
874040,0.6775633223511417
277735,0.443967823459547
784588,0.47803676017489183
306036,0.0
894383,0.22954672379028146
628917,0.3006512113567827
441694,0.7372519245302649
446581,0.4222569211849076
888283,0.1313848507626007
187352,0.0
749707,0.1346897905877172
935244,0.4190860503008948
692946,0.0
206481,0.3087839433931707
430258,0.9415306008761934
223901,0.5671490477522637
863605,0.0
755982,0.19012675848395655
883617,0.3434583887807744
921433,0.6280250686794855
424544,0.8401034362687655
820905,0.07607617449886181
775933,0.8415742062448199
157517,0.5215308770975317
677721,0.462731156285015
317025,0.4770661343656026
251416,0.10840913237162583
314141,0.7800606813023864
672172,0.621328269206746
836403,0.22970074451444722
483669,0.036566290281002556
370054,0.017859836406469095
803954,0.9188321886544552
324133,0.4248668857798632
236033,0.8604630628723008
275017,0.2671483365688224
903520,0.0
311298,0.0
930468,0.0
270426,0.9800555663867326
255049,0.28585677252524516
726942,0.48032332683051077
144477,0.5656203409911391
412191,0.26798568448501475
605294,0.0
761465,0.2942434242347862
847374,0.0
266733,0.17901880036801943
618964,0.9216357747797072
523952,0.5229236298090516
206628,0.017964752375505294
966187,0.2528155946663596
229627,0.036744791909503305
201089,0.0
325825,0.7283063032042904
658836,0.0
819092,0.25001222927019984
210415,0.23958737459048532
961415,0.9192155764746305
574598,0.0
729339,0.5011224885853419
751402,0.8929994981067162
434377,0.960301072509486
383175,0.7097706789742384
538362,0.14954621662329093
598814,0.09663231945398962
955948,0.2694074592805022
909120,0.0360306562029642
698544,0.0
969645,0.0
101410,0.0
744124,0.9805592799925524
837685,0.29306651017700863
872641,0.0
218418,0.13140207250895775
775894,0.941925692148245
530627,0.5775093681893385
987830,0.0
130496,0.42585770408378326
960589,0.4232917667206617
497945,0.7466271601485152
172959,0.0
174644,0.15093193248917242
991627,0.0
613413,0.17177003273063354
315968,0.32865069150494003
800300,0.7009181921166282
974104,0.6569754769462418
313717,0.056588958248144194
468950,0.0
461346,0.5022734116097016
955988,0.0
689979,0.23793583893231393
651563,0.11676620639792226
129665,0.38669342841716453
249387,0.9797495229793868
510271,0.5073462955692106
526505,0.4460633364160452
761846,0.7402038655683465
504071,0.3560367139676617
805309,0.48226613588642553
887721,0.15129292493328855
759272,0.46080904011198154
908587,0.23248908798393203
362252,0.0
100118,0.0
125366,0.3363657392883158
107066,0.13339982599321087
690107,0.2556711195445684
716549,0.0
799048,0.5878004765783892
271441,0.0
195745,0.45928865407629643
582912,0.5792901543703176
992192,0.251082720842303
989552,0.2512280530770525
162055,0.0
145334,0.649346338434371
451716,0.3692605280205175
472970,0.0
308561,0.247349559396784
335168,0.0
107490,0.0
839190,0.5785579905220415
372782,0.6039371310556608
636560,0.5179277068136333
471559,0.0
954068,0.3671204913794219
120211,0.0
495119,0.465574576663246
328174,0.0
558010,0.38199835103670876
129518,0.47487699266570615
998455,0.7409001937590001
577659,0.9588734356566139
839053,0.11058141442355536
303619,0.5013805272642753
298256,0.09061980828249644
752486,0.07356679695194313
727568,0.7390889989717816
445190,0.0
155887,0.30859715034811536
108686,0.519887822202507
986562,0.2525243070317829
591210,0.7342252138953965
739284,0.3744470820981935
291866,0.0
588350,0.0
581746,0.056776186634199484
696654,0.27640940015605153
673161,0.0
355222,0.17213263277331642
686056,0.47564575024334904
897195,0.6985720083648266
241971,0.4008780547664444
709646,0.502818073668458
161486,0.36899137111377805
450941,0.1231095245295684
784918,0.3039285294462255
675979,0.4641347800737214
671279,0.0
937919,0.0
958254,0.05639857988802648
548492,0.2678525824099437
977686,0.2463053854454252
163886,0.7273128515796785
252787,0.09418107844493309
127951,0.0
641138,0.09271577996692738
874698,0.2558463941402229
578292,0.0
311873,0.0
431255,0.08403612106994456
182227,0.0
817459,0.8451321460046706
341872,0.8990501844585135
781296,0.0
941975,0.675971053752407
603913,0.6848877893911361
833951,0.3799632484752461
741399,0.0
777413,0.9184336497576298
877206,0.22248982030578046
691546,0.6354635015676912
285498,0.839256095115152
934026,0.5371350510432171
247058,0.4032979320796255
806536,0.0
607736,0.24955160152463154
828688,0.0
558017,0.9803968149786485
192645,0.814904306902312
830962,0.8763804490460843
377623,0.9254288093414961
572695,0.9809318869452871
256990,0.862481087470215
570983,0.0
410355,0.22139981925089866
828365,0.6197276338214328
389167,0.6157991984157865
164859,0.0
247940,0.39909671967191157
403991,0.40250050452253583
260867,0.6786805159299174
551705,0.4437108485363503
727365,0.03441284023182058
742828,0.14952875619335146
799160,0.9620531851032832
863214,0.4860360134069105
294005,0.447462972015084
709402,0.1821832383610694
661888,0.8205945982378401
207243,0.032006731837869846
741553,0.054263252167443404
263279,0.7768231217817471
319108,0.0
150996,0.5368363855964133
464997,0.14970769432702513
151388,0.8390385914154447
201490,0.24534715113217317
944130,0.49937818603355033
515748,0.3951007881994536
192954,0.8431014807766419
532629,0.5059129134397806
261127,0.5000708473471747
631931,0.5326289245597562
414244,0.3212509505664508
939026,0.8585477239049867
190711,0.8226298576956896
625537,0.43980232784903805
197125,0.18826670385046532
864161,0.22864952910014988
325313,0.6047082996986293
937114,0.5174682148171043
432206,0.4026509082911254
543828,0.0
807230,0.20900014945272932
675244,0.0
805468,0.32207637531995237
945850,0.4023896268741763
657253,0.8379957822771048
717850,0.14969985081550055
146746,0.03679132351866891
872864,0.9807061466177966
640010,0.7409690091422727
687547,0.6825663774158385
870359,0.32308600355678735
767167,0.26063016784820187
779068,0.9025805086259787
206753,0.3583824549733071
648305,0.6487489075831866
871510,0.0
495872,0.1474795430793313
503206,0.4551621946511256
801773,0.9467054200076088
681658,0.839680457171843
450156,0.0
129398,0.0
305795,0.9626340846955416
567384,0.7451405315251339
387523,0.6357997101637934
710370,0.6458388512213088
228717,0.961310583445557
684392,0.3460523531797529
538741,0.0
362453,0.6833925094963074
818637,0.0
295932,0.8280420616752232
948731,0.36491335866500646
736898,0.036838020258221096
808623,0.862060263007951
411568,0.0
299832,0.28884103424975455
252503,0.30057102363415117
726981,0.0
648916,0.16052261547523153
578750,0.0
406968,0.0
474011,0.24373391569771466
149615,0.7046427642101014
383544,0.9194616622805629
935081,0.2880488639065912
795212,0.3487847071420492
666755,0.0
403824,0.5747243738509461
148743,0.3415668748013486
140649,0.035319201743333174
808005,0.23456034445060597
353063,0.0
865779,0.8990562855931069
305642,0.6555915904382094
215804,0.5428092472393216
160677,0.784509168696528
230775,0.05577179094624176
436341,0.0
850678,0.20624881287233063
485714,0.28020919119679594
175129,0.0
653512,0.28724832080700446
531172,0.1879653203028369
860193,0.0
701632,0.6234641236423539
976883,0.5210889301632347
218667,0.0
502707,0.1878511432421043
173502,0.0
164881,0.5726039250214557
687442,0.3262371368202352
850220,0.5269465386953066
471566,0.8197237451689136
910451,0.3613001187122335
314456,0.633832894976069
139654,0.0
810459,0.6393467087047903
974882,0.9202970987941971
275920,0.0
697805,0.16889392226724206
975485,0.0
595420,0.13303648052736308
962646,0.07038183873562577
425020,0.13422478185246717
975581,0.08539132672527851
437211,0.8839098287707924
489437,0.1314056476147955
957537,0.5277942502353392
144975,0.06709953413011648
652617,0.6537328261868023
438490,0.26593955822148924
766002,0.6556241401551417
758654,0.483252768698505
391144,0.1291487733133637
949225,0.8218315581197694
559915,0.8327200244221302
443124,0.0
524447,0.018182876803287923
815606,0.5976549452946132
137337,0.5361096234494999
414905,0.6821723905647392
846290,0.19154031821026513
198849,0.5997384537371077
491947,0.8426076857267092
615109,0.13273774208533973
911305,0.3627422281539849
737003,0.7383206178076545
869453,0.461510429926233
348639,0.6544488289890287
595076,0.68602514024281
271370,0.34964757345878256
217692,0.6031365033143407
836508,0.4454498033085451
215459,0.7534206478140882
906779,0.36735556855924506
987920,0.34620361268155364
484376,0.2047387314164102
969996,0.0
931897,0.3988130826589141
116216,0.36779835963090557
428729,0.40304491214899213
319135,0.9373685454837044
563476,0.18563579666294738
104055,0.0
385378,0.0
531492,0.7638240342148589
651489,0.5307225226789495
304193,0.48149373772017845
493179,0.05245114010124068
822149,0.41943593069092683
881825,0.2053328154977707
284860,0.0
417199,0.32952414921753637
167720,0.8239573709221897
643015,0.11173674652786744
183425,0.30137377161657947
247447,0.543760914578098
603921,0.7970133838701529
395587,0.876149811994972
719735,0.5013023958509094
992873,0.0
188934,0.0
380264,0.5118088282859146
164341,0.8230904524295469
180392,0.7416071834867403
311492,0.9624634018297493
942880,0.07230214064523824
216713,0.2709600213172673
554440,0.9808850579666181
777177,0.8508108527383862
328483,0.6985304722714553
746312,0.5398673423355743
431232,0.0
445922,0.0
698120,0.5556929458084988
637528,0.24647636140181486
386137,0.0
184575,0.5572223847095151
116221,0.5870947224259326
349259,0.4617903977197159
941685,0.2770355657525704
413807,0.0
831017,0.7981375959252014
765582,0.6438914956288291
344284,0.09196571406658689
700917,0.9010004234190521
572259,0.3255793171114596
619134,0.6054535621969511
914688,0.17360453557021485
199784,0.695478719478183
983392,0.5809680613690102
256084,0.0
724743,0.5695350250628984
667063,0.2541712527475859
780386,0.2367838081535607
677659,0.44487454661765646
175457,0.32781079290191584
877664,0.7242501495974998
644189,0.13185099456232896
420476,0.3454035958409832
528700,0.037787904117493866
534416,0.05474148466837551
351389,0.2666171894057517
121042,0.735007735745316
395209,0.43816704684996544
500878,0.814430241844676
783870,0.34558001093359114
662822,0.38739023724325994
153564,0.308541669151224
336142,0.5826517279851637
589748,0.0
691917,0.9795225322436335
430132,0.22675286858564137
746359,0.7179023063045057
852383,0.3207048408113385
771297,0.8613680558833794
762741,0.5818424462271488
893315,0.017446550263791657
842003,0.1719868830347493
964690,0.4994854205949323
721942,0.5065895105245722
506632,0.13260927732174269
953755,1.0
705477,0.33572895600211067
321102,0.3722505397869695
288384,0.9806697185672419
707534,0.0
965242,1.0
187915,0.7151062834762345
694156,0.3474370926323967
194576,0.6199609823833949
847605,0.8403037215853245
124647,0.620728157608941
359081,0.0
882070,0.7009792719619161
961821,0.8033940143833885
987356,0.0
959693,0.0
178005,0.5993821088626116
914993,0.5381332080539508
975266,0.0
208347,0.0
536791,0.01891646391402402
313171,0.0
118206,0.4387140340309209
895589,0.7484164473216669
550425,0.7182248030206698
712882,0.0
908138,0.296460882884203
325144,0.8657447323984256
950177,0.2824829498001192
451223,0.9391601941057343
824729,0.4020731949951434
777159,0.9593051076508661
765549,0.7184827817693953
817314,1.0
342994,0.9587835619093247
939034,0.0
391873,0.6436659374616855
644602,0.0
468002,0.0
668597,0.8963888060557521
326114,0.9221625148707365
249362,0.7629315820638509
533312,0.6991043860679858
834646,0.27043556250101825
957603,0.6377424645506085
895891,0.6592818685724666
618688,0.9701928871387234
727665,0.3841364263159054
796314,0.8607290340669116
155575,0.9199260317403815
275903,0.46313426254232265
656073,0.3345532862795199
319901,0.5400926174675665
869239,0.0
814210,0.13601802748823527
237576,1.0
628765,0.0
837266,0.4184975407034575
164752,0.0
339046,0.7442486949987328
495630,0.5335192189562467
758878,0.0
114088,0.6422188083739433
183342,0.0678336042022842
471552,0.5718164196253951
138992,0.5492769916375991
418199,0.6804408804543771
376207,0.3863614063111601
904001,0.0
608444,0.627024356426427
885033,0.08953632955787771
219544,0.0
512851,0.29577934705914105
936552,0.9365291046707105
109316,0.6180907094656735
919504,0.0
365113,0.47794428846487297
728085,0.7549752837821946
140038,0.8844486742824337
606632,0.7618281986214834
878765,0.7380804040584968
360015,0.18997046551758945
947406,0.5191115705029493
871174,0.3087388588802786
635383,0.018375117616092996
642602,0.821622980091742
999999,0.4181843327723427
241153,0.0
953006,0.10767955376332196
900021,0.0
613159,0.0
352540,0.9598559358850003
837246,0.30053919268894147
500693,0.23836464907897004
170093,0.09616461362251012
690815,0.0
353018,0.6078322431911414
395073,0.476475434892877
781146,0.16727241447114966
480605,0.5236262697398985
175787,0.9355243787603464
781974,0.0
689192,0.7060771391298415
426627,0.9198480144599877
515653,0.9804843862608509
463693,0.3268090513695638
763068,0.8405205206671859
902604,0.3039245526844832
550008,0.0
783988,0.6552440786836271
963646,0.22388762773354884
948823,0.05793871282178436
243559,0.8780200380151421
171106,0.6232987588761125
895326,0.8942795964401886
744144,0.0
557487,0.40505400694719473
996961,0.0
820531,0.45947295930240234
613724,0.48449579947706956
989710,0.574075550801675
902061,0.6029173121416991
712800,0.5550146580177393
867702,0.2624737517314305
946085,0.22251880069773064
537340,0.7599062312060033
759160,0.20819740656436644
671737,0.8099273181875764
678733,0.7845575946234988
206240,0.5119770503676703
173770,0.7231849961714065
954924,0.7260634846231043
473690,0.0
921519,0.976837881715189
194266,0.7803867603996384
559229,0.18319108700490852
378917,0.15446834857281172
863562,0.3600858331582615
764339,0.7978637872728472
908333,0.41297246641214796
699705,0.05573261391615863
762951,0.0
365872,0.9005264215107801
475656,0.7014944797346866
400910,0.4466042633476899
826781,0.9145637022572312
328980,0.6326846752128149
385937,0.5434331248513558
199194,0.9580804291172645
147537,0.9791926695866435
175283,0.7209742768137534
541790,0.0
807437,0.5047543401184568
926686,0.6494343754419996
520789,0.5597010779179826
964348,0.38904491488081655
542399,0.8593237556376128
199922,0.0
971000,0.0
562656,0.0
192009,0.4207076578011571
224462,0.1508308304600413
743789,0.8787056266386973
915554,0.0
425141,0.6904700306217716
293488,0.5326214760665585
610164,0.559608404328039
331968,0.05250895579351729
110346,0.5853018488233847
522857,0.7813517603209341
800859,0.7947509488750215
849930,0.0
479886,0.46496760326692477
234243,0.09616813914409217
929737,0.0
444219,0.0
857916,0.7974034106666086
398225,0.7371824902940616
283333,0.9262541954448533
878738,0.018369087680022208
782930,0.5801419701719457
287479,0.0
588052,0.48666204499367827
716879,0.7105951366455872
329571,0.6360739138845848
481745,0.0
777236,0.6801396667235181
897605,0.1304288688070805
276365,0.4060577396774972
400999,0.13816713560981875
595022,0.0
680068,0.6593679430539409
604759,0.0
428918,0.0
901886,0.581308282270876
999246,0.7425853380042041
477097,0.8538194019445982
217858,0.5192546337256184
696867,0.901376819772364
269639,0.36440156631667886
553121,0.5846431754428761
870673,0.07569399490165958
517788,0.06848206903343294
547325,0.26481592285162403
505815,1.0
215551,0.0
625868,0.8417434497395304
481631,0.8028844356930732
789763,0.745465303256064
154605,0.0
812316,0.0
598327,0.1381430131406643
587186,0.26596156718772607
841145,0.1334676400362251
832984,0.5200306823802426
389108,0.2122190001867834
146920,0.7010348226519612
694037,0.9194907950841136
292779,0.4264222529799059
385275,0.0
844779,0.528362903475295
187846,0.03580859582004531
607907,0.0
599961,0.5066813939911061
394223,0.49620947224152673
117657,0.24793848989270062
222190,0.0
273100,0.7960924609156983
735103,0.7809462351835208
771838,0.519554103504107
892190,0.6243023528303845
654700,0.7854005785124272
232293,0.0
501972,0.0
917147,0.0
347503,0.10979904989383489
467263,0.0
256349,0.0
274611,0.4266981629676451
897676,0.7427376983499662
169013,0.0
146490,0.4335956622944825
209594,0.0
932317,0.0
713335,0.8397408829938874
527625,0.09741854265582346
203677,0.9590640982276278
810911,0.0
682675,0.11470978177446205
356150,1.0
212222,0.7416909953750729
884686,0.8624283892588169
849748,0.10775823074462763
645051,0.7730268614771502
822284,0.346703902157766
270161,0.1358757995744219
369144,0.24295107853401177
987669,0.4112293642546706
563572,0.45650625941219514
431914,0.5199257419427707
672468,0.23859504128854706
156861,0.44409714079328383
392408,0.6516150027133701
140223,0.20998745006565292
577451,0.7195731883148104
822645,0.07231713968969383
706199,0.38179450353031125
130617,0.3236532742865424
497268,0.34516225236830134
171611,0.3672783453428892
267138,0.057080839395845975
192877,0.33851896749033344
944871,0.20845853241480547
790816,0.0
224060,0.16681879633559146
482097,0.24495157360158112
118991,0.6840423829394323
839835,0.42998123193256527
603964,0.0
105210,0.0
250544,0.26747246796215635
973513,0.8625732842924222
972821,0.0
743130,0.9560014866624527
260011,0.4818136451747378
494542,0.6932234881998846
598143,0.6872785306533357
701987,0.862533254921921
866255,0.9804709656027014
113875,0.4239796177912502
409547,0.0
314347,0.8569579588022634
300289,0.44543513492721515
474975,0.8927680852237201
956399,0.4009254217808595
645447,0.0
342841,0.17893409536896732
876922,0.49125463066688263
300876,0.0
499686,0.5055442138133713
191191,0.0
880140,0.27124916013704
158707,0.7808566215697407
354381,0.0
385321,0.0937786359163968
772456,0.8509461206450476
411743,0.8555575518827278
355807,0.9398763563187733
806843,0.0
517209,0.7822251975833896
413011,0.30331321974962555
294451,0.4690374111094715
492454,0.3289395330396837
683194,0.11243377106431725
400694,0.5535379093596449
863906,0.7601543230684317
575298,0.5814798909119837
488914,0.24651397469171735
849314,0.0
572323,0.03673009585243094
724030,0.9028682885220705
314492,0.10974298805769642
791468,0.0
133982,0.3651592081078227
168736,0.2476832107267437
675445,0.0892041365140475
859408,0.7974719795965732
973595,0.37229749209161617
417593,0.0
582290,0.8964630445424404
420266,0.40691330002886084
154439,0.3484001694416365
867951,0.3037121345804545
289659,0.09494552934098643
630158,0.05786155683392644
501101,0.4818907694731182
864891,0.4026960826709704
107926,0.0
375306,0.05096617436392178
826500,0.7838745004644694
507494,0.3660210558232134
538780,0.0
996766,0.9212813143737041
449450,0.7234102385801582
694423,0.6365594224830057
972049,0.07555064056601085
433408,0.08909772634220686
658374,0.9232313590649461
211912,0.46691631696492586
652053,0.8164415675103952
229294,0.32230073059668685
181798,0.7984475900909508
862280,0.8011614639857783
835351,0.0
844534,0.4266117589849571
190122,0.21210985735902263
295709,0.0
395192,0.0
445598,0.07518897170172086
691781,0.0
728468,0.0
252223,0.8200386399219722
493453,0.2609444059603219
920942,0.7135626324747832
217715,0.0
762352,0.9597097107615283
294070,0.9780103838279133
344471,0.0
641544,1.0
537131,0.9610309656348034
751824,0.8036123903157508
549860,0.0
913940,0.9017351009602784
849048,0.1508433709290248
319276,0.0
124339,0.0
392135,0.0
875914,0.3814746738913463
290261,0.3864635773955524
820304,0.0
615601,0.962322888701343
611317,0.18447616743624237
335764,0.6558976879835979
316394,0.4758197356287406
595015,0.35644609428011975
760388,0.1344830786384664
758240,0.8381761100408054
231959,0.0
585221,0.0
989389,0.5934684855092984
230958,0.8378936059393013
494736,1.0
332925,0.45326959655236804
210386,0.7454189682885713
775340,0.355997834922419
443991,0.8997225001781466
195463,0.40173429492373314
776560,0.07336360601512794
474156,0.16031320609563884
342186,0.6233249553144559
543536,0.1079782969672416
526520,0.3823942765064282
590201,0.22427300313242374
841140,0.5390006849828455
305764,0.29066108726240164
670881,0.34866338214203757
287841,0.0
671676,0.6198735722705745
254618,0.0
211956,0.0
395410,0.684037419038021
161801,0.881561620409739
193055,0.8997842204347255
290101,0.33082338112911613
588649,0.11145635374682139
333404,0.0
169912,0.0
638948,0.3828884615052
365467,0.14596866930590985
476567,0.3706391025244953
390881,0.6007243900777869
333950,0.38678095725481243
856790,0.0
146892,0.6231899902932294
418045,0.0
118407,0.22805397276893713
179164,0.4620612757115978
634819,0.5441124778814004
630352,0.3928504069497364
193820,0.018429510062062702
554683,0.7950782135221228
669717,0.7832401456865998
765032,0.9003587224146766
955038,0.8050671475014254
480320,1.0
161540,0.4984624884544628
542498,0.5763134526861432
780324,0.32448056773471495
752100,0.5206574960506106
252750,0.0
716456,0.2113379596788778
323780,0.8817295834612567
783392,0.14001647116137805
673084,0.819038228264085
671993,0.33675656889191136
299894,0.6343456783073347
339611,0.76195776645727
395095,0.0
909766,0.22444502777184458
306178,0.0
859222,0.052053899274970575
749495,0.7151328603026113
451277,0.7624081263496753
160736,0.1140039651506392
502630,0.0
428800,0.5462172575031548
747692,0.0559974033427465
630024,0.5718289644935725
291188,0.8793670479328772
169271,0.5741827858386915
221328,0.0
293342,0.9179825836154138
720493,0.0
885247,0.7776796022488038
410176,0.7814728214715146
229549,0.0
160141,0.42153155192772923
232469,0.6371824213380947
615233,0.20963441309710332
198489,0.21062439881383674
961517,0.9421407378887232
839266,0.6551562759899082
268360,0.48223918410727884
900539,0.585127108356238
307968,0.5295390067897099
101787,0.0
151322,0.0
499348,0.6646418492045072
445363,0.0
209979,0.960333576797548
340369,0.587039246884211
415299,0.4958215569031078
107665,0.5929669112869712
653958,0.0
414169,0.550649223046811
380800,0.3769671424491328
560287,0.3137447991211247
530314,0.20812331537699497
563057,0.9209719913047947
734460,0.0
772973,0.05351564132913862
487066,0.43566415677270004
480653,0.9275901225210824
307123,0.0
593972,0.9410034977668914
842389,0.8036793196085464
972410,0.0
587104,0.0
868046,0.0
864536,0.24357655828993624
649926,0.4489516956808253
758156,0.9542741564093974
233807,0.0
801363,0.05833931371230237
389129,0.8623025008600704
226952,0.5786125496347942
445414,0.0
361875,0.5022668293787814
671318,0.0
748643,0.7097603737424811
513720,0.7385314491416904
364929,0.07259781328369931
204799,0.07182509614026981
417336,0.05520482131298591
699325,0.0
707803,0.9568941395838494
730653,0.0
377452,0.0
771714,0.6959471959295943
258118,0.3360433290588342
516289,0.3469201354655536
133238,0.0
985480,0.24445716989951866
422128,0.11329888881430107
722669,0.0
594784,0.7608956733778686
435226,0.6795613243349566
414736,0.8833698186150746
784159,0.7423043870480991
470586,0.9611037023439887
129603,0.1874561397613577
842629,0.7171292266369849
793077,0.8990608085409862
151763,0.05554263024681659
655686,0.20253567668172015
635350,0.0
515676,0.921106999955138
107525,0.9600328270319849
544845,0.11350784323105051
996343,0.46404747148728476
988693,0.0
211921,0.9186212009012001
705427,0.036027898916777185
788565,0.4234936970384731
622294,0.6793913859306222
838148,0.800988545090891
295522,0.7081155123882341
697432,0.11310341129417352
697553,0.0
866288,0.6378227329403607
690989,0.6217350347021278
521696,0.09420883560410923
155085,0.9062090061442791
376827,0.557718468533929
749194,0.2997366957073096
445481,0.34989180129947284
676202,0.3057167148243283
623345,0.27095636817639795
802108,0.17014989027409355
104734,1.0
331485,0.6378234807846798
690868,0.6582124729093867
372160,0.8620602735307847
379143,0.4115131004664428
204131,0.0187919724619467
605097,0.0
281961,0.0950372322839779
461019,0.6050308484399709
367922,0.0
363731,0.4205800172667323
368527,0.8829464215589233
854344,0.0
838031,0.5228220265594625
802280,0.3197489451779345
871754,0.0
809363,0.0178351274026806
304062,0.9410077099929332
459193,0.0
460534,0.8669389750251003
426243,0.0
387757,0.485159898298946
721965,0.8751489836733134
523386,0.32171077400181247
567799,0.8799487475838027
526575,0.526909059080607
124439,0.0
430294,0.056825804785654944
833732,0.9592606890968802
366103,0.36170881141853334
403667,0.5388320834754201
130387,0.16914367902245708
603503,0.0
702714,0.7238805039273886
161138,0.24399230766141108
116946,0.23491946102839595
835954,0.05640386449827182
721505,0.8380905637221016
682923,0.667607193773574
505845,0.7831152136579524
809043,0.054747770903822386
424837,0.37752323581604
167612,0.3134128242255605
727108,0.267173082334488
370321,0.3224072892895375
938440,0.6960386311203914
515312,0.34444616766147385
456936,0.0
347501,0.26249180223199403
914317,0.730347686983991
916839,0.3471654888852616
698829,0.0
463974,0.05728195539979547
260321,0.7147034693648933
125820,0.5799208691576608
173440,0.8007212513970803
256771,0.5848868807853399
276119,0.2822299770190045
311725,0.895077302493113
757343,0.8560707157059202
782417,0.0
115665,0.28702504846750315
842190,0.07264212587297458
273694,0.0
493002,1.0
680841,0.13733895203986185
577391,0.26680189046047925
366534,0.0
997343,0.0
581913,0.13388424963703305
813788,0.47274862659863215
156136,0.6772956058721171
891882,0.6670064199783812
400598,0.17065799645279636
262219,0.16741868791694317
989207,0.878718064700373
729844,0.7645279370353663
769452,0.0
634982,0.3263678779137827
419714,0.3052951338124736
523613,0.45250205196825694
451604,0.0
398057,0.9595042270427133
908844,0.6420469699532763
154662,0.5463679223272596
762129,0.794308221214396
781169,0.7604526565715843
979866,0.3344987616818279
838608,0.3350456786351031
864622,0.0
590341,0.4094931072014411
164820,0.9615501629304637
348394,0.015534266269566801
257363,0.8021350566565645
391431,0.5286070716241814
699573,0.7205988880938324
586620,0.0
243014,1.0
283795,0.3700449636191263
337829,0.13077245956056704
336710,0.6000239368783034
739133,0.8585170879096455
644108,0.08974635236987752
752954,0.7942239790371151
580477,0.0
194320,0.620213062759305
609709,0.0
593077,0.9812090197354347
626226,0.10953034265778598
548286,0.8048568044350776
677436,0.32703213157669114
850197,0.5938371633663818
343809,0.32410860117694545
738447,0.0
143469,0.9397608698925363
181920,0.5058434394920114
872315,0.13948415837944333
526079,0.8021263848784899
693717,0.6638748389452096
676251,0.8972406169321349
730551,0.8214850005137031
290288,0.4662097814795632
932230,0.7978148858461849
915757,0.7797830957811522
588331,0.056079958401486225
259141,0.6691213931955572
844384,0.2894537990188413
216587,0.798889997968995
615710,0.48736708455815486
699655,0.3225843928037976
629043,0.5823899367087683
441863,0.0
559200,0.0
717995,0.9009190857915436
755883,0.40617286002815245
245610,0.4994099554532867
158516,0.0
302247,0.675234179872444
677488,0.12869625776830126
695318,1.0
321083,0.1080141618998404
151921,0.7375600854499268
640250,0.7048230204054586
378452,0.8630284933290199
951002,0.9604377377798623
240142,0.7810615684123796
628439,0.8639151421174074
699200,0.0
316276,0.0
345701,0.8822112445052043
610243,0.4027526567457681
652667,0.31728524601817903
576293,0.3485704825283087
935034,0.6420621111713116
539483,0.8431255158144653
498220,0.7796611010600346
725630,0.7039407028961432
890010,0.42530722010492733
315474,0.016217635999951702
810000,0.07534372995940135
644248,1.0
945529,1.0
997170,0.7360761168184465
285378,0.938854803847471
869440,0.6756944519117596
375908,0.6654616450648246
441537,0.9802453896455948
935210,0.0
925631,0.018294581717297677
712911,0.5891666799888399
252009,0.5675690277167995
815111,0.7650070081145228
441950,0.942649000730927
458951,0.1783732848510733
478108,0.6981430485067883
463345,1.0
830317,0.40091589820711004
376235,0.9436631430607713
816262,0.5591807653827445
126709,0.20545690960888238
984259,0.6486400631309266
151342,0.0
321855,0.07370919583842502
681940,0.0
472939,0.8806300828459581
980259,0.5558912923600139
156599,0.5501613087643982
130279,0.0
397381,0.0
688900,0.9134308380960008
956283,0.17573131540871034
851855,0.4110934620720279
757672,0.6409748094258845
615885,0.46755901956588003
281502,0.8722725677525454
425499,0.8839050445033347
163868,0.11389130366813231
726074,0.07477781689961356
216991,0.0
173203,0.5816884674435151
173988,0.6536642765621277
209121,0.0
205742,0.9807254350861575
691911,0.0
862884,0.0
734613,0.3888046284724184
578811,1.0
198857,0.527583517635638
639451,0.7548126937967788
603419,0.5788131675007672
644779,0.0
559178,0.39030194778513927
492148,0.25731588018624996
620779,0.9579705995097688
573605,0.41374791581134795
717645,0.0
483597,0.6380522039427265
430957,0.5930284000665503
777793,0.44192600358166817
980482,0.7581821833847373
361591,0.3404743923386385
282280,0.7395148500801043
474222,0.1697045489762635
231162,0.09301082091806014
257690,0.13111978537476485
110979,0.9193610997904221
945453,0.5985352710443381
846345,0.6663840705425311
763480,0.6869200090733265
416176,0.4452737394275811
642143,0.0
533427,0.3384590295631914
311600,0.6605135166956684
751371,0.3611874104182657
635575,0.3184853346833702
915506,0.8116865510533056
590412,0.8843614755536034
583569,0.0
654617,0.40500492891980633
564472,0.6816741832819164
404213,0.8982087944144261
369611,0.2287691551974235
751220,0.5528172388517202
205784,0.6025992835583427
178734,0.4045632865351804
818388,0.06424688900465138
342715,0.5038030977031482
866910,0.31502494266409065
191401,0.9196875827512051
344240,0.5265698910938846
509232,0.16247180043260528
870582,0.8666769370510844
435790,0.3267092844837738
749725,0.9201910430571192
314444,0.3264844059557197
700886,0.7776969495918135
673184,0.8794313375682606
271890,0.33256694419027494
353998,0.2686835918493044
578334,0.0
826372,0.7399280910766846
116810,0.6076241975477382
600316,0.7948828674477073
234157,0.0
438882,0.36274682326022895
588953,0.2586847518548846
199036,0.0
495527,0.7964796373798155
281799,0.7520617292569584
242837,0.0
415454,0.37740929803251044
411853,0.8758749735476768
553235,0.48509744874794375
131720,0.8776507079135297
785873,0.7557884317654382
464900,0.8915493244608939
714638,0.8752106408733813
544679,0.0
118925,0.9013839660010383
338784,0.7779866510241573
311184,0.0
593781,0.2850386857507812
895971,0.8583438389794189
901694,0.9609034026834119
232238,0.9358116628951496
101882,0.45989777535173476
605514,0.0
709844,0.48872979444455417
477157,0.24540627547861243
647383,0.27494899094215747
732059,0.8222185742226362
422356,0.0
452604,0.0
644503,0.819584313617421
381342,0.46257479259538187
543883,0.0
361162,0.8215733318519914
416531,0.0
215643,0.7330035147144747
460744,0.11978874185397433
633892,0.0
726002,0.0
589396,0.6185925365563473
645082,0.4372351167750521
333669,0.7837294060092932
192491,0.0
982389,0.9807086505631178
465914,0.6332408463981859
330303,0.850901080708522
318900,0.0
892383,0.6405728792357631
844167,0.8769360683334742
524977,0.3266781373874931
950130,0.7640012543494492
404830,0.5438150274175555
184041,0.0
881612,0.6228203796306486
681232,0.9793175922043847
230654,0.657202781610384
212382,0.4348622586667202
528807,0.0
157245,0.8792839282021294
962297,0.538966119600687
488490,0.9406523814003936
618281,0.5816153015376739
595106,0.0
589380,0.0
500630,0.0
281003,0.26938730421214757
724014,0.0
656612,0.2653532037948506
560612,0.3098582313693621
156183,0.9230205289843211
151802,0.036833821865664584
656432,0.8209586007920905
165154,0.0
220603,0.6212348374471882
610723,0.16706309737769304
329601,0.1871913484941369
592521,0.0
912795,0.6283484777139663
531089,0.0
528232,0.3407502858794796
803561,0.7016977750368331
148108,0.034884837322807616
615616,0.8554520833219573
263048,0.0
589038,0.9253157027063209
564475,0.0
714528,0.11181901740808821
463629,0.8233687832117312
237181,0.35574418253039675
317729,0.9805787344003856
961780,0.508886704418237
796081,0.43923926846416084
709778,0.42384725560298103
585096,0.9801373527969203
333598,0.8269935674476937
378062,0.0
973655,0.5432206130718876
586671,1.0
777907,0.22598207984779214
656308,0.3407731681504666
697767,0.7224686612736894
946253,0.16894333020404267
424636,0.6800326927217086
315298,0.5234224721443117
685871,0.2878093226131597
320251,0.8531565696173211
364676,0.7751531638210863
233518,0.11182129153262653
374632,0.4025695503929432
235558,0.6758023657706417
515112,0.15546797586520467
630671,0.32552792521414625
838315,0.7255572116676815
167305,0.7610450612666456
612886,0.0
378027,0.8015147986932766
673418,0.329337963449585
277981,0.6760520551085479
213650,0.5820303534083784
854495,0.8572249440402191
402434,0.37428669301453754
957261,0.5944264033100056
304080,0.7397095040154578
765642,0.761232637675368
765278,0.2675102290448429
812181,0.8610260697348279
436525,0.5974642861343827
671147,0.05337199252367014
419114,0.0
689700,0.5260730386122088
219705,0.7310406666320666
325573,0.775187463379706
638084,0.682320788611563
717884,0.31029382713771336
928094,0.41489303093295726
837832,0.32184360117299493
591338,0.7434504201907961
744551,0.5912899953122136
695289,0.2676771979896776
748661,0.9008914835000484
841333,0.37534572798948473
232642,0.34388096644046146
632412,0.5914619862285249
471491,0.20085478250701036
869246,0.4847174859253383
940456,0.39556735361154594
286515,0.5623804003556149
634682,0.09414737501508295
789080,0.5992521681360207
871861,0.5039091397134384
938832,0.8777329411236682
588445,0.21072235562730993
568621,0.0
222701,0.30969294930253927
416865,0.0
854775,0.6032942274757701
502908,0.2252609591300987
901085,0.8282724512362853
358466,0.785422295379181
650292,0.6189385080974023
295811,0.10890598002782746
949992,0.9797950014995653
558390,0.6570410533258586
505944,0.3439264307197732
211725,0.7838248108220639
698021,0.8638107227803641
179977,0.05696174496086524
364922,0.5571261107416495
845659,0.7367293591723747
562187,0.4433150458341447
445589,0.12854539259731246
974439,0.19184526298578417
303715,0.0
183445,0.8789388517934589
482299,0.5062605824387199
584360,0.9379977477879202
489669,0.13452956040283878
221648,0.649994189260381
293096,0.9433057753023755
928099,0.6887014695942002
963869,0.7873696030367957
616524,0.47978348338488536
603900,0.6040877350396495
368716,0.0
394458,0.6262033769063692
468314,0.468913974949778
747439,0.5782805717800253
424426,0.7587955875036899
695722,0.9605119816228499
833826,0.9796879407136739
235356,0.0
640509,0.8792980621939893
861915,0.8412130132267072
323222,0.9392831575705674
129649,0.6193790291367401
467549,0.0
520970,0.3297410739699294
600021,0.47200855566599653
662538,0.15538055378463386
108872,0.0
365179,0.05616671518570876
372511,0.6576678117309105
150982,0.8829958364217043
984058,0.8614067780241819
643864,0.0
124153,0.26257841281684735
917812,0.24353964175730175
545477,0.2692647042334682
570797,0.9198469557213043
794112,0.0
986258,0.26814515457344507
783962,0.5256079128935518
573620,0.0
571479,0.6399197092138879
404716,0.35061058109095566
282332,1.0
813313,0.7315566222829575
421405,0.4058766548368285
813806,0.7568817601217342
160597,0.0
108644,0.5929114002791464
135514,0.9192893699830587
884190,0.6401944289653221
131012,0.9008459783889976
946322,0.6738770145100559
161213,0.8285728168116382
870144,0.35981570652268524
758076,0.5620047395213008
451157,0.8246091347939986
992015,0.10837379418194316
460169,0.8223704616015309
531771,0.5645635836862416
986750,0.5003354903821898
682912,0.35932291969812374
831774,0.3866583915829521
901329,0.22902184847377716
952363,0.6642817080029975
132289,0.4413478854659037
851932,0.8483837528638977
715764,0.3174711934957611
257481,0.0
209079,0.3235214799620741
341010,0.7447696814851638
282961,0.53085363764587
103670,0.5794874618316751
943527,0.0
453594,0.49437815356531223
178345,0.2976925233993136
165821,0.9614289439855256
833261,0.5518839763816931
129664,0.9044426969072339
479673,0.0768156856377652
144646,0.38469159008367704
163017,0.6549478528205578
409703,0.6337836294752677
694345,0.2669252403769651
777597,0.9013836618787373
619908,0.6436162374371703
561280,0.9004868083198158
394743,0.6152070085364317
227596,0.0
426367,0.7995932352522345
407939,0.0
444051,0.7415686179629111
169828,0.5852443129747618
713666,0.09690075795455096
193612,0.8935436709107076
735316,0.841032553163677
479306,0.8292552878425056
360219,0.0
114042,0.7799120289512114
615205,0.17112667068057746
556370,0.4308093127999857
340036,0.634294330055668
142904,0.2168580622377294
880416,0.4398502756173165
530487,0.05875696764207982
939178,0.8279136862744798
907631,0.8826213042262911
960259,0.5168940353931075
325566,0.31729087567133907
559438,0.36674977131574904
810570,0.0
264630,0.7298648833098736
621123,0.6402894068269281
251228,0.6101320374166592
262497,0.28037956288724086
417774,0.6855241616208412
793689,0.7631504307348724
957379,0.09393292365320757
993912,0.6671852591528771
485770,0.40771467252083277
245771,0.0
781698,0.6223357636071891
102116,0.9815466415276344
740045,0.5514207306446138
888702,0.4351014444193727
206089,0.23085768415189215
693372,0.01898010428927719
320792,0.2981540872745026
859143,0.3769168067061236
676725,0.5890972957737438
355519,0.9797955927009899
664979,0.574447769597916
463507,0.0
761502,0.8897391138815275
804754,0.018694526817628197
281913,0.0
595293,0.8841278986446126
348408,0.0
415658,0.7030157634281033
496299,0.0
543393,0.4143980423653994
583790,0.6586153612634666
512102,0.8394452471782873
668238,0.8401848707770351
824808,0.13176028236180476
740871,0.658969781729978
766754,0.11227108205721334
268560,0.0
998500,0.961418085509561
845489,0.35048285396665624
912377,0.7015821020595624
649954,0.22564863779185473
257226,0.05731020804315455
372766,0.818123555430132
816442,0.5590646279866122
764466,0.07242805924001298
151138,0.7040897143147274
809062,0.7951499634001672
605057,0.0
130873,0.8774060366491182
109760,0.2485343305922468
980490,0.4460871901484272
708182,0.0
218517,0.6221578936244289
272133,0.5242226990912512
556797,0.0
837479,0.05269397403452513
775395,0.7988062965842186
172217,0.0
118852,0.1719274834068238
559234,0.15177792573683946
100410,0.2899949688333807
790504,0.09267784630661567
279084,0.1507913025117906
705377,0.7652900732523998
554931,0.545650492484854
283157,0.8868025152251079
807897,0.7136026444700819
864881,0.67910281326872
571941,0.589420964689522
314026,0.05568201548644883
595727,0.4031013292131786
894030,0.3575770340320256
124791,0.4217060960022308
634764,0.07652836316253536
436692,0.40143947596354534
855167,0.6133991675264165
163673,0.6968971449693169
471639,0.0
482406,0.14988919971778933
604457,0.43822220319712607
591660,0.0
528729,0.16954164554236653
741104,0.558713812366863
712719,0.6017139528729247
851830,0.6419697580191629
262029,0.0
680447,0.8522442735144152
759243,0.924177117295633
109855,0.8386130900084575
205246,0.6158662687273311
794298,0.016863181161307233
897290,0.12890904807818265
843404,0.3200832762756131
460765,0.7209230034513116
715160,0.9406231301386349
432831,0.6774247374883736
823357,0.14989656850184246
860543,0.5824263073413379
353964,0.33349057133045756
919495,0.13428200969956755
308540,0.1332826232181607
460424,0.5816973973572671
474624,0.7985786937733584
164477,0.6035705838573528
682611,0.018526712643023285
245633,0.9014788663138017
270055,0.018458017697059542
600057,0.0
564628,0.5056267192748826
688446,0.7224173841670694
979164,0.14844089419138576
269768,0.7449086804464077
885915,0.9405817339539896
540191,0.0
769273,0.0
343730,0.4760034936134879
774207,0.7241124245237204
368229,0.0
613536,0.0
118517,0.07603322039461825
197871,0.7649933580857688
708130,0.36284390021622254
714889,0.6900213926450348
228533,0.6723236336351746
669993,0.0
951537,0.29986145063444314
654313,0.254618608100126
899396,0.23566627919423297
284837,0.404035264668732
736252,0.6219060899227223
380469,0.30485554006308857
804671,0.1586628215545188
675973,0.6960888274905149
768931,0.737718411201372
538198,0.03663726981621692
196505,0.11420515943121813
969077,0.13264359545113646
337696,0.9014887897171256
687901,0.2622628047954268
938803,0.0
202011,0.16861743823826061
200167,0.7418450549813821
804521,0.0
159436,0.7803121075719645
985848,0.5777849725300721
399234,0.9027959722634711
409765,0.9187316288935595
976563,0.1937830733623932
853412,0.42092288602800976
957348,0.4817766898060184
215429,0.0
782159,0.0
680892,0.38234784423446333
610716,0.5175460435431853
667090,0.10931775655823776
163057,0.7683283890834474
798173,0.9025940649054637
421125,0.0
419236,0.576993426878449
701349,0.017643149865864224
166381,0.03692019288638724
755203,0.0
825321,0.2220606953390504
917055,0.8370680767358232
921914,0.3001759248368015
509673,0.0
391539,0.9605595625819183
730428,0.5792097445777045
321240,0.9591866898098442
399465,0.4963458032967867
745661,0.7048023583825606
309050,0.09867400621734373
280377,0.1757599579573743
335842,0.8574530571102496
576326,0.23045894830652938
106475,0.7611008357166404
733188,0.37620825537819513
166736,0.0
274866,0.915074034564219
360616,0.0
501435,0.556412683883771
912538,0.5500240715570308
350129,0.2818186340923419
962846,0.5419160362000345
706599,0.9805331951774907
961578,0.5396980872922416
757905,0.13519735209006162
519391,0.8146947637190167
570055,0.0
323028,0.7595644070394457
986317,0.0
594237,0.6824131054770789
280839,0.0
420932,0.3121197442064584
138148,0.22029689342096154
618009,0.8585827910671345
583375,0.09463031424226237
297552,0.2268695111093146
192021,0.0
774558,1.0
255684,0.6598772673097639
833203,0.7640171558083593
968342,0.3571124803871157
560916,0.3595815306510747
538402,0.9006471894891422
897346,0.07140975926509374
216141,1.0
909107,0.7486587770721411
676143,0.36654434181735207
807091,0.9619250489951382
338579,1.0
197773,0.6379165968034379
631239,0.4040544633388888
995416,0.0
459288,0.18972982137324843
980924,0.6604085934481062
683996,0.07330994098305828
581507,0.26425296555153294
911493,0.842903380410262
326348,0.8192657090386384
987000,0.860301622729004
895502,0.0
801919,0.08671685958957663
417785,0.6394392256693262
388074,0.8005058965583945
928312,0.0
323008,0.22182438614655312
544288,0.22397484155989636
551426,0.6227181387733483
722646,0.0
975207,0.6532851845900198
346853,0.13433974549129035
199201,1.0
324976,0.8911440956156729
952088,0.8172294430825694
950276,0.0
607838,0.0
598709,0.40439313237901175
680727,0.7040349099534627
753596,0.18526786214975252
640005,0.7350374193215482
155416,0.0
336971,0.6548754748808835
907327,0.0
754349,0.7774974795157253
345165,0.7604268426671166
222129,0.0
712428,0.5984249376685011
123337,0.48812906527087574
973699,0.4217072090790763
341441,0.7723661723241152
827527,0.9165808680473044
587368,0.05568730909571783
669241,0.0
690351,0.16879747147581717
510160,0.6015835716453718
319735,0.0
622636,0.17641293392155125
429895,0.22692960069155416
342149,0.018142169649726227
636065,0.3651385274186818
356522,0.0
712811,0.8802807727869149
271219,0.8547249726191702
391308,0.3198499286992256
933793,0.5275735763743172
260626,0.5167189427556698
312037,0.0
526934,0.6988820278352376
294351,0.0
377624,0.28957536940458956
663608,1.0
347045,0.9751378222521421
197890,0.09326974715174123
893155,0.0
198215,0.6023298342442355
801783,0.0
474482,0.9267247419985555
204708,0.09450378126517693
385522,0.0
661891,0.0
545703,0.0
366036,0.0
256469,0.8621816190271374
480648,0.0
887379,0.8160141048000594
978488,0.7992122132698769
607965,0.45687799319531025
608833,0.05608040794304007
539825,0.0
226922,0.17090059782185296
806887,0.7205222980523387
841016,0.0
854578,0.0
688840,0.0
113018,0.05630441582253385
564807,0.6450502471169911
398009,0.48179401705087294
538287,0.0
106549,0.13163351486577235
459353,0.30867351619331146
898518,0.7839837384567357
389393,0.40517731784421784
584359,0.0
674140,0.7563573355847922
780952,0.5229246084054783
268618,0.0
349334,0.0
949167,0.7643228601602408
682004,0.8231411614930773
950225,0.45516425614389594
395270,0.4631878136312853
859439,0.9338657063650914
270498,0.6379097979028019
890149,0.6028308940082857
686024,0.6378890527168051
935097,0.7304743983955594
842316,0.019272277887896868
881151,0.0
341867,0.054697913004348446
140448,0.5943928680262757
473060,0.754741703720355
493389,0.8414687795970309
908127,0.0
844670,0.8997948717548441
427652,0.0
496792,0.18968068035175845
490434,0.13422774171147545
326992,0.0747770190463985
613314,0.0
432107,0.1307233941209608
594651,0.11633333471082948
968008,0.34528331991287364
998282,0.03747484267273825
400515,0.6882992790288613
361266,0.763875758421211
728176,0.9588592029243223
687139,0.5248085047937867
265358,0.18858774901168648
654681,0.6651920498382226
878940,0.8794203797575845
752210,0.0
463681,0.6015557487560116
583958,0.0
548398,0.5178674887670878
392175,0.8217391522933543
517366,0.0
954957,0.8591113330131683
833557,0.0
623098,0.577205897728225
204326,0.6594419324765096
845198,0.2559711333756208
984384,0.36244792863874536
151971,0.2519802813370587
374951,0.31387016511736715
386493,0.5995722702981835
235748,0.7649269556833173
495493,0.6169020880012549
160940,0.6719950037926576
463591,0.0
195992,0.3409205720495131
690273,0.07356494439942868
714288,0.49727289477996783
190171,0.7155021835009838
240978,0.6834049291045973
184694,0.9423416507080776
984004,0.8368720162926885
601476,0.6748317428857403
411945,0.3448296786457769
136487,0.4815110982417679
158263,0.9014732628084418
506764,0.6394044025864045
192875,0.5214679698035773
807143,0.0952624341905299
306883,0.26700011393678424
391620,0.5128932428091281
228323,0.4530956864853517
596596,0.41150784929871514
105598,0.8769288311920402
779225,0.38622369205612345
155976,0.7361420396618641
242781,0.5001311416554092
590720,0.4620610440048798
245977,0.054729452029071333
212653,0.26691693872252575
731922,0.4443346322449374
721056,0.3232347872177801
177079,0.3033543366950436
861869,0.839388376580126
730043,0.09471351949002678
242005,0.36705174309714533
980835,0.0
953829,0.0
972172,0.7817954808022072
197371,0.8780857867767342
659514,0.11063578092209807
397418,0.055957863131019366
801405,0.0
322023,0.9389281739562327
592783,0.0
114661,0.7144059533924487
123200,0.0
366376,0.9810524148818025
545796,0.9595116464177161
560110,0.728591209398317
258874,0.8813345403981276
189574,0.825987643059334
231762,0.0
187670,0.7859348266345482
950651,0.018129354467987795
643467,0.3998132440518865
866847,0.9309428434436358
220609,0.12327686521569187
270491,0.1491668864725353
250391,0.0
770650,0.42729205145647814
370166,0.0
963686,0.5590069501426337
101737,0.30108323637991813
674705,0.0
381857,0.0
612343,0.0
305826,0.8414618074797475
778329,0.480205197703275
536609,0.0
813438,0.4566581336135751
928925,0.8206890834551092
598026,0.1426734674626488
740934,0.6821748558154143
417772,0.8831705180998326
855998,0.0
845277,0.5162172998572545
896894,0.9043288359621934
716877,0.2872733531258611
366931,0.11308250243213316
922934,0.054186141247342126
970440,0.6073547867565027
772763,0.4219234921982588
110926,0.1252579645164861
459956,0.017612318948938794
655188,0.3451124089204475
668303,0.0
621984,0.4253485641768284
449023,0.5678470082392612
634846,0.7357282429074344
149766,0.8119311544863504
817327,0.8226846713014233
268660,0.6013186243439201
525474,0.5264135107995954
347765,0.0
354338,0.7357606241719534
129121,0.7624614146074429
176861,0.0
977307,0.9424955628234409
421418,0.14811733205984268
135478,0.0
666915,0.5086955236581958
333354,0.1693142769095274
966275,0.0
925185,0.9214799035515107
555475,0.22462884605933622
943207,0.0
292710,0.0
641242,0.2362749175228767
240314,0.9226481594747017
447471,0.0
925774,0.6014414925314346
347386,0.0
434965,0.07305040704153938
281244,0.9382308594303986
178171,0.40665539050865174
691084,0.7532459999487494
168724,0.0
224520,0.01829083754272158
385911,0.0
166963,0.2125816629192089
608532,0.01841358945066998
737955,0.40348839290559624
849961,0.12996340334068285
704241,0.3462152583381947
433978,0.715893359125207
915668,0.5195770225793058
924690,0.9759574086754678
308822,0.15205247014578002
410234,0.0
434386,0.9387692079160525
803723,0.13199127310520328
926241,0.13699784965452785
490055,0.5891966967745418
155175,0.0
518161,0.7967084077041158
341187,0.8839427466216864
581477,0.9030436696684373
634162,0.701701594791237
754619,0.4447752960360053
243386,0.3297898095093184
156007,0.07503533629383667
967893,0.6478210709265996
246805,0.9210110524942265
303103,0.7424885354586658
690898,0.2768658494195103
659817,0.587836810292657
608911,0.5466255914866466
269097,0.45251723022775764
861216,0.0
691355,0.27098933450848983
136672,0.30847821986107377
203475,0.0
100218,0.0
132387,0.9222509631422394
831225,0.9577654916467522
533879,0.0
360827,0.3792289205662198
737332,0.056160098665396806
156198,0.6574088597038917
674192,0.8597592718170772
254567,0.961943686751791
493653,0.2614288388915254
297906,0.15173622058282862
653992,0.45266241493693044
535233,0.11443972362130096
557553,0.3268321660856477
185005,0.7007609183083175
758312,0.5427379993018474
373779,0.14971762064023117
557046,1.0
717260,0.7861580871077009
748782,0.3894883905412799
201066,0.09686472684883138
990081,0.9183934638915925
248222,0.9429608835000384
321571,0.394268068675484
734459,0.9808021693411544
353454,0.336200031470374
683217,0.980948524622718
750420,0.0
611393,0.7002995293929888
950265,0.016628549316665277
245925,0.7398934538702304
215646,0.0
104062,0.0
293215,0.2240655065519161
588255,0.8810265469017284
724459,0.0
783186,0.26818635074164276
534079,0.20932392573516986
139506,0.06431057752085367
350281,0.8815035393244096
440492,0.8573829227687259
901928,0.8437612125900965
736385,0.0
344161,0.7796591648867126
336009,0.5185497601268481
851716,0.6227180894480474
295162,0.28873381027994843
775727,0.9805785315231411
490396,0.5371471521065335
724688,0.16705544862200603
890696,0.15049566234135972
556135,0.61879081826122
279095,0.0
985065,0.844159341611416
834096,0.0
540491,0.09351059685375071
151376,0.0
523702,0.3413834527008682
436894,0.14830183954164747
195958,0.09099197705296347
243454,0.9798770649227456
719685,0.0
427309,0.9561747891413068
635820,0.9559548137246967
200676,0.8614173460205551
722478,0.5022066989306794
639064,0.960214841554969
754749,0.09563846730765822
124885,0.0
136322,0.09351244181355184
358620,0.38217552938844845
993737,0.6632735145251161
731554,0.01791781141251394
222368,0.5800262013866455
655400,0.5473597989814605
245445,0.0
380554,0.4438045772072327
989585,0.3254153086086461
370578,0.4825167189508457
948638,0.09501414577271762
371662,0.0
756760,0.9170710744898114
398356,0.5806516518498485
413197,0.23256131208124628
522284,0.0
733886,0.0
821213,0.0
199855,0.0
231396,0.36046312404998077
917801,0.5437622005866727
282830,0.7991677381264717
920116,0.6337375487793716
659941,0.7574997626877223
609722,0.018950517904208517
680925,0.8184135677597749
239369,0.9803720225327699
104283,0.5734463975635183
793913,0.8353109164279416
569978,0.053736407818875016
876842,0.7140264124265294
653051,0.22920658324143958
283725,0.7200443184243516
421569,0.6074732622040744
492161,0.0
496944,0.037615021299447576
188136,0.4867333201538011
987251,0.0
242364,0.9167095222052907
612961,0.8786549588012447
359202,0.4252777071939017
550836,1.0
993226,0.0
346292,0.4793827457912101
259410,0.14510496086455701
461973,0.07536241303112451
951253,0.5924804278564053
727469,0.44370006149476443
313752,0.429871069942155
102728,0.4277425316114357
938393,0.2330735559172626
215316,0.12862659015643887
966252,0.44558602332899366
593962,0.0
754909,0.8209857253505375
245411,0.6353852193264666
206314,0.9219978199806749
279727,1.0
878008,0.14262891033275357
650771,0.0
910752,0.5741027192103553
250879,0.6642866021205344
711391,0.5737161057455946
854475,0.6793821741057431
646464,0.14369433182743624
448071,0.4652608922473149
771953,0.6655474544380715
697798,0.5058301842936089
443900,0.0
752127,0.5820295022200983
400550,0.1280246782958919
298000,0.6219975775185875
559674,0.5099736340715953
756940,0.8832174243391697
466209,0.16736660364178693
864013,0.715017617018782
848575,0.1895263207266049
441721,0.2066962115852318
653874,0.7436417293438781
553934,0.6569674513660975
817013,0.0
449045,0.8997818601978917
756819,0.0
138470,0.2300331095874313
308799,0.7192306804418757
478363,0.9402374835150517
368415,0.4344978879053626
949627,0.0
214166,0.03809772086186605
250832,0.4194882459344774
595537,0.8191358368297391
602626,0.4956424638096849
179924,0.0
281856,0.9801115893710013
821332,0.5012552340356802
554755,0.5395657835041654
950211,0.4054434655252368
647455,0.0
850987,0.23024293958182496
191821,0.5590332091176669
212271,0.0
595071,0.7823208412760405
899237,0.0
755613,0.25645924500134903
314311,0.5165364474785917
271865,0.7333513061703899
348473,0.27415219848480316
995490,0.8211980173787432
545460,0.07972212204649981
950514,0.5212813137477298
983870,0.922117034354215
675299,0.07315287063441
616254,0.09408557691836385
312544,0.16081328356151464
313873,0.15185998498762357
524686,0.7218718069527024
473280,0.9003529670154996
309117,0.42055487916634804
969175,0.7180014754308339
918137,0.26217973214859397
228794,0.9010608275659572
593124,0.3101880359495593
707125,0.8972359844403771
732081,0.07680045842044657
241453,0.10513737658736237
285375,0.0
980128,0.0
683945,0.4331785913280405
966540,0.7189136501449186
637776,0.7607032718701539
249620,0.8230721412200527
269928,0.0
637624,0.3995192917893822
753235,0.5804910958431495
993426,0.7290674704591859
746950,0.7840699790512649
532615,0.47710891887406737
371425,0.24789067102664478
738046,0.8824638145396745
522370,0.6056806473248701
741557,0.7300919347893201
243283,0.7564502951185257
369681,0.018217328227066336
381644,0.07354171341187926
797452,0.0
730376,0.460304728145124
594044,0.6097424859969941
427879,0.0942137713719414
843275,0.9023533167751457
309044,0.650465207211463
998097,0.0
696437,0.30403129558240716
592975,0.10774378699315645
902781,0.3734327658494038
370153,0.674143822241351
254362,0.5828377100024764
145242,0.863068522184399
811667,0.9808834404561703
928437,0.0
355312,0.7737901870481092
382381,0.1324200431782276
287563,0.0
853394,0.7021643289581916
226098,0.8815423663053035
117087,0.2908146209580406
166379,0.8549002048537001
737568,0.1312033747000672
797326,0.15666776552167241
326054,0.4383521478641067
185164,0.8139077867393857
440139,0.0
259888,0.6682610349590693
240220,0.550357732200752
524542,0.7194327821919891
462018,0.036939128334518574
353527,0.3194083045902377
443022,0.6216681191091589
580370,0.3200726329704002
760973,0.0
235296,0.0
873999,0.5233895424090509
418446,0.0
785860,0.9604942903884853
939496,0.35379387218607034
827394,0.0
765049,0.19279508731229217
652671,0.7579969416878249
129251,0.9407982877555978
573650,0.5774355080149748
384138,0.0564395798694112
648671,0.35551868526056263
167455,0.5853739639050504
445233,0.0
965109,0.0
629620,0.0
878655,0.6062650918828033
408347,1.0
883727,0.8623060194415344
106146,0.9189137081588045
133423,0.5821037281771763
937643,0.03571434543536508
662740,0.12524632207500264
596468,0.0
724388,0.5556530459715924
565676,0.09020634514091512
559470,0.8380062524026615
910191,0.526087221774218
532584,0.8032013012326142
300971,0.6570808037180261
805863,0.0
941089,0.4348780576735053
412242,0.6440743768967216
966019,0.0
284414,0.404087366837039
829617,0.9410555559981907
390075,0.523381803324822
138489,0.3963985328797844
621383,0.5990228793663008
215713,0.5171015548002006
522784,0.498682250698013
416849,0.4073474897991436
111173,0.9795349412346143
957504,0.1474023329267645
392920,0.31184048739904247
913388,0.861307343195473
889119,0.04882798805772523
602142,0.7788495030585817
341659,0.16465602699906737
969513,0.0
420659,0.3032682220409518
810514,0.8606176925532968
582400,0.07480177293016546
911735,0.3367024522676743
515447,0.5040681297052553
445577,0.0
748029,0.8813208436359042
271854,0.3069541680667981
577287,0.09662393127849009
292960,0.28660539499379606
214198,0.3396275629813282
220408,0.7924833846630812
964191,0.8788627135021968
806949,0.6015958037029453
570181,0.056273428053630455
498047,0.0
266674,0.11467076797017599
343666,0.8084589152030015
634169,0.2601732733347837
942184,0.7789034497813997
173898,0.6609185176849894
430262,0.5228302090724432
599326,0.8781811443909308
151274,0.7632192315437132
772111,0.36479980156061415
418453,0.15849305302442912
598714,0.7373211201188239
515712,0.26781768367577985
350818,0.4711275536529147
390962,0.6979026629631397
129838,0.4457285199098447
637082,0.21109902200295377
794920,0.562368438717492
696488,0.46574709755937516
875233,0.5888635310481846
507632,0.0
821594,0.5479407640411561
561376,0.11133916652503974
489733,0.28245312313390525
898431,0.2839564317785382
243020,0.3331069875119015
127502,0.6473256672357744
526264,0.42324761547120304
534560,0.07481878797517784
696000,0.32081634479605303
203550,0.0
855836,0.5441908459268785
488050,0.7378046491311918
551946,0.7832086854018755
389918,0.9187204773066944
761451,0.6635574832657481
294617,0.9210240115006272
755615,0.41283815810752733
876908,0.0
385037,0.14846589804476826
386273,0.8036686803421743
824733,0.8541713349705363
617741,0.7998893296176979
540181,0.584773050102224
701903,0.487156327349105
329151,0.7207432687155174
461543,0.6591441264805123
904959,0.9215529504761089
560341,0.6426893635103447
143759,0.7748385706260958
630883,0.48892319369733694
844995,0.6461851555492907
875322,0.12406212606624535
693128,0.6613923332677962
932003,0.2070425877804062
781428,0.09260078191641045
880018,0.28358609219455005
427985,0.8820064154787401
402970,0.7972648642522462
500822,0.7628429444877881
844711,0.8376788857201515
642636,0.13282479161488248
285618,0.5756965576760589
628813,0.5035076827008934
459368,0.4719769001918849
193641,0.09583897198854703
343660,0.3815784177919001
336822,0.6008312289826213
555859,0.35787579972278516
825203,0.0
659236,0.9799140777154323
457379,0.2657008307751299
537557,0.07316561007550411
119658,0.13259558504420488
725028,0.0
456129,0.5061004192460357
362026,0.5242860782256239
544393,0.7010956344344996
956841,0.051766907745879435
184535,0.7797654123840873
820492,0.12901933444280506
945437,0.596544870726278
138228,0.0
310576,0.0
437893,0.5952136388423044
517314,0.12884356238174435
610818,0.3655427334422952
437129,0.6484599437561565
927393,0.11025724810135097
464606,0.5829470609866009
423199,0.4159458260117237
813262,0.8025058048032923
490370,0.0
942024,0.11358463256785495
758920,0.03701271038845516
687600,0.0
111930,0.6385936385633996
790617,1.0
712947,0.7008122899441155
860414,0.8800621936972911
238130,0.6131210618489927
817259,0.409371301057025
366572,0.544878089826714
593274,0.01741132000615516
112340,0.7586201465343535
214545,0.055579286085428274
336364,0.0
829500,0.2187699501323989
765754,0.17157163542613743
264802,0.9803419480938068
479571,0.4466175260796823
775196,0.0
417447,0.9811564691985252
804499,0.12109223750192154
371191,0.3269991740969914
358228,0.22506265788697188
899951,0.6411965883474741
884550,0.8409166808133413
453577,0.36760744303054144
945485,0.0
764636,0.7320865923993346
137197,0.8596270429735312
361779,0.7363185536824827
613089,0.5223279183525159
621681,0.4292540159696369
871523,0.8255836824480427
414948,0.7994478537574445
470547,0.05518915035593852
835724,0.0
910362,0.9805116501736083
277065,0.0
501784,0.5039909830685628
618987,0.22963163765679828
732738,0.18871198702844097
341532,0.7996233502821902
585694,0.0
427283,0.3874145493860407
908255,0.0
189733,0.0
249846,0.8373202896134094
992523,0.3883404658013997
390866,0.8479314405421503
909320,0.8280796237200627
685932,0.5412212052111791
638250,0.24230208223461386
773813,0.6009341596093964
829312,0.5448008316831698
320807,0.16212522336596324
922077,0.0
483153,0.9610242166488582
419546,0.0
995893,0.9381502341488894
372449,0.7444013351431942
541064,0.05600670787655474
797851,0.902741348946736
904471,0.795643414285051
460015,0.7381284392580354
316671,0.0
375135,0.3889408410470657
324626,0.07524577844719817
622829,0.28721471911103075
165996,0.08488874487570701
258513,0.9425831915593315
481153,0.6748629982680288
858957,0.0
363099,0.4802930200373763
447088,1.0
122993,0.42422986020824477
314024,0.7450520652314204
824614,0.7651145842110614
894181,0.8218458619281763
544345,0.780148536655689
387650,0.3817518518242605
660232,0.2803401943837735
304982,0.0
571005,0.2350296506255651
389214,0.40822974635050935
368960,0.4717517744451157
795111,0.5605121866975131
148554,0.0
925254,0.6159198480694024
585767,0.24906876968309546
480986,0.5178712060424696
731481,0.5356907505732811
935395,0.6583485115571098
191336,0.5739814962395935
230544,0.6227846705212134
389075,0.0
848644,0.0
807825,0.5181003005101984
896434,0.6412750632176223
167373,0.6219636472362218
441698,0.19269768583815847
524915,0.423539655289123
631262,0.555191559811255
982809,0.11613028019026876
826758,0.0
414753,0.3282679162698665
150318,0.7008289498487412
526680,0.03800822935457653
644792,0.6607432298614837
543442,0.8233322968793825
999397,0.3565060660936259
667383,0.03803477148589066
308498,0.8037572990244575
578459,0.40099895129115515
906594,0.3339173604899697
569476,0.7935110715481822
193691,0.0
765417,0.7588705031182001
487564,0.0
978302,0.4534101589840921
931024,0.3262618371202766
401446,0.0
113075,0.3205980326509625
380594,0.8161536076829049
479744,0.6571987330600227
859804,0.0
965840,0.943481504436271
568024,0.7552879138954712
260584,0.325676700723485
522456,0.9543216749854948
509376,0.6578596344443238
904514,0.8634163573978673
586141,0.0
599276,0.9058326471937184
427376,0.9585741886184342
148493,0.5462186107337075
662766,0.6604828677672928
555532,0.8212134249323438
424900,0.4934208204976789
638625,0.20343119693557968
594175,0.0
374034,0.6819961510335252
817504,0.6168250747057218
438285,0.9184528201553103
415047,0.3786042695971394
950862,0.36720028109671216
722525,0.0
289706,0.406711722490061
833129,0.0
771801,0.5660040001042267
504413,0.9585983891287599
799228,0.49731918608895104
122095,0.34563149977703217
647138,0.6989673589714513
987829,0.8994615032721275
959728,0.09636095996818379
590293,0.8627328822541536
335757,0.8061055378862316
102468,0.5218092944295479
556588,0.9402977605272181
845409,0.4661721245986905
523673,0.0
289789,0.6517400481253435
798189,0.32827408745647657
737496,0.5882237575294973
226959,0.0
608231,0.24596016865880008
554295,0.5012148881214755
837451,0.6778523133723701
187833,0.4999749628160937
889632,0.6043466997846053
940021,0.0
897571,0.05311892953604047
356204,0.4508992342156698
678171,0.646695058917536
800372,0.0
947425,0.9345387969150885
790506,0.0
971073,0.72165910853447
231158,0.3678310930630572
531141,0.4977802537136581
911449,0.0
526196,0.4392291442332845
408959,0.4707696118686008
286407,0.26570421114325604
803090,0.4796437171034041
866389,0.5300048705105654
494345,0.26176772063108095
602165,0.22299580469037306
610028,0.7979503013122601
353579,0.9095810536866976
675099,0.6981555423127818
269404,0.8554997029852276
258042,0.22316593555021294
276167,0.7001534690861468
954712,0.417077599524352
904257,0.11173701543958034
464301,0.7411286952570609
702660,0.8723588168910238
247312,0.03717487870730647
559978,0.0
877544,0.12635159384474187
770189,0.0
371706,0.3326450216385117
247169,0.9805995742337985
290192,0.5874808085577208
876959,0.6968678686631239
480490,0.5879222460389183
586104,0.3118210623152503
170208,0.6372194344311597
842220,0.1472431099676777
693902,0.7495390601080496
834267,0.6239116668933423
248989,0.3337851448337844
386386,0.8804118245210646
490810,0.0
795393,0.2844060940780198
477823,0.7810918255034304
687131,0.522797369139343
682532,0.349704451095725
329344,0.40436317501459657
403341,0.48599170089229093
674227,0.0
555765,0.8719247911192078
463209,0.0
955297,0.9809604146709822
931862,0.6485770425428753
579525,0.15337780498111125
847293,0.48546119855994874
728205,0.9795603893914043
918300,0.0941292939378055
998138,0.046040160033491505
945911,0.5849180703855057
469782,0.016301105535122026
593682,0.8019442193450512
136774,0.0
558633,0.0
907420,0.19305894388301975
405484,0.9050694387308041
791267,0.716368935545721
899066,0.0
353145,0.1899584549882671
498356,0.8333053953324943
495789,0.8001273698366238
997540,0.542190655993727
288316,0.0
402357,0.8194013972397384
346643,0.0
560377,0.0
424106,0.0
327633,0.0
978033,0.12068806150632605
743645,0.016770373919872978
675219,0.4306802715653098
708600,0.7026355336294179
421836,0.6150841559687327
772812,0.7786135272561334
674304,0.21295750248745288
341671,0.03780167889448889
166675,0.07366597543243232
210247,0.0
763766,0.5163469118280798
149328,0.018014876212329476
421952,0.11528641133350497
160328,0.0
513460,0.5466795149417382
129852,0.0
354226,0.11116940500327638
677476,0.0
957293,0.20592492550021188
899383,0.0
777166,0.9623143057712542
827736,0.7446391246205636
921002,0.45791053503470613
216711,0.0
466357,0.579371495339058
265944,0.15416276360908893
643703,0.34741591314111925
315051,0.36475427999899124
108356,0.0
564633,0.36369081322122027
452809,0.0
998569,0.0
751707,0.7425763840141867
189177,0.8036545097527027
209857,0.5396494308002456
942962,0.0
431535,0.4218050572364261
484870,0.5502867380794022
797420,0.6809185588884995
871938,0.9216279483999281
724500,0.8254135901062325
186278,0.0
324395,0.0
978484,0.0
939865,0.0
401772,0.7764250172334509
306607,0.0
121097,0.0
224389,0.28896369308018655
191049,0.32692787738360746
278798,0.0
967560,0.0
816965,0.9397152872507667
923603,0.7379552389149873
761699,0.21239803009488145
376476,0.7293020717676555
876524,0.8256121350473792
508165,0.2796015216231584
101839,0.8825997717927363
907683,0.31154687974657197
435385,0.6775607433485659
429807,0.961507873419826
395596,0.0
437544,0.4472067508548668
271230,0.5316057825146765
658624,0.9391585835059301
612523,0.3854785635000518
863124,0.41678053375847396
135105,0.23535762411116537
315213,0.3789301279837433
242785,0.0
424125,0.16163188922597624
845911,0.11258286267422864
129507,0.7004706488221467
454009,0.0
372253,0.17241411992627773
594220,0.6439841651593691
185735,0.0
631446,0.0
209240,0.462625019930053
748884,0.5984213838643249
386177,0.2648117319308358
188957,0.3973139766991768
988918,0.6041768843209883
770473,0.9397191480217608
897937,0.9574456185309131
304017,0.5710321717470741
342072,0.7236577517376358
327317,0.0
119470,0.16686141910707758
383599,0.0
468807,0.13209015692358722
847943,0.4825267260136347
796870,0.7918474828036199
135057,0.5607101623540307
638134,0.0
265527,0.8213926744626733
384394,0.8550207406239809
178068,0.5733131788306477
459884,0.1331761801474232
519942,0.6287087047272963
530664,0.8975410434365761
384500,0.6761533026173007
914885,0.0
897247,0.4051823593646437
401125,0.7758292675167364
261416,0.6389718923410441
359554,0.7641917175827252
454450,0.6978427640703811
344279,0.6808741951680339
117833,0.781747990781254
475347,0.0
662645,0.32625774727874646
285998,0.7248016454369848
360995,0.0
448733,0.0
880449,0.49230420691659393
115498,0.7636499525440068
157952,0.0
189373,0.0
743416,0.12384291133823065
964492,0.5593193880596481
637337,0.6148793991900506
178584,0.9028751124119508
290264,0.9002814529546304
556381,0.33975312644968486
719716,0.43642742279029434
856170,0.7132717251459676
479686,0.5710527171106805
654521,0.0
938594,0.42483261415052
861174,0.07108343263103332
513952,0.5395972641251836
219217,0.5290341361785177
480624,0.9025753888051302
601980,0.12699757557794134
493351,0.6447594176599736
238838,0.05638250230616329
346230,0.48457255974672053
587198,0.20753827362831737
659319,0.08999448442868348
707199,0.07343765116132431
156303,0.0
536993,0.1729145035442405
591163,0.0
695218,0.7609460493508371
969085,0.6224339939076914
308804,0.4072757260028555
950668,0.9019690964488744
985814,0.9411349379309633
214285,0.4643094341908877
691623,0.740625432806239
131592,0.6689957657110497
565048,0.0
831861,0.7415641751962951
502963,0.0
770736,0.0
218077,0.7175578024203593
637416,0.0
268591,0.4784339280338593
841326,0.0
621244,0.43898606756230824
754183,0.0
571604,0.3637562021466766
846605,0.9602516320682353
742851,0.24200048885347455
357661,0.2599570268701438
194865,0.8578124614285229
272397,0.0
859364,0.8633537561116913
727203,0.7176680594197974
230425,0.0
963688,0.7037984647831033
197301,0.2747134389386165
557323,0.1092252992686055
598003,0.0
809127,0.5257663520821925
777477,0.5616639401130096
957782,0.7535257276602066
437718,0.0
977253,0.3568847426575493
594622,0.8065638614150339
339060,0.6244889559821527
584652,0.7861130856380978
909893,0.39500318709386933
559395,0.0
335841,0.7822838364974545
545624,0.3440985453368237
518695,0.07124302299447498
246011,0.9006148131418444
574201,0.327939114525462
542458,0.0
674685,0.40185430842651626
612539,0.0
588754,0.07316411709171552
552726,0.5624040645223332
591732,0.3292440020768824
933532,0.288358582780702
174491,0.4811986945237293
570302,0.09035410465839869
607171,0.0746443094158456
660330,0.1832137174327251
226711,0.7194287211615885
291431,0.09388185805157939
189145,0.13014766080281592
821261,0.939086568135768
757732,0.0
954270,0.9017742520924864
591782,0.46408597196110907
582206,0.9796452386870055
456281,0.018117355662588822
449033,0.5951724098521197
185830,0.05294497512856319
152721,0.7581077901496749
139320,0.0
295976,0.41459611264536356
257465,0.5453177758215356
782265,0.860982583843694
764040,0.7207111338064028
134871,0.9605673489764128
390189,0.09197393972473299
870083,0.12428022808029635
556181,0.6393663136080783
227953,0.9022918425060665
883150,0.0
922524,0.0
503875,0.5080961440737617
962559,0.7621116856613244
796074,0.7934427608228043
514575,0.0
985051,0.7826653916866481
865729,0.11196853318405178
786576,0.385213427199569
988495,0.24884352695947895
547534,0.0
255219,0.0
713069,0.6619699377771681
766613,0.940816527083886
408133,0.0
897762,0.39048866416107736
446621,0.4586627804978637
516441,0.880702032551554
789054,0.42300052770745894
532862,0.01852881713404346
205442,0.8372653463380043
994573,0.9176383270302961
460718,0.5229366407239897
859263,0.1955835580823405
416989,0.6009977751811543
117113,0.24928912840700623
853845,0.0
111119,0.05588860521958408
145113,0.7662689893392198
734268,0.8553571394586842
581598,0.39611999615847904
364550,0.5043758204464024
683659,0.11038334916031102
110869,0.6055302404226169
444387,0.0
334021,0.05513083383740884
818780,0.0
157480,0.5863790901552134
725473,0.16178999558578838
307915,0.0
591171,0.0
863500,0.8610612546017805
960531,0.09749864715514157
904235,0.015998474301783295
377470,0.41879564267776853
246943,0.02987433752568106
778174,0.7215470523910743
193085,0.0
864637,0.641894640349819
332713,0.2846464292311302
827872,0.39725491933914175
882368,0.5732260263594868
216329,0.5282086586812765
853752,0.952190561967306
346635,0.0564158623375625
588676,0.07526024639149256
559275,0.8030791900958154
570246,0.6552441519080479
768524,0.7646708311745122
963556,0.9219753522470758
822308,0.3312956434424474
449242,0.19548437387630146
302402,0.4629926708506982
474839,0.017970921583306133
970622,0.0
671867,0.44259637299529436
324492,0.0
688646,0.0
819456,0.24818240785106913
778586,0.6770680134939933
250196,0.0
785238,0.3502027774945673
110815,0.2856081290661903
711223,0.0
536526,0.3852685920746813
571652,0.8201422493287418
508966,0.0
786443,0.666234616979351
285093,0.19754939311257608
130993,0.2885486878715627
847960,0.15143864883526673
924351,0.5167926217945287
266696,0.1458302793213901
125872,0.0
262464,0.36102883250187423
244887,0.8601008661812855
537599,0.16898036738747654
705544,0.5943285422357636
287454,0.0
205557,0.9134160435803753
961205,0.3676288887919764
274334,0.3177484698186944
243975,0.8160008791778578
659492,0.0
473263,0.18863731255412064
234826,0.7158082376602819
196819,0.5065785493179878
356479,0.0
501251,0.21830355187678405
476165,0.5575307142575963
609886,0.31472435303376556
164334,0.4304822006557484
427289,0.8422880005769976
284553,0.7178621528037014
923093,0.0
624265,0.21595869501511486
895106,0.7443938201734872
511418,0.4708267758035473
458138,0.3234114372398898
564002,0.9793524213405918
699645,0.4537557380686928
998685,0.0
694071,0.0
492638,0.9151231272988333
872338,0.5641315882433143
774140,0.466557952758435
732121,0.9773216830220041
624824,0.46659191537861616
896008,1.0
843096,0.0
262790,0.20439492088756891
553469,0.0
470764,0.32295217098868445
368323,0.41198187245464896
340029,0.8405837836752209
244400,0.6154303688169672
768883,0.4017433260523176
100266,0.7636444917081403
498054,0.72455660581475
514823,0.9006846275653039
622533,0.1885371803747875
805715,0.8622731302942163
350008,0.0
975562,0.9808268770999754
143581,0.723408976379415
475423,0.7473160447488585
889215,0.3030185823396196
202900,0.9189431293103535
670253,0.3055593107599304
946899,0.0
713883,0.8593910540755553
310779,0.0
699735,0.0800224309475168
645716,0.12894679510157947
279082,0.2322277681346594
994963,0.0925460885057344
411923,0.34432966200444515
898455,0.5400766474582693
140069,1.0
468046,0.787085429782263
156502,0.7565916746925254
807748,0.6208805372169112
738834,0.0
413956,0.21387737359218606
621838,0.13118035798387848
918593,0.7636026513216811
415309,0.16461880189896233
567287,0.8615252080174357
403435,0.4646678942462288
434055,0.2853884063292882
902729,0.660939416633917
785742,0.7207021397179089
223301,0.2675693849096347
749793,0.0
741716,0.0
758140,0.13503764832138296
844854,0.9468315846793841
506408,0.01867222615694152
369107,0.16682177535966272
732749,0.1253310172092912
293763,0.5391469556420151
943508,0.7795804662652015
315758,0.46810191828159176
321506,0.0
630455,0.0
944339,0.8403840490101758
778300,0.8591032561025209
731419,0.502447027902703
145701,0.2231182776717227
364527,0.7596700460173783
942678,0.7451516666658403
896830,0.6374243871191891
578568,0.3491309520148825
179694,0.27307631981603814
520263,0.5205120991211939
647881,0.6973615532321398
982787,0.2646982327825297
478986,0.7206610727703564
738219,0.4332390035472612
393350,0.4995859339692357
151752,0.2091277802264328
995362,0.0
571475,0.7665314725500687
708188,0.0728348292201486
165194,0.0
710052,0.0
794599,0.780276038959155
268056,0.5157886807485487
209859,0.7359164936310292
331131,0.07081956802686863
343549,0.6193638160782771
611198,0.1884709502462013
811105,0.0
802513,0.8745590362400902
287983,0.4581575501502035
815463,0.0
290644,0.2507156138801486
120849,0.24313462705761557
220327,0.7210713187722028
170927,0.455479463095308
514985,0.2626325528011173
155505,0.8671105401657803
193009,0.0
273928,0.0
621427,1.0
337053,0.0
455499,0.6742327319125316
532914,0.4986532004988437
648348,0.6639935677000928
240089,0.5097398481314481
667706,0.2087056414256003
616801,0.0
640335,0.23197107122113422
799366,0.21039170790076206
349437,0.0
576838,0.0
225845,0.31485380548636194
637936,0.05607497443440468
128289,0.6049906195758968
430921,0.7174082637595851
140710,0.8467592434573067
419770,0.9812008536817578
314954,0.0
226593,0.8381860277406721
324057,0.3311762888395244
579172,0.0
521314,0.891728509430205
710253,0.0
350683,0.9555766427562087
194589,0.35610103513318875
818309,0.6251930998451714
204583,1.0
362102,0.11264510483854091
134085,0.7810223112952359
581120,0.0
918738,0.2875062593591895
267053,0.3645636331874894
465172,0.03830153661082846
396440,0.41904601862714835
797550,0.9801782214323568
485545,0.639299486859423
314834,0.0
843049,0.0
351674,0.7405477479001727
368719,0.9250832085988747
945987,0.0
474157,0.36379947378931987
729787,0.9185747453941325
351286,0.5440978758170981
918645,0.0888128280976257
940889,0.8641273754902551
186211,0.1152485208083805
469318,0.4275492925127869
445413,0.22676307452847896
536970,0.9809354249997586
760349,0.9606212532889482
938897,0.0
388717,0.9206800116344726
798041,0.0
330666,0.7792532522892569
648859,0.44112274099622156
640807,0.25104024111928935
115615,0.0
874603,0.670581628044176
911015,0.8028694563686176
529814,0.09381858807609637
679748,0.8244380474859897
932466,0.9593268484625902
321599,0.0
762446,0.018153420117624098
349611,0.2619132974928764
303330,0.4460336325409831
696529,0.15262352928254533
492621,0.6980074813618056
857459,0.7132145583929821
636670,0.8472811883820064
957033,0.8199750462194846
611813,0.15338309177287474
758650,0.24349786930556186
764079,0.8001399230342294
890338,0.0
725316,0.7081605546589231
594802,0.1424327524103034
316554,0.3650410046602277
677780,0.0
457157,0.24599938366896443
966364,0.9748775204941061
632911,0.6221955702491314
909650,0.0
718325,0.7177455839455393
131704,0.9806562078990915
427146,0.0
623342,0.8458676316440124
120187,0.7907981521440601
684256,0.0
776718,0.23478410162408966
763119,0.0
792797,0.24841474402939134
657771,0.4274835581037658
207350,0.209534400361044
329862,0.0
953911,0.8827540570957312
703665,0.6446927893131811
264068,0.7920191636645807
865590,0.8847882702754857
163188,0.0
443453,0.8574822122838972
404145,0.20871503258505353
563423,0.2858838739760946
271301,0.0
915343,0.48551860137759995
957375,0.9039002473580955
803922,0.03777233265458304
274308,0.961984808416664
350782,1.0
830548,0.9806009050629385
332204,0.09533286143070147
281816,0.9212837721965943
676290,0.7991888885656295
958675,0.056466362904287255
474859,0.4165542579805437
975756,0.616953404566015
550225,0.0
623689,0.0
868252,0.0
934038,0.0
625999,0.7366756900186031
785855,0.4787979996370129
591343,1.0
264609,0.6992363517478425
203814,0.0
860772,0.8404382580218279
204961,0.6460684998672411
502001,0.1363513746360947
411890,0.4611274947061014
971393,0.5791312384906785
954440,0.041837716844572825
637783,0.8746526922422709
659659,0.0
228118,0.018370694401692342
167336,0.7362092071234729
210627,0.3840375265812349
636050,0.7390010803415927
660856,0.8408118079562786
661584,0.7978803574716238
992077,0.0
565004,0.6687673520639578
742376,0.1479930999838039
882380,0.11011486684562209
798698,0.30965470134300394
456245,0.4157739304609908
345592,0.18743493291757948
493090,0.9804910105944035
761067,0.019400149123170934
732276,0.0
471091,0.16282459840768912
521843,0.6990337269189877
686082,0.9413836158706884
577223,0.5569656886729087
705202,0.0
859716,0.6122546032173549
628553,0.5158942518374812
977573,0.0
898282,0.7588713242095515
614851,0.6409032651976468
904617,0.09214911548338331
879967,0.26543579652861166
307508,0.2033595048931799
457773,0.0
959659,0.6321265574686574
310904,0.7356589118193082
963816,0.5134534882934467
933772,0.7442520187428737
513264,0.22706789363911897
381699,0.8792877028114622
913614,0.9015150765631738
884471,0.0
230394,0.0
782869,0.286402605569755
527050,0.7246896191255938
335484,0.0
361425,0.3851043029823631
510139,0.0
522473,0.1851416154073004
848103,0.0
874371,0.1700410106277892
434008,0.3345630634230533
439951,0.0
965292,0.9809539460296463
814145,0.1717694173578193
592341,0.1885911430449827
262699,0.7226354588463562
598640,0.7611935294869058
802176,0.0
662710,0.7449111660134135
198647,0.3481852851669542
704128,0.130079213421752
606548,0.13312603095275552
881896,0.5318836261683618
335705,0.8197808675599072
762198,0.701780262946745
177118,0.9407938266739226
209676,0.9598742802915514
850652,0.4715706006646265
157309,0.0
816244,0.8203096988098898
806478,0.0
772256,0.9193278727898501
556490,0.2690203590226362
605897,0.32997211117519437
274455,0.30361515082231577
887370,0.0
456534,0.7409174573825635
956075,0.035215626042410755
600417,0.0
944149,0.0
282376,0.5446680421267747
632972,0.41029446559078253
647840,1.0
469375,0.5668637417318686
867695,0.3911348640293161
358783,0.0
963116,0.7171200688836697
750044,0.07449944984955585
247208,0.7026928657625267
924035,0.0
126368,0.579002668392117
674932,0.5354013113133248
943263,0.8155955656891563
122956,0.804328116730464
975100,0.6081020332865955
564920,0.7138385412096332
391692,0.9182098606959428
761112,0.9233114237410842
172093,0.19126502392027522
344475,0.6648159010932244
880210,0.7557584701858832
499048,0.0
432938,0.7947437316504932
503354,0.24180790600777297
742632,0.8219408332939662
510358,0.0
618854,0.0
845801,0.4619388898904715
396525,0.7647837273239785
879578,0.3584219469763047
465074,0.8014330733216802
413090,0.804586786101923
940738,0.8992903600202937
940940,0.11353777158578558
754828,0.26815694576462046
722612,0.11932524681520623
677091,0.0
892226,0.9430324455315432
244485,0.3409144014403049
541411,0.0
578603,0.662545916293634
107801,0.5139294872661928
288387,0.0
225749,0.5643237366912423
172617,0.9802814311951596
206660,0.1555028187995148
990933,0.0943327358206663
413786,0.0
289122,0.4226659387652395
195218,0.0
311738,0.8784725433740685
384602,0.0
793965,0.8798264020562535
927921,0.0
942293,0.8032118872876317
753226,0.5446747122853197
921705,0.2521357992295904
712788,0.03356473765887657
286953,0.49991383695020497
491672,0.6831301278933246
494985,0.7983287799930507
607614,0.9003126266468839
918150,0.7196403258877458
109688,0.7025707614912489
819028,0.5998381879484527
621259,0.9207687615887677
145064,0.0
355459,0.4639694325174726
559101,0.824817356977554
318488,0.3825321056003814
253173,0.17089374777834523
878859,0.42260290038995874
727135,0.0
458346,0.9606116459612711
924488,0.6051896785425346
284929,0.777301312368927
301562,0.4643488305648828
390958,0.28715206112048797
502856,0.6442649015125758
813816,0.0
636190,0.0
109752,0.6709489558437907
604486,0.9055167484966502
188716,0.7131570566383265
897560,0.5090249363820253
622108,0.8033689681049996
625625,0.03397442407594305
195527,0.0
100377,0.30613975970804036
679492,0.9775987317531699
467368,0.7912352600596037
216084,0.9811370946651107
632947,0.16658493028941057
537068,0.05617848233521145
881226,0.0
385984,0.6073404684561536
816276,0.0
364198,0.1811651238293143
172865,0.9199608244290851
576904,1.0
530376,0.6026336400508666
190307,0.8945027777683748
281674,0.7036600282966566
757312,0.0
450863,0.7159721889270423
500673,0.9162879221617184
696826,0.0
688032,0.23068131735948014
192133,0.9023411827670044
402867,0.326831397546428
492832,0.7038498452879757
994084,0.3213702393984185
988311,0.582198176000453
797990,0.9622142303734467
707949,0.4803741722726285
229792,0.5937013849771895
601096,0.6015764252958459
407643,0.35179158842641284
687533,0.07467754299710475
778609,0.801607598170934
828021,0.17234186385418426
699856,0.9236892738273509
248518,0.11380748589138814
847854,0.18260779804742275
929007,0.25767028132615855
359526,0.7577779179373912
258571,0.0
868460,0.4595812756762732
305754,0.5182427379679779
341696,0.0
789706,0.646907385091862
817995,0.5252808949847245
654767,0.5616733356776152
461685,0.7005892440856719
515638,0.05713151221665443
749838,0.7442291304379937
516546,0.6243541356744816
951052,0.2472906307971028
574280,0.9374828590001829
466327,0.5771009546171402
139316,0.0
163043,0.9194920329794749
177547,0.6244827249736394
997443,0.9185598827919975
572019,0.0
299660,0.0
617521,0.3095717089953859
803712,0.42620009670515724
896167,0.5026208623866835
551131,0.05543795978673506
637905,0.14722829490682057
363298,0.3324522499753781
231062,0.0
418748,0.20848434825355153
309287,0.9607095891128977
123819,0.16069763241448445
400703,0.2899775485850322
636952,1.0
593855,0.7771856555403512
823254,0.3103551233344296
851967,0.9397103834522185
356505,0.49123771033554164
532944,0.5113265325240812
517450,0.018859154946827713
464889,0.4462788191281404
696292,0.9796527227561126
924428,0.0
142514,0.6868058796623719
231871,0.0
221611,0.0
922821,0.30001941308589763
223584,0.0
845132,0.0
540350,0.9423676273548257
608105,0.056979949972199594
266099,0.15351071347857048
815409,0.8982665478712802
333928,0.3220448484849432
571908,0.0
825351,0.5251851469087752
976163,0.0
861097,0.28948665899982423
793001,0.6827958769611274
170083,0.8849131207994101
126992,0.0
367880,0.9603944818120709
705395,0.525005235117517
812869,0.7627031532527534
306031,0.0
770393,0.0
820241,0.5629110090374149
812978,0.5039719925732459
938929,0.0
237722,0.0
126957,0.9616430481720155
619170,0.6027208221190726
860171,0.501055660411764
917551,0.4175698563520674
743446,0.733166795247941
213998,0.0
951162,0.24889236973288736
489466,0.9198122515845004
600974,0.6317990328661666
164232,0.5130771054272714
485022,0.8826251332261955
624684,0.8764046826663695
473482,0.49601990246063815
609038,0.6736159911289865
702171,0.8035385837212329
782495,0.6836523508725443
818570,0.505489375880418
421983,0.7005080156698247
996014,0.0
934979,0.7216733257205752
769086,0.8183070145441137
216342,0.788439451288196
615286,0.0
405874,0.0
949385,0.0906265992884255
760820,0.6030604148700875
612651,0.0
852188,0.7952495686532307
790178,0.15194092618471064
242756,0.0
577003,0.0
312269,0.0
859884,0.5870150945405532
816267,0.8986762370788016
162905,0.6149059134126769
117719,0.10854516838696131
967907,0.6341790903462211
798880,0.2729380023416396
339207,0.36560457282397285
871733,0.38478533772874846
611529,0.9189291425786843
474244,0.28832340905227555
868034,0.7029528825367831
536495,0.7121128441621434
842325,0.055571384281830956
181668,0.055692223168250614
554885,0.32705428667250774
708080,0.5419180115500909
449349,0.7797553288653636
814796,0.6456138095470233
793394,0.0
114641,0.0
917694,0.0736508338664194
325301,0.5831391030759234
875010,0.7605073441238217
366747,0.568721218703716
207346,0.0
174382,0.7447185532390866
985910,0.14556860220280818
642914,0.6235904303296065
733925,0.08558432081161252
829126,0.7884652691808609
104373,0.2990358064611553
255127,0.5885756841037338
845898,0.0
708414,1.0
233160,0.8219398456108691
425996,0.9808812830953713
474240,0.7610641492358919
143130,0.09983391354489432
753955,0.9802386709465382
627856,0.8626080707971512
456592,0.2583888273346007
575726,0.1914686615185327
493488,0.6929653375107759
303160,0.6388372662692616
736250,0.9226588642645196
535457,0.40406991495274136
468209,0.13441384769426049
329554,0.037746630890453464
327263,0.0
169757,0.5324321782939551
764081,0.9234184145860399
521435,0.0
278709,0.6201481647052718
576492,0.8399714347377533
716915,0.5284617684139837
178356,0.7835441971141447
884600,0.0
440073,0.6207476031009977
602796,0.9588520299484156
365962,0.0
923886,0.08879363169826725
944698,0.16696740016057124
438771,0.28311896863002417
678877,0.17256519965120123
838877,0.0
799594,0.0
834290,0.8548402745326713
868325,0.24789087614043537
266657,0.0
475704,0.6735985934360116
967884,0.6856900719705222
126178,0.6855517691136422
309003,0.7007758689757961
240937,0.7765970750386507
656529,0.21994202614635192
351952,0.5548200784001475
354126,0.7362281957444183
484300,0.24852553494417606
484144,0.6499701064489167
775582,0.8632534359042694
634619,0.36817412740626765
637046,0.211307402592281
539273,0.6030314525581782
676543,0.7489273742607094
530195,0.16846806271600145
568620,0.03752568967642356
410197,0.9019960353492286
233171,0.6845740289619225
716374,0.0922996911049298
388374,0.07386165132283021
967371,0.8802471326297248
897632,0.0
178009,0.42786877557411446
751110,0.8981794099656532
560354,0.6116434840347154
746705,0.5121979701569571
975696,0.19041407561893448
420842,0.6174406115951464
791190,0.0
502724,0.6496899866795779
543850,0.0
587072,0.9608874128024797
210602,0.7112607760114321
996118,0.036957442831665736
907068,0.0
888414,0.31515437806484536
432802,0.0
942480,0.5146876614628151
859818,0.28721702113266406
273395,0.9596273233872564
925199,0.7798759816570188
161210,0.6618217953659851
228060,0.6009301781183523
919487,0.5426055236718321
911301,0.8168821853323209
888749,0.7957522015795292
565631,0.9201395641463492
153110,0.9368895845201499
942309,0.22709743933456697
874541,0.3269145101058291
536585,0.5628206581810214
528312,0.5655236905857322
380334,0.8543332177604636
246482,0.47846099012788845
438307,0.8262621389628891
808056,0.5217705252359022
962329,0.18708229763834228
642187,0.77713205345207
956315,0.10099413822337004
745492,0.9778208891280531
906640,0.5946283468116375
433552,0.0
355039,0.6708944490833071
403807,0.0
910551,0.28291290447717393
289700,0.0
577427,0.9013808219966948
255783,0.6804139048147778
596157,0.6137877806139057
701074,0.5241722968606922
299068,0.5170094498470872
605375,0.7630705021445857
878957,0.41081860911023105
973797,0.16988468547810665
530718,0.6607600466107305
280528,0.9573829000645091
796532,0.14809151317382238
423410,0.7828610579626225
155544,0.3071459747522161
208672,0.8413854292848997
191253,0.0
173894,0.4211439705822011
437991,0.4420522942264589
513406,0.40001092451766035
569691,0.925728496510023
555019,0.29453476857269867
169747,0.7437057830918818
631473,0.45022227757856015
496588,0.5487759915027846
474908,0.0
792730,0.8387794345875836
272031,0.5401735067063076
972589,0.7833297266369676
333969,0.921985950218651
570257,0.9210339777358864
364815,0.6325764219499276
491062,0.3825211494089603
683720,0.31859997096174075
626342,0.318635390254486
496858,0.2365994459745189
759371,0.0
127037,0.6248637145564361
635481,0.0
718056,0.8571222929399488
418825,0.0
707635,0.8193686490946549
144103,0.0
298002,0.6119801030711285
832474,0.13306571914273552
439530,0.9605110968433462
269497,0.8309432321401355
302694,0.9425364511938756
578419,0.1879662673184611
758914,0.38227663999058964
486965,0.7087302494612353
274497,0.1327935853329304
872033,0.0
633203,0.0
264180,0.9808756340388433
659278,0.14924483540869596
380137,0.5980650727718742
645687,0.6250479966147161
307715,0.2865635119908881
615763,0.7007014287556413
417407,0.8823907617796615
555936,0.0
165080,0.5956576543733211
433233,0.9192462640915301
316556,0.4999858691542215
278645,0.4840696856281024
620069,0.1924772322908283
137668,0.09654204987913245
307662,0.0
609237,0.6462202643257478
663863,0.5591002007379943
994399,0.4199349392146273
761307,0.46783394120469096
170735,0.4573517767857682
338230,0.26252201209561427
457537,0.501367158911533
627551,0.4852562298509446
743340,0.6062174687664053
840542,0.632915500803155
318259,0.1874516496164322
135786,0.24877215357313967
914755,0.294884626277867
437053,0.6798047195852519
126145,0.2096798984432656
713212,0.7205919497444511
272902,0.7841680033550356
348890,0.0917698254226526
607313,0.018568656865023323
198291,0.0
560562,0.4866614285688157
363433,0.05510581311329827
712472,0.6851983719099887
612173,0.670669497838032
934848,0.8626537327393419
584758,0.5964035167727388
672335,0.7736628430553959
244561,0.8433899104033309
661401,0.7598455993614969
337884,0.3980747150330895
470444,0.13426393487971358
861500,0.17169821787482598
367900,0.17175835662801975
923155,0.28381391439399606
215279,0.2870224640379841
922961,0.7742580847274863
437314,0.8833971935974126
880006,0.45677821738530383
244601,0.8219835492224714
527429,0.0
177086,0.0
895325,0.7792727739723385
628971,1.0
461179,0.8997442785007156
342059,0.6978400347869772
290176,0.0
498816,0.12824072519518798
260705,0.0
652119,0.7076012919804686
438772,0.5439012799613084
791043,0.07027026615315979
455679,0.36670175170514024
579418,0.5040124917077063
944267,0.0
516066,0.14503846222363756
532215,0.24607541199760855
200797,0.0
146734,0.9592141081066666
746801,0.2645794504681608
808189,0.7169720353251844
726275,0.5086424463585332
856748,0.0
484316,0.5620768683901333
618770,0.6620355638662512
910573,0.9804167090403382
365254,0.08925064579824514
892888,0.01853514974602645
389923,0.8029273114771127
953521,0.0
372720,0.6193936392142892
608061,0.6247016620705891
379855,0.6628325489885618
333006,0.0
193207,0.7371481840866284
525675,0.0
222521,0.7222657868621037
762720,0.6600864945250974
551961,0.0
180913,0.1356644864563301
669533,0.3704101478707901
603751,0.05529382790776207
809613,0.5653439249245522
151936,0.8809272909311523
955770,0.0
746230,0.0
988166,0.6043137287732782
322179,0.32217235886634604
522877,0.48467751589543423
520489,0.7214058651877481
168048,0.3163007039688352
757235,0.0
696801,0.5466817498354882
253140,0.8599301780243963
502671,0.3058592043273791
132023,0.9610958637697654
540414,0.7226764277591402
837068,0.30787511660333
826972,0.5860569193618201
639392,0.7391009604731322
545066,0.7176467851953577
254187,0.8187664086251956
508776,0.0
353731,0.22794488869550092
454599,0.0
865279,0.8154006248548543
550685,0.0750003070730979
399515,0.4981764610003842
687501,0.32616452859231004
320795,0.4646629651559971
402800,0.1482725140526989
116814,0.7864586648021553
493449,0.017632337614281894
952251,0.2823353355119274
689021,0.743151937976571
846995,0.37489850690150284
270032,0.0
933348,0.39115810367088205
579378,0.8962656846217816
787372,0.3922593540996144
310962,0.752622715885726
674866,0.3303147493477166
433307,0.48403818625043205
313968,0.9361299655563565
302549,0.07474833487252883
270089,0.5431707307254124
775634,0.3286944953437059
942945,0.2590362876756818
472872,0.2798929462233673
168603,0.1649712570103383
626631,0.8373304833885881
632137,0.8637365527546547
351923,0.5542512533986622
700708,0.725014796915671
703989,0.32430217726740584
493915,0.2641243943526917
159396,0.6235916165046675
992920,0.05652308295257263
903253,0.538000165905515
467705,0.9189808857702787
631226,0.36499450135143996
373585,0.0
510684,0.7051813475058657
859722,0.09575808893001556
205650,0.7582802711392639
802700,0.0
219720,0.42376600949822574
569206,0.0930309098602035
131455,0.01781262239336418
603022,0.07276349389161234
210662,0.7542244198203271
123322,0.13308838614283566
974307,0.034085497907681644
342694,0.0746510585087329
878517,0.0
735007,0.8639716064869141
922401,0.07381937731623107
583381,0.5192946722852493
260562,1.0
662734,0.0
428403,0.09392884807071311
415136,0.7227888024911268
504382,0.7209579553027903
810372,1.0
557765,0.6451089161974547
251218,0.5593168013596688
816907,0.17054764671682013
932323,0.6764744124092384
554819,0.8782059490477374
369229,0.3440671708814695
833533,0.0
950551,0.6524284062634605
884693,0.6210052889085516
156350,1.0
161841,0.7455185822242526
868533,0.35042659662229353
698705,0.7034472575303974
970865,0.4020022321934336
748325,0.09339236973701928
524667,0.0
189269,0.3455249359956626
219808,0.07656484280740494
896366,0.6081192317089622
713215,0.763956493002199
638743,0.38840405623231244
232692,0.0
847077,0.6498219031669854
306236,0.0
872844,0.1329778494117208
922496,0.8419870895735309
138556,0.6785133818695528
791707,0.15178676569966934
663695,0.017554648107675062
217247,0.7472803025330711
796592,0.0
918887,0.0
911292,0.7253456574877525
249592,0.0
688141,0.7131676349811681
519621,0.5157329083743766
155573,0.07361017912818096
176907,0.15205243623009915
815686,0.48525213018257135
219704,0.5454934993230226
622890,0.8199268073564114
760203,0.0
834476,0.0
197090,0.5189206525538792
606688,0.8647782321015879
280854,0.7485784910046793
182468,0.7800033760773716
875141,0.33670328249233983
627429,0.0
486984,0.9610211066702381
967029,0.4180712483151421
295159,0.5172712020742414
528686,0.4008102886677184
456622,0.8569315395870392
164146,0.5033767656855571
371728,0.0
846378,0.018967873785296255
207684,0.9020103157400334
529638,0.6228987072307002
452034,0.7797921669636612
827159,0.7703277218790527
819742,0.0
333878,0.5442240988013719
915878,0.7141751763115811
929237,0.0
868744,0.877244903022741
175425,0.018498786905152668
385933,0.03570199183200568
739453,0.9778090497036442
580005,0.7243785570059722
476819,0.5483089758650955
553256,0.9390711805924389
623852,0.6957877946366366
937407,0.6209250104599771
577704,0.4395528500396633
313838,0.8538485497930187
268291,0.15130839611457156
630970,0.20355460481257492
355320,0.6249172296051344
903182,0.7502020974551193
912990,0.8780326797717555
767760,0.26579977095108315
204166,0.7321001301358689
400157,0.6030419175703172
108760,0.6872352257965193
817545,0.30414400795812996
194716,0.4236839604371047
384260,0.1717209939131775
403409,0.6401214038488902
685141,0.27855226951693834
690148,0.4094526658045026
361421,0.7245669429951118
518314,0.9792539972762939
166205,0.4136724533988037
872298,0.6617728558938608
902347,0.5810332708739918
173423,0.9197827409293756
318959,0.0
853795,0.057115415109992455
235042,0.09326946495111565
227626,0.8294527418495831
388945,0.28819750139238043
546439,0.7437482816999988
475483,0.9155324437284608
156603,0.0
626336,0.4023667559517956
917242,0.1391646896020051
536321,0.0
619672,0.18600180187207552
575569,0.4183365737808514
956678,0.9453956932005756
660493,0.9016408332649444
882517,0.0
833409,0.0
930100,0.9625750859673118
900444,0.0
225011,0.448825210347918
125642,0.16815330170942874
974330,0.07647816046374761
872705,0.09251502641109859
469365,0.1713849483284067
521908,0.3892079143078975
879489,0.7660156193989507
259461,0.0
837989,0.2234610965081018
966841,0.05683047951716166
264407,0.8232845283736253
948263,0.0
885468,0.0
961673,0.9021217481385178
107634,0.27153180998876375
257946,0.1343086872939205
915801,0.8125562164360489
499556,0.7649631599983872
299181,0.5436660324157664
220544,0.0
405582,0.7357629821596129
977209,0.9003294179665015
752314,0.15122856508985436
868246,0.857797190510415
176638,0.0
942756,0.0
407549,0.8174044058003297
722881,0.5223365014052742
833856,0.0
972222,0.13437467065889633
978826,0.5164246789942184
887897,0.2875448954773387
715369,0.39873970824142396
292618,0.0
215398,0.6786992160383678
477141,0.0
870777,0.7603303017523659
531157,0.0
572119,0.8870235294266071
264983,0.0
451956,0.5791232920435282
239315,0.0
858939,0.17205008852205722
927742,0.8802860381025744
292069,0.5796293840206427
868703,0.42575560687574127
538852,0.5322034503511078
988348,0.0
232487,0.42722560480542215
257220,0.9407255300234917
470208,0.16943916612716065
663511,0.018380432791725684
794663,0.0
387860,0.9157717547178258
113489,0.46154290026825284
114319,0.0498594726476692
821648,0.4655131504242149
809784,0.6847638931979659
119036,0.6968346496226688
331537,0.8810866015015522
232099,0.8761794715073975
935238,0.7857819186984806
871521,0.6256423387637914
979589,0.4929796802523899
410425,0.07413874982424358
947158,0.0
583690,0.6854223300632798
239883,0.8391739348311905
433660,0.2777947130813573
507917,0.9245583109732303
493553,0.4859014396087528
481271,0.7995476311226078
421936,0.019144764722759666
106213,0.03629590569301802
552325,0.9605583326710164
493087,0.5987917390359315
543664,0.13189229619523124
703491,0.0
646193,0.37757679697148927
234379,0.01813530010015282
238261,0.0
249208,0.19475286572677794
740362,0.7404583710782661
803176,0.0
310128,0.0
747541,0.7437934430218478
612892,0.4800316688748721
922352,0.7658645243028479
578375,0.0
284148,0.9808087696800882
858722,0.0
890291,0.0
812435,0.1533990434458865
109297,0.4832041744357275
353321,0.6719480107220821
697747,0.31883129238109703
544556,0.7567034729428049
230350,0.9421052004931681
329446,0.0
572586,1.0
603280,0.47863091253224377
240226,0.5656111739948153
121319,0.823346522328821
981459,0.0
562065,0.6022557835986674
417986,0.443610904276377
955702,0.46188834415933216
840780,0.0
206501,0.18959921452046158
660864,0.0
569326,0.8182027984556531
174566,0.6748180162101183
987469,0.7296195068046512
199862,0.0717813091832736
577662,0.6599280792248005
962569,0.6929713819248269
979180,0.5646675136121204
782096,0.922023940424675
181880,0.949589057765665
397366,0.5791177232385457
838360,0.0
182609,0.0
640199,0.2268629278424311
600414,0.7422489598304194
406987,0.8424600364301233
307716,0.7277375167940902
919191,0.0
326624,0.23439844734026677
229545,0.7967204076176843
935182,0.3269141631187885
156972,0.919703677604046
116400,0.48109205050890547
692782,0.0741335093994962
529863,0.0
594918,0.0
354057,0.7177239148331895
974091,0.30692463285037186
149941,0.7171399209674978
519435,0.28533409759967177
945116,0.7549172804713775
448573,0.0
810461,0.473580182633425
231264,0.4237469641941568
908038,0.960251927685133
744149,0.18561980039962672
824198,0.22592911660381795
307003,0.6999733525063113
297223,0.49468479957299505
998424,0.9796927928297248
842566,0.25939706594264117
199422,0.3901443662197805
649532,0.23282319919783934
213472,0.9162181435158018
578773,0.6435532886619102
736418,0.27204540146096273
711771,0.0
767865,0.8598790095467297
939685,0.0
397472,0.6597053133634184
761794,0.6916224935031828
396657,0.27523576226605206
452447,0.0
466355,0.9194832880022865
380790,0.052086064146647675
231897,0.4866396483723602
203013,0.0
620202,0.5624271146524576
240231,0.581914440460474
843478,0.7781507604676535
483254,0.0
554355,0.9801646586242188
100114,0.30335462829641885
748673,0.859128806679205
942572,0.18628937658019945
661062,0.6939339123466108
234910,0.7540010780958775
196491,0.0
150882,0.8186137067958095
931219,0.9793356907065585
429305,0.511799636768659
332480,0.3976396637953322
798982,0.0
276036,0.1276290145269248
335639,0.0
307246,0.9817514642029626
570573,0.8999398902769922
524748,0.35800561143377413
823582,0.6086331421871581
753467,0.09207338388126352
911623,0.0
545742,0.7353529738535961
810224,0.3878655834439163
927581,0.7330310804820466
989505,0.30025618420967976
798693,0.42952132270628374
961749,0.8552149105330552
283820,0.8773565451236047
639172,0.0
425742,0.48095222179056074
404945,0.6230767661884756
771527,0.95998911849519
953896,0.48241186804447056
746521,0.6088338510761642
884277,0.482920603544438
921896,0.0
384240,0.657338612623717
390201,0.0
712373,0.9231435991212877
254140,0.8663372012959635
581163,0.0
694004,0.3593649503443739
692921,0.0
337150,0.23038502152726062
743335,0.8603967372533289
251248,0.562436529483694
971008,0.7040723207599318
317973,0.0
620225,0.1524684787601314
562480,0.8180413682908908
989070,0.9016895772886462
252430,0.0
506400,0.0
684140,0.7761831080538076
130637,0.24604318321095708
151402,0.0
731556,0.2125833454212836
912408,0.8229042766925355
186878,0.3356212741006365
508870,0.3574156132142944
824316,0.6843921317987566
843619,0.8191018708404666
619705,0.0
692136,0.8172620528353889
919750,0.672850195000711
145865,0.5054018403219668
990496,0.0
720690,0.9184335465950169
655386,0.0
401792,0.42460066575678
113660,0.49333902444213407
228175,0.6321470917659233
604797,0.700399141703641
922283,0.3596559492335358
945316,0.09410367243154096
287584,0.0
939481,0.2114015255889947
583610,0.7642395224211368
594673,0.14959060515231584
527090,1.0
323311,0.489536875116703
532560,0.1892245910191013
453623,0.5755884692921903
204624,0.13547749137327214
909005,0.4653874895788328
194575,0.0
478043,0.42758383765578356
158484,0.7454088947950307
240385,0.7212279921466046
206318,0.7620948933235139
116284,0.9235146258932291
964029,0.6415874796987301
556909,0.0
421571,0.46623871255888216
296611,0.661662839037104
228751,1.0
355682,0.1679641446995136
811206,0.0
177020,0.8420046044843773
514663,0.8815198960212458
471851,0.9829596024830813
853624,0.9815647405315211
167461,0.4016242325855562
246289,0.981865276717222
188061,0.4262327684637339
764977,0.977963753111493
781771,0.2978208061401698
768119,0.20514986189339598
456518,0.602632789085928
180215,0.7485849844959188
829710,0.7665720498368367
621391,0.5527254418554692
906293,0.8024098540410716
956273,0.0
224347,0.5031280093252174
581833,0.6958009710357431
171848,0.2015113299594469
837887,0.7717092845494454
285612,0.3340181679553643
651960,0.6673263019841801
233128,0.5791321583913746
972673,0.052315602533859806
617871,0.9599256176118466
624400,0.22855445099536115
908312,0.9391657692392582
469542,0.0
477686,0.5803222918544737
797880,0.9030444281537213
534932,0.6170413312716176
916368,0.05666548671248732
391715,0.9014364018551742
261920,0.6272378000503607
461263,0.0
441245,0.28743549977821203
549955,0.24427371335574416
583531,0.0
593895,0.0
599615,0.3075041108453846
333410,0.361466463607994
393039,0.4873303151178892
280194,0.0
993920,0.883285769763528
992461,0.9818865712791738
437489,1.0
172184,0.4623880971589381
582705,0.4237190693659535
937455,0.0
490118,0.5270388285455267
617978,0.5599200495998989
706739,0.19092767990798215
926605,0.9399944436776702
828440,0.7401154395744972
612028,0.17317834723071354
807336,0.19914981127607284
106003,0.903392842026864
292194,0.0
853238,0.0
849115,0.27173931844656396
704728,0.411690441565576
488294,0.3463576214451002
237251,0.7720909364928696
336824,0.9009122647711146
708517,0.4668841160410007
214231,0.7661130473035115
146266,0.941082713341292
734670,0.0
124185,0.08991703045006187
294607,0.7802268352406196
220059,0.8557902201933865
959075,0.7407652169447368
393661,0.48848666911557836
626038,0.8608244173348902
485251,0.8242520499801318
277774,0.1943224066511794
276879,0.11147133286978228
512188,0.9606372093990857
203304,0.0
326433,0.902592180812863
208623,0.6988637114739669
576619,0.24377913859898748
936183,0.0
139056,0.307456924807117
889659,1.0
912076,0.8535081120388244
970111,0.752779168065133
595043,0.05074587973333201
436301,0.3908883631554752
166443,0.07472686382173124
575575,0.4349981842820667
811942,0.8199625705557118
778514,0.6391844356599807
246630,0.0
589830,0.601671290056291
276262,0.019035382603851278
462364,0.11650464459322009
646636,0.0
848063,0.6021330898771103
190799,0.3636857228429162
851320,0.21387697980980996
991378,0.1294440615098918
114073,0.26747295783337016
763755,0.7473777577863351
384223,0.4887764911912307
924034,0.9808745202564562
876499,0.7590896329600785
332578,0.2303695007651498
592909,0.7223173298068128
301872,0.0
128564,0.40226274875796353
744295,0.8771851505455207
970759,0.77682835163434
775680,0.3026345748320218
183916,0.918688402490145
335095,0.9608048528319734
260972,0.15244748125753985
138591,0.7835972670948854
277147,0.8784642283589419
414921,0.6610672319547034
773353,0.5815871248146288
380898,0.5842616381742832
763274,0.4020469001376822
567866,0.4431875338646481
277269,0.3882038603872911
996647,0.9011302780245259
990234,0.5216110425501806
493943,0.359860504981927
337375,0.43625205172682696
731635,0.5247507942677608
955302,0.9807757551595435
348042,0.9398743757162117
132867,0.9407964650796541
463342,0.889561836621495
274975,0.5292727155291449
661791,0.9808161557831278
702516,0.39462307515355344
946812,0.3693059407658207
410655,0.0
366427,0.2116525210551864
321542,0.0
382421,0.6823234663726315
105512,0.7402568298690952
554337,0.5035970333066889
477788,0.4597698219015414
751453,0.8549156901730621
641022,0.259364118763236
677704,0.27117460862071324
200647,0.42396586191495195
431446,1.0
378151,0.46427331318997145
430403,0.6590474312693054
103299,0.17986321716420567
527169,0.8006499177582632
453775,0.0
245033,0.46126620167475413
255838,0.658894134271737
861273,0.4358328162151173
551578,0.0
682038,0.7805178737651075
381492,0.259524286806445
985274,0.9803741119564803
280482,0.0
538839,0.48707055920141257
240957,0.0
713190,0.0
660450,0.36314207720237757
642465,0.4552446028224185
810636,1.0
822689,0.9203694373965025
433005,0.5601330388273317
703155,0.03707488090659448
257057,0.8589578465250876
456554,0.12844764509561515
746116,0.5303397395705668
712488,0.24637495752304034
552895,0.5225051942989768
234460,0.5605214343340722
665665,0.0
148367,0.11424747789004554
330885,0.7999172080826049
420186,0.46473461188131865
257498,0.7835411891959396
148661,0.6446550900802681
351717,0.6168988763721107
576107,0.38546277132744095
777652,0.8990859459329172
315043,0.053493562308992576
815773,0.0
718439,0.2455010019807151
984482,0.8405004775722784
629598,0.25060181811954046
174422,0.35417094243992503
394234,0.8398537275274441
850140,0.5940258880899415
393846,0.7414941407624731
959528,0.8591078924575261
471408,0.9001722131786297
158245,0.8067272457807286
896328,0.8999417843621221
969380,0.6554815782044029
594183,0.0
426750,0.0
448666,0.48139580893931994
968480,0.805012254353441
592496,0.0
226978,0.8222478983881183
354499,0.6792241137821232
192469,0.0
681018,0.0
842625,0.04997724181656643
401190,0.0
465965,0.742453490174722
225479,0.5217456189802744
709017,0.759948401472743
891858,0.18809097672639757
830886,1.0
390147,0.7668103480951004
500908,0.9214196406456381
339142,0.4582332514483885
294127,0.557551328061815
864064,0.6643097487679213
286944,0.7423730016135086
345508,0.6562229588633547
402343,0.0
413758,0.07089401092712898
898217,0.0
607168,0.5609695415558927
368580,0.0
661657,0.0
425593,0.9805522770654793
595679,0.33372241843241707
250054,0.8692917374027177
895815,0.7606718060363238
816078,0.7719599385313024
270934,0.7407163011788863
296609,0.7819865051378238
302390,0.8609181951930447
870862,0.0
357208,0.5396551932228927
117992,0.0
654471,0.18390334836701963
553046,0.06933136657037628
576670,0.2964642853499027
553706,0.0
461513,0.49474998787407604
663103,0.8999106459838588
133996,0.6991839314381533
477922,0.32614229402855716
719999,0.33038726737231394
636641,0.07287998375966298
240135,0.7618445569008299
877339,0.8772243824723099
401209,0.622998030896487
645725,0.92180964985024
322381,0.0
953948,0.7940491420490534
533376,0.48567994253237545
545058,0.20994392343962878
337896,0.2823449426808554
546764,0.17764467664237363
611845,0.5852878812115079
896994,0.7952461043127699
895240,0.6802211413085778
910152,0.0
424394,0.0
578710,0.8406463538117815
130286,0.0
933445,0.25135781932313916
444630,0.0
689526,0.0
452010,0.3086045056892571
416789,0.40298771397933053
676616,0.09382588821836967
988479,0.5034831405742143
967137,0.8821728951610625
985556,0.06823532856472686
589597,0.8012648288633073
788918,0.1635317841620633
317800,0.24558232949763403
801298,0.7220546686911684
364698,0.3836505367493646
227866,0.9576507657927281
851289,0.0
712733,0.0
824308,0.6668360381499819
167326,0.6387964040915373
232766,0.0
152816,0.8998481876413454
623207,0.9607447589871827
632602,0.3563826452747026
208958,0.7178635359649339
836214,0.6084016568795481
778957,0.19205469744112907
539873,0.5590296956415696
628464,0.5621044432708262
255387,0.0
538015,0.9189438333853207
213753,0.19140317999785947
615783,0.9807207186147145
480965,0.0
116376,0.5059094902663351
913371,1.0
478553,0.34219158457643073
254568,0.0
316096,0.34586085270587436
418866,0.7446737042473789
578595,0.6245756363171063
177167,0.23686746509821066
602592,0.8629951121629004
399297,0.6042068698767423
601298,0.43266836506442474
356230,0.0
943191,0.09170292973182884
562581,0.4414260691505893
338664,0.852142045064486
558023,0.49843833847125335
971024,0.0
789577,0.018581026965591333
748856,0.8695677300439674
273063,0.03736022260949404
543911,0.839999230309395
386559,0.05273754392759312
494721,0.919223760123747
791550,0.0
678718,0.6126373574940455
684478,0.4869737789551983
883012,0.860274518271683
937288,0.6414754034930744
362687,0.0
617386,0.3866532434612767
668380,0.7792139712222106
457738,0.4608213872409018
451511,0.43626802148029936
396959,0.0
246501,0.46413152218267184
216966,0.39019281011591034
837550,0.7038125150839817
807337,0.1334733363088577
940206,0.24082211546574034
902172,0.3824082546533155
535284,0.7064718050642456
593915,0.0
154712,0.32519317229076816
199270,0.0
660379,0.8163990788236284
108962,0.8773649978372366
869580,0.641641389935946
975830,0.9373052285898256
749251,0.0
124586,0.17414618435779802
855251,0.7246645528907882
112906,0.4227676263579186
752181,0.7333159649833411
476913,0.7643712797060331
851545,0.9551660838084117
996737,0.0
281654,0.46488219983859225
298025,0.2315420226827085
803136,0.6314214591868336
245161,0.5612666869584375
100499,0.9624943443711419
654769,0.0
487473,0.018325618597436224
406040,0.8424691226480513
440717,0.531191722797954
436394,0.6637725686497831
403307,0.0
964877,0.0
648169,0.3446903108974106
384542,0.7163104124804929
778109,0.25733475738273526
302867,0.0
600626,0.7402919325942748
673483,0.5367031107422818
218910,0.0
861265,0.9616443773506274
322632,0.34215394676244343
405918,0.05466811426630352
682275,0.3370933085996103
363565,0.5174264655090258
288336,0.4236993228952927
681557,0.0
393719,0.32481717919273184
431217,0.36121534131334576
273798,0.05655468447719508
535895,0.6607971451308666
263224,1.0
589001,0.4739502436661295
182910,0.5036879992961977
331673,0.49070396035419944
556720,0.0781883558051575
300426,0.8990573377082433
289821,0.7482002710214197
257453,0.7356959941960357
153225,0.5284702698068204
430198,0.7898902988519312
348223,0.11277989783449693
723731,0.0
272940,0.9524437955195753
848792,0.6356293570641273
705584,0.5203043010315483
145884,0.7170821260916176
613142,0.6118437099346631
299992,0.742439755949835
132161,0.9409850890521294
707840,0.0
603711,0.36567589757456703
168318,0.5229607127448095
833453,0.5433364619925526
983832,0.0
236503,0.20999642772008087
316999,0.31438215987505874
834327,0.5042345874651656
475248,0.4549800017574941
964010,0.5734122922530657
820832,0.3270865129869627
405531,0.15375612334935768
905560,0.18842031900772094
843668,0.7921109420507724
958552,0.03709952292635242
238914,0.0
114828,0.2666974660078977
839712,0.3681084884410653
986131,0.0
291861,0.6816296291777716
779486,0.6485636077582366
902703,0.9540176087625238
158775,0.3108581004019317
994677,0.0
129823,0.660446261338414
761467,0.0
721899,0.5866028111578768
774068,0.24180705189670887
108947,0.07219108225303854
528091,0.2844917586708743
684477,0.5195374206879019
194659,0.0
886964,0.8382999874170372
431674,0.05968813591368835
819115,0.3028266289951527
328569,0.0
167282,0.0
115623,0.9394566203837796
802432,0.5861830652114
277344,0.7113805125882878
138546,0.09351730295961888
334714,0.0
286782,1.0
996959,0.8003981412251668
226262,0.7158714193820146
444819,0.0
751622,0.6630227392220255
475133,0.0
733530,0.09324627955975454
883799,0.0
566543,0.7357884383109029
863118,1.0
633480,0.479721399324837
686264,0.10815570439893356
776062,0.0
519445,0.7421289317472738
912564,0.40628658037176046
117822,0.31088507624905054
632230,0.6172631947137015
383311,0.249976046455002
326475,0.057445437818447645
762641,0.0
760308,0.23179020221784655
870378,0.0
461422,0.0
568881,0.0
898888,0.1729548065826005
391044,0.563270145015503
472285,0.0
992450,0.9204362969244796
546268,0.1946710858551453
586479,0.8986910015054654
886217,0.40925842782516836
914865,0.0
430917,0.18741519983499905
733230,0.8356142402331633
619825,0.8439035829763074
697190,0.6801830714156675
140337,0.9602731552896069
357323,0.6434580657862294
589275,0.9610084366432755
421073,0.6591749170555585
412272,0.6660527309821197
443261,0.0
223151,0.26561843624943665
876989,0.9416612271161592
726801,0.8607870384676072
644629,0.9414185150200228
874595,0.0
610647,0.17320916495203148
207992,0.8811389268797362
107302,0.17049607319737448
710589,0.12806812402076478
802041,0.9208743202711573
624864,0.2689276104892175
282357,0.07387239368707169
872533,0.3837431462400284
728200,0.0
203050,0.8367184396626617
558155,0.7454732868325331
622413,0.3029736074729528
635106,0.0
979313,0.0
364253,0.4115124164939503
979227,0.0
464772,0.03656818305204144
140989,0.05681747587367981
738575,0.9140058020170626
267837,0.0
980641,0.4696106712153656
432375,0.8283905384927768
995038,0.24896226111941466
575907,0.4228747708468943
690990,0.5996275357590678
921884,0.1106524651716597
446158,0.9216461495011229
799440,0.13301374320050738
165998,0.6341634922362619
431328,0.42652537295730275
635964,0.6586830047109644
794888,0.3074865735556039
572035,0.11479164346383558
944965,0.0
404628,0.0
481015,0.30959482250239095
847785,0.39285693476035066
547611,0.38812280121857096
839850,0.4233377309045829
583000,0.646621229527449
896645,0.2477952227177231
548270,0.5226615459590256
654122,0.7196046008634374
886185,0.42410899124468604
592839,0.32827560650199017
886778,0.0
844543,0.6490752939856088
778012,0.8635242921773526
166121,0.4225880419251023
230489,0.3460732418090631
571897,0.37532127520018943
767370,0.7510982051563458
698377,0.12748438562948075
330147,0.38253429991102833
504782,0.22103945496183294
646864,0.0
667116,0.9591813227019078
289538,0.7224119946572258
675282,0.722768695631717
532110,0.3138088794900094
336741,0.5304374027051801
227174,0.056321342161671124
919803,0.5492216410269374
393628,0.6577404870244026
725710,0.31608604902845183
540065,0.3326997499070564
359455,0.12460360690632459
456511,0.16506394548093725
917170,0.7360191703320543
647384,0.5045274788412267
108392,0.3224206288545912
294726,0.6245755844236929
738904,0.27627107246626675
394398,0.22160727289212767
576692,0.44318700103145015
326344,0.0
884321,0.12273197721579908
254409,0.8422109882318709
386091,0.11062257361831662
993983,0.0
102738,0.6201523039664321
881327,0.0
216258,0.11406213715870218
880725,0.3840972793035612
715737,0.0
432349,0.8222689150124471
543580,0.5207032102648429
409273,0.6994020680048116
561617,0.6446177225466074
614445,0.9599789174162834
458732,0.8852367610727462
263532,0.6401793579629551
252194,0.39595838301698794
109767,0.0
808935,0.5033997192443744
639875,0.0
318234,0.0
111999,0.0
492398,0.5333137655244697
974615,0.7795134021386622
901384,0.0516396329761697
640691,0.32322930178404313
986035,0.13761229300573102
590770,0.2647557313730664
330140,0.7308017895721797
175351,0.560741219506896
627044,0.9799093770207062
204000,0.9796840497330612
929510,0.9168523545732603
372264,0.24804974488048426
650760,0.5201879657961866
530855,0.5577081106208716
937545,0.7606892315882837
889474,0.6079191430110311
410892,0.6214596196999551
389724,0.7631807711919877
724750,0.1341973869550163
119540,0.055713371609698366
605972,0.0
469644,0.7367942686744807
750429,0.7103543156127828
111920,0.6647715519131434
947151,0.0
392813,0.05455779141174087
482358,0.7376237030156731
299320,0.8393719543483619
315485,0.7205353407548991
543959,0.5990843777429785
845378,0.541909723139665
837897,0.9781198336305938
679638,0.01788917445995079
192199,0.0
846541,0.6142197861349785
601960,0.9417464579386097
428227,0.15635537081753725
451885,0.19371216632380303
764116,0.9195328722017506
104065,0.820481376764155
219183,0.42247750343130885
370307,0.6355530012615371
639717,0.5877755541308838
913722,0.0
995410,0.42699138191900016
531102,0.8641575466745905
285671,0.27028047771660973
604275,0.56085771589475
492200,0.0
646739,0.0
599624,0.6721318231245189
621212,0.08848354150622623
469988,0.8370142477969835
574841,0.8150271406426032
998153,0.2619409153674804
481475,0.5642728111459552
430972,0.5617424975551835
112003,0.7220744761791741
752959,0.035064712199614274
710250,0.0
670946,0.30472604383510377
342598,0.05438718353424279
380908,0.6764023851359939
745028,0.8608856200432377
997105,0.23219317138237577
158940,0.528718679644289
639824,0.32721436452147135
967553,0.7054907587186416
353461,0.536369342008723
501819,0.5136373809071147
684453,0.3873861026687187
779375,0.8206936520484036
565899,0.0
607887,0.36608184893537443
873845,0.7764467982273822
511729,0.14393753089695058
439939,0.1910733717683505
278161,0.7818830427664317
611034,0.3894434626425589
368271,0.07288732173402193
792844,0.6591767587499334
405312,0.3963011226883367
166949,0.8831266205705697
928251,0.0
560090,0.34657637001194125
769268,0.0
436694,0.3231722703830862
523496,0.9614122653281978
892934,0.34913462725586447
495557,0.9394573203678299
304912,0.5100961676749571
562488,0.0
169802,0.702876529482557
690697,0.07658896758572979
796370,0.8608039100820984
551055,0.7238107243419524
558685,0.05299858083485845
550257,0.11744804301039971
413089,0.24583041145468315
713118,0.7472569154005425
721541,0.36374058771266843
427331,0.39807641718734343
363124,0.018323074050540636
296131,0.8242389815235877
665548,0.5282358438955299
560938,0.18980738933105898
983026,0.19193394682763884
877402,0.942131608307381
493496,0.3851689150689771
448097,0.0
211234,0.17099391429204067
305304,0.8416021562924495
376767,0.9575592466017334
194951,0.09121111243932582
121560,0.5426676905832333
695621,0.5784738971852701
844299,0.11446837436364746
604596,0.8619547019113765
761800,0.07548293410895532
562958,0.5083827864089447
745140,0.6197235236412787
159811,0.645776134646013
985101,0.7943726297555862
229108,0.6582470615937827
545697,0.35415769624561044
556524,0.7589303036881473
956767,0.31344941752765815
429871,0.7631086453300349
613665,0.9812678865060979
621300,0.9604288935982442
586754,0.0
790077,0.24952301623471718
246077,0.5428691496039714
341097,0.8602841670264021
222655,0.920025578610943
494823,0.3487509085174432
780841,0.1988260358223994
169886,0.7573368281167775
843302,0.07322544535619288
752967,0.18632945037353654
792144,0.056654463750226286
966399,0.8248790754676943
656378,0.4879867433274199
415842,0.8626355249513914
717408,0.8600657714361488
201497,0.6903379562279682
288745,0.3284723741877963
455002,0.4678339203390977
522495,0.37329320533881605
105866,0.0
780212,0.0
459948,0.5997247593181406
683206,0.4523858702289828
551549,0.9425439566199982
156018,0.0
651984,0.0
487968,0.3918015495717134
678319,0.4168532227026043
879717,0.7616379055927959
222851,0.6453147788513198
391629,0.1885750823216768
622997,0.19053438790130414
474464,0.6540127185792861
236397,0.5151928001546802
502408,0.43587284039145346
163202,0.01757839640577583
500967,0.2807451324194161
251319,0.4821977600652688
909476,0.2704830311783001
114624,0.44097783487435077
197330,0.8760383763368315
475141,0.5279110234184601
936662,0.22486791825282437
560126,0.9608449708695321
618288,0.7990166441176949
919273,0.0
711228,0.8485571567662961
765006,0.3630681274939913
317903,0.10892362845507489
485692,0.829438581057462
581026,0.6064796100324951
335583,0.8830410981278776
348005,0.05716628541803201
987818,0.39994270223259487
600726,0.26197170709229467
638440,0.8454582399476092
566563,0.8588923009243273
969263,0.6191091516404196
670373,0.11083317471279933
540338,0.18390213887844215
446023,0.5079888755748811
839629,0.5774132654239055
985482,0.3602167980490174
720988,0.4895174411864448
344145,0.7848151779037335
251345,0.20835844697903272
800385,0.9209098290252701
284887,0.43866258438285727
182593,0.6801828597168295
588338,0.5973459776051618
555700,0.03815917440770829
196389,0.2912905366280193
176356,0.0
488066,0.27872221741638153
482766,0.28145632099958884
911202,0.6710769789637525
172951,0.41809891601525895
810774,0.7585310401246418
244372,0.636821948663507
340295,0.0
483660,0.8616658054808433
284150,0.5266945035212686
570002,0.30392615953810054
905734,0.48698608354533157
339326,0.18898735018777726
331205,0.5108395969830942
240077,0.3818193783395188
719803,0.6988261774701698
794302,0.9019488155274189
630836,0.7992909040425058
552366,0.8912744379174462
177679,0.6825388801310365
329351,0.7082723171777447
581216,0.9611604561093431
686951,0.3379604775693244
327452,0.13030884107541543
167366,0.8046896210289947
350157,0.9602632612946604
940421,0.0
267027,0.11362070773700811
631925,0.29812033717575814
358225,0.018288995031191937
197688,0.8008224682780132
388779,0.6786950161452678
264397,0.7052671573399111
792733,0.0935792536651298
587082,0.32619897326875846
436887,0.0
231557,0.2877335803286819
435658,0.03751482286670105
709525,0.0
151627,0.9798722894663833
968477,0.7790286874531606
457140,0.4591060554213499
364386,0.037011776941431034
787514,0.12036265153796495
310380,0.1133737059587846
123170,0.6335544906925694
298683,0.17018453647867313
719871,0.0
756293,0.8762791540860341
449140,0.4464483208725094
268478,0.07350091902248211
459840,0.7203665555364663
946609,0.7781531203173573
665222,0.037330370252222064
496344,0.5318708938185466
525374,0.6670037192817951
820255,0.0
609164,0.6986619025131237
399611,0.0
150869,0.5635111185668693
472238,0.0
784694,0.32909759419554746
292680,0.6692420420015538
739979,0.6977425201853203
578116,0.7401272591452998
820296,0.8820927675955164
963015,0.6003942322334987
466414,0.5446793593345762
243897,0.7601511343190428
326487,0.47888259335885974
645229,0.4285089429515524
539139,0.0
390817,0.39661358197809554
936820,0.7376407622795524
158144,0.30792596841861475
462761,0.8234546087098578
391121,0.6393919529454498
826748,0.9776778285760575
363672,0.3667249902967992
177584,0.0
987094,0.5308436972066373
394768,0.7645246325716926
689237,0.0
300034,0.09536479606447763
769009,0.9415484166778508
574431,0.8391244965593788
837562,0.4814260460695702
261077,0.7397019403587337
403032,0.4991514290269341
933292,0.8767922477390516
696232,0.61300142939213
495748,0.1302494060805004
659376,0.9223800645646215
291788,0.0
228286,0.6571638844996227
868609,0.679644354397352
964795,0.03519910653862679
541920,0.2246946339203753
513809,0.0
224928,0.0
422950,0.8002819772648331
666535,0.8350559126371069
670364,0.390324288960856
513458,0.9178319462450213
442493,0.0
531632,0.0
395525,0.48558660889449473
505166,0.6870710610524391
317190,0.3073222307356628
288046,0.0
245500,0.018821534860094087
335454,0.0
471758,0.08610253904396155
338026,0.0
166167,0.0
280635,0.8811612552523123
211300,0.36329736929495793
542784,0.5020769479830927
394939,0.0
325657,0.9018252928577356
207710,0.0
737591,0.4454533446692427
104040,0.43639812998413663
346154,0.0
950192,0.09374761915271092
957124,0.24943990506405553
659424,0.9779284301098455
399041,0.8370093621853676
935176,0.22721755086798537
658680,0.16640020242863895
494783,0.4401298835824258
312641,0.6571925563340655
256738,0.0
707988,0.32315615335093384
826081,0.34002191739061566
249560,0.6872272151873826
290612,0.6038486925735765
815012,0.785354842800825
525310,0.0
282036,0.0
731913,0.8580891175662294
547657,0.20618518640758648
136943,0.8705295244669691
251385,0.13039979263992066
246584,0.24444980802128474
223359,0.5679028048950929
974785,0.6569398941083467
611992,0.7851286296164462
730247,0.9611896326592416
622494,0.37442921626782055
209060,0.8591309102952702
939927,0.18179240244798112
388928,0.6184697832112577
603035,0.27035887919207474
926510,0.0
896650,0.0
304660,0.7568222932618793
404726,0.6410652350262914
997426,0.6651021781454634
948690,0.31132491259790784
480855,0.6955101530915705
244045,1.0
484478,0.38233218136118347
931836,0.7277517650658062
656190,1.0
366235,0.34280416864899993
616271,0.24623919264394123
295453,0.7589973467530392
170901,0.4562135764841538
778714,0.2996288562149251
524762,0.0
955566,0.8181923120674407
361386,0.38020147394389375
533130,0.04873878204234699
616359,0.01855237991524993
418819,0.7857348951089784
396076,0.0
312247,0.5415178774961436
755885,0.4168696681152789
555967,0.5008300593695258
278263,0.03550501292237757
321153,0.32977427377989593
122317,0.6182807673731276
635156,0.8622022974657808
248448,0.6561756070847875
935615,0.0
531641,0.3629410976444804
495320,0.6804918413724766
343219,0.5438498418345794
263121,0.7459621329356722
616892,0.2837624068391446
924933,0.45013147817692517
378771,0.5330753350650212
139366,0.9147633936393347
900505,0.0
634779,0.8268394591439744
372189,0.5704864475461063
609321,0.11886581819301528
204721,0.9574156775135604
801175,0.8396990551992448
283803,0.0760009777068539
155870,0.14868013792735324
410637,0.8585481990268531
208300,0.958373163041967
517481,0.0
469719,0.5185876649774559
521577,0.8203272581840633
737299,0.5182596087139713
928983,0.8793623658656583
260357,0.67350365676551
172767,0.5870147326086885
378459,0.7137739451615146
844891,0.0
925509,0.7365396962949676
168475,0.0
211574,0.0
212363,0.22518393270540515
900827,0.2246013315616661
116645,0.8614513653116573
190365,0.6213889671858595
860832,0.17922640574191773
533236,0.19388710000741677
799480,0.8654444054693966
512619,0.5678488098115576
256710,0.8586874501270536
117592,0.0
964741,0.0
383503,0.8556085290927681
125117,0.8383994888588202
565357,0.7049216896613817
568381,0.5112309556052168
440083,0.10511849775827871
502473,0.45726910337051346
931744,0.5184414453928311
553154,0.46914750858204823
974431,0.0
334035,0.9612684121953504
854591,0.0
268320,0.713990480414115
179740,0.0
646932,0.7139606497653815
563918,0.13455207631018848
520952,0.0
651569,0.05424392042514189
401470,0.36353718171795923
508164,0.6944350261132237
266765,0.6209415437067016
228905,0.5773415436919684
458204,0.5530935746326059
853928,0.5587235435972102
300760,0.6070784928805083
649033,0.0
781186,0.0
459029,0.418757138395567
610704,0.9778416956698984
384443,0.7993103251097017
756305,0.980679483887728
605088,0.21398906644468393
192822,0.6828639038811293
467850,0.19512119559105
629116,0.9610723381647894
604332,0.7782330794594283
520310,0.30373217455554213
410939,0.9799967967977268
251752,0.40464907470916384
383623,0.8177383512276569
793097,0.5454659644971396
287686,0.35452193582999764
927072,0.11051037336801078
402138,0.7114377403792589
668983,0.8744501163386981
642183,0.3490153867453594
371816,0.9607825605586915
703269,0.5892306454266798
360931,0.46701252892116385
218985,0.9212145505532746
663599,0.5068101539651303
135124,0.0
709428,0.10872511093998441
332191,0.15351645967835584
665880,0.06593334138213497
398716,0.0
885841,0.9229284524913377
903210,0.0
711142,0.20902812637891263
446189,0.5019064649498555
149614,0.4315254180578487
394116,0.3782806060008072
646767,0.3040957523542927
838355,0.0
565393,0.4104526440959027
655240,0.901088694338882
878030,0.1309949243364146
979610,0.0
770868,0.7482534791681941
786967,0.0
267322,0.20645420329356615
539050,0.6480261053058785
246007,0.7441040490830102
229814,0.07418481678780482
304412,0.13290354394866544
746569,0.6123945996243526
473439,0.8814053739034561
444987,0.6632988272039094
169481,0.32263146854971314
173543,0.9025786635443407
902284,0.8781621503988409
667915,0.5058181356854368
544652,0.0
863301,0.6518569395273474
255245,0.1260805264113715
209867,0.6450931319912254
233723,0.4221730576680228
140842,0.0
292684,0.8557809301519959
229106,0.5804336559612416
125334,0.6414471942074196
456594,0.8821520389062447
589024,0.5747907989652938
878695,0.9601707966638341
829456,0.48203438991509434
318356,0.644952900058435
459641,0.8941557488027448
920623,0.7844222499645647
438907,0.875026708091376
256604,0.6125419989560527
413390,0.6466115750323308
526388,0.0
949078,0.0
851023,0.3426388558117182
291748,0.3837511200834528
866645,0.7651406479823736
132231,0.9399086787279762
568437,0.42341384757585626
472292,0.9029369996752139
124335,0.8458118657094074
614767,0.0
743251,0.791714335657627
546910,0.6241040116540779
247536,0.7973459798535105
884369,0.0
787988,0.13388434743772606
574443,0.12606652282349282
188293,0.14914961316571698
280079,0.7040887864349404
218223,0.0
844520,0.4586212630575458
654738,0.5349059660963204
649486,0.0
319856,0.9401245543711193
217463,0.4632460042831984
301310,0.0
614444,0.5192703168858531
386211,0.01830409708357414
950370,0.13039600694653067
724497,0.6799901216173913
473230,0.0
589074,0.07546407302469788
319219,0.8018876421371501
841919,0.798071360992081
134788,0.9008165860411226
149055,0.5792302187530877
308980,0.22930650242407674
239385,0.5043614727578002
613848,0.0
378012,0.248166542697689
998499,0.133787552214382
808639,0.41068259134886337
634974,0.684765179759105
138263,0.8840203717053248
605535,0.0
367281,0.46414995651390406
432314,0.728739071419373
713102,0.0
194442,0.0
525790,0.3344154184508484
390489,0.0
112839,0.522726310216892
206377,0.8030940703938321
747738,0.5525219165367344
129511,0.11615465018952105
671262,0.8247522740212977
539765,0.5607369514007212
917859,0.0
986176,0.0
323129,0.8630522278005616
401068,0.0
544978,0.0
223133,0.1683517801336342
343847,0.3417834596904357
328006,0.0
989076,0.9795570581386024
367075,0.8956581829906377
529402,0.3057836212589031
890647,0.8358554461106403
958509,0.7811933451973313
548200,0.3447464639890403
922741,0.6154533991223753
366335,0.5714868174829019
874234,0.8039291591948619
626838,0.7402607577590723
323830,0.6382589621404038
672243,0.39700453724468115
218514,0.7382825262720044
922076,0.7465986519055043
689873,0.0
598600,0.23953234557726713
256254,0.03653367633467266
300285,0.7376740245444592
541579,0.881315759223273
546930,0.6052189475421976
727226,0.7782719251163532
713780,1.0
818300,0.0
717482,0.20245371445088997
900668,0.16880589120755382
611525,0.8637459702716119
554476,0.9585466380256582
618663,0.9374627332130533
302696,0.49779931185844356
403432,0.7004483061765919
584853,0.0
201623,0.4617818180855288
422218,0.13294515135744747
874685,0.6787411591581444
524571,0.15889115287922506
614423,0.43742285163181394
435738,0.0693711764181002
476868,0.07761608259371439
373483,0.4632245752219774
515673,0.7387749632725246
946291,0.0
172728,0.7823252712855662
918938,0.9803358697936579
754734,0.2668730413235213
299916,0.017866508450022512
889045,0.7014853303520572
211106,0.35164067214927947
106442,0.03729478548760774
129244,0.05128407910372696
539140,0.16572002793120227
285460,0.5756272684930217
736120,0.15168976501418205
947831,0.11119049606006377
740030,0.34140690517746736
996433,0.8405194269595666
445985,0.743456626671698
473998,0.878902114774994
617921,0.0
560254,0.49811973791341174
819761,0.0
949143,0.17056355976696608
878794,0.0
784733,0.22642680759617334
434170,0.40561612412701303
161533,0.7618687007073563
300353,0.7053440944532058
918814,0.8246431415570324
182386,0.17927684382647333
773209,0.45881655189921916
681057,0.03588876100464846
207727,0.5457766617020988
824136,0.018907920366523282
507399,0.8654757671557322
218606,1.0
593969,0.7585806438513266
800171,0.8046456117339787
697063,0.448591358798963
118118,0.12869269911042028
110376,0.9435010936790602
585843,0.7412636249626419
717506,0.3668890088029579
141312,0.5410141698496007
986951,0.1695507973335625
540977,0.6651001033639434
589945,0.01875022544242446
275582,0.0
113450,0.9183850539864928
494549,0.4152720033192949
753138,0.30298515047262514
884993,0.28518104842188685
247842,0.760857207981631
810779,0.4623666776891779
772221,0.1153816945036288
279266,0.9161951600838407
182938,0.5198023066045713
582702,0.5459810478422429
877099,0.0
451898,0.0
386086,0.0
457567,0.0
946217,0.8116986913212213
333465,0.2696083248493509
915092,0.63488546130348
586559,0.4401886337647992
121174,0.9304841095954592
861287,0.345521308844941
213153,0.0
132840,0.0
651061,0.9418013009795446
671029,0.8664965191601418
227880,0.8610418654293185
921455,0.09437742018889667
421806,0.0
856127,0.0
373033,0.6851991811053332
803004,0.7426770364739452
371469,0.6182368561877359
891727,0.6565486512162972
193825,0.49844798402848456
969504,0.07607672364836304
769076,0.5209637282898922
282935,0.0
707341,0.9605267742302962
284617,0.3835684428810573
314266,0.39837099128955256
823449,0.5748275735770935
884180,0.425886778001416
729500,0.46026948515172544
429763,0.05663900660336363
327999,0.07309751162909475
751992,0.20556303002080298
136445,0.30296823737052025
490936,0.8794501674713154
111688,0.89514002808527
706165,0.11886359448768345
494595,0.6137649245248105
110335,0.38871715528435624
187258,0.7387324997312955
887211,0.3652911362814635
319240,0.7182859808984773
733372,0.8637170700206164
842270,0.05207093177881404
900233,0.8020052800758147
979294,0.26301409561293204
679519,0.7383524266637864
447707,0.7209305001386686
307891,0.9204468209498079
629952,0.2461764338357574
447902,0.35014432401446144
920325,0.6126364397442966
953830,0.5357788323759606
464064,0.5180269602869764
495577,0.6119342786647066
525453,0.5388994413532282
400668,0.6398077449053032
522649,0.0
162625,0.5252628008322997
945397,0.0
774342,0.6106858420701344
653283,0.4786259266044715
191042,0.9202108521887953
621749,0.9601905297863608
256964,0.2587081377323063
174681,0.4664462331017357
137214,0.24823545342264153
247768,0.2888442292171981
576864,0.055451087430511026
569738,0.5858719330777507
580626,0.21051686264146294
607019,0.6423300123855467
803348,0.7261450455669635
188261,0.0
166402,0.0
946921,0.22716948280490348
676891,0.6946103944744091
988161,0.0
338094,0.6539691412047114
304494,0.899460909452282
295147,0.0
854251,0.481551558805354
124391,0.07299844192216627
605302,0.5226052931493536
724487,0.44536682827580587
964940,0.10936120226299965
532384,0.23152547423659137
417213,0.3380440815258782
210427,0.30323884534991075
171271,0.4607992474926261
288882,0.7996546300433838
622405,0.8993145398153893
962863,0.0
545038,0.8025435001902956
959839,0.13504483737249
110854,0.3852500396616541
357180,0.0
292359,0.9392149662432969
633379,0.6142964756319794
717022,0.7752663107754969
484083,0.30415257784951766
434412,0.5821214326207007
730894,0.40143398265563524
997316,0.8219020889912643
775807,0.4196770461895871
818024,0.08771379597116917
235124,0.5817530799866294
328860,0.36964472440360263
823817,0.351831512013195
284298,0.48305185996259775
795158,0.0
297211,0.6231852562271508
660276,0.7805507932985923
482221,0.0
876824,0.9788755559798397
215613,0.9455587149713052
239166,0.1494013633265859
806890,0.31675425430090665
688028,0.0
765900,0.9251111634900755
521633,0.5940304941785962
271810,0.22601499987381984
986242,0.6725349808719295
209977,0.9009263151359752
602859,0.9180662424206146
884040,0.0
552823,0.9416287617094554
983410,0.8017078573457678
836604,0.10811259142888886
839704,0.17345343389007659
234100,0.4184136014931723
643144,0.6818331238053399
595886,0.713547880200313
406957,0.4711219482869694
897946,0.09188067222705687
955014,0.6996746475594229
417161,0.7152555181187388
349986,0.9606877240875886
277750,0.8821079141386116
348103,0.8011761488935403
380631,0.0
644686,0.881404194598411
962894,0.8484583804501763
916200,0.0
563939,0.5246102401763214
342913,0.0
106501,0.07603271104248845
272266,0.9325193644224359
516605,0.8021553581630655
932771,0.7666644500163214
461547,0.6596940999549862
921377,0.0
241206,0.8756366020710928
557313,0.5838760983862991
167784,0.6736836855964062
247965,0.8409065335932028
161166,0.6745634105440779
161425,0.0
420031,0.8627401113248132
996492,0.0
395464,0.0
129985,0.2482480482564257
734629,0.0
536485,0.6596796760391618
405044,0.3817795095578851
514394,0.2648147846876775
562185,0.0
610994,0.11233327945999244
534085,0.9612705763917399
113811,0.7609265830492842
794036,0.0941392787429633
564575,0.9601861046558365
378747,0.6880204630752944
538630,0.7005894588203628
894605,0.1160497108329146
684512,0.0
641123,0.685621299846658
665727,0.9060134077464155
348950,0.036577960249804926
763901,0.7979122867935651
739722,0.6970287600671395
300470,0.0
913970,0.402676293646136
686290,0.33951996138778184
283060,0.7060128613045014
824204,0.0
122863,0.6601111328817348
495100,0.0
522118,0.4726825341339585
172522,0.5815292932965266
318152,0.8654911615107347
796636,0.6779486943448505
202928,0.0
278019,0.33102560936055425
864961,0.0
756421,0.017957685359716317
482165,0.9615152223848082
204147,0.0751298291417383
513864,0.4049759987263402
729145,0.0
929796,0.9806629608949983
709871,0.42244636408753794
686862,0.2949945944092051
329101,0.27652841593427685
621924,0.6896433424070652
790667,0.40440079787351313
332160,0.11135258811509359
439797,0.7459418780189744
589703,0.5573070233991781
613961,0.15416963071947296
920432,0.0
846949,0.0
630529,0.0
708031,0.46199495952181535
850234,0.30144974589641327
768679,0.9412650637842567
226179,0.20964884388672478
711435,0.0
432799,0.6680464967904135
479922,0.0
386133,0.0
105317,0.12458868167584797
994516,0.6622139020113534
681298,0.8608086658334179
901709,0.9369181054439357
898285,0.9205112797399023
708363,0.8579030227249663
432209,0.0
481663,0.9427389784476361
907860,0.7042140737685825
667568,0.6244372640275794
322981,0.6757860471320726
242563,0.7856538684788908
964378,0.4977799703839223
854783,0.734626590460054
991005,1.0
993066,0.0
836225,0.08645113532062354
839334,0.7566840705444107
519610,0.3046520780807399
433196,0.0
251690,0.0
661385,0.5246714069028677
485150,0.45474808208608497
645596,0.3094430558466606
237352,0.11115300229303854
686612,0.8576705483785521
415158,0.0
843283,0.7225588271604733
691266,0.9616134231600753
925183,0.42269694613072956
683210,0.34696064596780846
900601,0.4437639560705252
545272,0.6776812293570744
179961,0.0
844165,0.7547060745831465
760153,0.09709481452749487
252923,0.5836857551683962
901016,0.30129003544915445
131536,0.17454897782313317
246854,0.1139757277705779
301069,0.5878519196037157
666385,0.1261536901162095
683292,0.7240986271619664
524718,0.0
225267,0.8351742075634815
381092,0.7661092035598744
820889,0.32430180116196883
807609,0.6641805289355477
282227,0.932077690013756
801066,1.0
317405,0.0
723912,0.0
711088,0.44268976149474026
476151,0.8366803526952548
407900,0.12752755265460905
772284,0.8584443092549563
301983,0.9409626557722539
637453,0.8029449044716809
500040,0.7168995146686433
549176,0.15377033723691405
951762,0.6640700832043155
801872,0.0
672914,0.8024914890993031
655859,0.8194623053427945
730810,0.12250190855571604
216154,0.8835135991783171
403047,0.0
664943,0.2645019480426884
861812,0.0
698657,0.0
571283,0.6714117826071149
665070,0.05567363526470079
383536,0.0
980982,0.2700405327368082
158262,0.6863584770888275
882892,0.9185301790631052
171864,0.5805538306681843
477559,0.7050786736247107
571895,0.0
400745,0.9775989289025909
100407,0.8796551979740518
802650,0.5380587953318854
545813,0.1644403227896683
641480,0.34578269646114157
699234,0.09585606428310371
348197,0.0
821042,0.07540807431407556
680474,0.07601330039903323
636461,0.09213243528169406
211831,0.9010861279270113
684721,0.1310172470292931
260184,0.0
873291,0.05711106369359652
259684,0.7203967315856189
163137,0.22394694723074934
278020,0.7598174315522386
368766,0.9219155658459393
327577,0.702938564246268
953596,0.17882034753434584
815851,0.48618023393932713
343774,0.6933871163849067
916629,0.7474278122707506
164543,0.4222146812349979
661396,0.0
936894,0.0
517182,0.6354657353558261
850568,0.7248668918240206
604543,0.5532420103899376
401040,0.3477525044723961
372365,0.7425865751396584
868238,0.3671022202688842
731052,0.7765573803301237
115106,0.0
443734,0.13169536290788905
159003,0.2111704490295759
931164,0.4260095770671764
903845,0.0
130704,0.0
679240,0.8906120563317153
612658,0.3968843598061701
895424,0.9420791339072249
986699,0.5087531178715529
901844,0.4620272715833087
592292,0.88572374580407
584337,0.055730305383429775
276110,0.45546687084925763
618782,0.055149146325761296
990021,0.4622662072559757
103101,0.01801560685925391
249892,0.3718132355118066
929971,0.782122661644904
659945,0.6426264915280374
877043,0.5900533691893453
481184,0.7363514991610646
887326,0.0
216658,0.3030919344991226
883344,0.0
866977,0.1850306370182044
406381,0.9015276344840562
366316,0.5794878598284336
661498,0.7491292393635043
790417,0.09340671518570327
852910,0.0
840682,0.7754914520735768
876212,0.5455321783772723
786865,0.9023328885544816
350958,0.07667951934853708
834881,0.8766457040127748
535610,0.6589341223543218
316616,0.0
231935,0.0
691645,0.36874717879813906
488142,0.4952756005136346
917536,0.1455371574858501
646700,0.6212540914846816
892027,0.0
420902,0.4229946436292657
362136,0.638338021918073
618515,0.44152089623846824
585824,0.45871397235310174
794318,0.6948801671550869
530114,0.8231164082256894
601873,0.8592226802896046
799622,0.20962263257155045
457376,0.48254583282655494
229760,0.2293716685978857
537246,0.0
403920,0.2809778167251636
878439,0.2448466897822782
771071,0.5470190071554131
987645,0.8012328761082237
235832,0.0
359793,0.1691499371211333
443771,0.209595730230588
851626,0.7811899843267766
195241,0.018620440365845342
405084,0.8027450450359223
903893,0.7254021068846582
895643,0.6621252331274168
182209,0.46237207467590746
869630,0.0
584798,0.09343548402799236
128832,0.0
413314,0.7063591055422704
648493,0.3339476092992079
242967,0.188485076496125
650750,0.746905355821377
685683,0.17152843858768643
733429,0.8990583920096951
409733,0.20774450358840948
140395,0.4736460949317142
734221,0.8381486388655696
862526,0.5457741467729365
242011,0.2585192542318192
426883,0.9829728585030757
431789,0.07644791632318149
691082,0.13260297683734842
633735,0.7205612259950626
248127,0.0
467452,0.0
690121,0.0
133460,0.45706595585886056
158450,0.26871073968441733
582734,0.05656801366124811
955585,0.43618133620043475
918951,0.42658826962247887
676588,0.8995713835057791
995339,0.7342214692714539
428105,0.863066627057705
102229,0.4152033716020281
478339,0.07359836161191542
808270,0.7350087760941791
820623,0.6235630625681288
558149,0.961218393785521
198702,0.8094106410474137
335198,0.7347410634086782
689025,0.3010304065096298
674930,0.15812586277116253
582599,0.0
807782,0.5353700919056552
253593,0.0
725291,0.018817419831206664
327394,0.0
966301,0.0
582141,0.5163058418151512
246350,0.23158697924858768
334046,0.22603871256542046
317744,0.0
787367,0.618130087513942
643763,0.581529372484302
203732,0.0
724795,0.17059217984018307
379905,0.2790859315722185
470216,0.8562084627319876
851471,0.6975383653031556
115503,0.5996582381912295
147395,0.8820634394775368
150841,0.09201140335143748
353706,0.5789533897838092
919217,0.980571842421428
501883,0.6011130112715972
257055,0.4349734629471584
206916,0.9079401014410456
680021,0.0
671865,0.8983189033166187
447557,0.3203618796616677
970192,0.036723225512860655
397631,0.5635163594377909
800219,0.018277997451093094
760879,0.757228064296891
254817,0.0
514515,0.6285163781393903
940438,0.5758605092523447
505968,0.8011929219976834
684181,0.24813502527142242
410728,0.0
979098,0.9601970039985546
951595,0.6613008508702408
863998,1.0
327613,0.6000126250222892
760017,0.5739250487113152
306810,0.6595775148536754
651293,0.2051711569401385
217136,0.9428025793886626
148852,0.4929687189209182
519161,0.05574376694384692
125622,0.5877416271830701
688993,0.0
792355,0.8422205492447301
648339,0.9807489324545815
281819,0.7469777934517471
137932,0.7078222433715424
455116,0.0
585642,0.16011460812037434
676268,0.7760686362589112
703495,0.36002253610076196
728185,0.49127145007965833
800886,0.13457372936837173
272631,0.7225665293242481
512322,0.8322071591544291
317982,0.4611207895077144
808435,0.4654875154550491
104631,0.9602802304345144
450512,0.5730055703915488
878392,0.5369029230935165
903471,0.4026348683775364
702156,0.7219062173062382
764252,0.924454971364663
247595,0.2142369827679627
150893,0.5395156822879597
325194,0.13236262333828525
848136,0.0
886569,0.7300545166790859
801655,0.0
308814,0.48098839784498104
144435,0.8166634270956623
536745,0.0
836550,0.6761880694767837
747723,0.5799786232621633
231998,0.0
949036,0.35260580749401793
282542,0.8202737786658212
709271,0.8048447387232885
552670,0.8802353575437668
683538,0.1131845876348992
551660,0.0
801616,0.22472054427038404
571330,0.9218361742390481
430742,0.8374378933585388
927030,0.6513263704259851
927518,0.9211688707796991
729274,0.3903276539930384
425060,0.7846126634603703
810696,0.5455961803447289
800512,0.41333806127459727
817816,0.0
308712,0.6959769443619052
757281,0.48438076539931946
246227,0.21015813033072409
233841,0.7386304860189624
512279,0.6133659253334031
572207,0.7094589964232736
512531,0.3875854726890291
650765,0.5055932154820219
264333,0.7254565188175226
593345,0.311516890059937
821841,0.11178908079780712
567983,0.0
773734,0.0
243904,0.035751053454512745
329316,0.9192308850553518
568330,0.18249060236380038
359670,0.0
442224,0.12957256511435716
594524,0.7644039313574904
699447,0.9402367021672678
857213,0.6938863234500862
378601,0.6808288306685122
893504,0.5075376828777736
149965,0.8108711934780605
536089,0.5062824354149774
521828,0.6436500372392244
519632,0.26384768657275326
799729,0.3964974656336027
649728,0.0
743004,0.5973858979681435
430463,0.6973022373383536
552741,0.753445686456527
869291,0.9600159755698746
517756,0.805640415394739
629802,0.0
853895,0.837518476242971
114362,0.9615192950374515
390215,0.0
705375,0.7618157560853076
249691,0.6722518380849577
236300,0.9005583901166708
654755,0.7529065450231975
771363,0.0
326207,0.0
573635,0.48333059605364154
928118,0.0
507862,0.4042595946121101
254743,0.7389249517668323
501919,0.0
870884,0.0
218799,0.5094438684191607
893401,0.5772948735132517
819645,0.6952502036860625
778283,0.4090960396589775
685446,0.0
813343,0.0
686407,0.2098118211884866
791861,0.28145732405757673
296702,0.4836204509215753
134739,0.05539284808591359
812377,0.16797193640747937
852090,0.0
382204,0.5860994852590442
934061,0.245790451910108
861277,0.0
244247,0.8755422258889203
364059,0.056295721329467543
381404,0.7952455812244305
585002,0.0
542027,0.5381228205456919
890167,0.9198323273215873
700124,0.0
941937,0.8435105067241031
875669,0.6164322017136984
212414,0.0
713043,0.0
878621,0.2463771240522307
707751,0.9803858741115413
249553,0.0
604101,0.2864489798660044
485287,0.0
786328,0.202230965237464
249386,0.6009599709029028
435973,0.0
918995,0.0
850485,0.4119273905556398
967951,0.5256986666156641
746734,0.8163002304648307
847335,0.9197352552268001
387042,0.7318962649355835
601574,0.07469525835403364
428618,0.7024816538991505
622938,0.017694274528296326
570857,0.09135409753107691
790318,0.22892490554717088
797944,0.03709173071615535
254569,0.781090170414022
902080,0.6818264841079212
388439,0.03630817171866494
199157,0.46919331080038335
512432,0.5236671072343451
238372,0.9238375628278589
562711,0.7205693423755849
264118,0.0
295380,0.26540658329068506
921403,0.6465393613058034
639252,0.018738964656638928
254340,0.438046439546302
881870,0.9395141764122837
990990,0.10733304359143656
519881,0.03640337907870823
950237,0.8365443495843149
416921,0.201859056438579
719807,0.9615413275531893
768012,0.3301415381374627
659339,0.3091451037502204
306838,0.9339767515228001
505471,0.36363590630064024
553521,0.5264781319928789
675380,0.2376967975527164
535205,0.0
512665,0.0
110356,0.07292816672928362
217467,0.2231617310890954
996547,0.0
330002,0.4457424039250392
210173,0.5911198828614219
984284,0.36027990886847483
515826,0.20465828022155777
775631,0.9026405643868002
688043,0.0
313857,0.43440056998902027
359977,0.8816936990787427
776193,0.8230519289694731
959359,0.0
679130,0.0
426156,0.0
469852,0.8650551720876337
449411,0.019157477550980653
345353,0.8797382997621448
331857,0.7808003455693272
175957,0.24738001234130041
303200,0.1542288955650326
832548,0.29022068606404694
262173,0.25438437118908125
849749,0.6467420635231005
313271,0.0
565127,0.182065285315054
885096,0.0
469533,0.4469327099829493
842248,0.09474245567447188
210845,0.0
627651,0.38463691368396585
941575,0.09216155196878002
242759,0.0
259300,0.0
316061,0.4774639930628217
821347,0.6506090601267244
719179,0.5491318382797263
524622,0.8295826547864488
747196,0.9216334234755231
866173,0.7071233325372496
128209,0.705662731652785
868562,0.7036296436643622
839691,0.6667868938457009
568390,0.9804076408223193
543114,0.36132337725560704
732367,0.13847663686789755
606874,0.5482332877227182
902411,0.23422662440620795
531047,0.9616819186523475
359092,0.617225149372218
364333,0.0
630473,0.0
329082,0.7435895551012008
421500,0.2141731346872755
156106,0.5489914376375473
755403,0.8976656937101269
651610,0.03738979743944918
128972,0.38270193342740233
981753,0.21112298475672034
303989,0.8392472683773078
342203,0.057237325074420774
487442,0.0
374518,0.9216135991820971
220539,0.5830330403113844
579217,0.22760455823315032
757502,0.7206103426668103
179617,0.5858622249107275
754330,0.6109419576686314
521771,0.35546006307911215
368970,0.4187818465890572
669115,0.8187589856551615
562205,0.8372356895208736
235978,0.6455546530172138
685355,0.0
673514,0.44318106913311245
463416,0.7816827928468976
278668,0.8135849931054049
997652,0.9408923769124486
892499,0.902561948865868
784390,0.8935427723470424
561899,0.7091653943031138
837041,0.42640643228239034
235453,0.23105840091311863
898607,0.6443276336170132
587861,0.8627713915497712
704613,0.26973380227767074
305974,0.5820032064684026
327740,0.07223337465545006
137297,0.2554081850295754
655656,0.0
826843,0.16714144334038022
756673,0.0
139436,0.0
997863,0.6029070879140117
484242,0.7176411284878329
770043,0.31471410271437944
118732,0.8826224450911216
283699,0.0
661828,0.06802774021831251
427644,0.40448816892353595
398519,0.0
969404,0.3702440989721632
835593,0.0
727747,0.4029019795384196
970441,0.9233265081274767
453653,0.7239926392532732
385913,0.8628208894394921
597571,1.0
237136,0.05436747829851815
850564,0.0
741554,0.29000323209706924
489055,0.8141922541930576
130826,0.7033918085210848
206331,1.0
236241,0.3167859252860689
817620,0.0
590676,0.9803284654655712
294140,0.018212739456789535
664481,0.7343672349643141
471760,0.0
176845,0.4728810591353083
958539,0.6609723646826963
422283,0.659635927649061
669345,0.34758206416626825
256057,0.6199881943039462
692117,0.1878108520446348
951450,0.0
169543,0.9796307019005357
916174,0.9225284574049942
368519,0.3091757939147353
991636,0.0
666499,0.8555646391838757
810240,0.5954798265700726
657802,0.24868961847018908
198222,0.82965594146028
562107,0.0
470286,0.0
375745,0.38987393369511986
468844,0.8454921608170791
814803,0.17254049564653806
711496,0.0
348045,0.49366314093292873
852688,0.442579998399466
872559,0.9187184933702551
221488,0.775889875492801
788103,0.7589000849569559
509987,0.31507769495948185
414674,1.0
949407,0.7588660430058469
752332,0.11025263945837817
473437,0.0
873082,0.08583099049103152
686262,0.8570941840466162
613780,0.46435531705353056
412617,0.49275244154824455
168119,0.0
776400,0.94226801877307
490750,0.49486093991850216
746176,0.8397111347893916
877505,0.7656724023352622
356873,0.0
824915,0.7362076820524601
989057,0.08062173471556479
332981,0.0
478632,0.30324441462694923
473275,0.387183798545959
967130,0.07286067371342511
439198,0.7612120507596666
403297,0.8303636166031257
244132,0.2785681947229242
503218,0.726162614945996
238109,0.9804224139881879
649516,0.9414424866357802
773197,0.07544407948836598
128783,0.4163610727116636
356426,0.5053352349200799
960229,0.0
722845,0.2860713327006944
793125,0.0
167550,0.7816833492511631
719855,0.9605165982281637
688439,0.4860377237850559
147113,0.0
591877,0.23985707491644523
438689,0.6597866571043163
211560,0.28712527606408283
227133,0.0
478724,0.20638599046103207
282682,0.0
107422,0.0
523521,0.3931046925449435
416981,0.47005673355848576
298128,0.805146321776844
571937,0.5250245136708782
681058,0.22457245988375812
283332,0.19561322064980252
968438,0.42580824047337884
975966,0.28802901963546307
208080,0.8262520867420158
569336,0.535655809882437
581814,1.0
593710,0.7622645232442595
259427,0.525971810750673
109423,0.7181274712715593
943743,0.5599746879131579
711622,0.942722785464508
596013,0.07430173433755327
311897,0.7955880443967234
215326,0.018629602143827077
773039,0.8069350099288332
875882,0.7165368755709471
326634,0.0
860993,0.3197781757902915
452770,0.594644157363806
322019,0.0
836944,0.7377957055309932
627175,0.0
378819,0.13058002002023422
759963,0.0
422858,0.8848231021638233
580868,0.571246811290296
718396,0.3473496954080928
648551,0.9388651473516076
630483,0.7868923934298524
883455,0.7823705207321652
254591,0.25251626309033337
607853,0.7027856501395973
646494,0.9615104197345093
841552,0.0
423830,0.36652015462854404
821655,0.29552646365590896
163432,0.8542283027984471
360688,0.7182705703440553
504553,0.5842100482333183
412922,0.8242998718844342
743229,0.8831806403239921
169000,0.765123954367409
766747,0.7562228641407971
565949,0.0
796680,0.7410233044346732
753755,0.22714066060082538
674091,0.975643901826318
207921,0.4689483530005798
147439,0.8669842163948274
345939,0.19138649344656447
766994,0.9026255606118551
658849,0.8613160807745953
891910,0.6458060758713693
410871,0.8209472556926276
778345,0.919167806920083
932671,0.34341972209907395
622989,0.9068136053188042
179176,0.8227804217034319
716617,0.0
680848,0.2042771066648049
267182,0.920156296621967
974166,0.5973757350651646
983004,0.5731352003202742
511873,0.9403713762988666
342518,0.0
108853,0.6975766088790141
607728,0.13013615483229082
720091,0.0
854970,0.0
384554,0.7860788592637238
213970,0.0
567440,0.0
197669,0.09597874621988875
900578,0.0
243303,0.22332756846109686
592406,0.8966591299936518
634063,0.46845398355763573
553391,0.0
601455,0.19075870140547108
833091,0.6981878971834451
979675,0.0
324677,0.501639389456834
828120,0.4185410446388858
603886,0.0
415384,0.5928822934171623
166398,0.7173344126548835
898689,0.0
706256,0.3895148303913489
972880,0.07443486226417499
113692,0.8036179092078074
713053,0.18829114802884844
135631,0.32727351274144845
483482,0.702117839299022
315126,0.0853288759823851
141395,0.904443197493823
488824,0.1896774735928685
875957,0.036825333632412915
102507,0.3204855939810471
838930,0.9408793883053199
398711,0.1318289965756862
629368,0.8311640853677289
305328,0.0
710943,0.15108711865650523
189020,0.0
135220,0.35925850227036377
253320,0.12992044094542987
900556,0.7180179123121788
979865,0.0
478309,0.5961693502281573
748049,0.5575392460176111
915943,0.5047500963093894
779238,0.7268362506770484
695490,0.07479781584012185
799144,0.8997143346454031
183217,0.48820608137810834
692440,0.8239777276180459
540521,0.5851842267141156
673146,0.5775302543112316
103501,0.41097562605706783
294973,0.0
592207,0.7414608482110447
731322,0.0
654386,0.0
983081,0.835836321047871
184014,0.7913589284544256
262617,0.8914594598480082
858688,0.0
428712,0.40068383846426464
835316,0.0
256962,0.18292436209819082
941354,0.2777869299391005
329529,0.46214089095873323
708802,0.5788041841914832
905327,0.27803199523992883
671294,0.15355762711991525
641103,0.5976453059807273
692905,0.0
711213,0.8816731989904013
954034,0.4155259736001147
965367,0.8539884745202676
311763,0.0
791186,0.9615124494651045
756176,0.0
824831,0.0
412362,0.9078317816109883
111701,0.25077029189799444
645829,0.3262310392568131
873644,1.0
112073,0.5955987226283935
585257,0.21573435854768064
991682,0.6421778466017872
347812,0.5860960742965309
966250,0.2298139044148448
356389,0.3846787424626376
915969,0.6247506666977621
539725,0.018474454072481737
822227,0.28209051972421095
348689,0.3290043852443808
805875,0.8227229555744576
825393,0.3845022670452742
120542,0.5999374872062462
576514,0.0
783267,0.879915005096676
162767,0.0
863541,0.9439348276581289
706598,0.5464757836438239
850476,0.4058637817653192
390424,0.3232885477287482
903771,0.032433206867418206
814194,0.0
488943,0.2473136717844891
459860,1.0
570350,0.9395766538724186
965314,0.4096998636079349
999122,0.567336035084454
732949,0.0
123426,0.8862967803649594
114797,0.0
482679,0.2848034376263874
474787,0.28663966157211274
709169,0.0
517859,0.12750959597930886
113274,0.4659586437687761
241717,0.9421192562627714
904222,0.4829072465093103
478586,0.6821924481640268
632936,0.32684725559572614
891834,0.39033518288954133
688277,0.07289586222708172
259169,0.11126228056989443
712960,0.0
859541,0.16279794010622314
167049,1.0
501905,0.37544490492326915
997930,0.22719264428518388
942550,0.0
731997,0.09455047073978501
663349,0.7382014999719891
835540,0.27128143433716684
166096,0.9402356032767403
350041,0.7840156222089967
104061,0.4026123328304633
623129,0.55916740740135
559465,0.03708069637855368
172698,0.6017272039817487
320563,0.0
531883,0.1910184486019183
867956,0.0
995958,0.0
540132,0.8120002325694475
971207,0.0
924924,0.0
592710,0.6325723297599624
638902,0.6480070617944066
136086,0.0777652881338483
826389,0.0928087889647885
174391,0.09267015719563214
237168,0.5044740833224591
622780,0.8412887540582504
923180,0.17580581155323557
594973,0.0
926933,0.603108002911461
979968,0.9195426349154969
196918,0.6493121324229164
220165,0.0
576957,0.1519919958141255
113868,0.0
168464,0.47999444121769846
782336,0.8555867810956227
132596,0.0
913308,0.0
373150,0.9396334651745172
807832,0.6006411181749928
563291,0.942229921904529
301758,0.05521909434847542
459837,0.05337422326990283
430427,0.15565784583975034
417266,0.0
762975,0.5776850902831687
372982,0.8036800766633386
271774,0.8398596577243773
454830,0.7815130662780917
100986,0.5319378921981154
813120,0.1808615151358653
904055,0.5990410958785416
958566,0.8211289777773605
338402,0.9212644014200855
219325,0.056328449561781783
107458,0.0
584694,0.0
323304,0.960023945469723
191636,0.9588490073264201
555063,0.8209236357958408
396206,0.44435534231288387
999673,0.6344302044747752
795901,0.737596689440095
479596,0.4435854457206692
546236,0.9409959591850148
279642,0.0
938983,0.9048849794396981
800565,0.0
115163,0.0374624844983616
433776,0.39539389427847993
844091,0.5578848758999461
109678,0.467175606607351
543460,0.17183639298561645
822618,0.20955488353321358
341734,0.65888325465164
653392,0.6633622503823964
109138,0.21729726810461475
180029,0.0
146399,0.40781610715972566
812497,0.28368517400805265
859987,0.742467187200486
418939,0.0
579447,0.8669926949709029
693472,0.0
986913,0.6243325563290417
103385,0.8233848773416893
395782,0.531186088361684
513393,0.5021908827801791
401311,0.06395217643389706
385404,0.7059391507963716
400247,0.6189477378621664
267017,0.12524308322650082
472689,0.7405019460363207
444903,0.0
164818,0.0
430108,0.3081799281905236
571062,0.24879881562708572
273239,0.05501080218688785
577554,0.0
913661,0.920762375220519
733748,0.2286177552403429
618844,0.4036269409868543
866115,0.6369264254031521
628857,0.9587818183222816
958309,0.12517397048448414
650356,0.696198864005015
414640,0.6999248207302543
870822,0.626914731485754
645411,0.8007221806344124
926359,0.659002480432581
679103,1.0
425875,0.26132985886979604
437836,0.0
896929,0.5257220368333488
274522,0.7586754321112884
839314,0.9407847586574166
876673,0.540103016961635
213946,0.820606507135586
485261,0.0
241026,0.16797785562649556
374760,0.9610504148079358
531159,0.42702839448243735
855794,0.741792064704291
459670,0.7540328842046428
914236,0.5178471866290032
657329,0.3045546325863808
863433,0.0
380195,0.5102885264046366
551633,0.719343281304282
874591,0.8210950644103384
601879,0.8743604552969045
926275,0.9385942675258149
139605,0.0
675532,0.636992887357753
453606,0.0
391892,0.32289889397776583
119468,0.9411021009452315
149538,0.8425470887443418
550840,0.0
663333,0.05592708510102296
127565,0.11195297042177607
784779,0.0
781236,0.5123057348955599
838108,0.4857828527878558
223363,0.6890176693377708
201740,0.8110305393402144
186302,0.0
906042,0.5815248566268686
880772,0.3615539473940405
233476,0.7808505959824976
367214,0.3078477039457413
754007,0.6790908315610857
464608,0.0
659852,0.9400467326255814
643493,0.0
287531,0.3654354264967615
321829,0.07578438975485063
904079,0.0
358849,0.0
242624,0.22914246832541113
536344,0.0
527471,0.5906160728053452
267944,0.13378396521051528
376257,0.5116958292143282
260716,0.7650054499173137
282339,0.2261299026493001
828319,1.0
481804,0.07472446500464831
997117,0.8435423556055329
411213,0.0
472733,0.6005494924850965
967805,0.14357125182421424
713432,0.9408065172972762
990378,0.0
268187,0.7235993232193411
148477,0.204530112707296
127227,0.8232211273640524
501766,0.07543731070724828
101279,0.24365561635020147
478373,0.03593852609599177
157152,0.21714754372753756
187542,0.0
554323,0.4128790718141316
389017,0.0
939288,0.0
471942,0.2941456367682754
445359,0.0
777808,0.0
456910,0.7699083008723895
220525,0.6978865145974046
406813,0.7868233819884998
516989,0.07496834626781708
272687,0.4274179334971823
406951,0.0
928226,0.8408104211105121
584176,0.7187679895786827
238857,0.4333884052556484
390871,0.0
675131,0.6310718876847851
801073,0.3733827799638088
764462,0.0
638783,0.7443784469248448
822380,0.5225616941569341
868132,0.856719011235041
323510,0.7968728726899228
118466,0.0
499296,0.4207057779929634
167570,0.11725572884865469
458889,0.4889935903376082
524897,0.42640119116480746
282923,0.0
929888,0.7038005292415498
217401,0.32648096099506363
979262,0.0
172181,0.8618858988052944
484255,0.16925976793445113
622654,0.5220309924430118
437378,0.5429675689549905
621475,0.24719469202223002
322612,0.554456726001016
655888,0.6213111208849232
146112,0.7332253777368127
483072,0.7060740019935188
308432,0.6613569990821335
193067,0.1960430498916247
792032,0.5894264374300184
293998,0.3681832981780018
431157,0.24399556109544432
796708,0.7836897262408352
458022,0.641207379658433
238730,0.5829849293976628
171818,0.3210113624076172
718447,0.0
931448,0.0
386255,0.0
750954,0.5285097419694365
637961,0.8043332352456581
671033,0.0
634131,0.1307320213377363
749019,0.9606060733526517
308097,0.7830812547616218
612901,0.654916337790408
683273,0.44789204746571826
976430,0.5229683863034232
921928,0.15064387399260717
337017,0.0
696926,0.5473850870436688
897501,0.0
770746,0.0
767731,0.16881424350951477
162591,0.714374508913732
807517,0.8779476622849742
570820,0.9596838366521954
487190,0.843163839272344
443129,0.6565872281057962
502339,0.348851421586369
842071,0.09466521919813205
180917,0.0
254661,0.0
158152,0.3337536227712211
578390,0.763233266241088
353681,0.0
601241,0.8002771596014397
556241,0.9614803980246258
183922,0.0
293116,0.0
947092,0.5120404158511249
304796,0.764904704035288
575580,0.23131073238439592
826572,0.4458647140426068
576433,0.4354273280067421
820004,0.0
859560,0.9600048937428459
949930,0.4236750903495462
876797,0.9609131170594898
675485,0.0
328537,0.019083323406274146
467608,0.5231423696851446
776355,0.24724354214079794
931429,0.0
369980,0.9840504285875646
750513,0.4446553991897086
189374,0.2472513994744915
469832,0.25158124371543183
347510,0.0
659887,0.2920914134503364
503788,0.6703009854082926
530198,0.0
311439,0.6258444078545429
154468,0.7813114758378561
467251,0.8042262232827978
834801,0.6760829532028303
205639,0.0
517374,0.23001513922005914
558640,0.4827029221013969
532532,0.8984193269693775
940312,0.5179224401775001
901067,0.34528774943859125
747826,0.0
150978,0.7820768127525466
115213,0.0
156442,0.1302972502203154
850198,0.691591006016781
335993,0.32750766507653384
255147,0.7020706396515266
292857,0.3672518122477456
738441,0.9043616651180345
144177,0.11334817215276735
798088,0.3032164862723923
308037,0.0
210330,0.45024324426515167
577578,0.19171410147913567
945208,0.458703616291191
312170,0.0
135873,0.6614216200033142
113616,0.48742187958685884
134440,0.49855926693234115
904211,0.9226417477211598
434224,0.6212030634366316
145760,0.15319869624821134
376144,0.7047745637307389
335683,0.6393214707458457
524593,0.05579547634338622
348945,0.0
754370,0.3989671933338724
471309,0.9807737882507228
867105,0.641839089350169
383042,0.16707005739224878
287875,0.42154230431688033
550595,0.8605866133536483
589320,0.07932895890347302
421595,0.5769698114299018
987430,0.9399172110777968
713186,0.6086025444660893
480904,1.0
973542,0.17003647976288058
927989,0.9407427873748674
220045,0.7405386844190749
468261,0.8215002759217204
402523,0.0
131694,0.9348980288878689
315678,0.9781810960441161
702672,0.03159430061312123
638041,0.5599163260985176
206446,0.0
278684,0.0
699586,0.20553893502264584
748179,0.7209453626010942
348818,0.663817872148526
631389,1.0
351160,0.44373248916520297
122538,0.6038676688157573
954717,0.6445374683340016
481043,0.4920740991336755
735643,0.5815908164474543
891237,0.0
747803,0.030188004821263027
510571,0.4474920161839628
697156,0.8604170338194431
981795,0.5437534581865353
720088,0.0
772194,0.0
846083,0.363046336661696
878806,0.7996970998735654
440814,0.7010826754433596
705356,0.5723273746127117
760841,0.8147326848407687
579466,0.44891155037040353
194177,0.0
361109,0.9592371652734115
620674,0.2819989660700829
694190,0.3563190727606199
819244,0.0
458785,0.0
542792,0.8591791651375316
759429,0.6674430466838531
164903,0.0
444135,0.8261689270434776
713784,0.705417820229523
277032,0.8575784843068747
583669,0.6394218608543136
170085,0.11230518133263398
465850,0.4192809471733921
771167,0.07572486693782585
414953,0.41836543453883274
176381,0.8306666779541759
658413,0.7446906228960953
888713,0.5569710454354907
238295,0.7839271031581799
143544,0.559724423632142
568014,0.46483196538111543
267699,0.6387788444200172
242158,0.25980909935186614
332436,0.9618627182656212
301773,0.18360787982476812
244515,0.3430771529254066
609869,0.9189618336942469
409427,0.055030993324041586
471755,0.36681360288854126
587755,0.0
943017,0.5399522269256883
784480,0.8593061921560488
917179,0.22422953423616676
786192,0.4643551508579269
607666,0.9200767179146163
592316,0.6211977723946527
910665,0.0
483158,0.018414487395307565
852308,0.40271496681521063
780189,0.8000003224022401
423507,0.6213793955657182
198883,0.22716699700066104
849496,0.019058949211532394
178839,0.2699332545213322
439994,0.23356219224685373
427861,0.09224480903605642
308747,0.8229663113822303
733622,0.0
105418,0.0
371822,0.5103186237010924
396271,0.0
853139,0.6343559026637705
475744,0.9025793557821209
160866,0.1187074617811928
403405,0.07606047617594869
123623,0.302681887357557
790104,0.9611134311725762
885706,0.7719971304220687
550034,0.0
169009,0.8783760005689447
223620,0.28932886529174695
829094,0.8430031916009352
265624,0.36142230217330973
159266,0.8217290831653068
952657,0.05295738251205211
442018,0.0
455529,0.6256781447108858
799555,0.12524138821366992
774715,0.0
412726,0.15228120673411766
444785,0.0
575995,0.6220748157431333
176478,0.7433822903552373
405252,0.87944713890714
288735,0.1594579434428305
957139,0.86300157532682
456835,0.562130219770301
391373,0.0
994708,0.6502395952613548
958495,0.36546104042111893
895089,0.5475431793572703
949899,0.75521045977744
868473,0.0
761638,0.0
943945,0.0
226275,0.0
213629,0.43508775301400954
768200,0.4252013297260876
539794,0.6443847390361556
525284,0.877459856162019
365598,0.7620120517421147
795688,0.07375175738945142
101233,0.0937120124820503
808938,0.7851210914294112
546892,0.3644738320422193
951112,0.0
938642,0.17403020409078168
277421,0.44930472734251814
870242,0.552559371168085
654736,0.052851016979336946
213314,0.9189315293881108
171211,0.06815812947201443
746481,1.0
438795,0.9613265801736173
570581,0.309191454603855
687659,0.03664384992782375
132805,0.05719857589785821
835772,0.3803900138713934
249699,0.28784035662724977
997035,0.8170699176938873
188906,0.7202909607861729
404225,0.0
462554,0.4262767860832637
247028,0.22588601960986157
176813,0.3096449212430251
215925,0.6263869735175014
174151,0.47597139194819926
845617,0.43307605140488487
245548,0.7026062457238396
328608,0.841589073910051
758891,0.094584519134823
204747,0.0
584979,0.9609234008711537
440476,0.4468241600473201
699963,0.11334663613572986
868254,0.8988832687147834
867065,0.7483115124702646
228779,1.0
477477,0.7799480080424931
455581,0.5661782654980555
161194,0.6425580489630905
761895,0.4787423105984452
823391,0.0
272179,0.11034358783305924
737334,0.8229581019992169
698964,0.0
147695,0.8985533182750496
887246,0.0
678499,0.4195511459502772
933691,0.0
504576,0.7302939745269964
289392,0.7416918559367529
182989,0.35510462613610727
512221,0.31921850987652434
775379,0.6079056837182176
535966,0.3293201827396143
354960,0.0
797966,0.07571741240293832
312845,0.0
836666,0.7759556337185088
112352,0.14894943831761168
164525,0.7575357283259533
231672,0.0
718697,0.6400384423172069
107270,0.47004174930621406
454569,0.32192353357553655
954216,0.0
586263,0.441083743788607
420544,0.5617717007358961
404152,0.5643020813458367
506818,0.49607367368651417
423071,0.0
707293,0.5272898215375171
441612,0.3339331432780104
443532,0.0
444164,0.6193323177076725
356925,0.8156301052466308
120621,0.33831704551803565
690900,0.3065652294404289
395569,0.17499949639073878
434177,0.8804173641535529
865537,0.09087808899116595
206091,0.0
986868,0.0
649341,0.6210436595821616
460099,0.7152368772871162
535629,0.4208254140862795
974023,0.8247351342771337
871137,0.11168805118742309
603257,0.0
569819,0.4264470171022361
468081,0.6167292709990518
487681,0.0
633271,0.6777777745939262
662092,0.7808215149101485
979222,0.9220367639856485
246635,0.13553426202220853
704993,0.8155528969113353
952879,0.0
220090,0.0
719082,0.7427347501422996
715453,0.3468208283012102
303193,0.663696159135868
565229,0.5189778216352418
163221,0.4740413784283561
931090,0.053722672996645036
848409,0.8596432790692305
702481,0.9006705738745875
874747,0.677937850457238
359231,0.18977223848949873
348827,0.16606576902495424
757376,0.877130309447829
783624,0.07565571842906157
628314,0.7391626574479945
823524,0.0
429219,0.5648599172813844
369507,0.23852804736843902
861619,0.5345062825617999
228924,0.11416825736477748
987713,0.8778681860775457
510415,0.0
627757,0.08986992997053886
562122,0.860213534369497
328720,0.2612332064527743
384459,0.8647644473330579
691381,0.7435052316251684
584467,0.706313007000507
102421,0.22676747688582682
354634,0.3841317372797488
609421,0.47249521721368787
394051,0.4900928001788774
806490,0.0
969497,0.6822509905329585
863820,0.0
754888,0.26139089799065784
363707,0.9037082102287542
696204,0.5068213489084257
694592,0.4591555327023101
179545,0.037865471156028965
731381,0.9801552888628973
529496,0.09154472212718014
334746,0.7042842313736218
251773,0.0
774959,0.0
869920,0.6584202374658896
341079,0.3262987254659332
835080,0.11311415540747848
254920,0.6651365552436275
133297,0.7838946450042489
886327,0.0
111295,0.05381068971011932
629772,0.0
565035,0.7802441627633955
214586,0.7677527584082485
913011,0.2520097705133145
903118,0.5816134897196882
860128,0.13973824991534037
212261,0.7403923736993444
393864,0.5224600262626452
884280,0.0
703857,0.0
247167,0.07353911068156804
598290,0.10971132916234982
827464,0.44253606352900815
101043,0.5132647178337465
193657,0.9629919725181457
694667,0.0
227522,0.9017917981912701
707589,0.3084181015330312
636914,0.0
484679,0.8990029567923505
640361,0.7793661962304466
182841,0.7823816333144096
621206,0.6612141420013418
529951,0.9375039870223517
280696,0.07451905768407216
822722,0.21805335475867735
469024,0.16795349377321236
676186,0.5828833569538324
629512,0.6770175235323844
881500,0.32764497232761897
118996,0.6602933080741115
310974,0.46993480633137763
568822,0.0
127633,0.0
655102,0.8366055048276445
950011,0.6412383395550036
456184,0.49936951579189837
474774,0.6362468840835903
250332,0.96096607677877
946920,0.417325597766867
796686,0.856569073121591
296922,0.4640457535175767
866657,0.8827279773312267
588866,0.3644123829102207
314588,0.4952416050437089
868811,0.8239911041600905
493028,0.49373446824751477
602588,0.0
631331,0.9606501547167465
101122,0.4807532174787388
167827,0.6649789844879739
150955,0.09223865710475528
356414,0.6366070905989535
111444,0.2081326137508547
193324,0.5355669862997461
143102,0.0
984033,0.8605046692860095
558972,0.0
493276,0.8985860767071954
157882,0.36561294032553854
644411,0.647274786328165
737540,0.0
124433,0.9217923090003776
212570,0.5955223325563554
698134,0.9421792191722901
485498,0.017821724873279494
253914,0.9407995586975259
390335,0.0
685469,0.31800304085588305
445184,0.2857584787088335
661262,0.38329367518725893
172234,0.5252883589021561
884986,0.8801759568830717
492725,0.5190969308435532
744706,0.5637210525862318
150299,0.8181925737541729
642420,0.5052159801674886
924149,1.0
572327,0.0
359038,0.07604943648493107
223353,0.8390219457263923
784409,0.30825395612935585
657316,0.0
589960,0.9225679556032056
519255,0.327430808471103
198773,0.3279858054521815
591082,0.0
145641,0.0
710477,0.654229803032258
375206,0.30317807742679925
535344,0.8562493273286227
260050,0.8397163300572205
786429,0.0
602292,0.2524114751060419
477336,0.12333639398156027
725286,0.27684118453762824
435975,0.5811078517669205
417842,0.3011121457591032
681239,0.17081878711964524
451636,0.33757424679944964
946838,0.0743837496290222
187677,0.7216412938035793
160029,0.5037491231458133
764054,0.3646158165392923
772134,0.7522833653035147
635190,0.9599967020608138
467184,0.5124957708765958
796022,0.48008948348987984
389575,0.0
239568,0.275168088317168
332880,0.9803824511877889
475059,0.20563253959779002
684491,0.0
692583,0.1131549233792007
640566,0.8784056445865696
471828,0.0
775744,0.07466378334947901
451060,1.0
975263,0.801328762602707
283171,0.526548089244393
654331,0.34576772085865554
820728,0.6196356244977607
719722,0.6638544972901722
693847,0.8365658582511765
797220,0.5368296072500844
257911,0.8999248567666791
188982,0.0
635991,0.2857970988313386
376016,0.09287888884950109
982702,0.6997346569176303
844857,0.21674095983542566
912640,0.0
598724,0.7438200171922195
616266,0.0
164990,0.6935221879594774
948561,0.13273777680604568
529899,0.7061088747727322
166383,1.0
585987,0.7243161029520073
343924,0.3597553847835208
483889,0.0
300707,0.0
343161,0.0
692395,0.0
499971,0.822308865486296
493781,0.0
971611,0.635724220623423
237123,0.7944863088899661
705003,0.9374998063245419
118128,0.42759319365623655
390321,0.0
614422,0.6297092321989767
739938,0.36094394751382464
356578,0.8394584980022839
824688,0.7212987238751174
687524,0.7921966188505151
488052,0.0
627472,0.3643725236714799
904745,0.6879878522467195
356835,0.7565283723673524
817286,0.0
964775,0.7367579400379044
172972,0.26965018835286425
984639,0.860716922187547
230409,0.8170395871902998
565750,0.17190926568619477
435200,0.4458322486877141
371628,0.3250938303612729
306364,0.5465046289354266
967357,0.0
950621,0.5959164764699947
233225,0.0
402284,0.057440448920135015
109015,0.4693121486106434
264299,0.9224378660807242
937778,0.8095942463430105
480237,0.7055769707504087
611062,0.7057988625877702
799983,0.0
113059,0.7265471871955756
240645,0.1838855374688304
790134,0.24622109645202309
641573,0.7201887494984373
130446,0.2827314073986086
816174,0.0
868280,0.4343427005358136
796846,0.8393657340447453
408100,0.4258183672870734
287217,0.48431706418029186
619505,0.017529549740132894
378295,0.11081994438606314
480771,0.10959392201532425
591048,0.6704593232857035
745022,0.14668637228141237
892058,0.2988024581171142
336579,0.0
230000,0.7564325584166672
759251,0.8226860583856972
294813,0.5445424832459
349684,0.6389385158801828
486162,0.9605740660956068
172958,0.0
105358,0.7023748440946316
839466,0.8757121912723113
443570,0.7729890396881649
989774,0.19869707878292217
766354,0.0
557968,0.43359737958918476
676304,0.34108886960049567
966846,0.203935702928208
213252,0.1884178262324446
143054,0.7619405734650672
621191,0.16905855345233098
296823,0.8255513365069237
696520,0.9564160219902569
624063,0.3305508994188686
677657,0.01835301218665725
364407,0.3043419483041188
764999,0.632020592151097
982534,0.8210674863473337
381958,0.8525167266626159
662065,1.0
402912,0.7620804330243771
642640,0.5220051153354333
354660,0.26902935168424036
348542,0.0
867082,0.9414756843744031
716686,0.7561883844821783
898339,0.5194821183493472
688996,0.05617555217521788
349676,0.0
969098,0.0
630900,0.5365257047695327
604994,0.11206477366028728
809665,0.5395473410495468
727350,0.3925379069261814
958937,0.8945243880365187
733731,0.6204390081133979
994580,0.941764192650003
191175,0.6412985212768652
277130,0.727832841497593
975823,0.243610677820149
515254,0.05681305303493681
559780,0.7401026084232546
758696,0.2766897598489734
148853,0.7033491460946433
383643,0.25138402747863486
665783,0.7848396804492491
846439,0.0
143956,0.10665493052110823
856959,0.8408908657586999
605205,0.8613160297938928
443923,0.4797151410437247
553218,0.0
474000,0.0
379496,0.11010591217795306
649145,0.018307024851068446
730598,0.9361357096605983
386344,0.5840753196361329
325450,0.3330536194493214
590514,0.8097892432371248
859268,0.37672624741486493
823062,0.7435675691435816
289954,0.12747076557466694
332749,0.2950894178175304
105406,0.1311610204032266
368184,0.8367762539099766
879021,0.7183445919008553
656568,0.47494721976342125
553931,0.6673497580931068
789290,0.0
736462,0.5291579540845591
603559,0.5519161140614551
737083,0.8987843275178353
750544,0.5789400349502657
327439,0.7816475776906235
761154,0.0
280614,0.7492273098760804
408122,0.0
162752,0.9043900290916163
567981,0.612130337981006
911867,0.4744753231371934
194667,0.6795603156079333
596023,0.9810536251080244
862073,0.0
349201,0.0
202367,0.5998121651069908
665433,0.17127847922137082
787283,0.0
259273,0.7206430560368687
752931,0.8426717981565033
168291,0.2565737280163744
689764,0.4877678817526463
179403,0.0
772891,0.0
366519,0.8584461062564173
863086,0.8614506738695322
114520,0.0
305104,0.8138028640670234
840126,0.26486404391968227
408495,0.0
379489,0.05594710860849807
588431,0.506208352598791
354372,0.4618948110404598
236320,0.8197412225856933
693022,0.4906593023754253
279070,0.6507141492249627
251896,0.281906909839803
201307,0.5639876368707881
441238,0.6632349391105438
793593,0.09526568795689469
512968,0.0
233265,0.0
220162,0.9622159117549972
818459,0.5413045885365801
310098,0.0
476899,0.10818844067330943
956458,0.0
281213,0.9610969425600943
917308,0.4573568064181084
534627,0.9621880883540892
973434,0.6987103625142067
716720,0.0
785481,0.0
673663,0.30169434582317195
588607,0.0
810400,0.15337174539884355
403791,0.3145644607918223
638784,0.07451651139389294
204059,0.0366546065102529
578017,0.037015000231197234
772271,0.49050765391516365
835515,0.0
305309,0.0
717091,0.8216984932168158
420263,0.7612876315670699
435809,0.45850703228030115
755537,0.6391188225560008
606768,0.4489771906830094
797313,0.8633151499476232
315576,0.0
644959,0.26912173181908206
706159,0.0
138665,0.1204768480692663
133179,0.0
609724,0.7065556631470293
408727,0.9806013927914197
621833,0.0
309588,0.9806181951012647
436379,0.0
871548,0.0
518799,0.31845042844952015
828568,0.0
195758,0.0
882208,0.42312135606554757
880387,0.9804326313476008
834878,0.17857448764264303
980040,0.3646125246022144
891988,0.8548777833596403
539291,0.9428895018261265
658517,0.7009046203788273
711906,0.22922946725878468
638931,0.8808925282872603
547208,0.8372908795975473
387465,0.63968401393859
934463,0.7208151544035317
199746,0.4709997055271236
205498,0.23169275296602015
217203,0.6827571231318663
394137,0.0
736215,0.24533773476613266
995558,0.10762330227773934
283522,0.0
622566,0.8018392512079325
513777,0.2586408807906748
662834,0.3399291240379452
681947,0.0
384757,0.8225247604983913
814254,0.0
314673,0.9803734988420425
109537,0.13877724925983317
425468,0.2233529284327571
703519,0.7988582160603925
824840,0.03055968506613644
805769,0.962543809937476
353694,0.261597744253759
979015,0.0
342424,0.7196010948949548
503510,0.13360362833272543
539588,0.2715208280128022
124805,0.11556256661630414
457463,0.4796561118335042
225931,0.6223985510891955
985475,0.9395320588850308
557071,0.6605374068913602
168366,0.7332767534634255
797675,0.8801866100892108
416342,0.0
871865,0.5405040721006346
196377,0.0
368361,0.0
521359,0.7564967203186042
495952,0.7836209203853652
539883,0.32514889211361925
356144,0.5854623926399682
252264,0.0
635140,0.9207506079418895
862724,0.6830283719233519
916429,0.8592120629699022
981318,0.2044640323562354
789556,0.6265319668682163
120283,0.5342293581920151
997034,0.6914778648445981
551545,0.2683596462284558
274436,0.0
299498,0.980534060124696
842154,0.0
134733,0.05632138815590868
977340,0.09727919297833512
562919,0.525171541108809
378268,0.0
692068,0.8824561251351325
821316,0.2085097105917216
731658,0.0
533623,0.0
207754,0.0
329872,1.0
274211,0.8422820841712834
594486,0.09337333396687245
822361,0.6218047681919996
532830,0.0
992345,0.9407734602208495
733035,0.7329416684288045
279764,0.3142936687390298
446235,0.3806766426448152
640304,0.5208340620067545
699771,0.10905225032929645
877461,0.5034192383127435
446288,0.6226853588225044
782516,0.0
360740,0.5199181618585776
873662,0.7659914134326413
993424,0.11244117660406387
990981,0.7201059425102618
336522,0.8787455660033275
313182,0.09611579818987409
830507,0.32576587261318857
975133,0.6249150723741541
612332,0.5043543361105876
180086,0.3669756470916376
816582,0.9806832368306326
902050,0.7530394960060012
939928,0.07644150866708316
162319,0.7644357438485998
489237,0.3063130598461678
431213,0.2933128683473817
573633,0.6819063372784219
256516,0.0
723541,0.5791176715713157
907829,0.5048698154084841
970618,0.7802042242756273
478957,0.01867404821768912
970153,0.751677460374553
788317,0.6851625946227852
622017,0.11339072961532576
807787,0.07566795772552137
333553,0.13180218605354535
526367,0.5810409998923644
509462,0.46739745005605043
239604,0.36736680984838654
329948,0.12467865223034577
562160,0.0
839063,0.017917889154700675
740963,0.762110730282435
901376,0.5269484211594168
125327,0.2444366455076329
490167,0.4326681854878326
223181,0.15027555079824056
959196,0.9072198286247273
765553,0.0
930133,0.7479216058221456
912243,0.0
985323,0.0
406540,0.7281361600397931
561388,0.0
285994,0.28628427106549276
394446,0.36646658937044624
149047,0.0
947942,0.558166973140232
557896,0.9394325013914263
930042,0.33926777891277987
417966,0.5037345989161983
632310,0.2680358120119467
138052,0.13070267106335695
118741,0.6736921963764951
624167,0.7822473207333939
578593,0.0
146274,0.3664490868620513
356237,0.0
495596,0.7663627034883362
409118,0.0
837297,0.0
408764,0.962137012042193
394015,0.0
168282,0.9208967774487107
352205,0.3124885578633703
289727,0.28607986130945157
443826,0.8818382157747267
324654,0.8841657543350568
849595,0.0
133388,0.5195228256143403
865094,0.0
204653,0.0
237239,0.5648192997879243
484635,0.17845703498109902
931097,0.6462837393034259
727513,0.10611139483892491
981761,0.0
394199,0.1486784468392495
146344,0.07271188396633312
645410,0.05543402097096342
174782,0.7085633024274074
708234,0.882017608382363
572983,0.9604723736862913
506070,0.771531739482546
957489,0.5253049887010497
859708,0.0
532277,0.0
475211,0.6070065147375222
507495,0.21095910808683532
371870,0.6432196571199126
292903,0.1725657389959179
533596,0.5101823147899915
334278,0.029000342997287494
722448,0.46243547167116206
981891,0.1855924125130551
344048,0.05272343703279929
264511,0.38890890172368664
443078,0.5914885697289853
826256,0.2451109786523069
934235,0.6874735545707685
916290,0.8389152320679779
174275,0.20463322269208611
197123,0.6508494411662203
451996,0.9436830138843039
116932,0.0
894109,0.5267151621333438
823717,0.5872031614051337
854768,0.803008356955738
460636,0.37953712215342134
488178,0.6135970959172423
178015,0.4429053266574445
806799,0.9237857356877567
374430,0.5190865792531155
944276,0.0
777257,0.8980552055081357
997075,0.7647980071927368
336118,0.0
754092,0.0
659757,0.0
749027,0.2156469493518398
895286,0.2846671844272187
520747,0.7607344561495429
154801,1.0
777586,0.0
929380,0.6309410857244553
644663,0.0
940828,0.07411636428269
223393,0.0
871080,0.34694014936894574
253127,0.3048850572789777
841021,0.14938299788685597
871306,0.6786920081058744
516122,0.9203685011617444
919527,0.19862945859079245
211315,0.0
680432,0.13018018278254234
944440,0.0
486307,0.48401648151566035
227732,0.0
371922,0.9214923051242556
239468,0.30933662685956126
172788,0.0
206485,0.8932090057060951
542086,0.3107188010652392
782618,0.0
467307,0.1058751728665294
921873,0.03655226241945008
370313,0.07603486057177439
359141,0.7811578080679246
841636,0.5443459201843553
330305,0.5311834928497039
173635,0.10728107171853722
323747,0.6773343724317554
165258,0.6789374028859753
787481,0.0
889121,0.41100643431793005
653697,0.9218203796715142
200383,0.9043719119891361
946642,0.5143420896296751
338941,0.0
411143,0.0
740120,0.22338519372425325
550728,0.4027504387285372
385388,0.868320935935775
166874,0.6547499353531161
146405,0.0
626797,0.11359310144130152
665692,0.6537825259438598
