ID,Target_appetency
877149,0.0337948202900708
109603,0.012659461928638926
560424,0.022399927662379013
386592,0.016754034804907666
857379,0.019837385074021465
585547,0.058765822179532266
425127,0.01499077459674458
797931,0.013202917299962579
645884,0.024278413051294565
110203,0.014043089913986213
442587,0.01684209675338858
727292,0.0260386460008983
804369,0.023169900791317408
111301,0.02265447347566919
312651,0.020870510797233316
847734,0.021221417642604587
314882,0.0252474754191284
334969,0.022276042668277696
352618,0.023292876248703194
794130,0.020429526666724845
299927,0.023078761763790846
222274,0.01346914363086928
758024,0.022954459576757288
788327,0.02366324361705115
864688,0.02674092823004379
119718,0.028616285192737127
408280,0.02027570433002499
367423,0.022280790558239092
866442,0.018508083836824223
588827,0.046961999288540765
565426,0.027783224584241827
818878,0.01736938594505628
423898,0.018392305821676436
984183,0.014176431360607871
786575,0.02387364771655979
317739,0.022395319122569562
352289,0.01640248506665541
761981,0.01979252516404808
622995,0.01584769614166389
785973,0.02244270269754596
254437,0.024532334426539334
181934,0.018896442748238707
753576,0.01981284423235716
331452,0.01574960378682079
501512,0.021573660978204772
350695,0.0161851961444931
190803,0.021291907247145227
886789,0.022582701438242335
879273,0.01441702399969165
571363,0.021545143521962642
829376,0.022798865113358532
750366,0.1615017163668285
879384,0.01865567374819973
111801,0.0168297726702861
919841,0.018794349902216227
634021,0.021066767880040117
764737,0.05865537301234711
525234,0.02025406876690478
405136,0.021766898488709552
574901,0.044575456273942535
400202,0.017470306653059403
207417,0.018788255071494713
787199,0.016446280803004226
402016,0.058735111612300224
656801,0.018939652298649003
619661,0.027300012362049535
734906,0.015041282480770258
973592,0.02611125948265685
813507,0.022877426894379924
717943,0.02452100726747229
502097,0.01646740388719814
719164,0.02805193050906688
374254,0.02229285488186945
338221,0.02389373153010414
964075,0.02252990339866128
739351,0.020187888837230012
336214,0.016706741067516663
845705,0.015581880845462
598404,0.028425956705750023
474513,0.06693986680329375
497100,0.027079790254436773
324394,0.02746735102753729
983001,0.019375188139549818
121496,0.03405422918151573
302244,0.02536532126323299
290355,0.020576816652288835
520141,0.02649403172808653
274870,0.01618436040302119
640908,0.017625409658334888
436509,0.030612291148375322
811324,0.019297028633368348
909865,0.0209208092383682
210079,0.035308606938195104
304879,0.024099245428691133
706351,0.02028624869385599
984129,0.028737823734104915
817221,0.018958112324718994
530553,0.02738183063621308
281492,0.015856617527264017
483107,0.023292144692407524
117774,0.018189458347214752
455381,0.01644871683211431
410322,0.023009402308544466
992173,0.02372624254980925
255408,0.016035041992665377
929343,0.02025583519183845
112583,0.018598806515961918
218649,0.027959848062267558
902661,0.022597873444081026
871563,0.01404852664451402
864742,0.011812900348252782
642542,0.024878546427522515
547402,0.017679486575513388
303137,0.02098601540058222
693551,0.014312739201623983
449998,0.022086882193478468
699054,0.02467072487956298
141939,0.023118477423236125
687870,0.018531548696668163
141454,0.02534149591205975
665557,0.02523895232560719
318524,0.015130138777769541
649593,0.021644177762144504
180856,0.009852769341748124
473885,0.019146798717578867
347593,0.022431424779596417
607389,0.01368086602666991
115091,0.021732565586746525
531983,0.023580261839729073
812622,0.018451848794769295
759359,0.019806217422189305
359039,0.017987854443322893
290606,0.0202297758792449
996775,0.024748544303385536
157672,0.018538312097168674
367117,0.02464620436853826
875623,0.02100814619379319
103522,0.02037945062890119
686120,0.013759275642686673
688459,0.044824183594249944
759690,0.019697050915518533
861354,0.020372648536147623
619332,0.06101555794322232
894958,0.016806900301592466
275030,0.02558840071275602
756109,0.023006461409074176
836312,0.02043393627573535
913369,0.018950616057975274
238971,0.028970829160046004
975165,0.012931854909737804
644027,0.023493977674896527
378354,0.024013453682555464
327015,0.045673655214893895
480506,0.018701583616929317
835233,0.020547693707552817
589847,0.02110398697729749
117808,0.015663457346884298
700298,0.02272068753592753
292380,0.020718998853020087
935982,0.02005954973164282
213079,0.012925935571879486
443235,0.017475514769037172
990423,0.0440984957204973
532264,0.027383380929843226
568766,0.020587809419777694
871595,0.016451601457354702
154705,0.022151893249985573
968468,0.022961491734664233
979680,0.023085855131647147
728562,0.021489946701399355
119147,0.04371832213418703
771053,0.014760784620781698
433332,0.018941987233473154
581326,0.019982765602239435
793141,0.021376155694330386
952945,0.02067423987455236
641745,0.016374338802887568
797286,0.022826666435190296
537046,0.03232673933900245
234857,0.0278603642734033
165100,0.02072411720777235
221395,0.026556055192735913
858546,0.02024260070531261
748967,0.02165103985383303
532105,0.020580902719405558
764698,0.02091890885676247
704796,0.021729712255154375
567903,0.03129645118051402
787541,0.01993531256755942
125797,0.029375072886294866
898641,0.029703940906916353
243795,0.02446769707491712
480992,0.02765587498251406
382276,0.01856275906961749
772593,0.021921554892573816
669499,0.009712676309785295
571802,0.019657871606615248
125594,0.025261951005323264
393363,0.028214905216539653
885943,0.027282909341561887
836265,0.024879019290146822
704526,0.017398752765972077
230111,0.020027891493647636
477153,0.018736611390753062
663986,0.01966309945931804
962564,0.06302858281830687
746261,0.017648002568253246
351264,0.023070362285917523
119021,0.024987203468853112
794707,0.029192794379547974
116490,0.016545545428112363
136921,0.019124218280084357
453127,0.01854723491655056
371985,0.022533974052117104
270598,0.03253108527744569
531926,0.020442337422121336
292404,0.016979982062205606
959733,0.027603612827656873
925602,0.015029534725680735
724704,0.02304127864142065
150282,0.024547828527381237
330112,0.029111798815254077
695583,0.028967192625980187
653776,0.021789986528643845
923278,0.022286165123056877
875912,0.01868580141718791
580094,0.023316982918068673
268243,0.031022985108446022
162782,0.010969546357253356
648936,0.019881114623580422
611249,0.024783642644334514
374540,0.01906515167792716
939172,0.013046434326271006
835113,0.013573963029351377
283850,0.02065731326150364
665602,0.06311295906771434
365708,0.01858051464218694
931762,0.014259757504617422
509137,0.020518133184093304
966306,0.015953539113716223
230712,0.029893710350139657
543674,0.04746173940889708
217003,0.02200692541980848
301652,0.018419586161682728
177659,0.021931383944730178
363364,0.017928815430613712
979115,0.027395068383697537
310977,0.016144410564559897
339539,0.019296777264370304
449694,0.026529129443115692
756545,0.0196887863578552
975052,0.017019031194951736
547416,0.03026005269324437
682990,0.023244029469732162
380700,0.020267268993278482
760484,0.02092718390714806
589231,0.021731446187129674
925935,0.019747978014054916
782147,0.019401477089787424
433111,0.01670690443067796
165086,0.018692133890001315
541330,0.0177093251380403
609900,0.019766575082509102
166529,0.022829333984478204
622779,0.025233290753604434
550509,0.018940006884093842
978305,0.018821399489668586
411295,0.01728474391963089
379781,0.059009004056786794
877739,0.013792076950529478
890856,0.0205724182990279
448302,0.0147538879816338
106958,0.028416437072677877
764785,0.023332910447529723
500525,0.024606720951201522
621967,0.01785014310840325
573582,0.019878080834113136
505334,0.022466540391368615
418144,0.014408573597388905
750749,0.019966607888668626
832967,0.0169785278973423
732595,0.01644805238804641
814705,0.025909852426269857
288605,0.013099538410831892
266990,0.029692341970975283
142016,0.025149570297140267
489454,0.016300095855418136
176509,0.022873741458159378
350013,0.013224484520573615
553657,0.021947364378989753
224899,0.015315957822930706
995553,0.019902728005694433
466130,0.029344399227908706
890093,0.019431055677679287
793826,0.03254445736062936
905113,0.020964537476657545
742987,0.016636643058029317
697769,0.02037286787588506
340599,0.028937589252539152
802241,0.02877295372008502
754965,0.02636894696603995
316873,0.0467984993376581
650303,0.018205702668223418
956499,0.022662407515929628
970583,0.014411139913377056
394998,0.022969937637711397
420196,0.016704330069197377
145730,0.026490478512183755
538022,0.018414313669319646
694138,0.017586583060189186
383464,0.028572261622219958
493842,0.01929062284310157
132891,0.017909335643026356
963545,0.018901265120204267
296815,0.01658952550697561
702210,0.01506042559638829
351419,0.016453064892947403
231323,0.026428321992276738
287502,0.0209950406501137
902096,0.023483218652000867
365650,0.03319458417511669
687570,0.022237503107302173
640333,0.027655223506917334
400673,0.0281582494575834
957857,0.01826445083545479
120551,0.02273168603835092
808636,0.05810023063155385
364667,0.02975169711445584
667671,0.018043692950538506
466716,0.018508556862874382
714118,0.02109835182660001
194461,0.020292280575145077
578190,0.01932130757690933
286361,0.015620069427228583
868147,0.0147538879816338
343337,0.016733791125930236
230993,0.021237103196656372
720326,0.016293075044456273
373093,0.02897956612554622
527285,0.06350865768010816
598937,0.022129013803332414
499209,0.02474152327764126
172521,0.02571625887402735
624241,0.02365571514352229
610712,0.01607937514887585
907588,0.0418465746798502
305705,0.021386956179102027
686960,0.01962332786990519
553754,0.015162118179528068
559579,0.02107830508934223
349196,0.028383623639011212
115575,0.041700929623394105
602480,0.02246013214481336
185877,0.019224385355568425
183038,0.024240414849463
283952,0.01816187021355379
313345,0.01806722627383856
148901,0.02117665208371355
108006,0.021661644692321534
121934,0.017413402203330992
991479,0.030498472177575224
664234,0.020435618643986502
565815,0.025305586351168162
704028,0.018831917137235574
824578,0.02209070043826809
532721,0.017804917099952158
600520,0.018735460292775046
945744,0.018355780935977416
614781,0.020876039777134217
181226,0.017908502094395776
593690,0.014618495647474623
234794,0.026346421534980742
449189,0.02177942946291527
453616,0.01294734100482975
452231,0.0215264917876059
790031,0.022320975579700805
847176,0.017406936869491935
116882,0.026215789739383984
287485,0.02883980282331253
408327,0.025444936816036778
175273,0.01354756339860326
896140,0.02094764779938894
712451,0.01956544568671399
437439,0.0203379295317155
756262,0.028818017443900522
887273,0.021822981342291305
700566,0.01959499424006433
989809,0.020044249689268923
614651,0.02888482295757922
966020,0.022081467265369668
133516,0.020163197687251874
374458,0.018012944425761936
632279,0.025816511589105983
238069,0.021230908154871355
349102,0.01956699078179252
170028,0.014357488821084402
475618,0.014144151949655192
543547,0.04494204714251653
303994,0.01942529349614888
335538,0.020137780702580592
890423,0.013860835620210545
202800,0.02237954875784302
860599,0.01951883619901228
296910,0.01693124054385111
444626,0.02573227060828242
632961,0.02813713434387348
515121,0.021261967165205294
204858,0.01605865560185435
710826,0.028780648870292965
869548,0.018133841906545586
766452,0.01827241906182087
531437,0.02087331989357492
939799,0.020376083574710664
108790,0.018908113889663757
314911,0.013700246238875183
126724,0.031648622235245526
264503,0.026445268967915467
919152,0.02863928108144935
609381,0.02367747331425028
561980,0.034463089406596856
930012,0.026675310375008584
978536,0.02115829605142508
697809,0.02675323658505832
510356,0.021906921675671976
666857,0.019685810945021052
311830,0.02532773057747859
438738,0.018704700681532228
633091,0.01602479541546721
190590,0.023111891181173048
597161,0.02156292059765565
468540,0.023726343150378994
811133,0.020948686609315682
632570,0.01752665055827726
893640,0.02262301753491973
530953,0.026181649800208477
607512,0.01907827669879252
117142,0.01825202252817337
446964,0.02127276378628636
704925,0.017333595174837242
827489,0.016478592293619494
922217,0.027815499687468354
347987,0.01820784927425294
840973,0.3198167998189924
878309,0.019935449542113955
233557,0.01662593963528572
503732,0.04393330155435066
312701,0.0218896183587306
536309,0.014286128768271561
344080,0.02086463490238078
662291,0.019517620107569182
977673,0.02871083292982572
712236,0.029401906723601868
429289,0.021832590021862608
368151,0.019793489297201147
744846,0.02032995732644823
588316,0.020675696937558326
571967,0.025000531648914665
177018,0.02700768657779398
430130,0.022237503107302173
334540,0.024376511297199456
385132,0.017088045293874695
762178,0.0217915606267561
355589,0.016978038586930883
561860,0.025178040483626124
360605,0.01644371260464207
814690,0.016539055256142205
454885,0.016706741067516663
151025,0.015452539003268387
589137,0.02084283934432812
283265,0.016606066725276966
976374,0.045403690364692606
497082,0.018030022419571735
336490,0.027148968302468268
387169,0.02547095192496229
586600,0.021147932244505393
919994,0.021626553720500083
638047,0.028399081380696786
746542,0.02272055329103943
838267,0.01744056019677404
389321,0.027702254971646308
141364,0.0161845417662207
230418,0.016472455481178597
554528,0.017829470322385636
671985,0.025981687033741447
679716,0.04889945965614939
539967,0.030473953846924827
646707,0.01655620808047095
712589,0.027868072575944272
179571,0.021618056791025155
389120,0.023627497742278205
954253,0.02126007361072979
516025,0.02508691415868144
294436,0.016690370531498286
747946,0.02400165573276581
325976,0.023359085912224898
974706,0.020939111318633036
638292,0.020043745913309267
288410,0.023032547243863007
190521,0.01566046833267923
665003,0.025219334051663954
916041,0.02572163501424522
414593,0.019332417691182418
606669,0.024360190923578176
481587,0.021723587084443313
550969,0.01949244850093513
161130,0.02797037594945413
776625,0.02345100423337525
474594,0.01670600176437032
219913,0.024648188385894238
867270,0.01878063691342967
357253,0.026452714612966204
762075,0.016743599442213507
716241,0.029461009380996866
615201,0.021824402244038636
312337,0.01580548734234134
731785,0.02383957545438374
388514,0.014167920136144879
430109,0.013167495851393422
414162,0.022587834277504267
898025,0.015887464882126515
674826,0.02920761897261321
914661,0.028976738068745733
240875,0.032030503868155154
960333,0.016357132429644726
893965,0.017062937129237944
182240,0.02249913988891524
303756,0.0218781451955524
214003,0.022311830246667684
172468,0.020018644850836122
210888,0.026103809028774454
361234,0.02604544595339767
112025,0.0204354371731767
939430,0.014000625407747967
643321,0.01687280434111582
478702,0.01716057811551795
804573,0.016238538004403454
815391,0.02032998843350647
659182,0.023793456555583892
609667,0.012540463632510672
986513,0.02660813746343234
630928,0.020481864078918235
901291,0.029078536684903296
379833,0.026107558536369063
715234,0.06808928982442948
885745,0.020903771907356494
832318,0.02676226609548936
685614,0.01952730518172449
600706,0.021311803358737027
717976,0.022593813392378415
200129,0.018088033462448857
580462,0.021232047343499177
217885,0.016888707282330016
157944,0.02026985743102008
907642,0.020517686037346026
148682,0.02318405479058459
796697,0.015921669347692586
932438,0.020829171245233414
537446,0.022726927556611282
836905,0.018380006561703955
814831,0.014776150322317215
488075,0.013215291777694562
475963,0.012538338649106195
507637,0.025608118005635425
387282,0.02043837238573106
142248,0.022992374240959665
300757,0.018271968312402895
426888,0.023016131364022703
829915,0.021963712277880434
947408,0.026126123337230613
592651,0.022562570359132728
465539,0.018820117652056895
765956,0.03179848274286076
758632,0.01859489183179835
317994,0.01618390195484848
150129,0.030246503936660955
657256,0.02646894779886541
711005,0.0218330896830979
647037,0.024145674908015315
365453,0.022074061256237947
448238,0.014821082093602462
531959,0.019113570149814137
619956,0.01835298423723036
901127,0.017522551394513485
494484,0.012840843720818493
679809,0.022747442028615235
280570,0.019675012752228885
711554,0.023282923544827486
998697,0.021105192326997764
675494,0.01517123399821161
303648,0.023612329552877398
876953,0.020840090584612555
255297,0.016443191134979863
359745,0.029582594053982073
659955,0.016793879354466624
663769,0.01685532484777979
834167,0.015298597227468536
852295,0.014483222355476392
844733,0.020646803825580196
307301,0.024522274026090477
440445,0.02569939950705618
513637,0.01971796108704447
566209,0.023822169502780374
148358,0.028431200550517875
938183,0.020939280735396946
973620,0.024886991660120806
930234,0.01653245465440998
299228,0.024450696647671306
226527,0.02140340463042174
314297,0.022552870277801687
581997,0.021593952866003328
773658,0.020012064819082992
985479,0.017991412687044434
299785,0.014055334347606467
301544,0.02066716608191246
717725,0.023189030095303778
655320,0.04080296055640592
311487,0.020254298926509776
397308,0.019303226708710337
861309,0.01647090042808856
513104,0.02182082161546443
452736,0.019257780269989252
849964,0.024569495639510622
257828,0.018478372041365248
139212,0.0139564866546563
235443,0.022497717868649767
222364,0.01932781682311647
987748,0.022595002762304695
905224,0.015029534725680735
513680,0.018606883903613623
115424,0.017790534308014586
761617,0.013290138325872067
547318,0.030441816271627203
799385,0.022525199349505778
306911,0.018651828027624266
379548,0.017087811518216877
546548,0.020269719494400477
296526,0.03025820615947085
157683,0.014180754566557785
578166,0.015345888552595553
377840,0.019850174561732055
357364,0.023407236069115545
393373,0.023589116805891198
724139,0.02202915106961751
918331,0.020287598258309208
841507,0.01454260516201831
151775,0.01990009726690429
318691,0.026567873109920558
696721,0.019693110949882874
424418,0.019711496168710735
880029,0.013827986379517336
223617,0.011683845742987177
117946,0.02224894474729952
170647,0.018162707279845883
909096,0.022363524060065466
533192,0.014483222355476392
367743,0.017937861752478523
171809,0.06050617979270105
276281,0.024546442670871055
191735,0.02090523824934189
680425,0.020835620473939668
743853,0.017697051477313056
790966,0.016443374119335188
585626,0.016446947638915244
255891,0.016251600330792274
665450,0.026245391350156234
728010,0.018312944773007
973919,0.019370436641604354
595916,0.022661419989331855
935332,0.020186821267257158
718428,0.01847837433143957
465958,0.020196704142158756
431534,0.018575589285290513
995561,0.023624915151379867
703648,0.015700464316848954
337482,0.021889847567855683
274841,0.0271967880774412
426611,0.019707215186583044
775892,0.01908012559266572
835467,0.028802705254673978
850700,0.025306730958726587
820617,0.02284288764714948
382934,0.03005433123330321
677321,0.01304837018278456
328956,0.026353065893409404
376595,0.021959349204538514
348917,0.020369737553034666
462756,0.02818657288930486
315729,0.014617938019396556
382182,0.019577299636080826
638175,0.021066767880040117
171401,0.023786509575023974
271742,0.013275835929877546
225841,0.017730631059263865
476562,0.017036675521298603
290867,0.01900232746772394
870648,0.022771447391992414
598218,0.020796526148698022
454261,0.013793145284077808
846934,0.019921144785160477
205471,0.01911985906972176
654808,0.01635392715989962
531427,0.021051130245094668
466767,0.03002348952748893
271221,0.0456309894412197
487277,0.022398603296216617
855702,0.02274773629619392
608166,0.01932737736447681
175888,0.020807554813176237
420260,0.02038621979821778
739771,0.020332908436941074
583157,0.019697770650681318
716124,0.022328224264301793
968671,0.05913312993584197
405775,0.020625306834042467
751607,0.01931813986917045
607958,0.02783487159093186
464488,0.031985186240499744
996877,0.021770645255128607
565338,0.028685374004471995
108816,0.022843664818929445
801448,0.017940926718906906
752572,0.031237826453115028
766352,0.026505434031231474
498191,0.018234175183370924
724445,0.019550322360344236
698913,0.019131562327423444
678175,0.02201219757960518
879993,0.048069762976450076
627176,0.016738044586799783
681587,0.014247629474311975
854026,0.027112868254158814
655713,0.022754216184505748
677117,0.018127006853691445
886901,0.021409977593793237
511347,0.025830917764960312
198535,0.02930491878703109
162312,0.02598523402397378
138165,0.018449093752300794
948839,0.020500719484257468
812270,0.01975734438762998
994935,0.01833282249233704
195888,0.020708060449275235
955058,0.01746610341147681
772740,0.036042688729158175
488222,0.02786576754028278
757614,0.04270550911932477
421534,0.020790513596313728
531384,0.019265300379323988
975072,0.030933023838704717
785996,0.01907003531852255
607639,0.021287707818633712
740231,0.02126763498862346
774534,0.015350354815719783
684904,0.019572879345544265
504955,0.020693277035084973
584604,0.018078326205439074
947601,0.028314950434408567
732783,0.03154148283849298
514561,0.022187362472722735
613334,0.026381866425431843
708400,0.021545844609450682
538336,0.022168001145452077
869958,0.028375314395600166
317410,0.020383453764168478
985403,0.02509458983475706
646238,0.022437623685946383
617422,0.02350025279157917
754273,0.016443191134979863
574323,0.023101594567765536
114804,0.014527239264229563
206722,0.026289921356177366
728811,0.021655191068521668
116681,0.06307735377691148
361824,0.01608318257171988
993396,0.025556733472526145
930518,0.028129889666132512
336550,0.023347907257737187
914659,0.01784138241999701
369860,0.013920454732250582
125692,0.020429308698548906
859354,0.020521731891617625
172056,0.020837567730394576
433977,0.01822096162346495
649667,0.018233334079997342
106922,0.0207841428618185
132543,0.026424984725723567
915063,0.025631504333443866
937006,0.016393078483681697
692769,0.030639185971066855
953062,0.01985991337837873
476609,0.019870863474380628
981311,0.022514756418115425
725449,0.01880983056691425
367224,0.019045370961350633
423147,0.022814446370032826
816088,0.025657514193090942
362337,0.024252951013953136
829515,0.016707419118251257
267341,0.022590639743298287
459542,0.02051274420117127
369807,0.028315120661589224
121699,0.0609532318937917
801359,0.02223872930848947
564951,0.018804767497482104
125514,0.014217737110433358
195763,0.016866280229609575
577848,0.021270539232501787
617490,0.020621592765435272
926805,0.01644323790657528
280128,0.021294877469132986
778841,0.020222357709144947
724922,0.022014002456083235
350617,0.024643777452077388
211455,0.02135244958900437
678027,0.025355305935259437
144758,0.036169157568068454
601881,0.01914505537779881
963264,0.022515110018731944
622920,0.02927001278694612
583386,0.021753956384676157
982969,0.02518483639375396
425907,0.027531512582155766
287507,0.01856406661673252
897283,0.014715828105833996
464252,0.02727671711590632
763228,0.019439234535371098
361639,0.0196459828659674
324561,0.014369610813066256
647821,0.020196511440167767
799470,0.029354070319498323
797778,0.017040350566772614
277798,0.021010153619308674
718974,0.023892668614943418
399957,0.028799586871510595
464507,0.02264346031384123
210216,0.022305516418180543
457272,0.030583545591101356
207132,0.031693103685556646
854234,0.018784668975054118
810270,0.01637617650437738
763594,0.01985372620623958
462850,0.0200558919381558
653092,0.024824926616024177
226316,0.025759646446476082
224981,0.01504292579401497
198415,0.02064212044302024
961651,0.017424729950348328
216875,0.02177208592555032
671850,0.01644564723092852
810473,0.018077193188336678
534099,0.017545312657608485
423275,0.014575500788993645
643142,0.017433752321720522
664761,0.0163023450136682
597393,0.01547007305182554
977347,0.03183160941154344
629069,0.015066559124985508
481324,0.01655655581502349
692746,0.025606036230929472
863125,0.022045372927292674
121000,0.02418919303241875
888569,0.02427803259196142
763410,0.019490933770469256
272569,0.02043451125777203
108616,0.02703641181729923
417142,0.022329038419180186
898655,0.04902330230936258
673555,0.016457895754582206
194366,0.02674919300608966
909429,0.022109440679993826
206874,0.033564617306413094
725526,0.031941445376180565
892232,0.017844845130753583
319714,0.01875104543953764
737581,0.017939371241313243
632326,0.016443191134979863
719554,0.023114640695806897
382162,0.019332794207836106
919757,0.01738639165358092
712686,0.02134582971618097
424035,0.029118472315940683
849317,0.016620825231539318
323426,0.023804862791723207
507276,0.01850395264284933
804550,0.014217450538681406
562694,0.02393053053893095
859242,0.02101223475565719
466237,0.01749988812554226
303873,0.01832234974437818
182330,0.01392066401538654
779631,0.04398693612485263
136101,0.024351963355558597
239283,0.01764403135288882
445970,0.023197658390784227
890082,0.02970739050896633
344655,0.014206931637226644
626288,0.022013233925952856
365092,0.019189766178785997
525270,0.0187634958049607
248396,0.016443191134979863
979931,0.017522844441453737
953518,0.019521141164124234
733445,0.021637949922451893
167549,0.016034819450283507
288023,0.020111969238932936
977163,0.018339764675835736
679618,0.018073810984284053
327369,0.10037159773795831
975973,0.029506201279433757
902502,0.030067469911578944
290432,0.026926399049734307
307907,0.02834822323796298
641153,0.019580782026689916
550146,0.026558442344722336
632605,0.015852252615736733
766988,0.02431954766795225
515415,0.0281549958298418
601006,0.04201208538463905
438324,0.01752266407071081
438208,0.02416052388405569
807223,0.02020232045593298
622502,0.01808881745793717
112632,0.030299562604358798
591780,0.023017951141722306
833323,0.017571758741293332
859387,0.021042426179604837
578511,0.027699025660067243
664322,0.017946409644367035
398728,0.018377454182691853
346127,0.019494179556742142
219835,0.014384499083773712
874191,0.01999476571361341
112111,0.02920842358684527
312287,0.026396362262068037
113732,0.014316689669076114
865965,0.028051176033298725
614922,0.014180754566557785
307934,0.015155319913648583
212979,0.02609339393771028
258855,0.023196032731453972
833023,0.04752773841507704
752165,0.020815962505308084
489129,0.02420139589215973
212064,0.027802776716649477
426651,0.022447410631891006
841397,0.018163816784377753
409941,0.01938279420613001
551486,0.018969992694662506
524021,0.013201604896035933
848220,0.015015274532087852
289710,0.026785836778661316
405209,0.018343635872135812
683567,0.020576790081717207
869766,0.02517297277392532
913478,0.02561941516375245
167610,0.02237083229505936
120864,0.022185484197269994
336458,0.017154128715881282
517131,0.025867406730660177
721969,0.03138528866670637
911013,0.06453543390398211
450884,0.019733607149633695
213333,0.016402063822438827
931539,0.023608828151242513
654377,0.013676371248953847
494418,0.022591790539545534
679745,0.023215610773113654
589771,0.019049880837670376
186540,0.02525532709352591
755834,0.02177716819566297
991047,0.021101947903506224
853664,0.018551700365995315
650375,0.021960259743713104
475619,0.020242798658195744
873626,0.02019562920618356
501176,0.014275759436328223
575644,0.015447886284188741
469373,0.025110195923305847
648421,0.01821042075538992
856252,0.018971950879883476
801006,0.013664866692944888
172650,0.026859675299088635
205679,0.017487266401359433
445368,0.018631761726888654
114722,0.027944761941724548
701474,0.024609136941809388
867215,0.01632938489831421
569590,0.027417379125414632
142768,0.0291445224912973
837338,0.026287256936110125
340835,0.019375429741599597
284936,0.014856538740721932
794327,0.016193783432395043
424600,0.018083148765670756
499550,0.021319890071870497
503362,0.019799274336980092
505993,0.021252132113308893
800352,0.01987108971946573
779125,0.02769377180999952
426919,0.02477699666926138
833402,0.016414995709809692
509245,0.03328802483676272
974717,0.027836679370560537
678840,0.019039212930064633
781804,0.01508735235423362
397395,0.017201980406181056
488304,0.01666829795852723
409872,0.026652576919591095
102312,0.024861185907861898
929830,0.015169253697291434
495637,0.021199625881269866
575314,0.03373570216124326
665366,0.021107072967392126
684630,0.027177035030946255
848046,0.021338293388885682
686457,0.015140027247651356
312219,0.02152530911022337
587159,0.019117442155400725
554545,0.022348016950656614
826975,0.021998173323203866
301871,0.019050663995118036
749754,0.037728728855465646
225726,0.016444613624376176
288147,0.021526343131810746
748015,0.0147538879816338
307389,0.027187361311304382
403270,0.019115070352230257
167520,0.020495329502439458
480000,0.018213615446214308
847783,0.020404101899772934
124249,0.018414012123908214
333767,0.0210736516726608
585535,0.013184910341591059
552045,0.017772192022618327
825714,0.023158179280152433
124307,0.015882357527177253
134486,0.015596757098410604
120223,0.02770314370019552
203690,0.021683004000688667
370912,0.017641061839248445
373667,0.021409624380370685
433497,0.023547377623450185
311334,0.02483989064056202
136523,0.02817770185192505
689620,0.019494282216394127
741784,0.026410001294400992
206868,0.025119357928376246
446443,0.01919534918147148
852672,0.022521818979671045
554468,0.016183730292519957
343815,0.01945256454436401
892563,0.01965395771420592
154615,0.014187677741932563
333850,0.061755827824205536
539098,0.014290231806698828
297417,0.016234717596061817
172852,0.025817895786439112
418262,0.02409137848834643
814411,0.018891787919311568
663281,0.02091590090066532
323985,0.01794261042423745
387130,0.01896485740910843
461699,0.021879623800788693
658977,0.018958626672518006
633317,0.022594222353941543
692897,0.020574037671340858
793398,0.026964421165967332
514989,0.025569496577163158
314892,0.019839071551200627
730842,0.02583346167165458
536829,0.021342327261983183
108095,0.03155548032555423
746240,0.02254027413693777
495594,0.022264178342300486
774559,0.015169253697291434
116386,0.022553315064103012
142414,0.0190680266793867
404049,0.02724183374414179
569353,0.009566639243190645
203404,0.024698794282924607
674234,0.018799419519586205
220093,0.030122694933810232
138909,0.026849534085661625
752665,0.06106431728260445
676216,0.016059330238807186
223552,0.022011681532931846
455875,0.01812638682882431
223928,0.018337419007316717
358208,0.02536403474168426
501031,0.026987855296396374
891326,0.019996167427123453
372765,0.05133316443214573
919235,0.02071925342742059
937879,0.021720896365481406
788062,0.02441038748821988
161523,0.023697112090692703
834010,0.02517519590850642
519302,0.016443191134979863
165287,0.020859859053946127
760184,0.02170688971263918
950078,0.03075617833343155
402514,0.01873789495212772
872757,0.017782667733238645
627574,0.028843294632171182
601712,0.018507794993346333
892412,0.0131712601935259
708761,0.025457636319460786
151988,0.01574538396759042
482771,0.01397461081577666
883007,0.01686178492489775
346369,0.016753998835581926
497255,0.02908716375402461
825335,0.021687261047124998
236089,0.02669682228198101
497476,0.022871421873470014
945915,0.08977938024856547
873691,0.023670735840214095
861074,0.018604676344820843
441676,0.022637474083817492
575459,0.02761999634338733
814378,0.021544938819751395
825183,0.02381015833195008
972371,0.018990311488001458
562663,0.013920454732250582
872394,0.028323640023579864
127519,0.021333381535936002
587073,0.025498428687687723
371696,0.01929452258430468
376549,0.023524666692455603
820830,0.028465111024802946
421655,0.02256839983208338
167386,0.022068413528545286
445502,0.032658656184490105
476149,0.018815106998461992
633782,0.01788555432402624
492481,0.028015856024084816
894253,0.024990170487393885
758414,0.019960971169243245
541338,0.02185549175860132
483149,0.02694572237154818
100130,0.018375190827915385
634312,0.02837584357444043
912949,0.02094079221526116
167262,0.020030236477054066
412287,0.021578693375904182
956757,0.02812226780520722
592937,0.013667186413616627
812141,0.02065483423147304
737947,0.02194659418533751
285076,0.016803163495617453
783270,0.06129732136403641
279004,0.027256835281043904
124822,0.02620090450812322
126681,0.03048602270517131
721536,0.023965332602386487
330907,0.021327188539914135
729689,0.021584816841253445
275422,0.02208486407700304
868720,0.01785872261935753
673642,0.021430270707369272
749711,0.022857046391660654
112029,0.017808694184810823
271618,0.02019898722316811
129716,0.020681789572449837
306179,0.023912616404678008
124393,0.018978510363963263
359967,0.01888369700341357
242939,0.027000931010643138
244456,0.027102685964691862
781230,0.017138663956561013
737953,0.02679620155554798
731823,0.02011141139079789
788424,0.015323020039116913
811646,0.018164916256277665
618815,0.020258769102836957
236734,0.01964690705317326
248179,0.016443799586215273
845244,0.0191133648660938
103933,0.016443200571343842
755176,0.022385259014582163
141567,0.023663832577933305
861689,0.01760443378364972
231455,0.017211226545031554
411977,0.031289163633628665
678038,0.020430716945302227
734909,0.022952539103871877
239615,0.014965453399907552
549169,0.018911756443781857
483676,0.020050862903617992
121379,0.020611870190584004
263074,0.014288853060908472
802623,0.03414074512939465
613930,0.012980542324815431
875462,0.019216763182980538
137324,0.02218202988625053
494874,0.020373391277206034
475530,0.019684421905699814
296747,0.026700443301732425
903949,0.014086372916968898
205123,0.02569513166465842
775565,0.014483222355476392
312341,0.014067186999151823
590469,0.016897121634794725
210455,0.023302682956373073
129283,0.015452539003268387
676883,0.018847698582887144
553740,0.016471515974029575
831028,0.01771311258724473
696913,0.022198997396788416
696940,0.026396266595021423
985781,0.015091123173101925
631748,0.02962737527787253
585618,0.017803088072119114
850026,0.02132518478775535
431439,0.018757276460854032
495334,0.020681376942934152
618168,0.025874636222209143
261714,0.014445710683681568
736756,0.015504621805745602
353383,0.02720974988386199
523054,0.02038152408188746
573258,0.026957340200819163
291880,0.022119233130503724
717667,0.02198461082557681
606671,0.019965597766743882
699507,0.01524098971897014
121433,0.01910253514806443
947094,0.020172604366532395
920054,0.018920265915540312
840345,0.02429576118827938
643100,0.02503764052849938
163729,0.06059936963261693
201647,0.022856905094406736
431857,0.02073575545320447
226023,0.027851040056194615
731507,0.031754101279917894
271697,0.027539297384397542
118126,0.022146965059364174
605506,0.01937395306115441
928953,0.020900054689103345
840391,0.018798654262515802
323899,0.026049463314714125
962563,0.02552287600404132
469922,0.017746022367862737
715505,0.017393654968915845
112645,0.01987088382510182
445782,0.01852939158861967
167924,0.023638284046644524
757122,0.025496500219447046
121188,0.02449497032039821
111175,0.01765309042726372
831381,0.02966598261721246
554221,0.02621650202998594
201771,0.017827820621647308
376204,0.019367123230012384
142518,0.020385789020838707
570205,0.02522798611739876
454507,0.028641669703758844
504849,0.02545201469704536
566538,0.025439571878057628
320627,0.029572682179812834
718400,0.023943763882569958
719497,0.021670614717619614
941410,0.023001323303056223
548567,0.05705499847012283
837137,0.015273224340824454
554549,0.021290120795883893
500949,0.019100569786963933
732705,0.014388284142690444
413378,0.025236506370417244
974231,0.018770885324856178
594905,0.015891395612174446
966349,0.020590539782286657
555667,0.016293326628724087
966183,0.028548408756340498
488856,0.016990854295503056
553220,0.01990405587582822
709648,0.02583243140838983
515211,0.022810584271391838
332516,0.026241950574194563
161101,0.02795073753136937
215185,0.025590462767669075
405986,0.024750919498029874
900855,0.028477994660910794
786197,0.016443232162688084
264183,0.016793132003510226
319021,0.019542836233958992
443503,0.028493012483126023
636962,0.016974442675688147
255097,0.017317076755289956
893930,0.02387557811863865
236469,0.020607651318381933
372423,0.015428684049918075
239421,0.02572305920589698
144338,0.01740802412703216
766389,0.0222523786346513
417033,0.021318256707865857
528138,0.028143480349728862
927531,0.027560119667510326
723599,0.022369515133865838
796536,0.022069535456840258
792538,0.021751249572739495
952419,0.015169538314354717
804715,0.02963849928896261
365622,0.0470561879338415
669118,0.019395028301002273
426709,0.019837284274705783
548477,0.020826433907513982
104881,0.026853795693781542
639061,0.014015381009808786
777417,0.016459820111755216
219525,0.024736156572755276
860572,0.018956989877529168
668385,0.023586780196690693
473964,0.01937429042469414
117635,0.019920328797118268
739324,0.03358329028320547
647997,0.02066743046393324
122117,0.022274227846593848
309780,0.030712036097102262
605854,0.019023610086625953
210263,0.015153912274388896
350558,0.022967828480034144
780758,0.021910714335683916
750620,0.02472438270409486
892174,0.018317921699127125
449101,0.03269367851294374
615125,0.0139564866546563
175063,0.02732146340326504
638606,0.016503746078284504
738743,0.02637113533644473
482012,0.018341403594622288
452462,0.022806265283592336
633349,0.02524063637034153
923539,0.0267374786927617
211391,0.020058667167248155
682666,0.030930646723341605
626449,0.024086492938489516
188905,0.027122188706267727
867182,0.024425935675841916
851809,0.047495063663355055
266308,0.019921660561747795
838198,0.017198043028493638
616825,0.05226762763171985
214931,0.015521546775286752
572154,0.019840857271803784
989055,0.026929170216778375
348846,0.023045335902912502
569850,0.02478809248653884
777558,0.022391777599002467
107010,0.027832312095526425
526107,0.031073326931667786
107635,0.025873332278002984
882567,0.017365255215784484
367026,0.01876978807814712
409741,0.019757102704361772
317346,0.02668088451213305
494714,0.022948055580870787
242773,0.027915970218712737
604827,0.029358886955812916
812219,0.02255819707435907
150190,0.018127646301247368
888581,0.022021033049139386
661903,0.03126008499339919
781433,0.015459913945170253
468901,0.02185830878248454
534296,0.023488230596564665
758346,0.02263415345657611
653420,0.01878129622246699
624794,0.01998695270877556
674345,0.022941283284604742
344258,0.016044824850943447
167356,0.028209178246741937
450154,0.013551703826151411
476345,0.022604967598013344
554912,0.02587766503079382
134879,0.014317860477935516
674232,0.026004300073182596
357771,0.01326160064771405
918630,0.020098526451143982
941320,0.024224314761021343
440169,0.027843556049695302
161587,0.027714434817387775
932094,0.015794996351054448
556000,0.02484037332526682
919114,0.049207819865408516
925129,0.015709181855351622
331847,0.01437276497340701
199638,0.014564095680175191
690942,0.022728060897157315
644254,0.022638846548958966
163437,0.022241679522488473
416474,0.018175816931520924
848859,0.0192796239264982
657549,0.026418266320119208
418593,0.013827781237649713
143293,0.02259620937592755
251296,0.027212167549507425
699235,0.022238219072798146
475721,0.03155036211721693
565881,0.02509659115146636
336264,0.01968264083450268
895517,0.009691273437597313
887733,0.027079279466211886
804901,0.02232770194918553
670914,0.02085156190751906
960565,0.01856916829053511
643464,0.02113622704293357
128874,0.023385511644220022
728817,0.017126267047271243
561025,0.014218788828394854
475582,0.0174725698282362
184620,0.019484236312842428
566502,0.02359910766001357
891652,0.02333910653286691
407356,0.019917135916323568
164347,0.01683635992727737
242809,0.013448646219148602
974875,0.013757437623925695
830430,0.022597337982071253
208715,0.02804086867000876
634062,0.019929258587449424
184425,0.015519653061737514
140664,0.02033668763369815
462857,0.0319065114409679
479515,0.01984785820035324
843883,0.01847227975960224
152212,0.016748842138332075
894449,0.015872108181456016
764738,0.029934714602268656
177374,0.03144106842235876
962707,0.025550281513449583
536792,0.03140365931813476
658854,0.0316245205338283
873246,0.021709506073364207
427605,0.016592946454609257
765742,0.019690200920506273
979260,0.01588767351324587
836736,0.016576996765514353
748399,0.024860397338000644
470735,0.021363322134549872
397639,0.02067517187400045
578987,0.024423346607082824
564847,0.03165397175962067
673733,0.019196185369426265
941269,0.022591790539545534
894172,0.031212749910929854
443037,0.025569928305025472
452149,0.01644620776043996
271649,0.031353519946139004
936111,0.025496881967256874
777645,0.02146377609808431
992255,0.012934389655292816
728919,0.019714173919838696
469332,0.03239299590398964
855837,0.023648275800316275
329973,0.013982843543780677
991900,0.02712411456459348
339242,0.024702935486402046
330619,0.020128311936764724
991287,0.016732915096678447
838331,0.017711760241041295
969564,0.017512768886656316
787519,0.014408573597388905
630267,0.02224208942728005
531787,0.016940642285013015
153541,0.014510421567022992
780895,0.025706513750766005
754582,0.023234479797036956
967222,0.022841937576736165
817742,0.016443191134979863
108835,0.021751333543005843
502889,0.015251407004482624
625854,0.024645723926679255
836766,0.017084482535024297
307202,0.030500555956496696
906272,0.021569720060006663
425952,0.014957371781153486
754264,0.017078639260874752
308900,0.023533744792849604
325035,0.01757765606967337
779823,0.02157464522592677
233015,0.028225972840241937
154519,0.02875271400124771
799797,0.01918721521098055
111747,0.022869970519255184
316650,0.023468600071672653
380177,0.02100439318849298
905694,0.02469846081005854
679899,0.016453741803633137
904997,0.021600165120601925
530421,0.014243466765333375
880439,0.019101874694302197
347010,0.014564467899286174
238987,0.02089644136744527
234626,0.027074091413058318
137433,0.025654830513619293
328425,0.029730654463326078
243980,0.015887392298167578
590838,0.020132761395907722
676395,0.01655891132773664
854615,0.026352704337663787
577968,0.020735840342757283
507513,0.016933169833802282
531875,0.03824944619236781
409373,0.02830830050686838
320603,0.024422116781972567
389927,0.02035545777845267
581925,0.02406585552389712
633176,0.01860583023850799
883011,0.012542467693497069
423965,0.017656687217441906
120002,0.018420393750762643
552179,0.018956187009060026
900202,0.01879623205522626
960385,0.016888649787749524
467774,0.030648194269140703
601189,0.02040987518314642
942623,0.013045970167909383
383947,0.014757645736254139
163172,0.019780529761449506
814104,0.02135663243795264
915676,0.020795511767510634
361609,0.026689446889800118
251534,0.016443191134979863
805771,0.030151461396188985
201799,0.016216553377036855
458880,0.019596768306620403
763167,0.022595771431457454
566267,0.020269101924388435
493713,0.02137506535834801
297460,0.024186403749396356
798852,0.0217543125505327
793325,0.019541530890856106
504466,0.021930729804631368
591357,0.020860132468737223
577798,0.019321551448306714
749976,0.02427403604534736
125590,0.0602828231419715
135521,0.020878474773344563
460885,0.023928397077668067
451607,0.01869975249710962
582423,0.03186146120732552
100949,0.024280173378127757
481253,0.017238727119029254
219029,0.015896273193056806
240050,0.03136085126413229
775169,0.023450543371282336
718050,0.021445734658037032
209714,0.02690597733300733
277086,0.02406508963755435
257033,0.030105173435667137
497402,0.019451639051937114
154343,0.019386700417791766
208351,0.015894123869302695
820266,0.030864029490275675
106902,0.02381202724921006
430542,0.027070901628587836
868065,0.02616216381551646
700573,0.016560995767003796
409405,0.022743370779374633
195908,0.030440197621615744
400077,0.017003647250358904
379288,0.021293591682453202
156400,0.022197325675296524
686194,0.021760012256510152
281489,0.025375490016702782
666906,0.019774567184539935
832819,0.01545037097320268
620623,0.04642528181078423
327403,0.04883880063800443
417874,0.02407593737625994
940059,0.027212940589871653
996821,0.016706741067516663
675683,0.023037216275261497
860709,0.01764054928441453
217846,0.024793487211320776
262764,0.019178243074014487
469402,0.01705958548356643
638417,0.027508245975100255
535706,0.016462527973965302
142006,0.017213169993117353
642532,0.021004372648064054
809091,0.018045299733785644
889741,0.0266672483719508
174188,0.027321606333281036
247644,0.0270616027317133
311130,0.019539499225441247
777670,0.01675614293578458
859888,0.01402676592373974
335481,0.03357165124613867
789495,0.02507077862495205
455798,0.017815640464451558
375944,0.018234640250038795
908836,0.022595726050134667
182978,0.01794777495822243
600649,0.018999375675000155
233546,0.02189122395825216
592099,0.013046848848814485
783029,0.018167091645105906
280846,0.02158557817269775
688597,0.02454992822037178
126138,0.02521307752270892
875753,0.018277902209246633
622454,0.05708350983739367
840353,0.018382200715308567
219798,0.03232197867637491
767458,0.01886877920466977
721307,0.01940112255315551
881659,0.028143052673420287
494688,0.0213945434106507
172652,0.020634662876275866
670720,0.02811181054828947
964505,0.01848400745289504
813130,0.020691356582870926
366795,0.029210949823681966
393751,0.024796353142430737
100989,0.020600642882292988
288059,0.017214539552260016
104624,0.0177183019258891
395223,0.030041722052464213
566807,0.02315811373823742
250399,0.01818999669540985
650903,0.017305646003251664
528591,0.022837324597325265
542287,0.022841547502241037
240059,0.0161472017163247
838508,0.023872401688255676
320993,0.0177554736953797
694617,0.022795530482544506
163541,0.05071556889907539
559282,0.013968686350414842
297020,0.01849855604550302
837157,0.02344833606487063
844972,0.01742797676704291
712330,0.021333393583108977
257813,0.01882422544511789
194621,0.06180359577638153
578123,0.025889452668998718
934504,0.019012193746904594
651392,0.017451570020999993
273514,0.02111210167523174
616780,0.06649634657896392
979647,0.017353642882003063
944148,0.015835534638222865
936057,0.021272801123920188
309542,0.027087841230415636
969523,0.01572433122483861
655906,0.022034684627255382
235156,0.019371044527815833
580467,0.025832842807528046
280393,0.01851726318061843
946389,0.019136528666816272
934380,0.017135717985421944
639888,0.017709803745801934
700110,0.019019263434005465
914167,0.03209143429255897
720417,0.027649607725048268
351154,0.03352309478832003
372563,0.022769159902915313
839679,0.02230312029331802
574557,0.016706830667015282
569344,0.025869477201490756
457361,0.029719041495327333
836747,0.023156397317673588
304076,0.017768485262107954
752548,0.016444567259243405
211048,0.024209767259542707
233885,0.024266081129188346
774188,0.02498404039958232
622840,0.03029109165970985
732259,0.029860571505018297
784330,0.026658763892471106
244377,0.017134940896484645
382459,0.02713826630987848
414175,0.027593259487018514
539262,0.021767558879980744
932727,0.008889375042138914
826841,0.014508067873934456
487963,0.01704648355526804
764401,0.04308649581383493
640037,0.01974138267934895
458085,0.019734744776711596
750588,0.026522247103957047
164295,0.023688051941499304
524661,0.019409696260276412
890740,0.017304546966298826
222579,0.021293025511866955
911432,0.023482884021984795
229934,0.02577825763984121
271151,0.028269571790662737
881385,0.015069093759932189
648540,0.029939360585096067
338749,0.01807258301143649
385646,0.04745938559163506
944312,0.01674196293557238
468041,0.014617970541035362
970988,0.02118813159660265
964475,0.016822791589433724
493979,0.026542792514113973
571939,0.021025784674388183
330151,0.02131168855973343
988532,0.030073066791225043
504844,0.0222904702920927
350525,0.019928018164009246
544158,0.018128487906860318
219003,0.02113815718313262
653567,0.022467201271559423
434830,0.019683991252353022
999470,0.027274725580850846
307857,0.020563176562803917
640492,0.02599387669370946
626948,0.018842826371013005
631790,0.02196687959065213
656017,0.020043152717026773
135145,0.017484863796562465
266815,0.030828199279455192
170180,0.023985166729140674
236025,0.019621858694473488
266442,0.016020201138821535
205406,0.03176768202900155
454580,0.013353871461680591
913791,0.027034583191353583
232359,0.022766411068215017
755306,0.017684710004767543
499321,0.0230586253862641
417229,0.026327561969122257
912580,0.017393897788897827
701275,0.022067099511451232
917328,0.02097019797938327
453804,0.023008618033593487
681649,0.06242634571009649
458007,0.020492967677276513
180644,0.020400148616154135
247797,0.01874791629287644
338110,0.02573214370577537
235326,0.01873760729370896
921077,0.01645723710525339
558865,0.016706893595317615
986364,0.022594582582239838
861236,0.017972741377258305
501494,0.02196843972466051
524188,0.02080028535112268
531420,0.016901018071658554
800146,0.018093812167842595
546853,0.021894916839479455
888711,0.019553507440749136
142999,0.01653700042082612
140731,0.01644657174537251
350647,0.01741142781971847
521837,0.01787439376821078
695478,0.017449064464557656
872497,0.016008644794751465
353525,0.02793436122644367
920479,0.016443191134979863
374862,0.017458322291896665
730922,0.023112089984912758
548013,0.021961497419724793
724881,0.012927665380376131
763706,0.021013596993005892
218380,0.021440637267709756
753685,0.023558319784378244
618201,0.02057986052481187
625200,0.020313144003491632
210289,0.05991280667530886
258350,0.02163886489258663
714818,0.02081777566410992
371231,0.016657893135282643
133372,0.017744859175502437
456722,0.01319032402346366
979957,0.021262456539449744
684176,0.023425023081801204
727863,0.016520101474543993
448638,0.02341021000651785
135645,0.017247745327727482
336872,0.017088924024274782
799609,0.06161644222502917
418206,0.02315824781627348
136488,0.019705462865507003
731725,0.02127173017494265
833232,0.020154927867973866
509318,0.01999501666375168
820991,0.025129101569838923
383116,0.018536430821077216
679425,0.021434888192542464
369990,0.03120057202428945
866793,0.016005738551443063
587047,0.023228866825558844
458626,0.025579227475223267
834015,0.020438937277148263
256541,0.01851487566486133
497883,0.017779522952061293
977946,0.029711331891340443
598859,0.015660028398845564
995898,0.023621121066542575
645810,0.016051547811268815
150847,0.020593751123725298
935134,0.015208154255048388
710296,0.019185769837489965
899222,0.02081075007013474
213444,0.030952411295622848
221470,0.02370929018099009
930640,0.019420906976181186
474153,0.026046494579925913
904387,0.027902024704828797
485399,0.016998338143181274
122989,0.06760841761638577
550117,0.04525511171959916
933625,0.02415392363914136
465960,0.017646806015208596
341377,0.014109272934160906
796920,0.01813198251789912
699859,0.017043862685670833
646916,0.01959902551717234
863041,0.02828559289862664
622076,0.027019214999789046
913921,0.0213992363040574
301040,0.015492474291152839
893975,0.018228155991263883
361293,0.028018640018659124
247601,0.03342342665717296
662368,0.014090650642357906
379595,0.026909011088016004
607183,0.023069989309396504
648307,0.026293841278933954
785891,0.01926561747596102
440560,0.023398911621213842
923182,0.021383931329161675
903772,0.01629312902267638
524094,0.024875703106876833
576943,0.023789494235514148
728615,0.01811176083873875
686805,0.01894093122303427
317562,0.02940050346865173
840744,0.02566223098552574
444586,0.019667475306314346
370353,0.018392404860072455
390685,0.01876753767306329
776046,0.022684598603563574
135241,0.019282996681262207
356065,0.029667794340403918
467660,0.04543025412596908
975959,0.019770683450528376
171042,0.017123678557400462
771687,0.028045911581271486
334238,0.017560692191172036
838203,0.02022142669561888
966165,0.021744096348873736
609791,0.01942824325736052
663003,0.022628384416451035
770206,0.031115951655656025
940249,0.02154580292498287
997171,0.02241527831123562
257774,0.031289038356013876
642103,0.04466479000855606
659692,0.027031199694675156
614677,0.015596193124064073
781058,0.02427557700421945
875500,0.02225082220804678
706933,0.02159028313569972
205816,0.02024823783174848
752021,0.031613674725763305
195230,0.021394559966595793
889019,0.024151999756246424
166902,0.02383394668470619
890486,0.021051891450204332
431335,0.017571091111202707
682894,0.026428799098770436
881536,0.021134863932699373
790971,0.018226041748549315
486913,0.019140782243130833
304685,0.015482579332683327
867780,0.014127041514160875
191036,0.01961059580836438
609518,0.027028473147258307
914403,0.017784016527396994
930399,0.022973959477996273
106933,0.016489369995340123
680616,0.015829310961846567
110148,0.01805776417418541
531182,0.019815894490295555
965610,0.017618603062608356
916977,0.020303342686351117
935871,0.027687284710600283
116849,0.01930737257535443
380432,0.05071920433260399
571306,0.017620224979328494
412953,0.018200387169090705
812402,0.016619653626969495
180107,0.025572147165715577
869900,0.02850426750488862
187554,0.02399968417349833
766805,0.028270838911410495
960980,0.02141366067145547
454269,0.01879714256220445
991444,0.020028294280214808
327959,0.016077851752766995
539447,0.025966621325125935
272918,0.017889292230079425
871234,0.020029885920013
313671,0.02411635482833357
629936,0.031399992063441635
519519,0.02061305420340913
828511,0.019860899599293255
784083,0.021099539165959046
226421,0.016605510047267638
392258,0.0294630985198921
116387,0.027232288812047492
740981,0.018504433248849362
129233,0.028988320410985927
317792,0.025259042656438923
184568,0.022661276274780522
416978,0.020495649755714215
791857,0.06398144495308311
124059,0.019812781411863222
952368,0.02182309573879499
922861,0.013230931433234403
579301,0.02377664991056317
378945,0.016286287590562117
297177,0.017664657301988292
323505,0.014676720995483157
806582,0.015912707847316205
594037,0.01810798234350418
696443,0.033778331871196825
477489,0.03531287182871275
684143,0.02937896539961039
374613,0.022249494914092355
729794,0.029302443188849156
937216,0.025290782175959342
171656,0.014217450538681406
842579,0.029276484130445514
306514,0.014123255292234972
625230,0.01660797186045505
381482,0.02104545235122186
674637,0.01862811065576064
275575,0.02477635644902886
685825,0.04272922132645153
188747,0.01816930934348809
406129,0.014978196988369377
895684,0.056865637732871135
511564,0.026502803460069505
923893,0.021927732920566906
551881,0.014385842988156143
911613,0.023892716624156145
740940,0.01949016800295573
981602,0.024007907096998588
519707,0.021435263972917704
887900,0.030680770392040303
620574,0.01646943864200487
598315,0.024046789908926378
743199,0.021454950533149993
374499,0.027571151670087144
418203,0.03083347867420576
443787,0.03281048648468266
983287,0.028649172172950606
279482,0.024710097840030153
232520,0.022519852276003734
305013,0.019220463654566648
454778,0.02128893275629092
674164,0.017326954458535535
199449,0.016578964541829305
452823,0.027343969674733737
363985,0.01897268765815101
944170,0.01794342077288512
964149,0.016724012489696925
342596,0.028513069723143655
838890,0.021027896466456353
271182,0.01811824826827458
508081,0.07619923784169462
220668,0.020468977822756165
824487,0.024422202461417557
575719,0.027316023363003036
213473,0.021724730982379183
391968,0.016912386999461612
894358,0.020298268338474687
474096,0.026754423168038374
102843,0.02260495253289735
802469,0.02289287426247204
407381,0.024675234523393437
774393,0.022843571354571983
372664,0.020799795818487808
799304,0.047567441062243386
160279,0.014700014288570137
560752,0.018756860052301212
281394,0.0181387974513538
972810,0.029940704675433603
109065,0.019742958050614923
265043,0.01629603687680053
409021,0.021571996625584462
808434,0.016284329511513262
244997,0.01918468444423776
829800,0.02187157515394245
744038,0.021061798464787642
753261,0.01706981595937857
701041,0.012032012905118806
730775,0.02549376721264721
300252,0.014425899897997911
603273,0.01736848844431333
507696,0.016714776478007794
171810,0.025175774243668757
282457,0.02409727110478008
970206,0.030515146396445415
537372,0.025115345651090554
410716,0.02218057272998773
530937,0.016036526549379045
824791,0.03431487152706234
259269,0.027617541062619884
117368,0.027707685889655248
610918,0.017354796339682902
875930,0.0243488924332739
552109,0.018459019741292028
926040,0.0194913040016418
565441,0.012788559882805623
888603,0.015700464316848954
206363,0.016446336611021097
342484,0.017716895398392996
493069,0.022697179394960628
676829,0.016779293067276817
786917,0.021317224498324096
283409,0.022717165133403244
596303,0.02356650664232688
897744,0.020782317806769705
111159,0.019387365692245844
825984,0.028427453676789883
594348,0.020187832434591158
113047,0.020109176884033
546781,0.023057609894921335
493535,0.01879573821178168
633028,0.043693301549374244
122816,0.020203189151212466
930831,0.022642125859648487
909530,0.017639691015979012
969260,0.028633176695097372
229503,0.022689085207171538
527505,0.025592218919036958
412984,0.02168367542701616
441472,0.05042558884169389
560104,0.021113881118985826
618792,0.018566345947466978
838219,0.030471802346665824
558744,0.02411081573684237
233960,0.02423848456332957
807483,0.02253562113552523
770511,0.02528664044123726
933384,0.016142042354580444
348034,0.02274003235502842
163085,0.013548503201102149
227945,0.02595138507350413
306708,0.025519798862295603
404505,0.04533039239857315
583404,0.0171001475203019
132247,0.02230631214888151
243996,0.02732389911524456
105572,0.020883839182303316
803768,0.0175754064526088
638493,0.024268275377969523
325116,0.017492396566226528
600089,0.01952815329992002
967081,0.021159432799875318
616112,0.021523223366927278
467593,0.020659302260110392
318294,0.028700437427085765
196187,0.029027662688107844
744367,0.02565856908077703
812325,0.018732862533509746
458726,0.02021833368915248
604889,0.02248207265044138
424515,0.023249338331481326
793614,0.02889456765707745
708563,0.014269479413596159
522865,0.014677864948544988
907114,0.025663176423025652
266751,0.018611654229417133
609966,0.020966624542909568
445053,0.02048298946407323
633103,0.05598299953305998
725976,0.019995211026806375
434344,0.016462346833763093
244897,0.02144917969863015
275115,0.021260859263927328
909999,0.029800565676356354
806331,0.017161182061402228
988455,0.019200599553752726
426960,0.019743317515537935
821246,0.02075030054198918
563529,0.020462075511401223
591968,0.01870650979652488
427400,0.016443191134979863
392642,0.021913080558499037
516407,0.02332886040131845
752421,0.02072439376238703
932747,0.029893249924032233
251555,0.01866962081446821
486010,0.02837447898618648
580432,0.02163349132605684
941453,0.01618471788028287
351429,0.023226456504427062
219508,0.016443191134979863
248945,0.027896588094670417
977947,0.018372123707900465
888526,0.017719830041617958
818402,0.019288585484602105
827151,0.022649751932102814
481090,0.03099831810983019
413716,0.02125784270099706
301107,0.02541220428467906
876207,0.028915458012466966
308926,0.015932948978621856
298138,0.022179425207356506
168839,0.01775197526327614
620082,0.019728733124653473
464406,0.02605067894056813
782537,0.024893279918340446
286633,0.013664866692944888
111580,0.015306597099789682
811056,0.02197727779960943
935481,0.02420068470460384
620158,0.016987322559868994
516623,0.016707118638835162
256896,0.01670742161879573
739472,0.04530455227310111
812149,0.022023576464956337
163746,0.015598727660821224
570187,0.025376246913219755
316209,0.020779838616979445
811684,0.022264801909336693
401841,0.02939766827935643
439404,0.02798134096623652
579058,0.027936680064394752
714654,0.019766436921171415
633679,0.03097265412612267
628565,0.031087075033018326
552226,0.026174787222590878
568711,0.04975679804067516
554162,0.014761077184004228
968914,0.01627976718031782
586039,0.029741422334409684
694627,0.019584369353496455
104137,0.02153724011473938
887440,0.021901667445152217
531958,0.0277498340594703
406553,0.022226782503635606
621821,0.020739251889990165
648258,0.02500222046729303
905533,0.016979831318612224
901128,0.021582969309799253
216824,0.013546722987553142
380610,0.02860691700758544
263581,0.02226703094173443
762527,0.025926663140484536
425139,0.019353042476873406
967880,0.02012974886373728
712092,0.0214838099352677
660091,0.019678502118445677
851447,0.019942686477510754
872526,0.016015906405382044
235493,0.021804493686999087
696266,0.01872906533208737
833406,0.019968661161700034
491394,0.030202153985571138
757326,0.018893106117356947
249726,0.02378650411663655
195684,0.02851327878277761
191742,0.027127379298883064
480420,0.023953240735720756
370312,0.01809715067092561
593128,0.021941901791467832
337158,0.01999600937334965
969614,0.03049377857275375
826226,0.015796037538025012
672646,0.017525101631955243
643065,0.021480108262455302
733609,0.021192738550017944
853847,0.019833048611733437
223465,0.020491371699679316
862392,0.0207637613070946
857844,0.018952419329661567
147819,0.022089457701412105
429470,0.023485409330710607
580964,0.021889393497082247
553124,0.025391267760988268
657249,0.022192996240049834
501188,0.017310101153893667
194546,0.016358798710019204
555023,0.016443632598405773
737074,0.02216719876843396
261812,0.02257054853916374
601153,0.027824876066034926
146149,0.028632628548745778
292345,0.03590583986970431
195412,0.026021187150670033
571263,0.023608253552731856
355841,0.028998915409039754
483467,0.02805545820943835
995380,0.018604170483570152
903096,0.018212457039264197
578990,0.019605510598907618
393008,0.018092344856706077
919483,0.02020757069004148
667236,0.016100460043905005
121167,0.028596153524188893
863235,0.031697501661853075
611875,0.020744549758008057
755313,0.019361491266252896
983152,0.025848576151979184
903242,0.021777891725454423
358172,0.026095134828153635
202086,0.025026882520672752
463840,0.021491940285680272
844014,0.06880526711656992
496694,0.020189981744061312
356157,0.02189524172048532
150411,0.016424482460984765
475690,0.02046284809270054
195103,0.016708505639473174
160231,0.01863270444539875
856761,0.02794099229059248
908460,0.01723390897767899
699232,0.015013388932070486
977832,0.020412989916657596
260694,0.0277365308629424
848847,0.01705409947912395
225787,0.017611190924720372
590957,0.047425469630100046
574094,0.02524738666902213
956196,0.023132008938987376
737998,0.027488193200492693
573414,0.024218536919584203
675643,0.025850292562392366
215667,0.024254885720556982
641891,0.023681277600929078
505755,0.01839579190400169
520805,0.02206347947688135
674186,0.014217450538681406
910915,0.023038002157084566
876498,0.015461850805585908
411675,0.030421858446074992
336950,0.0301712392288116
320934,1.0
466467,0.01599350885850201
552101,0.03279086309721513
554678,0.06000286211156452
212832,0.020634020987692615
472761,0.019103905566582924
418035,0.021737491818584156
293202,0.027009322326906882
985391,0.019225972209838703
454105,0.0225298658135742
219243,0.015848414296563636
779907,0.017248022627035068
474374,0.01619325604617238
240217,0.02281086868482798
301885,0.0178574510459912
246102,0.02056467865430487
405290,0.01473633022968945
710754,0.026316609783200204
475763,0.022477473377278366
200661,0.029093869155252746
571747,0.024360655730375696
934402,0.019748021630921785
310884,0.014617938019396556
718267,0.01828497279526974
270844,0.02076893077886889
808921,0.018424078170565097
984089,0.017894959348663253
885436,0.019296961763475853
510955,0.01738626336927128
477556,0.016294402118595456
405834,0.020268168235426244
353953,0.026292804919761558
863241,0.029083941865592614
148820,0.019476579404719314
294470,0.019983263933899268
927892,0.014086372916968898
330498,0.021244563165483735
541107,0.015829310961846567
791293,0.04104443152739245
763138,0.02626154603339536
621055,0.016183730292519957
338698,0.01418253993543427
146367,0.021012770297664653
719772,0.026948710905700172
756204,0.02846776012521703
642702,0.019437945366311424
941321,0.02945784548457964
540682,0.02394368555534064
335829,0.013541598915110625
953968,0.020624619748108943
662191,0.030743328673638198
890771,0.029098940350548927
134811,0.021168876825234155
970196,0.02023001106495495
346133,0.0212821285159959
317987,0.022237503107302173
938083,0.016490022613173845
551773,0.019820114054932923
814008,0.02067143752253483
208368,0.022901506319118525
199144,0.020511084626640093
526064,0.016960916731893448
959070,0.021024660583475827
265276,0.016456995755885568
955517,0.021381153820517574
869051,0.02197853773731045
836454,0.02270984698340761
978657,0.021359129141491347
906451,0.016443191134979863
771461,0.020202315257446316
538392,0.017888144484701503
189304,0.025466784292908502
305065,0.017296083817825568
152046,0.01866086011331196
132627,0.01887114039027494
312904,0.01750288290531981
142340,0.023164742528820455
377185,0.020436849364434295
861425,0.023248805033389292
709880,0.017646545510902247
635700,0.019675529947193415
466413,0.018795137369287677
568772,0.0179686645054229
339638,0.019405836636856865
957651,0.029543686743293614
201365,0.015151495780070572
153809,0.022398799776562704
887039,0.02018861018369242
332783,0.023643280381721685
169793,0.020146584923091213
689009,0.0230971389021478
896888,0.033904508159083566
577372,0.018965280168749758
492099,0.017699687785677647
917563,0.030898124165354927
868792,0.04121821881209574
397085,0.02199341040327888
707442,0.01940476903796019
848737,0.02930540921846938
666682,0.021279878461282445
485105,0.04524081367471784
903606,0.024837939762826448
281080,0.016409782391202735
784958,0.02322322505480154
769375,0.020006660080438003
745736,0.016524335559172206
687063,0.016084195954414987
190905,0.020024435191962623
282104,0.01898921407074587
699537,0.020196411978897964
413442,0.018090714242614235
299238,0.018690280155914934
709968,0.020917501670904937
418744,0.02121809425196846
312002,0.01713726912524747
858619,0.018764467352871607
172688,0.025994371253335365
219711,0.023449393102382067
951407,0.01847921325139087
506830,0.017531384447624924
514310,0.019286565892386715
260382,0.017803166144725602
615751,0.025317295370159122
196029,0.025609175031527903
866889,0.025539969223582558
934735,0.014060982384877305
992048,0.029445369500880628
976728,0.02079024463945857
927528,0.014180754566557785
783492,0.0157674901770039
340362,0.010242765478111012
714758,0.020694861564033752
340974,0.027976287087647548
626741,0.028371596079520577
522159,0.0177558569536215
728969,0.024832131506823424
991044,0.021558362088456948
855994,0.019319034407361647
971985,0.017998579445423414
756562,0.01959850268858892
696486,0.04713968163158202
329971,0.03228406879334665
777374,0.016210092733842964
905339,0.017784016527396994
967850,0.025453053972195213
349981,0.016712606595935917
997298,0.01882852802802216
265502,0.013167495851393422
880617,0.02798503496286286
314472,0.03306879511610504
868900,0.028984287985871316
331325,0.027414487203140443
217900,0.017919229045699012
569913,0.19426075620958894
201427,0.014432826713954888
790525,0.01454260516201831
422398,0.014031584996305196
522922,0.02645055904948051
485443,0.01922635929525803
133595,0.025632340868058604
136249,0.02508926438837279
474195,0.01431269768610787
738377,0.018653816595883378
664901,0.02480048180053563
835277,0.022469238270029557
990504,0.02117409877055781
368687,0.016400845989387142
755000,0.018421844982118532
259260,0.014411659140035298
599030,0.024838058458939046
252396,0.020469423728303997
847501,0.01710621511522533
520119,0.01787783912133474
787030,0.020780131375509398
896381,0.020146758795943194
382032,0.016447577977177705
606675,0.028212035856603857
542224,0.024797414337718683
914330,0.02591580819419785
713033,0.023219128094573088
840094,0.026717681791889977
317321,0.014180754566557785
187475,0.01997392997512234
144947,0.010316444808899924
634546,0.019568809704252746
741736,0.025459359731419762
324400,0.021971281502145928
793368,0.029647608812086133
562569,0.025703312724680006
727057,0.02015039860407951
806649,0.02791375092003747
857719,0.029230548864815378
875222,0.01888363095555329
207246,0.020442411493268496
212863,0.023515312015596524
939945,0.024518011855372487
558374,0.01366523049772624
148783,0.020874101339879533
502338,0.02207362120333959
223926,0.015651750468397268
495915,0.017551535397472912
331335,0.05358160196098347
434243,0.023877409090773433
773036,0.017201980406181056
192536,0.029293098235711072
359624,0.04386848544634619
707355,0.024334323601297943
822080,0.019960465490577586
398787,0.01423274848217439
625624,0.02395986586532709
302990,0.025559988502716968
335915,0.018771782498189664
346719,0.018160925109647404
806496,0.01947654520472062
524349,0.018438431681250155
518538,0.019694782676957512
406310,0.02079581672979825
225674,0.017621650044877025
572155,0.01910664586263102
885605,0.02082049603084736
996339,0.019615185667031347
102816,0.02398771149175616
626612,0.020748758238321747
803369,0.023046364313768344
475108,0.014757639096932102
549217,0.025530364519941843
293893,0.018440926172879096
755286,0.020033099688697025
468792,0.014503084626594191
252099,0.018782409649791068
885024,0.019915080725970855
392556,0.015211748124112426
377677,0.01623385204147383
987648,0.1204962984939106
765817,0.021545143521962642
443139,0.017842952004837757
272849,0.026207453712665956
958336,0.026018589364137912
631087,0.025565022725081404
649161,0.02253691502952453
910086,0.023842889340594354
805954,0.016974442252384994
590896,0.02204762604857646
507395,0.026426025449266713
152246,0.0282851430382557
201193,0.01928636697656961
780431,0.024297345211897872
805697,0.01922887047748214
807432,0.018245364939445487
504718,0.019874418890714434
825256,0.02106325356431031
612717,0.01192894480305111
960020,0.02178258006552334
693625,0.02608540425593995
613522,0.01668796335083374
743221,0.02662751006599952
241807,0.017922288545043456
291451,0.01576500058592134
222385,0.0203431122963245
719344,0.01884478986217707
710109,0.02431556035237862
508900,0.01952258180839461
135302,0.022424854635266646
492139,0.013690652373038287
123871,0.02745454327689369
309682,0.022247410584083104
452949,0.021888647233302774
412924,0.01749113600589678
506358,0.027069683362394015
519367,0.01881215955704208
412756,0.01858204601586805
160275,0.016468918013799613
305620,0.019258183395963073
647214,0.01581222227307725
396787,0.019763065307866378
798987,0.01619224528640408
323974,0.019856001985552738
574322,0.06104056033833342
478302,0.02555372382940936
333755,0.016463386148929293
828951,0.025778812171814235
152584,0.02421037677200716
750689,0.016451571902610852
134978,0.013052033601421783
865440,0.022747537776916314
774954,0.024385106687889496
954335,0.02586445917746287
144566,0.023500895770262237
736550,0.014881944398288277
357683,0.019233514184940025
466317,0.07078297288105719
297201,0.019402881223561742
916084,0.02175493991841078
951663,0.02229824113622534
426272,0.027870689114220075
822961,0.018848869186664247
675547,0.015952302969970654
249092,0.022946335273351423
247369,0.025702094591550716
892948,0.025229561402632113
253501,0.02118438588985723
525662,0.02598429943964589
412551,0.01601516943772831
505742,0.016513605063449933
880307,0.016449819235460135
773917,0.019996376114664535
143524,0.023047472859902735
313247,0.025046335826397283
290591,0.02735208085550215
766236,0.02071947023697099
214461,0.016685653093465796
460605,0.018265884186053283
442758,0.021743801381763933
573125,0.02337903693035171
720381,0.016743309762968787
672491,0.02475578025860803
377950,0.02138775874011113
306558,0.021705930764593033
122222,0.02502774455593096
864808,0.014835649637274946
947248,0.019371044527815833
171440,0.022212372014836758
569354,0.06447049451161944
659759,0.049653047769421414
983381,0.02521724405877132
982509,0.02697801996392111
494117,0.0273922540516573
712813,0.026909806805243155
690427,0.058302638663231474
181984,0.02302666137629517
962568,0.014229338800015479
488968,0.02809890325368874
923727,0.024668305145944355
992771,0.02696388296979806
147147,0.015293808671200247
638554,0.02174939399718257
699407,0.02067430966385918
111499,0.02219814966547484
265239,0.02028076154019506
582078,0.023347417497425596
139957,0.014484401378279402
275562,0.015996172798912803
187972,0.014483222355476392
954065,0.034078054098221025
485125,0.025644848906073294
532974,0.023772189017572113
662911,0.016516319840548424
265509,0.022273362280906806
399244,0.022628566728532827
613658,0.02335505506446014
886002,0.026669365684027495
586297,0.058551814609350716
840064,0.02349433675609746
276308,0.018028266818079498
550136,0.018222132900328553
458258,0.022264849699231655
166714,0.03533179731848091
599764,0.021306921639827805
248573,0.027022588034637994
117112,0.0174597281388643
900717,0.015260957745364645
313911,0.02041234885298119
869470,0.02029928857873667
298061,0.01708904290893116
114457,0.02672334092200299
543285,0.018284347570906096
575867,0.014923374308634746
929665,0.020105598541312993
592692,0.027483327813697087
686813,0.024393825638803213
712338,0.017260120424220107
573846,0.016443191134979863
539330,0.018439692115529732
784759,0.02401449209451136
778994,0.019810297189876352
779353,0.02392144030471243
681847,0.027263920138326594
734871,0.01431270985443651
835326,0.020048962324607962
484694,0.021010671297225652
763086,0.018775175813982227
111782,0.01818877920554221
173390,0.031067430305589075
225379,0.01756945663951906
276893,0.021285372637046517
568006,0.018721207700756318
450373,0.01892880099891799
159358,0.06195789740721903
960649,0.020748871420239495
632527,0.016329087225020897
443946,0.030195274643312252
739429,0.04222341903343945
503103,0.017201980406181056
199489,0.018967163795340004
744253,0.02440340657450016
462168,0.02180546946243452
611127,0.01894376787986128
831124,0.02243582946326626
340983,0.01964936608118816
961868,0.024489838312838852
559013,0.024540434564928017
449119,0.013594377683126081
800461,0.05816100036170233
486692,0.015062536356239411
786501,0.020692627745506318
321381,0.013546136773014049
338805,0.016443191134979863
819814,0.062785035360063
853401,0.028324069826802366
155256,0.023887794727694582
497916,0.01648485854211989
915351,0.02721595604296366
151045,0.013700246238875183
504447,0.027724002571364134
617482,0.03164576430561734
330860,0.029146377009408832
307358,0.017512964775191927
324507,0.015862515761126
279148,0.014451839785649926
942255,0.01854621512112088
459532,0.023420293008064738
283134,0.01777803654819513
190473,0.016443191134979863
480074,0.024661201230064118
182316,0.020558222449762353
877404,0.02035112664199822
877016,0.02079899153776553
720828,0.021454950579057414
428276,0.021132160182104807
657276,0.02197842922215928
259603,0.01905144643833975
383825,0.02296494640170879
723928,0.017847694069329866
885156,0.02099005875931488
507256,0.013012257934985401
201506,0.017976161308564532
478342,0.028622205110863927
131136,0.043548929380771255
655275,0.028232299414903128
437658,0.028300365058672613
141109,0.02843469004155988
662385,0.047710405424124254
346637,0.02706275205002836
515765,0.022731042258396537
601327,0.01985984406561681
816131,0.01448975307072818
762227,0.01697843821566418
670266,0.026039967504118397
235163,0.013541438966908645
319650,0.03377698334139096
891565,0.02723334734904456
954142,0.02224222569605307
121144,0.01711363575811029
574985,0.023646612979430146
966747,0.021643136166289188
881898,0.027034740442141457
893254,0.019628534928452953
493209,0.018982938880692246
170635,0.020815725711991383
910630,0.015671635514104516
831831,0.02293999418164379
237518,0.014053511686629546
241536,0.02023135958654075
341697,0.018389331512766362
824181,0.0212626095049566
446365,0.027257697258700184
912875,0.02472887324186445
433561,0.021362259980651443
165456,0.02536353354358984
262587,0.020830352884234998
606553,0.028916082335539
838432,0.021888647233302774
249461,0.03158885364214616
583225,0.023324102062891268
108761,0.020768473269116842
225354,0.022633186638010592
708768,0.022909193076102424
446072,0.013312446493627592
145023,0.018092071459182037
587902,0.03188122043169595
665354,0.0222347481367003
747569,0.029337015516110142
175350,0.02225727423539905
267833,0.027418836493129633
283434,0.026963006452453267
596733,0.02419567232941739
760765,0.045577681098655815
644725,0.02547859342368551
765406,0.03407675233818867
313948,0.014193390263230141
453905,0.018773460838465483
613750,0.014740832083603491
351728,0.019866894974847518
387631,0.023667330571446182
859446,0.030768219163488146
225555,0.025207912879044152
829488,0.020356998216332318
663325,0.021779567783959917
500278,0.019204069964649035
284461,0.019138082434979487
967455,0.019110343504312132
113343,0.018156156927768913
840110,0.025898725937711718
951984,0.026081487994648045
349278,0.017311428876559103
458349,0.04301033563776002
388795,0.028365825124822004
284580,0.017144310790317266
835458,0.01499077459674458
103088,0.029825110247130582
993690,0.01623228431880281
741624,0.02286913478673772
790298,0.022237863293599582
175711,0.03106721315529701
543307,0.022211640811096826
313652,0.029243628754655256
140404,0.01983546375205741
433901,0.04615138784730847
674796,0.027074346943066766
983110,0.03154071784196377
299869,0.021888647233302774
737720,0.02183129146664569
473084,0.023984388716656868
183823,0.019914480693868718
572285,0.016006977457980364
315138,0.023083884356580885
711369,0.014459441183653271
637335,0.021711249843635178
577022,0.016971057636372022
425936,0.02693421718265229
429893,0.012207135063863169
706332,0.016183730292519957
113431,0.013328638638308968
371665,0.015029534725680735
892453,0.03258076160059883
801866,0.029689221642529073
801900,0.023263947302443435
804621,0.017414862566017836
882439,0.019965916185581987
265594,0.021993104745098704
408929,0.020462042828263027
828954,0.019776433763518734
448596,0.02451147384015774
251457,0.020258708917247747
102670,0.01974416115045086
928363,0.030176752370657662
129331,0.029280221323736
566781,0.021243776444943553
892860,0.016446854485470504
188334,0.014074269504374796
421354,0.024364151013799226
814859,0.022881567101889558
162781,0.03135711087762459
815374,0.022104650900955394
473924,0.019550516736188007
541547,0.01672867160075538
160156,0.02340096371654206
540416,0.030968244357081415
283720,0.01869041679301163
435695,0.029986383150279336
577374,0.02813723607610061
374716,0.030166147851598227
577731,0.019303643983472774
962278,0.023249887788533874
119492,0.021101183890039888
936713,0.02280352062692571
736846,0.019386199945277592
503705,0.04992365011262512
903830,0.0162744529152056
140531,0.028837298670422458
892925,0.017516397340525548
279242,0.024712467842296304
674787,0.023481258500278206
352423,0.01702165483834099
648629,0.012635999726920921
765833,0.02727070914451579
950538,0.01890830186371432
571995,0.024691397938511855
697799,0.016718313741257516
309226,0.021889247392535557
847631,0.026816912134212664
306858,0.016443191134979863
816416,0.025030865492288897
419324,0.016261666807061224
417047,0.023627638542527377
307627,0.022290603257470145
895745,0.016905333369104332
825509,0.020756907002353164
575503,0.014782902401728333
756328,0.022616107286314916
992489,0.019347860918965273
957108,0.02621242439132867
421588,0.024455649843715944
705424,0.016443191134979863
237174,0.019622848596667807
867802,0.021304416426344935
573174,0.014105301623154374
132899,0.02142197341017874
325292,0.015751117638800702
771629,0.03159226370427498
683737,0.01940569754422067
186929,0.023290079643906652
276056,0.02356921262902621
731169,0.024256607440118615
493793,0.03073303482911651
479921,0.017144987845590924
276161,0.024239941758146182
152845,0.023601337115179605
425423,0.020767357059650528
810977,0.029446052531690057
875555,0.021545143521962642
264647,0.061846368743585095
415142,0.02760551195345558
656665,0.027167757248154383
332856,0.027445698483225322
595325,0.0192796958764577
474708,0.0329664160283598
632436,0.022000620671785244
909095,0.020805336382358323
720122,0.02213328959695234
701032,0.0220553517738315
342133,0.01857957862427336
534847,0.015555929824643589
765143,0.018106292921164398
933289,0.026837916003997292
126014,0.021077056887121158
909055,0.018799067481326426
360342,0.04401931296838929
555269,0.025267794928102508
314490,0.020138380641587524
476441,0.026553911235568495
841457,0.01958987722801755
138828,0.044836608235338096
135338,0.02924338194715592
757308,0.02003635119529488
341586,0.021383855423108777
476975,0.025008881823375052
350230,0.02767937955800568
662614,0.018854925972523494
916513,0.02259233951008263
239391,0.024170168901473384
727889,0.0260060607240639
835395,0.02877087661165139
721046,0.031199243433177936
892249,0.02169041307741254
944487,0.021425124463910566
823918,0.021245888282125765
844060,0.02511369760549388
732033,0.02824726715931981
403147,0.02055048299937484
201867,0.01576124828028465
733320,0.016049081910528836
421083,0.024515662402554365
684420,0.014084652018426017
684475,0.027142309582694025
980269,0.02222774661444329
646081,0.02009642170298969
502989,0.013324560773640162
932039,0.021707680863145024
428976,0.01673448541169428
294566,0.06282198073663624
275985,0.016706741067516663
281341,0.01907501616233097
458256,0.02369447526029909
489704,0.01353881364283101
609373,0.013792076950529478
435052,0.0217523426934793
896658,0.02038362309544182
985549,0.01654931790283315
808324,0.025569657227700753
752360,0.026839674929446465
986019,0.017136403020596384
659395,0.013255803609771067
206059,0.018892567321811996
354531,0.023164254872758985
734146,0.021564695472214932
600119,0.022467307606206282
269997,0.027337233920386343
670848,0.01718009461256184
824260,0.026318754040809012
265900,0.02111845705913805
236741,0.023407233051865928
784794,0.021152616030836506
547507,0.018037082746411505
282088,0.030380746112579946
747941,0.01938422887164002
749274,0.02453952257862554
919015,0.033798749337993074
677379,0.018153597212785987
480754,0.02111038056062591
977065,0.025642050301255676
540750,0.013167495851393422
753842,0.02898062732345524
130792,0.0227411615191088
917409,0.03486099440371962
628625,0.024209875318162724
881519,0.01866945352811872
305947,0.06419826872386387
104957,0.029763209883496285
143742,0.02289649568152915
871299,0.01621755518376561
822475,0.021968083804166386
162322,0.017623108025874277
887487,0.017201980406181056
123788,0.029598767551821153
687220,0.023708771903418895
948068,0.024457380172670837
410196,0.044318581059753524
208119,0.02627480583092102
839055,0.016707875473710835
331229,0.0238437205161109
887332,0.018670209787625063
773904,0.030104943515519855
642013,0.022567686115519788
341358,0.02812115693978512
146619,0.024658093062580117
544004,0.02084688722436682
581820,0.022239213077650963
479345,0.019892116040882816
287222,0.017874748035059864
399161,0.01690205368664853
900561,0.024091726992357093
659853,0.01751127418022668
622399,0.02251405666756917
592071,0.02508338045667346
875525,0.020437115678848653
557789,0.013172517848274537
635277,0.01434973012152312
437739,0.022302894845451855
528665,0.02224166187781614
970396,0.01635632998635379
914300,0.023576352542298257
718795,0.021650866368723362
435367,0.016730080499076642
152225,0.016034641486366533
301318,0.015846320102970213
524063,0.02219313416887592
540089,0.012878234786557637
245100,0.016595830445562208
407233,0.029141777339367046
736613,0.02097642030581627
898517,0.024501432353115044
555519,0.01838245961107122
860719,0.02483502675186362
428183,0.019113248745903415
394640,0.06119697554266115
524029,0.01989408433289763
729573,0.02457911104427952
135739,0.025472061576924557
369124,0.025002009521874032
278690,0.02304203724700593
281431,0.025672609183830367
519819,0.019638602350066873
757388,0.02229690708021597
760644,0.024276468841345065
984158,0.017657190047555157
423752,0.016179540552631922
572333,0.019843599620001814
990421,0.027790756265162253
350972,0.02134751522104023
630104,0.0178024961516674
683462,0.02002476894000912
459866,0.015137392019538513
287805,0.022370407518475483
139500,0.02142756013375092
482756,0.015539227461410524
697457,0.020356579644333444
486177,0.02295158997507256
393002,0.05957517786922926
959988,0.016689180802113263
260087,0.02420536392743275
489657,0.02036906677455428
790664,0.023526228601064597
912566,0.020634861003523602
410717,0.032372205878894465
966990,0.017742544628529165
718535,0.014653415466514911
672001,0.019586094593543043
221350,0.02978313749174207
930094,0.017963693045704797
828648,0.05773764775615336
445786,0.024971954608880208
487217,0.01914942149910277
474127,0.030044465146260645
495578,0.024292391926923503
114103,0.023057096639995004
346347,0.017733720894911195
197052,0.07440839170486574
290232,0.0224892941000845
545009,0.0263133840338077
220853,0.024869228380054918
472612,0.023632705738967988
755411,0.017537246018020203
720438,0.01453914622064611
398192,0.01044526358954662
167176,0.017313489649450817
692846,0.022380916466898236
836390,0.021921653783232367
505698,0.016443191134979863
823829,0.053874250605702445
229795,0.032045911606606546
305984,0.019696076100870607
435605,0.017522758404818626
604035,0.023391006720089712
342573,0.030425303853169716
646560,0.02967651977358283
481583,0.028965151306728113
612171,0.022309826023065093
744875,0.023394331700832993
251291,0.020793601061899113
963981,0.021002272499824146
730845,0.016723433131606475
517643,0.017623344750502153
927314,0.0174206085251055
161121,0.028267821161451597
727361,0.01618410674025114
128096,0.01831503395924839
862251,0.02702803372699247
170030,0.015108480587987827
276014,0.022735243252144568
660811,0.020920122328977407
849355,0.01780342165742453
731797,0.06485753182049987
262600,0.02525692178128555
598803,0.025392130642599056
173171,0.02143367028947902
895005,0.024123476543526316
258283,0.026023988338198
797475,0.018714914290414247
820491,0.024714847516768324
762691,0.033913168947661686
989635,0.009643196478611473
986703,0.030371112290851973
535498,0.016475161276647752
977710,0.023997750401395734
556018,0.014734190375450467
496811,0.01805634725192383
533302,0.02924208870995001
663697,0.01905931959508959
464041,0.032872051657309304
440684,0.024119504495971302
609766,0.029770857627220676
631500,0.023120510741102277
389448,0.016626767259497598
429619,0.016225665844806825
428229,0.02368813994524722
293191,0.025446470663683052
709092,0.020326398064897097
772116,0.021147392645387206
966267,0.019120418944811774
804190,0.02687519091711664
973035,0.022312539343523067
113415,0.01769873281745907
389803,0.030863514960804243
561083,0.020553567904425946
154283,0.02860678762279051
100740,0.02295158997507256
818131,0.026076168019905734
670131,0.016797423438724403
328407,0.06849973481425216
188180,0.014776150322317215
514533,0.02920765870680739
792462,0.030592086398319066
289525,0.02710256449427832
717352,0.013423443774016011
345973,0.032932046266663524
543427,0.02398658676579455
611669,0.01651151624526893
537519,0.01774628529640025
361528,0.025219327628839234
432589,0.02740460802833805
229826,0.017200958852144715
246343,0.029037357994127697
678887,0.027886502976895162
202685,0.02707767102468729
194561,0.028219038778917644
639038,0.020608007206092852
437968,0.020732688198327392
101783,0.05794234577017415
200997,0.018414649945833795
407564,0.013513917321701931
248849,0.014217450538681406
500023,0.018724373361895967
501465,0.013928195048354063
479909,0.018990909069277712
400472,0.020955568856627825
871231,0.01342697685630039
866916,0.02068483639607719
811543,0.022934453092579334
917756,0.010974293586545097
100216,0.017702407810575173
994149,0.02079816885512255
193824,0.027584337267483546
684454,0.02777932632305043
465379,0.022956364820337843
628169,0.028105367386229332
516324,0.02142479802958097
864099,0.06605432840008052
463750,0.0206625361994739
442374,0.014658566248502604
526363,0.021715839166512384
516247,0.02565027021438389
127093,0.01778933557370673
903110,0.019299121622124077
767293,0.030723562770618378
728990,0.015555929824643589
494746,0.0666904345871763
694750,0.025516897057706767
818847,0.028722700486729907
694157,0.021888647233302774
354701,0.019356249208414656
819964,0.023554511640622392
579912,0.033075302041356405
983336,0.06619115974850706
385344,0.026441336351752272
924956,0.023104005390363544
815857,0.02325802527308634
438850,0.02100312367093276
587641,0.014221044790947296
877486,0.013724713910746313
779089,0.02419530915172248
390534,0.022237503107302173
296156,0.02123870311625859
963285,0.028314028937422294
836919,0.024253911905880384
460136,0.013750091787929651
723310,0.02537623835393117
448135,0.02279337674503969
682342,0.015822427869889227
535415,0.01856247481128835
413855,0.019600288958565363
736708,0.03366084269497206
348392,0.02370132714386453
423156,0.028219726287667213
313017,0.018046006264128313
729578,0.026971831163936713
816912,0.01984127658161528
389376,0.013503845273057848
988581,0.022280602394312603
802659,0.018413260788112288
221968,0.02912608795986656
564498,0.026838651896405327
235817,0.021044967527792283
380660,0.02006780872868541
640487,0.022318019880226803
539245,0.016183730292519957
594073,0.025288172805323327
427990,0.02244976897054063
169313,0.029466464375058243
463282,0.018030189535618392
984516,0.021482550875540223
526171,0.02716199491361661
597982,0.021442112255749504
801291,0.018238867415670316
637663,0.017602591241434234
746212,0.019026678024697655
396231,0.015325085972565284
855230,0.016443191134979863
803054,0.022597179417222706
167213,0.01809855406552797
224675,0.01748397965416242
410633,0.020317091059257587
598903,0.022550168583899646
927771,0.015660001416632933
160132,0.020665397614553556
542084,0.015513362469171156
748628,0.01847714157306705
466801,0.02481172945523446
754347,0.0167558532974681
763757,0.020856913442711778
149860,0.03002159454212313
233763,0.018591472638151856
577107,0.019983456567252714
573035,0.013539180575216742
365083,0.010362610993946895
667882,0.04317506209894112
295169,0.0183061508677959
937558,0.01765974952366712
587170,0.019310280078665264
124834,0.02209228938029518
602235,0.028904343982370156
686533,0.024025870256018385
551872,0.014484713893113626
809929,0.018486537782527596
271559,0.05653947780151379
843545,0.030028773389713954
822371,0.015665558894613962
862985,0.02595511157263116
441828,0.02363884957638224
180447,0.026385551169814003
432792,0.018237449256359516
600466,0.019622293871197172
278005,0.01934105205149066
866993,0.01869979647885764
572581,0.019970737354636458
890477,0.020878376998014626
461159,0.02532873323992483
179266,0.01671920034636899
698480,0.02744679489165144
233091,0.019048211059969337
604776,0.0213824117099059
340287,0.025367230680394606
681237,0.056150453895345946
905107,0.027687403105245673
472237,0.02037203423856061
907290,0.022174393290239475
231774,0.017377826691398663
844785,0.022509991298182812
511859,0.021897627947473026
340509,0.019046550213463024
639590,0.018849065736251797
473257,0.02339280577356252
264974,0.02281885063743537
158202,0.02532104528464394
753070,0.020196851260148245
440802,0.02962522125799022
149700,0.024299838967568647
992126,0.027103088781331375
322959,0.03007863437101125
375477,0.01556301443628366
704132,0.01812763675213747
225291,0.02020506875233508
963890,0.02625169067839663
707468,0.02218057272998773
162514,0.04335796835847232
820419,0.01550636776754185
561448,0.023428038050075605
365987,0.01880351506218352
479502,0.01670683983536271
849185,0.019431433824091897
622184,0.02517650489659748
347598,0.01670742120203829
437876,0.0630601266756046
732477,0.013413907569147638
545684,0.014468172737759199
656426,0.02259564033010122
767875,0.0306147514232237
104618,0.02095187764840932
395088,0.014891083200657185
442197,0.01649543595823034
145231,0.015277373284931842
162969,0.021941448434925456
817778,0.019346706024728235
769442,0.019258958342503487
505063,0.014915304084513949
118320,0.02796156878057467
892042,0.02023320321320233
293627,0.016808884045012844
365241,0.014489458198853585
824558,0.017851335468405918
357565,0.021893118127083826
705323,0.015608504517461368
805728,0.02270978139929195
647263,0.01824933666329739
210639,0.017612057237118447
190978,0.02897057826969751
222533,0.018243231643952428
344991,0.013179984108283095
547832,0.016444934080710814
676964,0.022855168004834413
418862,0.022104851748953595
940223,0.019502627990230992
843219,0.02144239064323282
326533,0.020361609644649382
920192,0.015435945909874866
592134,0.050920544288619064
586985,0.0190290408865181
993566,0.02344712945222935
393858,0.06278726601219589
977017,0.025570674670801503
793999,0.019125944005694742
893203,0.026323480815607325
220960,0.023024160343488406
283847,0.02010992468434959
168893,0.01965621421708659
162516,0.020221987681513415
683311,0.018971657888435422
611066,0.01687300654900695
880920,0.026267022198958302
382540,0.01803124926314986
182939,0.018528996798041278
598135,0.043114523229332236
968587,0.020343085461001865
956907,0.020391073182734563
628855,0.022377783053666007
512593,0.028713292425131893
750141,0.015887256650332027
352522,0.02735397466223234
191825,0.026692917665348974
805557,0.027977454641718184
382949,0.01998359006976905
609493,0.017410806778443588
834757,0.022955630502185458
580332,0.022787005492644268
693345,0.020018514004642062
439489,0.01616636493090436
249605,0.02419112970572409
381456,0.0194510894039985
989595,0.01549385684827745
782963,0.016208291031052764
520963,0.01825883436826178
299237,0.03105439023283232
813167,0.02370410910382894
161204,0.022008735579118636
962354,0.06207477069515579
786793,0.018879411659084945
104914,0.023044205577979725
979410,0.02496917628385134
246901,0.016897995146438655
374023,0.017803556512800616
149760,0.018272251394885933
564896,0.016187745996595667
470554,0.019758557796942935
611067,0.018196841620330046
791611,0.027887845898269436
835165,0.020097967386574486
492600,0.01464190904294611
550325,0.021521024167761367
512022,0.017531891559501373
896310,0.018618361427122934
518597,0.019095074850488707
966377,0.023944264625087478
478145,0.027007663044473034
626118,0.019815583519480373
823716,0.017864630072450257
244543,0.016006411717007167
578618,0.027052822841891228
184981,0.017018242735614312
954246,0.02259252325007099
760550,0.02528895923344159
287663,0.01705997810847094
690505,0.01998335244299826
508446,0.029092034284792064
703463,0.024009917206999663
568509,0.024308413766479936
881094,0.014050896039235174
403359,0.02434526570217367
164268,0.016294115043391198
141656,0.019619027867951427
962168,0.01882545082501378
178182,0.021781307647128816
845556,0.018770928103696186
939487,0.020677288011874816
150630,0.021081721440974692
504602,0.016364406403895363
503730,0.014050086698692045
735808,0.026556093661812295
972111,0.01923695099480643
999442,0.026798711648846715
128614,0.0237256412399667
395827,0.026674800229753402
532334,0.027389201417336452
213655,0.017903998737624018
427061,0.02622808066478957
608453,0.06336077143602624
187187,0.017826295748852333
730529,0.02652872554566694
998941,0.022949372349571333
623183,0.016253695259253326
180040,0.025983090462354985
856998,0.017361539092751458
725624,0.017879178468840053
969461,0.02286195618805935
449205,0.021146332005971203
354448,0.02190609969351953
846210,0.014294458628155328
559698,0.016291932458624626
697251,0.020981901396822766
791130,0.01828163204638749
872279,0.01722648144129586
129056,0.018993640585974386
542928,0.016363175293736803
476237,0.022572813539105056
846449,0.022237503107302173
141479,0.01645909609055574
757192,0.0197401942532119
872743,0.020134804701133706
866124,0.023712824018157545
557119,0.025347759704804688
571725,0.01986452677559524
102349,0.024319125915912395
107318,0.02261397988437292
343195,0.023581777840656255
849803,0.02149259909216889
367910,0.02774655698552362
623669,0.022758866857898956
945626,0.022419855923185638
909602,0.019654137376970974
393136,0.014891097341832653
303969,0.023276865059031236
329307,0.02137326085297457
822089,0.021941335282211788
618697,0.02818499441877781
981477,0.06393363731612431
110288,0.059594020324922066
740853,0.02244681322833083
164635,0.02195131337774192
457444,0.015668560199953163
666082,0.014014888504795356
486718,0.022447714486699605
885665,0.03311330110785901
436463,0.02099009947350223
529945,0.019746315758439284
718806,0.015887256650332027
147859,0.016693328989208975
564828,0.02628648092376274
232700,0.019907291817532004
390434,0.020667572584091243
787308,0.02081387086901414
689275,0.01709383618728732
700580,0.02338689877568836
654224,0.0174018754742978
734489,0.023043726156504976
293256,0.05596906106069952
562561,0.01963448907695653
990306,0.0235898447453194
751558,0.020849324871287815
647278,0.017537659624101642
452608,0.020186980804183
984666,0.021113082188822813
902002,0.014445850464954429
357443,0.020832799681799102
742469,0.022032673834701182
257258,0.024544358425731373
149675,0.028857781105223423
616031,0.020474007303737468
659767,0.0228251429170858
804066,0.02114936807921859
516259,0.01733691624234505
917889,0.014324934948943603
958996,0.014900067744068447
447872,0.01994150638522329
812912,0.01910470049772627
658220,0.019145471077249034
261221,0.02150906758348547
288512,0.021176175331939
252513,0.017625089296414414
901331,0.024869707763833068
888147,0.023876461783161117
988258,0.016461836694337574
136933,0.014993786593879817
353848,0.026600210506831104
298062,0.028148062590949756
601386,0.01353881364283101
668790,0.023505109820081898
507877,0.026323902944534072
227450,0.021313721871017113
589491,0.02722221188973527
880744,0.021196807367918645
560860,0.027482922224440064
638232,0.024736329130866607
377058,0.018701858052797057
311591,0.01567567420718505
207633,0.022630046847162605
314905,0.019186852531267746
366105,0.017803088072119114
940572,0.014181930246422251
451074,0.01434973012152312
394876,0.019783730904932666
429685,0.019438384099622702
330835,0.029474046590600256
865434,0.01908407677892298
184226,0.029489147472153195
303651,0.01931381708699258
294256,0.029904326737035504
798932,0.019783837643935084
761989,0.019506821464164256
925085,0.025375952387353976
405260,0.023806260666934562
902900,0.06073220528097137
923416,0.01986125991966599
792095,0.017568602010416195
760378,0.01644710111752841
988900,0.02650529244005591
673215,0.02078789497002864
993882,0.018301726943900427
324119,0.018669452775759363
902930,0.054587161949022314
316758,0.0167239474121977
221949,0.020782395995438175
761128,0.02264931725470583
373408,0.020839969100438487
887840,0.022798447990071136
985225,0.03055033745884124
525795,0.014236179973921747
283368,0.01787989260531572
311144,0.013711903595942468
880873,0.02138330372885773
956723,0.02339179676905922
871007,0.02695912520389333
269931,0.016562300964499448
577539,0.02734311683836481
633267,0.027202389584820588
704549,0.02011803347679521
276366,0.022918011123522087
912458,0.01648379290078692
649283,0.017975612498010808
880568,0.018427558016545314
116675,0.022021358310184078
231407,0.02780669078507306
804555,0.015764758114034078
282963,0.01674376241607858
794678,0.02463429581081594
270437,0.03104621680056394
607600,0.026987021685527742
174887,0.04976704415149825
336796,0.027125522112419375
306420,0.03159290737191167
910008,0.019481151106140945
423047,0.02569790114188594
518133,0.03137454024183478
519220,0.01968356166921252
671770,0.025620316038296273
914515,0.02487668298826508
361817,0.016443191134979863
217825,0.02191506899454618
752541,0.022516455362487767
162657,0.029597069103503983
999489,0.01895004416037811
320695,0.0184988798471088
867443,0.02819080875392069
527219,0.016669253379480248
757735,0.020847776391413313
231450,0.018143802875835793
993602,0.01862033578584362
410261,0.013057840959956372
331195,0.017748068425571237
204769,0.018643948000724525
849105,0.01824455456862993
623532,0.026856208636920616
365664,0.02436195383210957
611582,0.020129712237568757
687480,0.012302918620598097
303774,0.024742386493857432
240643,0.016974442252384994
257826,0.026088555584453676
668628,0.022597593951591582
241728,0.020136254190313525
480382,0.020750050760421017
866161,0.023780999455572775
419934,0.02310938355643587
961374,0.06139931620177332
616795,0.017732429574201628
268824,0.02751488099394757
583252,0.023189351888873923
328516,0.016443685935854102
170496,0.020911721697355223
710188,0.021417692820468227
266998,0.024614616475346646
464388,0.013246737716041911
456287,0.026099552833069938
501637,0.022839452992293757
688776,0.019593400105415902
372722,0.015169315287738062
623835,0.01433252625045752
131324,0.016250016230167932
479676,0.01903558522375127
536899,0.016821679865241575
995249,0.06096972993775965
283976,0.027566621836979006
513920,0.0181017692957854
204643,0.02736673989217253
822200,0.02334558951496177
914900,0.01746797388637124
530230,0.02130214800347457
274323,0.022391933241949196
994799,0.02477383388676935
178716,0.026246391835067065
292966,0.02193793498129094
731042,0.017387666713276673
682403,0.026305265786849306
184424,0.023045622895017
780898,0.01541313852546506
900177,0.027723105213468352
324117,0.02249887268421073
290231,0.024361926324700432
480249,0.02508836025948026
584303,0.020436906276650586
385080,0.021664826608333784
622841,0.029476570732399295
564700,0.022951956336111908
942633,0.02668914451601275
725008,0.020428768397884947
943901,0.014081117475554834
432121,0.0163604982720552
783998,0.02211603939216161
388143,0.019017310381805753
300609,0.016443191134979863
590006,0.022582490062713515
194021,0.020331184982995094
854667,0.016447657181516848
253960,0.019748551330020358
778664,0.026757530120487965
698168,0.02215100042720144
505043,0.019662648275783685
725345,0.014275759436328223
890091,0.022656318124466293
906045,0.02126091512184001
401584,0.021548463198893582
975833,0.01715222066021254
595766,0.023784700609046253
204475,0.02686875313943475
142054,0.02320370433980438
164501,0.018149502958214873
983731,0.027911518225891507
229815,0.019635473419110816
681884,0.023367989842174915
599796,0.047480383628737195
747903,0.03133759856039136
516576,0.025892025013355108
676655,0.023551760174713342
804740,0.02893002852005751
250499,0.02519899343078984
599054,0.019963109576665052
638139,0.05897497535442518
883823,0.02710748403156605
317105,0.020155570375587007
340090,0.021616132863137745
181068,0.02287795399812298
452458,0.01599590127421909
140848,0.022960100691535083
783314,0.027040289704789826
227303,0.015452539003268387
730260,0.016706741067516663
396242,0.02036999815205695
462845,0.0180327524418263
765456,0.03042093898958619
729255,0.02251400383341609
396038,0.020513669812445266
135207,0.019986225374169768
650761,0.025221776371381562
271443,0.01523885609947107
985665,0.022895329952999192
583353,0.030657128423719822
943152,0.02887601097709662
978576,0.0289870586101487
525305,0.01866740668610687
787528,0.016530726281844557
109249,0.01990762150127549
302052,0.01861267849979253
245653,0.02079532550549495
245922,0.02357433714356243
111225,0.018721782627193293
459145,0.017411549241318824
848583,0.02539778956912925
147793,0.013810296638617612
585865,0.025059685940745167
301646,0.018078511494070307
908828,0.014753395144316749
986830,0.019045881498560183
796038,0.02218148599243408
900241,0.0291019493672343
821039,0.02768855818366431
978883,0.028380563782165462
225703,0.016930144933921334
962515,0.018236732231210813
986741,0.022964871440467084
680532,0.021013065972306195
581681,0.013573871317665378
667880,0.018255658159190988
628561,0.01670744745777684
738705,0.029750456387911572
115266,0.029113805933623012
503714,0.012931267507327647
471104,0.029932680007346793
604239,0.025903037947431217
986240,0.022109046902080653
343324,0.021165810177391758
990992,0.022177438035769333
771805,0.01507364024577199
888017,0.020986305968685445
139994,0.026842849852482076
813135,0.026954590105441333
239180,0.014246185032286278
846790,0.017763628879854214
417987,0.017809923138262705
227749,0.025380616314138606
999093,0.027978327543764628
647567,0.014321607272732972
832635,0.019355312428556683
190360,0.021811835820708086
258175,0.02505503944200853
564803,0.022424610137618015
348030,0.020747817737608077
461891,0.01605700977692433
345742,0.01978745436577397
649798,0.014714033662580112
861853,0.02069685048278864
439152,0.024594118711567636
974441,0.02384480504958013
246648,0.016575103504286405
445354,0.028412519909476477
440719,0.025412870320473572
639250,0.019020496715284697
613528,0.014470562707904538
522852,0.01972837360207479
580831,0.014675722013104518
953920,0.021375345097639865
443062,0.02308108949719023
913394,0.01713245492022838
671625,0.01686842067047563
770915,0.026772576000634887
962857,0.015788157488021794
113208,0.021889609668383398
853229,0.020086556591996534
865991,0.019907898581601677
862105,0.020790870942779482
761350,0.017250513532054108
368938,0.02140513769402898
974362,0.015227927704912917
513390,0.02745663650397969
613261,0.02074106130298218
314746,0.023318840359051626
746944,0.019681152931188738
921326,0.022800889496747318
529443,0.02158016534069622
577093,0.020555572876108985
525616,0.019706278530511958
636947,0.020469772008559952
903872,0.01499077459674458
370829,0.026322387662301782
357549,0.020102996299042875
603316,0.02110238441991996
144168,0.024580659537742792
763536,0.017060785875291324
952386,0.014086372916968898
966550,0.06464376302767774
349795,0.017133462072045958
333988,0.01849868547335823
542970,0.01903754344345228
896099,0.013990062754500418
182639,0.02785833526877459
505722,0.020221113013033157
409132,0.016443191134979863
241610,0.026366716207958506
499954,0.02215114547020655
840339,0.02295158997507256
726123,0.01812807161683214
463851,0.01872390639133779
169303,0.0206587469815168
932121,0.01922658656402311
104460,0.022237503107302173
648976,0.015612093360366104
233200,0.0235260412099961
659984,0.015216654083434358
839922,0.01648823399984619
984107,0.023068687497831954
188360,0.017461180746202423
744263,0.01499077459674458
581183,0.015169818767735833
642033,0.01657495771551452
882695,0.03324758049416401
747101,0.02248347075800575
954621,0.021691789697682092
897553,0.02041143044974183
873558,0.02135208578854302
929518,0.021184274372445445
208698,0.0243390908769183
701611,0.01935824677484371
648398,0.014180754566557785
967511,0.016706741067516663
268904,0.023765874345774596
426257,0.018152140511164986
213567,0.01484869411976741
555128,0.016766415869951423
293185,0.02157460093656493
515564,0.01730160399179632
802972,0.020246561196337626
178648,0.01864909425212727
582172,0.02487258623296437
608736,0.06470090811169844
765903,0.025941177475086084
566468,0.0182252407988741
510451,0.029999755454460507
542412,0.024078296848286974
411796,0.020504067213319266
207204,0.02550549070459294
241547,0.01736724668815048
153814,0.02226223240010688
499211,0.02707532467839286
226712,0.02780313005379527
284606,0.020287517180337732
920188,0.021243060507673217
530383,0.029065445806070168
974201,0.018542131367869575
544124,0.026822597060335015
634994,0.02280468834460799
864115,0.031081172827979096
804972,0.016809274349048168
907919,0.016617586946768396
111463,0.02198860339936394
228889,0.021890918689939504
605524,0.021848301743613137
297627,0.015952302969970654
788457,0.017912817092195166
657883,0.02002763459420079
618591,0.026111948433691103
421287,0.014147921167374294
953871,0.04658037328747942
871220,0.025259139883760197
227528,0.022683164666364226
358460,0.02094276872186377
952437,0.02138004091205251
824990,0.016669834156159052
414291,0.030888787427558434
828542,0.02969262288405512
601742,0.017477345184797842
735458,0.01894664989881497
363792,0.015796852476398487
715181,0.01840545884528524
773114,0.024554393200412646
351827,0.01760970888635721
443957,0.015203811157719911
508584,0.020569633877512813
971615,0.023163222797681113
356056,0.022421427529921212
282556,0.023581180729255982
763093,0.02374482403785992
346818,0.022129765913230147
497140,0.016443191134979863
138913,0.01773210439287491
863831,0.018638511048373496
905098,0.019785982718453676
898275,0.022129389996955594
501020,0.030848356442378808
431640,0.018925541077003737
815784,0.028104552191331258
301751,0.02155114934432615
199291,0.02710204872488263
839999,0.019468348101128418
226218,0.025123543245913944
712841,0.018366262755661486
805282,0.02362818604699393
261568,0.02165210976982083
185822,0.01488368920455002
524432,0.02257865164942475
179755,0.014086372916968898
524426,0.017830443473350853
803799,0.025820805445623478
753258,0.01720728479204585
864408,0.027476862820410963
620652,0.030158379021927667
495260,0.04449914137970581
712848,0.019857795750781185
494486,0.01644769206437584
920689,0.017248200535600885
226562,0.02066138885617261
846268,0.028984344722488474
830392,0.045435067738938725
576589,0.022064800818832796
980884,0.02242346212219887
378419,0.02194332438440942
675738,0.013045970167909383
633195,0.024850710675454107
745008,0.024294170963519397
196360,0.04290819821733996
279686,0.019942628414679465
287942,0.013272049756162906
865492,0.01824414677242763
459508,0.025749074303963917
366430,0.019695159528148064
731228,0.021473327790246174
730816,0.022702825520360213
372459,0.02571714837492837
547811,0.019172846683032554
381120,0.019018842828720038
343498,0.024545761963805823
899652,0.02787736345213443
976608,0.02259252885192283
554540,0.01644466819589182
548760,0.018123484983734124
958665,0.017717365689077717
509352,0.014445850464954429
758970,0.01995048296864979
354921,0.02089491280078666
478526,0.023104720975298688
624187,0.02769185388529689
728122,0.01619572632504582
635415,0.02848827083362477
532483,0.02656652609632934
570714,0.05630211243538678
746314,0.022979981356535832
473128,0.029734465226621962
650207,0.024023350243771894
780073,0.029978064439833384
932957,0.018468869630674407
103480,0.01887087460864767
390789,0.027236410550680944
595604,0.018614210579843284
193110,0.022834475508101023
642719,0.060319730124761176
616472,0.016625716014825865
975201,0.01927762671230639
461877,0.023656690249220035
873755,0.017230884146248814
869781,0.015750974458068112
471519,0.05890175108707328
913464,0.02935133785465873
526631,0.031271923464202246
406694,0.02088986746332204
658562,0.014484558178055242
234234,0.015935181910811485
915929,0.031833670050338464
656335,0.027569045316640717
169221,0.016778054657344218
367620,0.018473737248795457
455364,0.019207520861048856
875533,0.016968387959635386
945748,0.02454758050639602
622339,0.013827781237649713
422313,0.025025334099956074
593137,0.01942412523015116
813284,0.02537754528762189
443487,0.017656616868240913
240107,0.01633900340412773
986146,0.027167623855844657
691086,0.014275759436328223
828368,0.0625323452825902
584151,0.021090103005870643
233501,0.017088084610939698
161769,0.03149042791372099
377090,0.020504264927586408
324300,0.015637335255014307
609105,0.025095740447113893
685685,0.018165456344619812
839970,0.019487757227495045
951778,0.018037235612736745
771804,0.02388474027197219
937405,0.029304485434501284
401668,0.02074910854033158
832072,0.03860308875306598
216868,0.016706741067516663
459520,0.023353527283426986
528451,0.01858782167609465
955819,0.027374692499550286
784942,0.023713937044850666
303400,0.014344915361528104
383200,0.02638462212168198
144449,0.018159208047194963
188626,0.01990273823834934
686910,0.02164563360441518
720584,0.027754005794314678
573092,0.021867478737675375
329543,0.020240778310849385
704651,0.021462626046592798
594878,0.023536446602403976
369911,0.025743386143254356
217326,0.022784910535666766
415428,0.04368818372296379
429406,0.022786337750123637
566340,0.024077193459350343
967554,0.017889543582579884
228280,0.028630747756610276
405591,0.03169060602479312
999337,0.017246357723153312
559323,0.022861070706739147
306605,0.022187532191305717
689107,0.024681505323222015
882113,0.016714197778206784
428929,0.0179645726322131
922926,0.026339728338015206
912635,0.020607332243555307
254147,0.01933866630943657
681179,0.023249333992685396
986893,0.02114075692872656
883959,0.027132880027841345
276329,0.030743751786477765
612844,0.03733740529253582
717239,0.028526896364143194
559095,0.024064880696681338
871194,0.02752595547982421
155560,0.05528449912999395
539144,0.026954910426992537
675382,0.018999239286686193
598436,0.01997845957042306
594694,0.026939127211331168
611750,0.017983291155124894
449014,0.028706739866820086
882623,0.021987714887784206
595874,0.028731047224918836
981921,0.01800320392772874
641788,0.026372924345732126
257874,0.019144811707374698
284781,0.023893476840024946
250605,0.018355244750405668
461488,0.02201875183874215
857205,0.030614002943540292
723264,0.02088627323626787
596478,0.026891673712926525
626882,0.015093890916532472
647677,0.014617938019396556
729498,0.023195112007574775
533410,0.0225925249306264
478537,0.03145972754521646
496177,0.019237384388783918
338898,0.023034064733037013
357551,0.019745727549627973
305330,0.06027144011889167
702108,0.017272315052488062
882496,0.027578930334718213
972186,0.027171058184065327
742874,0.01690644560448384
101781,0.026196959442658665
662655,0.0209809398044656
993862,0.022898658832240643
651191,0.02274337374096917
826823,0.03230848062736344
552453,0.022571368057873457
210073,0.02694259595633771
204933,0.02551093363014826
415254,0.021522935261458976
311474,0.023614856161418087
912550,0.021347971336761914
223893,0.02262582398424572
735549,0.06472134914455581
581719,0.01624997040463232
855793,0.019629138205795406
621470,0.014852674744441813
835216,0.013950188120482645
367735,0.01570713471197117
183726,0.016478639212837164
719038,0.023203932029486875
874462,0.016850642414620552
214062,0.028326736701411233
392622,0.023519196955208394
841687,0.013448646219148602
804350,0.022151627995856727
632628,0.023389925593178672
813326,0.017005881386533837
498535,0.02408201621714169
717191,0.02026994666561696
693462,0.022215431835025702
738676,0.020452598843090766
491123,0.016512339085956135
747606,0.01862018707974157
532572,0.028309566157929057
567958,0.02004969333891829
172118,0.015743726950534616
340084,0.009601518412934005
246756,0.021731091047987414
747605,0.017613611115944904
159007,0.027936693036866484
498757,0.022913409423530536
112884,0.01778249279723387
905816,0.01623673643393144
937384,0.0275554577875994
754541,0.022610638453329182
997693,0.022462577796391138
210056,0.028593673516359826
939250,0.028787026239209642
514707,0.022951607041453798
967457,0.01615559830361299
502049,0.02121427363000726
726895,0.021887987192672598
888064,0.0181658718844007
169140,0.0201796175299727
273562,0.02628213475533939
976776,0.01914128668340674
205127,0.0207820407533417
275837,0.014180754566557785
495803,0.012144460685507596
230640,0.031398496296896845
177157,0.028616596445032866
898400,0.023565848012919527
574812,0.027314090164957512
657509,0.019407166304171827
139377,0.020862334801799283
915953,0.023394706168906775
551394,0.02875983185675794
945881,0.01797451796811803
889127,0.02118790266511926
240806,0.019530829139289243
248734,0.020446270657537794
972530,0.01994555797352086
897111,0.01800502034182351
315068,0.017246604094894515
721963,0.02791507831005961
558636,0.025953404762847535
630218,0.02615290593673789
442881,0.015683609239631673
911295,0.019272550198456015
568157,0.020416523140720594
564003,0.01384223325895245
275557,0.021662991444875705
253146,0.02930896788858338
669305,0.0267157961326179
314898,0.021889493435313833
817091,0.024511781015954692
851639,0.016880432764036904
519187,0.02220350134020329
484451,0.01749217779770555
313997,0.03241734449549902
940046,0.016443191134979863
426653,0.02197273684657468
621965,0.023945301411303067
597978,0.01384896756815535
294584,0.016400845989387142
312603,0.014795463273864244
138914,0.019746910385202928
106617,0.029130158581159145
961596,0.017884382165771935
437973,0.02667378339135902
280118,0.019544449075265348
143542,0.024614556316389483
423516,0.022239525299012648
913941,0.022268034915619694
414307,0.016194250453502868
757271,0.016297886453265988
655382,0.027429806830628237
738083,0.016931879986718187
940799,0.018280096617761966
423232,0.021941937714324768
789277,0.025581430127869727
555079,0.02670820215717312
176150,0.018680404234374805
811572,0.044303252169625454
132073,0.020557274342725453
835859,0.028009657961103322
129908,0.03968274734138026
581337,0.030135155167741106
424307,0.024672532745574217
158268,0.018415166725136038
274874,0.017593909819411172
757599,0.01278415621003051
172576,0.018595979819439105
340006,0.015182125083499753
432100,0.019722177888165496
757489,0.01759674083426317
875573,0.025847637594854016
606804,0.023863865366209786
484756,0.022872145091217592
167692,0.0209189026585179
664810,0.016489153462950414
991002,0.019487412133280126
565577,0.02549673331919594
827178,0.022086473207880028
463897,0.017576126423212473
114570,0.019382394876390544
798368,0.01737389832178858
953144,0.016709092064710676
728382,0.04582712694352371
144620,0.059690560087184596
396020,0.028842318538532707
658659,0.016540704190241565
105970,0.01958391209381245
839433,0.02289192462347696
473083,0.020023895956613226
451409,0.023107148526266035
892102,0.020977232772870686
823870,0.01822870307548235
905782,0.027231344428416154
212494,0.027501201247603767
653286,0.02476652638351035
409898,0.018916746373169233
792023,0.01752277587415259
442830,0.03183816447887648
533341,0.02995625413459628
223976,0.019790831924049533
924823,0.02554550801658746
506945,0.02215049975277324
688885,0.01983355070449344
317869,0.017542369544626655
359076,0.02802200243838928
958694,0.017252955057416235
167745,0.022007510372338043
662684,0.03210013891626273
604579,0.012373317097752658
134796,0.016204166239839054
244693,0.02218081151914509
172699,0.014050478184644994
742748,0.018052824043546745
323120,0.01724658779579305
599303,0.021208936718134057
125122,0.01674630790741779
447377,0.01886966964154786
297040,0.017360108856888205
827661,0.019536525488770815
601592,0.015182005313006473
223764,0.02033128793941145
878984,0.041336068894701886
453175,0.024778154298427633
548998,0.020265438141041245
560661,0.014628976081702107
745380,0.018917557578046175
905842,0.026190177504043104
657863,0.024573992258995585
966586,0.023684151117559272
931112,0.02908386382437867
385985,0.021992335968939934
638660,0.012688385262710601
899273,0.026791291920681033
563084,0.026308359932004678
293125,0.01564870031298763
957425,0.02662662425305074
593828,0.020278246168776087
450043,0.01998410198773915
637142,0.020609506403515342
501352,0.02865124166586332
800160,0.03135895024952645
366673,0.021198929092223297
157435,0.016446007100205787
299887,0.020041149971001683
316697,0.018462622393127764
725917,0.018851318576618873
365668,0.019018842828720038
121394,0.019017430794552006
567482,0.026619196834351246
120598,0.02673054627011943
476334,0.022243340151456674
910292,0.021923350449282356
592428,0.018654612707928835
422797,0.02478723430452218
357802,0.017103892499597154
170885,0.021001865250017782
689828,0.026186502054373683
637336,0.013827781237649713
459703,0.021831342374106468
509749,0.009512586663096628
276157,0.02827800249311177
706477,0.021231731562169575
251105,0.022756520990809066
298360,0.025499927701653893
839929,0.020247117762510487
262189,0.015714347009872735
562240,0.02728594362414361
957802,0.012375551510344054
124591,0.018366934906870264
787238,0.043192871629296574
659720,0.024282078443914723
849963,0.022413849893995037
260884,0.06313627598188275
894395,0.018101978804307552
102182,0.022199072706213123
955518,0.05681519618553929
953288,0.02223147470814562
534358,0.01799730278020323
160361,0.019740820276682308
600177,0.024711437973669394
329043,0.0156228878223391
657937,0.018873506616936455
571971,0.021747353127168932
783744,0.027991762797201145
959900,0.014996134416808499
590410,0.019193602001068406
972803,0.019728099162411136
125396,0.014052119801612655
127313,0.03017932668244792
412463,0.02053038252591625
563667,0.017062787888945448
819852,0.016443191134979863
214661,0.014349790759591514
425140,0.019839859228114955
123879,0.05171577711815315
151605,0.016552730830672158
233556,0.026932618758453108
290375,0.024032556792337168
626460,0.02483468790111429
979603,0.018846138822564383
461487,0.028685735009292414
525576,0.02794690255595483
779747,0.024467911308164902
974151,0.018623443061051074
881426,0.019833822668500607
405716,0.021737264298014102
945072,0.023708339960780863
742974,0.023222615421403903
127095,0.026835039894841994
621756,0.06110162330961428
560169,0.029834801780660516
957193,0.021362998700979404
350338,0.029084003837086113
384534,0.018662885695556776
430660,0.023757726920602584
656100,0.019766808438932543
706339,0.02358805820509563
902783,0.01601881921997875
225449,0.02922362037467836
206237,0.019371044527815833
688482,0.027873970859983797
364361,0.02359842170740689
456329,0.02063488975183767
413000,0.02483719213152676
977002,0.018023843805490256
762827,0.01619633336891893
920738,0.017506543778981205
220171,0.014086372916968898
500069,0.01857270007807839
493034,0.023342352697567896
443404,0.029971067137506094
936534,0.022706644381495077
963129,0.027706900531148732
325690,0.020482947249486017
748768,0.022649979369565552
401790,0.018008698800657266
234093,0.018342931209094856
910130,0.016748263022458475
539864,0.02682540538414299
646320,0.020517536993445867
895474,0.023012825490263743
537956,0.02343924522482775
569919,0.02751670704129129
382962,0.022643402487771868
997289,0.01698765046304433
572135,0.020125952422508756
363380,0.018964648488197303
467418,0.022091584787152726
588095,0.02041701095929251
636294,0.029275835262781717
440382,0.0220870216898484
799029,0.020264364314517107
796486,0.023823045601227617
756243,0.023258856207597635
648783,0.03294564072891506
615973,0.025747391193756484
845965,0.016770249076577735
864995,0.019677229906294072
625439,0.022209635964359556
842767,0.03916488040045063
702454,0.01827425057692414
307832,0.031794219931364054
384079,0.02592916426035196
283402,0.025469548923234605
375565,0.017208591403937535
941153,0.025521396382120864
942715,0.019582334393211925
471546,0.022228904175450773
698967,0.018303873278832948
715902,0.015585558230755877
782806,0.01716278587349596
587846,0.019330668186327043
900785,0.06028578700727469
921376,0.023763382406512278
234586,0.01841574210609274
167825,0.04087725616636054
909418,0.02322480103210211
699853,0.029758881600358576
826253,0.04351844804953301
399663,0.021284344279014825
561022,0.017135758626943803
691893,0.02269283251251463
228775,0.022003100324759987
491035,0.019685803423721497
565996,0.032504125315421295
182665,0.027485631136132938
375278,0.027706181645700656
924751,0.023627763593037438
124683,0.02926177298672332
215479,0.02627893609720865
742275,0.01644574653273779
224105,0.03081119235143481
708266,0.02500105066757397
334820,0.04776931481484857
925374,0.014086431048806239
630043,0.017908200632997102
458798,0.0216169428570159
326492,0.017200802161069333
978312,0.027768496883574616
888978,0.020273826065990284
641940,0.015847029867880467
247600,0.06393645257759573
743258,0.017557722480698857
821580,0.025479150940429744
337561,0.022238975328921568
215436,0.019619812991754405
452306,0.023200642677595883
522430,0.023392452049469856
785783,0.015310251348079111
523560,0.017068142422564093
124571,0.030463817491173918
815314,0.028852071657060687
657589,0.029058396798143666
362355,0.01499077459674458
209313,0.02378569401268666
247249,0.0194655686772029
241477,0.019651078651702163
199245,0.030011823592036503
344505,0.025060644338828243
287937,0.026239018192516974
703821,0.02419135884320514
301659,0.014762876222877109
622340,0.01845226420974222
941082,0.02646972025396495
730681,0.021732381144854953
299081,0.022160846578106342
705419,0.02147225814968551
807696,0.02246416707823185
681726,0.020005842399884614
529446,0.019896903902557234
714464,0.017948875350841043
382812,0.02177469252223719
994873,0.02171668266488302
608787,0.018693668064240204
540142,0.025339225001688878
253059,0.03242610186538853
987995,0.02355114862182159
345144,0.020367409452455534
421755,0.02645730986264788
402114,0.01894369763433545
214968,0.018559233067818284
854697,0.058452268963532054
790759,0.02293433688174616
479423,0.018668034556772812
405600,0.020198402706384393
693157,0.023097956315038873
825152,0.018110795679073734
331861,0.022719049052492897
661648,0.023053993278137667
774313,0.028524725250441394
232957,0.01423891513977503
707620,0.02730120392076478
975239,0.028712475074086276
973415,0.020402361230491738
525898,0.016628004175754482
372490,0.01898251998719276
431393,0.04439096219825655
481689,0.02768604996850556
940475,0.020497318728506533
770649,0.022649207148012784
266273,0.022410194982535124
199420,0.019157924067767965
364930,0.0153104081527353
787806,0.029392058649876186
836105,0.025154606965307816
628011,0.016229809565096058
274076,0.026342116291960024
451676,0.019490564109129645
385973,0.01618957185700988
361492,0.04447008401629358
867000,0.02837610723245802
254549,0.022491300707610892
814289,0.017200912733420642
104919,0.016203063448255197
287113,0.0320623511547203
174369,0.025208478768417895
861290,0.023731779188003704
991139,0.01860459123211239
711460,0.020506904762439986
541382,0.013488098436119407
885029,0.02071550247612728
371109,0.02395524133177379
874614,0.02682422268236981
315824,0.02090518113263969
891480,0.020005782072455684
229082,0.024546413868312023
317966,0.023999425397682496
768626,0.018947853879649486
695331,0.020742914655650122
307989,0.01946856589058134
356139,0.01966361059609047
967452,0.02490019467867118
439101,0.022606212622333813
420237,0.02218072458639604
428491,0.02362211590670451
119967,0.02563104055729475
104936,0.030458895122233185
467050,0.018637604684712653
140632,0.014183242581745857
443510,0.03238948308541258
866462,0.019048243723099798
414700,0.018121629440836846
865392,0.018628177515520823
386124,0.02041887962954218
998795,0.017617247183788473
884553,0.016100460043905005
738210,0.021434106719729215
131961,0.018088033462448857
878613,0.016968991408144594
470482,0.0329952242160781
444544,0.020095395309753652
922992,0.024686649370293818
112655,0.023000659166285145
777395,0.02704752913418387
221111,0.017595667750887722
196711,0.02471312339645641
152767,0.017971280997937048
131886,0.02091479327255397
710383,0.02693611745063697
722727,0.02011802366123938
713141,0.018195151062206177
402132,0.022591790539545534
455320,0.019714403592261343
726182,0.019699402923800267
833424,0.026101318938479556
221898,0.015412705045860951
840028,0.01843091055739994
423887,0.028213981126590442
651158,0.07133442447955188
897096,0.028420620346054973
480157,0.022024813762405983
781218,0.021820526231621496
988791,0.014100084526453949
732575,0.0287502070066395
313261,0.05179608900523229
417489,0.021011280344007167
263403,0.017298588330241785
572599,0.023505209344800986
562258,0.017983008514607407
170286,0.028542802894420616
800969,0.01717484950689677
242458,0.027865136410810773
798835,0.02538067900553801
431660,0.025528806445170513
380252,0.019996431366781704
187423,0.019569484050100717
908837,0.017865729831836187
435712,0.017762329410328116
220487,0.030097978773771825
100425,0.014062265479086185
691369,0.031766167006769416
272162,0.026778734417117648
648650,0.022237503107302173
867305,0.026823848276695424
651923,0.018354426139764596
469732,0.028703681883260446
388626,0.029174895064364412
718562,0.016443191134979863
815123,0.017160302742619555
226348,0.01965145838910107
644562,0.016578030346117253
277925,0.021545143521962642
363909,0.022419046288020144
103757,0.02304534474097683
231929,0.02216314512239608
439925,0.024385868308448133
140018,0.01971119299172158
199757,0.02116526581191124
996068,0.016987686056371427
496806,0.015030365449871222
353735,0.019750573773640392
746004,0.020570547369520686
858384,0.02224453687249521
256024,0.02528786141586425
146397,0.01911932066340314
880001,0.025666881404781853
916995,0.016533709347679944
536894,0.022425678684345557
723254,0.022594435801136185
772076,0.022652731345798587
477816,0.02338450400801539
142797,0.029204462094064024
824763,0.017260824796551725
262666,0.014050010441009932
338337,0.015414199946706076
302883,0.01889612695708623
401821,0.019392128682274665
796705,0.017670682355516307
876532,0.021640849087171506
685378,0.020118081548328195
923131,0.022341972108312392
204926,0.01671934255973858
536892,0.019520720467100402
619815,0.011321183092362134
216021,0.019679080851795573
356563,0.022431385809692374
128379,0.022261668931270902
923294,0.019913846849148462
499607,0.03433433175084268
475139,0.05889909129721385
704530,0.016315837031285026
542871,0.01777939027838556
216412,0.026017150049799865
785559,0.020199579534171504
780229,0.021665259251003877
873919,0.019857366419195797
401760,0.030742681498476816
605843,0.015995579443468896
129520,0.020503019241129464
271498,0.02583005938341619
937904,0.02364847297973182
227979,0.013476680155817348
298915,0.02095992531499951
253283,0.02053079069200609
302631,0.023743541090603015
493378,0.05227246225325289
279746,0.016443191134979863
381627,0.019288801111410684
223591,0.015412705045860951
186828,0.029927837934863963
771916,0.020552133257409993
895729,0.0222389913258579
385314,0.019093586870025926
514219,0.017135979888232903
510031,0.046323139619385056
258728,0.02257665793309534
316108,0.04572747317681172
653932,0.02167100402035429
222770,0.025580417178657965
814137,0.022145683619806743
592242,0.013450881299345737
385879,0.02748655931577764
867075,0.032033233037401
292198,0.026200883226838823
972263,0.030189639595217557
132257,0.021838261979317316
659402,0.015934295164491397
962945,0.016330734451305697
243260,0.016455062186195312
992730,0.017826190927120542
274027,0.0177873531108739
650738,0.041977515052775985
526654,0.01805409814264543
104934,0.01966521227675475
717630,0.025889191413439722
497639,0.02667199252817406
467177,0.01618389508832095
568875,0.024409176049463927
123823,0.01927781021064104
776436,0.014182772964759845
250375,0.024822589141432504
174039,0.015333340127789157
399295,0.017399442401178675
988720,0.023185731657314197
835497,0.01785524722593095
839113,0.0456063797864
888661,0.017606335812759426
529492,0.04300035503797962
329611,0.020921010716832302
805351,0.0225943215142043
596657,0.025399466974759467
218785,0.021851353913595748
196769,0.027292959605202737
803021,0.019721230741674117
282229,0.02627098836798562
422799,0.02588693836990489
996489,0.0243946162605917
607699,0.02374834392875251
931055,0.012892146258645676
390549,0.015499981750013101
922809,0.025043419001316906
689924,0.01313716152523918
255594,0.026675422041699204
344190,0.01624897994293227
368919,0.018340863487089267
612147,0.01861201195693562
163513,0.024385232881073013
755719,0.020911483678622826
272348,0.024584091797249904
141319,0.02745873665610791
333615,0.04980742023095171
354467,0.08220984118308132
892310,0.01772838634506254
921573,0.016700231694274873
784808,0.025623252962299694
477997,0.02272648471795917
470333,0.03380019180176053
796915,0.029523246669633837
112947,0.021098600697934733
311878,0.015778879428168614
161278,0.020522527564918954
891919,0.01531044104366864
966954,0.016447707248701905
530064,0.02372514839027993
279935,0.02669693947350911
944838,0.02260124540671651
367198,0.026939749606421745
158658,0.03306168469310962
530812,0.030273987001288662
843531,0.027452265424809764
917504,0.01654437211125256
162126,0.026106291699250325
911281,0.02416744975831136
620801,0.024395302105976877
287782,0.0209182899496819
666943,0.014203807952208583
750850,0.022501910059692293
499338,0.01543423198900319
251892,0.018942467620183888
547862,0.02714405105514963
847360,0.0262832042346635
228947,0.02222605765053331
347374,0.024447172157931192
462469,0.028933169414721006
818501,0.01679069744038
518549,0.025424124274672735
155061,0.02638162495733806
125534,0.02162160381915206
610964,0.04041618659877085
144444,0.027309770875745296
133804,0.02589326388629283
666711,0.02189333487758163
691756,0.01884225720327258
881143,0.028408339300938945
451295,0.018579591396001925
233117,0.022045610739147358
761903,0.010247515168381885
743471,0.02187918497250177
767842,0.0258314481443109
295398,0.0667778655120046
351247,0.02119406063287884
954940,0.0205258387257184
160535,0.028234578225323898
177588,0.023256827676961214
936251,0.02038125189053943
911684,0.019789364116938855
635176,0.02118893462390635
460559,0.018463913204576524
450375,0.016723656235153653
148174,0.023423217527131716
266025,0.021912596560557725
103231,0.03243724990741776
864868,0.0230878554514522
584916,0.017622662610003153
316147,0.017514664515303303
207926,0.025814986436063923
982324,0.06404086032576423
809177,0.016446003407095202
837770,0.016036445360476166
498261,0.024910792968272057
806512,0.021082696237588607
151290,0.022088028531610363
281339,0.020547636268983125
498630,0.01975429950087816
638428,0.027689950390190277
507206,0.027743601338725648
996949,0.029658217108005088
768296,0.02568000964084858
749619,0.024388514299632933
646216,0.01645269584059861
860812,0.06684734717202116
232672,0.013957564051759075
456540,0.017018242735614312
233673,0.021739543843562643
612369,0.01249647555944941
740506,0.026989418302656096
163680,0.02648863788834603
827592,0.02613046610051026
593043,0.04364800538002087
287648,0.02795063547199645
134982,0.021552483100213713
111612,0.05978496904971737
343453,0.022113219180889855
929269,0.04341198528006623
334761,0.02980541268326548
211817,0.01951478457965501
988616,0.017911839545751762
521158,0.024165400003789212
338478,0.020455197706203916
545623,0.02416783782163305
647528,0.05398208697715043
923872,0.025378636411255776
683574,0.043864813295432445
224661,0.02197771597982823
807451,0.023252546803772527
248204,0.02158900840781755
876829,0.023928791993814418
378469,0.022241385239445504
903698,0.01740453181699661
268644,0.015029534725680735
907621,0.020905746075463888
592891,0.025309627129767795
339395,0.013497922456863891
100361,0.029963374736173342
256408,0.030173167964429128
197646,0.020164804679874134
529448,0.027544921641434125
565289,0.024566306545781312
204135,0.015983762955526778
124843,0.019592686457184958
188794,0.019550065660406197
288151,0.017037562695037412
347494,0.01647835817970179
886518,0.020814690390173494
667277,0.019409566330970365
467163,0.019829799181371194
471920,0.016391133239510136
321104,0.034126166517852996
780630,0.019670471551883513
271445,0.01885880806870853
644620,0.022982797870330293
348564,0.017965787759433516
561374,0.014563083078110819
520459,0.022195927267125843
267626,0.027168521186642453
482047,0.023176104780853128
758860,0.02650815083030699
511300,0.015724132164215827
829119,0.01624513737958225
579147,0.026794383482697467
675584,0.022541472529441907
629046,0.020500826221457918
517385,0.017098809991763324
575443,0.05885520117683341
639009,0.027076234095275507
190242,0.041963123721079194
471331,0.018717666022484123
476579,0.026505495263545453
592584,0.023487711602205433
699100,0.027289428977881107
545102,0.035529360964557714
221601,0.032361069756189194
618286,0.02341184243810122
716628,0.022636245703811293
153089,0.023056014896692414
186947,0.020723908343931938
570935,0.015274702107366749
864507,0.019572610825465072
850078,0.028347619836488706
958813,0.02932597146816134
572523,0.015247196929169366
446389,0.018985236198830927
281079,0.022031482237494612
703610,0.02073072765905953
915867,0.015952302969970654
563637,0.017300715774566773
669095,0.022066890653956495
440437,0.015575511333779518
831154,0.018728805582596805
951128,0.027334859691913068
573774,0.02066396441471789
501237,0.022035308056678398
435326,0.03302180856869092
224646,0.015752601363677694
879863,0.016443191134979863
145330,0.06277819089434014
114338,0.024704938085275328
574798,0.03061739123279899
312445,0.020183825553676416
163843,0.01758361196973705
695231,0.026237665452163546
511660,0.0252246492991806
826319,0.021678032034382008
616932,0.01006948625203581
739113,0.013709828219388353
237249,0.02061253227608607
853320,0.021434980780027514
162212,0.027685812403041715
334504,0.014906146205960025
421217,0.02428808443843581
148806,0.022736184749313586
920917,0.018024131047102564
343513,0.05195745377203175
163952,0.02578738924897371
534289,0.014446483252978468
615462,0.028519399751362244
703322,0.03190061747060119
114148,0.0201854678279199
669959,0.016549820803189872
579668,0.02013948978408388
916852,0.020332445396269747
780421,0.018956029090915448
759556,0.023463686171874963
736014,0.028174958743142024
271833,0.028694711381227842
831651,0.01994962688620574
353004,0.021383122801496113
516477,0.018163286005075222
435961,0.011939629816193358
185979,0.01948881395572101
916428,0.02935186594362415
815628,0.016076235002393108
654370,0.0169496159462511
608428,0.018214929110309808
232120,0.01958913093509767
390621,0.02795292723037075
503428,0.023399497252522872
857922,0.025806736487022985
251648,0.02614294858827454
529656,0.02210724154985578
502115,0.015260795686367352
635152,0.01478033812261509
835662,0.024392136413852288
444421,0.020420891471579303
719020,0.018461245692129046
947996,0.022733258258285764
810927,0.027496767754885524
405597,0.022055488725584375
601188,0.027047287635293186
121577,0.017577823130943027
298343,0.01988499247231313
570057,0.018171391779673033
994681,0.020515978882323076
938324,0.01979281411416552
932528,0.013205197044309827
941573,0.027212205819690156
491487,0.022118885747480707
890319,0.020290981357191783
623987,0.01614363020467829
326907,0.016949417373430073
591574,0.018992054699995327
466020,0.019064528476391288
948972,0.02058563835562761
573195,0.029358795492201637
869158,0.02221620813429921
298680,0.0241105336776574
201561,0.016473887664007612
187335,0.016706741067516663
265761,0.03130257360741875
634424,0.022698159221720162
680562,0.015130646842887292
887187,0.016748738243577574
585816,0.0167989685070346
142323,0.031048661629911607
788075,0.022159176027476583
779753,0.027444935642748962
208063,0.01848740966360947
687624,0.018668644670725498
732411,0.016452829256804212
356254,0.017129993484884608
778812,0.014891083200657185
423481,0.014891083200657185
888746,0.022803419770428636
557835,0.020206418764563694
663870,0.05822586177693783
745816,0.024117330788700198
779455,0.01899217429642916
350491,0.01932286403790898
265894,0.014757909485708159
304944,0.017346109465168253
249335,0.02213984387506357
868206,0.032702196243380735
352886,0.025427907530492934
428447,0.027008746890260532
534620,0.02365223863399776
789573,0.025656052844806307
103523,0.016939882859069767
321519,0.027924580773509178
477847,0.019905686112447713
100786,0.01385653359245842
877609,0.02655685326478416
663244,0.019189545893790183
130505,0.026330504082430033
300751,0.01434973012152312
358773,0.016168853085446612
826214,0.021130256525250718
395714,0.022887626602212136
756324,0.019835784144759713
109497,0.028137378616385687
476574,0.031180358575471336
472587,0.021529522022206725
323266,0.017856150955355175
859756,0.021095277071219068
714795,0.021798545221431202
842047,0.020744205680868016
724513,0.02024146982250206
819193,0.019774451964690444
406678,0.02342143336349943
318507,0.013756463568343102
584953,0.01724689045801737
887960,0.01814037472354904
127642,0.022395724631941345
317325,0.018607825534116527
565068,0.02040837683517808
467602,0.015376869614805715
893244,0.02280985255253567
598716,0.01812109562962795
491358,0.0206952200039036
203073,0.015584102838990806
997019,0.020297387085341522
938873,0.014057087626326919
974503,0.025507404241663575
510405,0.014219991086124251
101364,0.10871424220442824
661587,0.030605303965772986
897673,0.02489711269686203
970946,0.016028636443683554
259242,0.023045913611406427
119915,0.01915858434449854
724771,0.01766792079301464
128948,0.017664664785495294
138740,0.01718444237325429
765222,0.02257210109437072
520223,0.02460532638287022
685003,0.018299307315361963
641803,0.020280616851575037
264211,0.022126041036627374
834934,0.021314787795939545
596477,0.031709676731093615
234774,0.016400845989387142
780747,0.020678227559835075
495175,0.021436247484551817
386498,0.0388935631665536
337983,0.023375287821121287
516893,0.016991690881936927
304313,0.024932053192051776
370225,0.029395572528980646
673030,0.018609102378704258
927513,0.03125722273013389
913123,0.02860119099246771
951124,0.023869688121573734
460426,0.018562190949614123
819168,0.01934382659366697
381710,0.020333669535889266
163970,0.026925223551885195
967500,0.023375986744248314
126458,0.021003025417530873
911356,0.02569498520222174
241239,0.027919158699700228
800842,0.03169089137682732
968457,0.01919337850271883
542290,0.025444924908701535
532940,0.024130378009356742
943833,0.018132462572479035
314372,0.026112704129180153
582318,0.021297297878809834
324490,0.04361076897155614
674023,0.01909268578822053
568643,0.019910296752369532
233067,0.02969830381975508
796411,0.021293452111495127
859826,0.02135312585891721
358181,0.019125657717331088
113162,0.02470886999865943
940532,0.027047254076688565
717608,0.02468969687201688
155840,0.0203484321066636
586521,0.022504844474950485
717546,0.011866678258753132
171269,0.019439984084021776
515035,0.018779085229138303
742521,0.022961339509323633
262068,0.0359693294282902
141949,0.05938526340575261
568440,0.029851633410920734
249968,0.019676458964280066
765238,0.06085896514807342
189282,0.027238484807137933
368525,0.0162367340505808
431627,0.019765469752865396
173936,0.023350912098215156
854290,0.012839415075649813
371443,0.018088033462448857
211554,0.013587443854677115
413961,0.01863420438075685
823061,0.021509853770985254
347267,0.027056091115198962
843954,0.029801272891684875
399401,0.020115864842304064
318397,0.021586025851244296
424024,0.018951796145370712
975818,0.01968452509802271
222882,0.018802932937713394
296095,0.02260637849975384
623565,0.018514899324000248
263935,0.01931332130400522
737498,0.023692698975668867
747203,0.03295806963213373
520384,0.07482975923884562
529991,0.02001636075605684
336676,0.027605886588051885
425330,0.025596353360246876
529985,0.026211894242813838
463828,0.019792384285124694
522210,0.016032864385623728
745253,0.023965388933142723
560547,0.019012547265522393
884489,0.01695676365666633
996296,0.02331451831507264
907803,0.01951874061368351
391576,0.017414278781558424
961348,0.021481965937172224
367857,0.022216052898419103
160698,0.02720884772032052
936627,0.030723927139664826
751339,0.016786091882178764
440117,0.02262058299282581
524479,0.016443191134979863
110862,0.028662851315483517
106061,0.02096576323135423
469249,0.02995130687825893
959914,0.03288079257746563
903223,0.03068620498384938
731871,0.026482012007860246
610230,0.02552846078317719
603014,0.0282061406364505
859112,0.06512462215656063
616611,0.061313319486371406
345089,0.02086855670638789
161290,0.019486082067551196
473901,0.016142290937056467
677238,0.020991395250740508
644683,0.03365257738547852
889348,0.015646069818156156
690673,0.01706007612702487
588559,0.021644841959776957
511706,0.031192815834388855
727565,0.02541941503007187
557186,0.01571592172415833
870600,0.02182387794734065
176192,0.020728104735805587
311919,0.027324176007289574
781093,0.028012784513166484
745434,0.016789153041547576
762237,0.029987782969788157
599028,0.017331452088129848
938110,0.022244505670263644
672093,0.019463192467457015
384654,0.020011171595615166
264672,0.03018132168894632
701833,0.024563656996055613
581077,0.018671500508430933
576465,0.02729726254356424
335986,0.022787069570918465
182020,0.0178284297424994
625379,0.020363124981624462
777684,0.014446519733029371
716182,0.027218839382381513
784834,0.019075531095314884
681943,0.0274833892976063
936063,0.01942450855187433
958765,0.021545143521962642
977047,0.030556092701754717
848886,0.042991155181212264
669341,0.015689699908655826
885290,0.02313554058069598
849281,0.02803755251609448
435847,0.026799722586494025
635031,0.0443421269778308
182035,0.013309281949030166
280594,0.04541906438869238
390010,0.019372604916312285
878931,0.022386212349575992
597748,0.021787066968004497
147761,0.02999230699233861
964264,0.022592319343587446
977469,0.02563518813095005
293732,0.02154190486562622
941230,0.027872493170222997
454889,0.02535786654837508
438959,0.01645494024799703
781006,0.05860864495641197
239680,0.018569022429994343
726379,0.019155339625534357
779909,0.021293406116716353
179274,0.022730755980697938
432506,0.022463494837046384
841958,0.0191505694917461
648769,0.01986780987487596
118033,0.01397998959338409
918035,0.021082949629547622
148491,0.015742232440828542
537505,0.019743372756122316
762455,0.024979782137329265
371523,0.01973030441692359
562105,0.021864609810523634
924627,0.03404357585669848
437804,0.024866173333294685
505248,0.029158810868661095
251742,0.0256258755574574
724531,0.026890570417809213
693452,0.016553098832794728
344099,0.020542332273272592
649706,0.02198133569606637
905644,0.019684564367415034
376343,0.024157435219854015
378162,0.028618976268243904
402009,0.014445850464954429
720676,0.02261606243577214
750433,0.02831991181035832
992502,0.012945727801166708
781049,0.01916053372907114
812904,0.0139564866546563
825965,0.02673879907246439
365226,0.05973048503741788
930712,0.017963360206027772
209897,0.01610717506613923
974072,0.03256358357938785
446358,0.02067271889034107
702161,0.025335408177972335
891915,0.022995528585356098
157976,0.025291394310140537
994471,0.023538191575693465
354002,0.030208329506189163
443086,0.014370105338951765
697675,0.020224697616420203
496367,0.021972147623083083
308740,0.0158552678521246
726270,0.014445850464954429
874916,0.014566229311264976
525347,0.021293268661634907
854555,0.029734688998666527
851667,0.021121155543639927
773548,0.012575393782500192
624336,0.020375803834563125
424508,0.02069418437847252
266486,0.02605565626972856
766637,0.022237927829878417
884219,0.016467145040720374
697901,0.00945869842247738
123751,0.029096919722898695
911156,0.022238003398232436
239313,0.02081140437504362
643187,0.02108600779019974
818255,0.027272113651350738
685487,0.02069143116141404
312275,0.019054800303313024
882817,0.021036138264093014
137995,0.01986917992428033
393310,0.01904075767736261
412970,0.013773107705428224
642841,0.018501652572166943
744931,0.027456215645519186
780797,0.032878608087171024
571128,0.017298017987128485
303300,0.014427762037320655
904266,0.018034346460790572
134915,0.016444077355872097
178974,0.022374006081342636
593599,0.026057783661973838
304519,0.013201919517531203
573374,0.028900674009701935
138287,0.04919327137396786
105717,0.016455449356128075
128964,0.024247338265382536
446007,0.021083549878470744
252427,0.0180104951079403
873337,0.027896585073399878
618181,0.016355014585956878
366626,0.022326300826124
871191,0.023729016026801015
110113,0.02731453705044684
131116,0.033210559206099444
877767,0.02050931826802041
796732,0.03048137293284152
665323,0.024765759127259184
234983,0.01338999409220236
930060,0.0253472192320994
368946,0.021558661720855927
179237,0.034040157657197465
336615,0.01918755737543883
182713,0.025126059136121096
732676,0.016620825231539318
868861,0.016708384355754932
282334,0.025208690760652446
359564,0.0274852827410882
732894,0.021281512357398103
185349,0.026996815441196476
231324,0.013664866692944888
433824,0.017536053283458603
347067,0.02852299282218615
751908,0.06431549636334612
915872,0.024854432335898943
832143,0.026137148699945625
859035,0.016454814615631124
723956,0.01729825413293514
949378,0.029943349648188615
297196,0.025633274929997275
846974,0.02456845234423318
990659,0.028408922398311904
712013,0.020038299643605335
818379,0.012753845368915764
350405,0.022835690619351205
330549,0.026761260278237116
833065,0.01722425419432836
512709,0.015169253697291434
475943,0.017263030473218643
254056,0.022433420940319176
539146,0.015207891590937543
683342,0.015874589665667002
328007,0.02207334327352255
748062,0.021648779429564755
583142,0.033106116301435715
174929,0.01981627412521959
417299,0.02491223835186775
151650,0.024283183903249583
969880,0.022802088411277233
108367,0.020337000741017606
483705,0.028471955807814517
350716,0.018165794675109058
989804,0.021957941921794774
808225,0.020920600007892684
303093,0.021669841913863022
120800,0.027357990167353293
767815,0.021143918775482086
406292,0.027849600177640585
933237,0.022371099077969823
317131,0.019372389512626948
624439,0.014544331062929294
529702,0.016407309595433867
249882,0.033609228700754216
122873,0.03138850357255183
550026,0.023662404290594855
196499,0.019574734137544795
129380,0.01686863458808562
711387,0.020012497506061638
803247,0.025963261031062536
628417,0.01928788047705414
239679,0.02774676036907193
772095,0.019517107494309075
606743,0.02284568149554155
911239,0.013468965987247379
359894,0.017561699114665416
597207,0.019494198407018392
195309,0.013792076950529478
574787,0.020080728920938602
837391,0.03310655535724168
118296,0.021942459169415226
805579,0.01572535758464057
843339,0.022162151592782727
875908,0.01677233358239589
966621,0.017009736493771105
449996,0.03057407321149754
516734,0.014373885634793067
837494,0.02578141425781018
990028,0.02274284537938021
309053,0.015420580945193475
573877,0.024395990650540544
492598,0.017924225058812332
418212,0.0250977482964696
286096,0.026602670065476498
557560,0.015829261850181603
997185,0.02129333633172038
863140,0.022224288815995173
477647,0.03398383896189951
994115,0.014082448322785556
159625,0.024026414493742147
547034,0.02493593133702018
666086,0.02134643078221655
485327,0.026404103157602374
297295,0.020669503688573846
464625,0.021501460159928508
564055,0.021499182760225867
113224,0.018460951032773995
799471,0.030005166847836964
386347,0.021749550559812987
939031,0.02511056359210929
408060,0.06093685025756937
289888,0.029212229400184173
636589,0.0223664024402473
456056,0.02115356227239064
235843,0.020311425095651394
667335,0.012942584093960317
211582,0.04339618370226731
599953,0.026966923236494144
857661,0.02834651980118889
148189,0.031238495155925385
414152,0.019733366510292946
673915,0.0216328454061792
988759,0.02728937785115935
210456,0.026637918290651305
847216,0.025661636717216833
974581,0.01741504494461427
645072,0.0200951687509363
916702,0.018343190693363768
596199,0.019010996599277734
657985,0.023102339894676676
726505,0.017803088072119114
738696,0.02329709335996376
523401,0.01874534653286386
851017,0.016142042354580444
711924,0.019157165634060003
780213,0.023396667034599118
869234,0.018698416386540767
568275,0.019371201257664186
901923,0.02431569758794789
415507,0.011920901204611017
772445,0.013187458237783284
970612,0.02043703799320553
867458,0.03202214007458995
295866,0.039860300674626745
296047,0.02816843317456406
107014,0.012773128943472552
943254,0.029792009927169183
263174,0.03116605432447843
184601,0.02355006734022696
593010,0.015980589859969804
570297,0.01645434576068502
245883,0.027477280078874247
788065,0.01646315314862825
244744,0.02198438248147048
235423,0.02217097892224211
882573,0.020065612083580212
678738,0.019422630269212426
531388,0.019897837438200956
796973,0.029651352485134366
386389,0.01757281115634645
716324,0.026059405209367975
998492,0.06151154527965625
383049,0.021317956270244597
823814,0.022774485129700775
641980,0.018421407712502932
278322,0.013434175564815475
239036,0.022018254666008697
475851,0.017562494020267248
146675,0.017459438188052148
146938,0.018543424450253313
964003,0.03367644258780728
144214,0.01732323154545367
463707,0.02467263245209952
460007,0.027741535873514696
901650,0.023158795192029426
758178,0.028317026227614884
195384,0.018609570787280098
318792,0.02140281147053393
210929,0.024962109871750782
154811,0.018955479808438046
504683,0.024761901943913808
732742,0.029446521071331517
388694,0.014217450538681406
939771,0.0216328454061792
217185,0.022381627107431395
487988,0.010555908927720221
114228,0.024747218456216045
351011,0.02260506863603414
205998,0.01655347794604736
484283,0.010510571443317148
734011,0.013700246238875183
879820,0.029899279910937826
656512,0.1288464491925094
146992,0.016443191134979863
473842,0.043905148990897
214674,0.015869447818456003
936558,0.03043343281528434
934206,0.019457879235263598
311788,0.0208954954985598
611230,0.01870538348898259
936268,0.016403746238677578
785877,0.01808483075523474
833851,0.05815783611567653
600497,0.014109102588714683
947985,0.020852000923019923
609189,0.019653872846554333
517193,0.023843097037152313
847595,0.01844055790168434
750691,0.020639771352886273
141313,0.022240885111609533
549120,0.021623234580113372
538443,0.017676126996735014
363345,0.02975898709047265
329942,0.015665505302661194
731299,0.02003172692429579
774877,0.016882728933690763
489664,0.026099622962608322
278386,0.021648909063434207
619260,0.021632929165298603
289153,0.020526837431882647
365278,0.018526393921870644
968854,0.023937165073105175
282019,0.0283898377282373
431341,0.022611573808888414
161071,0.047243250069959386
447238,0.018989596575458102
303875,0.02033670153290853
984710,0.03110784554448097
782669,0.021299329838571825
904167,0.024187350558953498
444718,0.015452539003268387
425436,0.027422728069647774
901296,0.018968266897156288
641443,0.021577887309568177
330284,0.02458179559520053
996116,0.028022792514836133
391330,0.028612769352390467
151870,0.014313325799919435
396932,0.024905677779010534
447204,0.02348392621372309
327930,0.013573929401662216
156008,0.016463047171253794
569483,0.016443191134979863
658833,0.01802347547878579
180689,0.017211998826942895
573925,0.016189534684208296
660160,0.02600851178266877
561445,0.025379658184439116
335279,0.018106766324663463
426615,0.02186400900993587
674280,0.01405087666856183
897294,0.013462671709016034
730946,0.021914555737028038
564944,0.021890449931931375
321190,0.01855054423534051
394624,0.02515325942272929
644382,0.01892818709991014
852496,0.028570970356570247
423037,0.023286116952279733
609284,0.020989007869706512
633869,0.018340438513631915
179969,0.015259376911889957
791037,0.014748914207939392
358342,0.01838431062927723
237189,0.026699381213762315
834354,0.018121754309548654
589940,0.020653789602407522
501159,0.026558802685412056
218978,0.0199083306664097
212671,0.0137209408662751
506037,0.02683133221728829
603573,0.020947115232393242
179394,0.021211818683887197
413169,0.019460329828844335
398500,0.02898241551835181
936561,0.057466325595150844
839591,0.017174080896479052
755787,0.014144151949655192
659617,0.02551964562631324
727456,0.026405452666462038
581111,0.013920454732250582
328533,0.04238188711518857
598016,0.015221922755004001
424724,0.015131859991899518
510768,0.029371043947178273
215206,0.014249213016493189
518900,0.02008352716433071
365607,0.018492990823492195
303529,0.019751025041563397
270091,0.028241238002926352
372142,0.020149545213545953
630216,0.017371005161970515
464226,0.02084525801165763
283989,0.019062812314808723
184327,0.02969408128719314
847137,0.0319505887748897
377208,0.016145258101875597
943245,0.02316177703095595
843082,0.02111472753058425
101713,0.022908809098580864
566068,0.03163090402626354
881024,0.03227873973836882
348938,0.024237454396982383
791656,0.024892462145218085
417452,0.02709500666295374
507068,0.02291271652863713
473911,0.02088285712704913
819235,0.022641461983266224
127099,0.021099669039741115
974261,0.01866991278480243
420426,0.02806091490076831
303331,0.026895138428813182
772735,0.014934962500522153
529524,0.01721200524665555
480270,0.022928236158310262
457887,0.0274705897188469
825322,0.017447257156638613
755743,0.020540213901070237
996235,0.020825492987414113
654987,0.023843868269091566
645557,0.01741928974183696
278082,0.02069956380812412
905195,0.015030395119428561
853544,0.023348541463305495
286450,0.01660476607954681
980480,0.015995575450571564
766025,0.02452674773447296
126332,0.021007321505881214
109778,0.025595464976615113
633341,0.019117318438599377
187420,0.024066408358752255
649020,0.028966650264718924
815387,0.018969992694662506
696205,0.017211526542048234
309656,0.021826084459890052
571629,0.027121459924885388
401727,0.021951315275085943
112216,0.03354398707520249
532911,0.020535515336353855
955129,0.013954899735655378
755835,0.020435474300927133
651731,0.025703533985758854
718482,0.02236882898598012
376465,0.017033458206233008
343244,0.02380891420092741
841528,0.023447851116064476
460817,0.017310364228963378
762938,0.017319182806769487
818106,0.022318088449340478
971958,0.023840494708715236
980538,0.021904563046529883
877521,0.02128450712239963
369610,0.01799897215495655
292124,0.01938368542758348
158970,0.018874685729022664
323242,0.016193548619417197
793026,0.01962278311682423
893841,0.028316213312102934
756400,0.056300951605475956
480464,0.026834250270738012
731268,0.017818013690421897
446859,0.018111592181692122
168714,0.020153161813439596
469376,0.02910433380939821
226637,0.02714084000901693
434067,0.02128774945628268
132189,0.027439970603241905
454071,0.022952113349734047
336861,0.024202399268497668
328356,0.013793532816703242
260617,0.016706741067516663
729855,0.01706856760140534
420638,0.018853255920406722
395314,0.025896029709650475
167728,0.027266337220925384
866270,0.013610705100943008
698963,0.03156676169064608
211873,0.015195967748413829
757395,0.020067209082820867
392602,0.023172051417268927
568581,0.026635393194376734
892824,0.02279542299536237
866589,0.02507296694011292
895347,0.022164461839283466
585954,0.02029110307085419
818914,0.015030048101884517
132929,0.018951446704573396
610331,0.019166134528554667
632248,0.02243112939587565
586478,0.013788392152057212
572501,0.022239795048479224
961834,0.01819697007477407
969167,0.021225121842996054
670882,0.015186669820761438
168003,0.014952112910081404
225168,0.01771757435392064
883825,0.0171909302018562
326493,0.0164146156533945
620987,0.017457649864601757
719354,0.021943657589986336
544308,0.021049327754063974
182504,0.016124720991534752
283707,0.021690008442803565
956356,0.025032616429874963
671030,0.019211797213331758
584593,0.017368736092063356
113527,0.029944846121235737
684862,0.02444957285173964
427117,0.02006100969215553
983986,0.02237893475102455
389024,0.019945401304988453
572142,0.020710656680734157
504343,0.01808429616874536
758064,0.02146397830277036
473774,0.018471169634264827
697080,0.022979692201160574
227427,0.021116612926885443
548172,0.01881582628078299
418692,0.02156764660457624
383428,0.018775725273370857
933277,0.025589458968952244
369768,0.017532813145104666
629533,0.019571631323818197
244077,0.016443191134979863
868552,0.016310723565546394
661880,0.018163554115908455
423808,0.013207257349314779
525879,0.026845659934182958
484356,0.0266469646758131
644129,0.020023420620955867
948100,0.016032343877709746
190432,0.018852887637544752
239845,0.01618910981128176
690826,0.022167386137295086
335893,0.01954632611140171
110518,0.02274388348132439
952967,0.0195845408711332
272234,0.02734009183478261
737589,0.026904236181101642
134119,0.020181524078848816
155968,0.014316542311445926
149581,0.028051420100926698
354576,0.0165959157340714
936926,0.05852127387595379
665928,0.026299004157129303
683618,0.01962749502976959
296985,0.03142176895992271
366448,0.014445867078902734
496567,0.026773725753845363
169414,0.016443191134979863
348416,0.016110945566382345
110319,0.024776693786321295
685374,0.014314467569231333
807001,0.0251407582276648
196459,0.025907473066701558
826183,0.06444351926802722
326037,0.018439051809131187
143966,0.029952603443641198
562101,0.0164433531950138
979665,0.017633190983599247
337025,0.022490916684479504
612519,0.016198557299688714
828098,0.017609530982006436
680441,0.014351115531178207
959002,0.025069735866528966
918538,0.017430476683722534
902838,0.024589226811860404
388345,0.02325055819486013
832261,0.02588411047164591
732775,0.016035104786094514
280458,0.021412250632198333
901113,0.019805014118878597
681456,0.01586250800263131
650409,0.04975294962513897
282500,0.01995233007567395
555360,0.023697866324866944
749409,0.01651791385391405
211069,0.019946673794158626
724122,0.02463841583328398
948473,0.01971527256592348
112987,0.025544429054694808
698161,0.019444561388693705
235503,0.019526677732079483
986843,0.019687259027382054
725554,0.02611405503726217
872648,0.022591899772440433
997159,0.019264949740023445
300636,0.009490951299599851
943544,0.02806161053737269
431686,0.03121716249600069
260858,0.013324560773640162
772551,0.0270759737237249
983214,0.02857685145355582
588406,0.015846320102970213
122905,0.030347072377665957
733877,0.021545143521962642
836710,0.02762313102268531
363010,0.02109835182660001
463791,0.02768866034112433
807758,0.01869872958846218
785074,0.016801456300032613
968909,0.023447407332187243
935845,0.014408573597388905
609264,0.022824158980764994
712914,0.021093457340863327
705173,0.03894352070310163
664742,0.02325810674681357
419168,0.019647697585593142
880224,0.018478078072761195
342429,0.015802143551947805
142512,0.027410411132516955
637343,0.01996157794769044
519655,0.019655245825955677
303990,0.02741398868808445
894520,0.022664530272555456
699509,0.01968397993432333
636633,0.02357054159586228
855530,0.018604089029733362
766561,0.02673702068602755
139112,0.02138783201360592
596277,0.01688848985276473
345096,0.019892970504745016
889118,0.015029534725680735
986087,0.014387984404694878
895183,0.017093248346811862
581463,0.027147511725493564
114322,0.02443668449888908
795068,0.018864136402265207
659581,0.031579205368325064
877854,0.025103091233986137
495235,0.018155355744038523
158616,0.023894718398344332
722078,0.025249885739064032
833314,0.01572397190067629
394532,0.021711848490498786
606709,0.01618397223594202
107915,0.01783511965214849
948668,0.02075119459235159
962591,0.02213451705595782
861239,0.022293225733942393
854632,0.02782950824047475
375832,0.017043862685670833
844703,0.01501373594600073
837372,0.025388618341309822
197651,0.023029503608504486
982512,0.02121751500276635
988983,0.02387548495979885
890214,0.016493061434981717
768988,0.015462206235318805
917784,0.0128424165636384
474989,0.018508372514159856
188133,0.020824526573518007
883151,0.03394656797530835
688633,0.02337689243404511
758022,0.021993314696128283
245779,0.06296511844444351
336899,0.01624264462651597
935055,0.022949176437608073
127595,0.02148684970914973
375710,0.018361488356444435
352819,0.02325823213616758
260268,0.019214624438899593
789279,0.016212650577307537
782675,0.021593755848712676
408694,0.015396429405597777
890669,0.017950226750859808
667919,0.019913769610554265
770773,0.026424911865000674
654886,0.017883266462320954
223376,0.06919010896487794
359971,0.014818404179185004
179381,0.02929493688134639
762874,0.027863069818973362
355874,0.02870288845689792
876570,0.02017408356807269
970220,0.03029250296506331
684115,0.01606759208502332
395153,0.01697420335613706
894762,0.018703020924319098
107084,0.022631340497866692
489807,0.032796691898404014
572976,0.014276938951546535
417744,0.02564902039588422
672885,0.016750709866065937
726070,0.020994520059136264
765260,0.016443191134979863
630952,0.023076462121895226
880576,0.02322870144767238
203011,0.024152397885690728
415285,0.020827556372468768
788231,0.018073636927961316
807078,0.02622006153644858
805372,0.01945810028778121
197179,0.024682826741148946
642458,0.02243877913284997
859839,0.015406313880018532
949746,0.021361781361333997
787354,0.021225098091175575
446307,0.019513407683562918
907090,0.02954509401053459
234666,0.01919713113555499
567820,0.026819434924301798
588647,0.021354675249308477
663601,0.022394414700607684
260286,0.02609853454718824
941925,0.024559587628948065
929188,0.028687771781380357
647387,0.02540970099792577
788164,0.014513445885932683
352767,0.014071599273322188
939537,0.017386343470866334
793216,0.02316140187638967
725223,0.033065420845784246
586397,0.01268799532992764
857035,0.020396909266223177
693248,0.018661412009432707
348088,0.02936342856757082
716448,0.019017310381805753
483910,0.022591790539545534
120822,0.02278663373203156
384325,0.016662462967268924
558883,0.019401801838475435
728168,0.01801581345494879
716184,0.02046043222257867
574962,0.02475293727701973
296267,0.02667757279151105
177016,0.02056807466372329
663053,0.017998082209204347
735859,0.04629149522859596
357857,0.035423458384888085
170045,0.027206340011234304
271809,0.020338657083283095
966760,0.03152866827684984
639648,0.01696386847696835
992247,0.019320339672869984
263516,0.025846015079288766
676189,0.023529744832774178
579820,0.02693528903727344
898371,0.024638861618706303
182460,0.020544258850382923
109000,0.017866862983563908
483057,0.019101433000778094
843576,0.01731668540383307
957252,0.018777308513865425
175896,0.027128344894604948
327198,0.019047742649268742
956457,0.015194767482630406
310682,0.018040313649423042
543020,0.021741711309189844
276194,0.018196939318090438
983917,0.02494435795331491
801189,0.018862875381578166
339833,0.017246406309278827
974560,0.013978838500934737
233861,0.023467183631458086
841244,0.018476715613808516
455130,0.012605225284661523
560739,0.013046025369563086
489826,0.02345651861620414
838141,0.014641644366965306
676365,0.019226670228187723
992706,0.026131707708966546
842962,0.030560489126087602
525287,0.019400715407227744
948061,0.030504460922209438
829692,0.01476329880750611
510698,0.02306326245225443
741382,0.0139564866546563
353602,0.02256770696926649
723431,0.05687791635140752
796795,0.023773022839693805
265400,0.024867905107634973
939186,0.01603522651302334
771816,0.019454666382653064
914672,0.024522865387542333
923366,0.01830581513041062
667793,0.027710913498279238
219605,0.024556835974264297
285273,0.024167935706454126
498172,0.027362616947080108
749408,0.01844540064070204
606179,0.028304880713557454
816653,0.028212872945108092
385819,0.0250327669502031
355464,0.01690843606119282
806415,0.020816780525778924
837320,0.01399509944845025
114381,0.025144955837720414
236203,0.024222465242533537
525545,0.020984655689038158
385703,0.02376608255742056
732328,0.01702083047412911
627710,0.020186651035517405
566391,0.016444051507097816
933993,0.016911233749747696
934878,0.01548014424930432
706521,0.01837507157946369
973412,0.027951090346043473
790361,0.021577428855739454
892431,0.02466303763137725
431367,0.020170932387518794
775214,0.02203704415792285
514572,0.017659788775769292
837455,0.019262322378672522
702445,0.02367395699443083
495494,0.021687385750444505
191173,0.02189977463873053
855938,0.04372413714787114
759349,0.045012222289643855
244806,0.024480919326236143
299016,0.025931362445692087
193954,0.022304031500414
264245,0.014551688786985113
968331,0.01880056076971492
265580,0.014180754566557785
347655,0.020513316790507843
822206,0.028524957398419346
349074,0.016441586831960425
133036,0.02036650814168742
698600,0.01899526859799074
734747,0.017947427539464857
676742,0.016142042354580444
633418,0.024810267176523078
152907,0.02051792575482125
586360,0.01409403109176153
720008,0.02090518113263969
142470,0.02409503307825868
728789,0.02274517789148129
459659,0.017712623583206067
781647,0.021458604210659947
944914,0.027526901719438276
510884,0.019201037809594555
582127,0.02815193086067524
810818,0.018940866943444636
213148,0.02803343726739223
629059,0.015846420591753552
503789,0.01615719476749235
879015,0.03236989846435603
157626,0.018504445746867274
446602,0.022020036280664578
505302,0.02125912510429073
578205,0.023456434507572673
694717,0.021171828896140093
304331,0.05753012975961507
546683,0.016218764180827048
297369,0.01448539217817728
362981,0.02753799617118471
684214,0.028424257843030203
779492,0.019443372652455868
505622,0.020757330291685618
451085,0.026940122413524996
739312,0.027779931239253416
153681,0.016638670503117417
653864,0.02050363187053747
477944,0.016183593718785003
417297,0.020058653649370248
656608,0.015169253697291434
331584,0.01760103816744062
924252,0.029681525741055596
890637,0.014766154600388999
633011,0.015169253697291434
362657,0.02881653060547093
226848,0.017902827405544143
113374,0.029653461190122448
230633,0.02473953598469476
231195,0.01372129962028592
183786,0.019585337341480005
699757,0.016443191134979863
827210,0.022557563441518703
278505,0.02244451268763434
898728,0.02112000805363064
415635,0.0274430035857673
160806,0.023031227150527037
796241,0.034398086793718384
677340,0.024879401487062226
899228,0.0147538879816338
613449,0.01771485499710584
786648,0.013595987158525046
700049,0.022360467509891405
211797,0.031451580863590095
772368,0.017647603617119638
232683,0.01752288636808617
354574,0.02015960274128399
100384,0.02524265810696121
881887,0.015354039058367413
345094,0.019621974142102122
745417,0.05994248843011771
819210,0.010545793964409108
597651,0.014313980427208764
269146,0.01766002500317095
612047,0.028341630051248155
944922,0.02300194213594571
245556,0.023583460518022438
893290,0.01697463316315775
958563,0.013099538410831892
466562,0.02218255345333066
449354,0.025971573442838104
803156,0.023624215427860813
440940,0.0336024153391294
300507,0.019629261369402063
366349,0.045923352438520824
874358,0.022618038621677456
648985,0.021458793530798055
941090,0.017830989036057045
859225,0.020390618177208573
734099,0.023079361793522924
399941,0.027188117006465923
637615,0.02157636733666567
482645,0.022952647545237938
299430,0.021444101106625507
722594,0.025925706740938675
230609,0.017295995499889416
140309,0.021136081704804795
641696,0.02515799698543966
398876,0.03140906055749797
791002,0.016453345690175886
342832,0.020243054223665922
639185,0.024295663993033262
827281,0.02037551059058194
618047,0.027875354470333874
831140,0.026011124821873045
708606,0.025787832460779675
215236,0.02469106743602033
998233,0.02081718878021031
911785,0.01820214539116295
294453,0.030992868719722802
483978,0.022646452611443272
867523,0.022330077292295056
642652,0.02615369587344732
939217,0.019019444412490975
792691,0.022591790539545534
574743,0.031207662627250308
428271,0.033232059629389826
119121,0.01446928183097049
908092,0.016330177147872754
319195,0.023264222675505566
669780,0.015556727495763256
139105,0.01840489032299383
821062,0.015452539003268387
393551,0.019913906758772994
186215,0.022594926569086352
171389,0.023225928968599884
208193,0.019595456249489173
953551,0.016706741067516663
792879,0.0181514189556308
920877,0.017691294945228406
612270,0.018803084732978696
799316,0.02019744529220067
416597,0.025990507145279913
323849,0.014621285564197357
645907,0.034212275996969466
917065,0.01716182561753388
616907,0.023372456900961062
541540,0.02558307375605364
396062,0.02064545907838168
424765,0.015656699491518152
955982,0.05995550646524406
777971,0.01867141777065125
837247,0.01988175231318889
147994,0.026275767718395772
923914,0.021163500646952566
446498,0.02588638381902452
101587,0.019948162387092818
469473,0.018864718919323044
508898,0.023216056314084136
696715,0.027198299337119182
159545,0.017546840780198587
424109,0.015917696469228918
784676,0.016443191134979863
578195,0.016198755302062506
715231,0.03290412396497165
987805,0.03116394202670254
921870,0.020735651552006344
116126,0.016443285909138156
561728,0.014771695595672258
852363,0.017392226665586395
679196,0.042982847456035846
318151,0.014907748442332495
673364,0.026457289641485204
488507,0.02905372184659712
483577,0.02274184573796269
998162,0.01845612673005064
101934,0.021296638636785634
444368,0.017998987158354487
468036,0.024836157456257484
144333,0.028192455634813204
838056,0.06139632572877281
617753,0.019343553339894282
318427,0.014467984643269606
897155,0.01617678172249517
983839,0.01806322171737871
425820,0.029723361527996907
431985,0.013978267479854567
513562,0.025624054606932727
691722,0.031755107645360756
604260,0.02449181773174918
202891,0.024046688837338653
339031,0.01921551820210789
435141,0.017815936985820107
201891,0.02149123128087552
887496,0.021051688240118594
224559,0.02847899345490954
257187,0.015765288254501148
133672,0.01863754096484721
555610,0.021246250255657774
745343,0.03690508895763825
408000,0.02442959266161789
412319,0.0334588836195527
929867,0.0251804451509882
652601,0.0206381215816924
390622,0.017730753051702304
766197,0.024940111571607894
283251,0.020774115857734286
911014,0.020106353277921804
212093,0.01596564070598523
567113,0.020323905265069935
298623,0.018275801431281442
658732,0.023467930327122747
347714,0.027549617365660924
997499,0.02534665503116015
392415,0.02176567046575526
141787,0.0290280753306655
294894,0.019432634988392015
126545,0.016263285973109148
487401,0.02166505114875104
296389,0.02352780217170533
330324,0.026230155988548085
988514,0.03157520467367768
412254,0.015295725504676342
544835,0.02348258142135731
352293,0.01774484141104908
227621,0.056194357380457055
567711,0.04498079329495184
993281,0.014486576445481554
458764,0.020811911697967804
915756,0.02296816709227702
735800,0.019783105601936562
574296,0.021441921152697677
446617,0.047146562994107646
664543,0.025189240989550755
656769,0.055601190664154636
901321,0.024663735243287348
352294,0.024396585828038313
727562,0.0257090077462607
294035,0.01898204230085042
916748,0.02448282172152081
728780,0.016732596974908823
633595,0.02518895281682642
168765,0.02194191675142174
236941,0.019411180164797353
472788,0.022603815977054218
749570,0.01979159680967149
504944,0.019458258061570897
294992,0.015412705045860951
760905,0.01897535097827872
790602,0.04428515509815558
587728,0.013629577248678637
722365,0.027693884340594842
398467,0.016269347836490346
502468,0.02852238286450862
415022,0.02601442452072677
598975,0.020135750353962523
439956,0.02785677850987716
706246,0.01702867742691085
814074,0.022397183146065095
705791,0.01908882911517263
891794,0.025446164008910394
168908,0.02900849830724806
562989,0.02663098750825823
237743,0.01701914456806933
961518,0.019735096857821665
843119,0.028753996188279715
380196,0.027470386845231322
530056,0.023990714784412975
419778,0.015854732471988188
547038,0.030400096838541737
375119,0.02383062880186456
743678,0.01860280822185098
660933,0.016001970513321317
920155,0.01836187836311162
765015,0.016706741067516663
921229,0.021349718667722402
560619,0.016291932458624626
700388,0.01733839255012349
587063,0.026758149685305575
145820,0.017290513856972892
250685,0.0220412788662755
820685,0.031016170104825127
823164,0.031748999538353556
607859,0.014050158036893075
674842,0.020928353445095735
552687,0.019465422544411495
135218,0.017602239382796443
663536,0.015169253697291434
172858,0.026791291920681033
906797,0.028166718085849668
882058,0.049023116478547485
907960,0.024727911961192426
930017,0.017760241877370773
714064,0.02341816505753237
357279,0.017758399306755396
149964,0.01907107553063442
343903,0.014744368243449912
520624,0.01797508993764772
773579,0.029538579364234336
596676,0.0218920572207013
468657,0.027688324890322896
803805,0.027175103736135905
967742,0.017784016527396994
242129,0.018589461903035426
555463,0.04439704113217771
615573,0.013468965987247379
863708,0.02028391995957865
929995,0.01811850415787461
386605,0.02045196904113551
927107,0.02041352038745652
730518,0.016291932458624626
244876,0.02013261591707557
115473,0.029175038579140524
846519,0.019834989924242537
662025,0.020725707633762767
853390,0.027350890142028503
466388,0.020862062512829994
751032,0.015541171778162114
629532,0.019126173456412602
620973,0.01493129008551266
829650,0.02505123690494621
474672,0.014800536006222144
184668,0.01950123267635473
867597,0.023258788494728233
409596,0.025893637952898528
804674,0.020718434570684657
889989,0.01618483178992321
264370,0.025454642747149002
873387,0.0196846088454713
613418,0.013886447928978786
231836,0.025960143789565997
462114,0.018943951030207733
257528,0.016467325411097376
785446,0.017103494754957288
746590,0.022861579435859484
821353,0.028286373997849345
648863,0.022882333310769644
595977,0.03290844930269537
888338,0.019862540309933115
341829,0.0286473857794128
332750,0.029589830400933558
840957,0.015555929824643589
955957,0.0169259418830326
259453,0.019213611598231338
367332,0.014689672686349452
797654,0.01881432183487043
587533,0.030743254628559293
763291,0.01989894517403578
719713,0.027939770069951787
274843,0.016705363069374927
863103,0.021112389512532928
361825,0.019370869634655247
253479,0.027910958719706568
758480,0.024102127904384586
852667,0.026032039482311285
470338,0.020618869667153296
938915,0.02189470224675075
807840,0.03513329411649708
463168,0.024284350326706842
640678,0.019214045213589593
562230,0.024836157456257484
318124,0.012967973954912485
259758,0.02307496759042537
554718,0.017396119423853676
823437,0.019866784186346156
141094,0.025092938886978933
951420,0.018950148787435825
596472,0.021398572193806923
201806,0.03346634455481302
935069,0.017564416421724613
859218,0.03008008633809608
447643,0.06099771114376428
175039,0.02266510040562416
867633,0.0299595081784795
523437,0.0147538879816338
814258,0.018101071411153614
232585,0.02191980472782049
557319,0.0236260758194225
705891,0.01728520508039971
785998,0.026125023930634945
980362,0.020601301531649307
377456,0.014275759436328223
577986,0.020192749208271427
136987,0.014814501227554108
436994,0.022930463685582603
854154,0.01983823620524208
266102,0.020803141134403378
423717,0.015032920623247134
291558,0.026898157203921566
272333,0.02130911432579237
511359,0.018774306466762876
577478,0.015671488950257037
822433,0.014524723205240234
599340,0.017324626884297145
826114,0.01850693617276393
817432,0.029061699345919605
853399,0.01863816338354721
247089,0.021109120461722506
772018,0.01738962258542428
845626,0.025467395826414413
930665,0.027750879943685424
573124,0.029236080567248027
172422,0.017911726632817437
342485,0.022100495209064083
801411,0.025631595535063376
637399,0.020626196248141965
927521,0.027773197517556344
406379,0.019677589723517123
110084,0.02382347915141074
586807,0.018237346252568055
102417,0.017121114527736677
301851,0.02303061613216316
552818,0.01757522136600224
879733,0.017880911981878068
257438,0.027780441931782567
493375,0.020090231215079125
823352,0.04366737862297953
483636,0.012927078825400574
804150,0.018784814167217972
902393,0.0607892706959385
680781,0.020837163921003914
384393,0.016443191134979863
154110,0.020172222736177806
805964,0.019162144697992715
456104,0.016895981824055332
449342,0.02710881581615562
410466,0.01951728958940199
488871,0.01963403693451983
764098,0.021754546737405553
676033,0.013255964874981901
428203,0.028111847400032714
421710,0.025735919537455305
598304,0.03119666001138262
735372,0.01723133766396963
903711,0.019577700838113537
697491,0.014268179246113526
151658,0.030189528376540122
308002,0.02499826794625883
721646,0.021224631243212572
777303,0.011158501525141385
240389,0.01903494777007762
312799,0.021732206425243008
574851,0.020018601683442185
694183,0.02625215922985045
549479,0.020454046612407014
834872,0.017112180478825206
696954,0.01643261531578172
570770,0.03422748265067057
308958,0.05862699956681606
421598,0.13044667682462646
907439,0.026198259013651203
634332,0.02075689784393201
288116,0.02996532044236102
875720,0.025958159146196095
773326,0.02328027788635697
240947,0.01437564382689653
455933,0.023831511622415077
821473,0.018094491853932047
952606,0.021062951715222166
955615,0.025083902778455805
492615,0.013926479566108216
721882,0.014485395799644408
295322,0.02062342703417999
559240,0.02200006505592814
163114,0.02179159691101762
441351,0.019099722835199152
108615,0.02673019480018777
794420,0.014691314622158988
828555,0.019199247621298758
392655,0.04230656316801841
964232,0.021739367932170656
674895,0.028358712158202935
210672,0.01984926323271371
366341,0.029303514751673504
645480,0.027146895350327334
689664,0.06907603254214335
260205,0.01905415634118654
198375,0.016447600137939486
673678,0.01724753528388696
796383,0.022238086689190723
741068,0.02122577104193849
272229,0.019731226013393686
676922,0.023898928330637857
545037,0.019566503714022705
207004,0.021605775009921706
897760,0.01574103009472751
500202,0.02085596282978128
798996,0.014344108340952923
875584,0.059963632595236356
980266,0.028750972964725723
401055,0.027476402342003138
217464,0.0190553353454274
122825,0.016980461656932056
570060,0.02181144352796653
327409,0.019531644483516082
738913,0.024659487746386065
629611,0.021044275029686036
667684,0.018234640250038795
788486,0.021152679648306947
728374,0.01807183686568651
519354,0.06156667329034121
886473,0.029803333217048235
386610,0.017775239342446486
989776,0.020918682592321765
984560,0.019550322360344236
472479,0.021508613401675564
858141,0.025054036156023585
707071,0.014726556659747612
128870,0.014077892741523655
312000,0.013255803609771067
471054,0.028758207389967157
225982,0.02132004186569225
147310,0.024961326044931332
684590,0.019181531371935966
386965,0.01765823689396408
950259,0.019593099343378995
123487,0.02949503746826854
311578,0.015349824643204536
851034,0.020932575467217798
296957,0.02525578967830155
566980,0.025234122626591533
838902,0.019828127226883572
564687,0.02647246101192042
774815,0.017858029208412996
807862,0.019459394705946206
821276,0.02017559268353471
770130,0.021690157553435282
342632,0.026355103360138535
646128,0.019622666783423087
228982,0.01644508056535681
708421,0.021437147106439253
212734,0.022689586280012667
730130,0.017941521447235983
675285,0.025602846216244417
548853,0.020151284357686924
446796,0.017245719469420353
951415,0.015811041539733815
535892,0.027520823094335442
880343,0.02645612882210003
622704,0.023271573713635505
110776,0.044358661527248176
885093,0.027661018998222896
629415,0.016346412107562838
500981,0.01897556091339238
654597,0.02985767239271251
789001,0.01806300659612656
934481,0.02385133443042258
430028,0.016036029461069756
487837,0.01499077459674458
394176,0.019714600140547607
949270,0.026521960687817772
604684,0.02173689151961091
770999,0.030132528334635478
237569,0.03151076206362708
415356,0.02331703433517552
669508,0.020927399642688443
240335,0.020520407253764746
938256,0.019881913569515318
710698,0.024928433821960784
440279,0.015553177584666728
739919,0.028324423838991364
692044,0.021063473783914027
191288,0.01797500546297225
283762,0.026699472562217767
145681,0.016105219914262416
913998,0.015169253697291434
183866,0.01491284426978291
496195,0.029302927034865853
305668,0.016706899429741556
950268,0.012052550386805642
269749,0.01852946032525466
339141,0.01649726612926319
969890,0.02118513144691091
454337,0.026562083546444952
421547,0.021545143521962642
753193,0.025554879777624436
319841,0.01664594785559211
138848,0.02231995665152069
368765,0.017656330032873025
777739,0.021295227378814317
120020,0.014193869464341405
211653,0.022628286651884398
782156,0.01937412992256001
584005,0.01896955290406913
447742,0.018399192357983506
646151,0.015699940057539052
578794,0.013980709880006362
452491,0.02117658192175686
404276,0.05716440349351097
643777,0.015931888448320383
276532,0.02092621243514661
418904,0.016250775411516746
324230,0.022241236524668532
592098,0.017219842361205984
313560,0.021624121570254385
499220,0.02189879779140464
337990,0.01981919352155696
593192,0.022569146649809177
294341,0.023072677074780282
539501,0.021410053115306873
686909,0.01811391673557424
392483,0.0246606455234406
779205,0.02330133977069899
177155,0.026838573548206252
783110,0.024722988051361458
417494,0.022884170989827063
400083,0.02484146145868029
412393,0.02507371195984873
533971,0.032137543146088035
427920,0.019437990055663646
909824,0.0205659132895558
106298,0.022241466751063275
683352,0.017155089739037628
485478,0.025071386427628874
189944,0.025432697496398017
515134,0.015151420276463946
540222,0.02929468287956257
679207,0.018309125556684954
115572,0.04243253432492159
851181,0.023156279047869186
297470,0.02429583981813063
200707,0.019095060558392628
726983,0.016246214527183174
562136,0.06705034541856837
161734,0.026831488880974638
603713,0.019046961365268813
455807,0.02170718065609083
273858,0.02758871178911743
533574,0.020308001531193946
524626,0.02058902975445224
786786,0.02626006679503162
574133,0.016974442252384994
541775,0.01382915328907259
714759,0.02437894194530948
878841,0.02300004525219084
730977,0.022751607334045937
596355,0.022172705160341814
484305,0.02342418624790864
965475,0.014144151949655192
453781,0.023386763243695503
865981,0.023011204407852762
923240,0.030931142367844496
482256,0.021635837843738164
182656,0.020007186259578435
439644,0.015170681383376258
412357,0.024795472898150654
593241,0.014361802873679622
161953,0.02769929523302969
143816,0.01701028066660888
736692,0.02103245873987537
159761,0.017466122347800872
639760,0.01926517626146793
691129,0.02037822838924321
431144,0.028880826667806545
722185,0.024777334661273312
935868,0.01580559231182416
995070,0.018454394771374494
453343,0.019238415587722844
489023,0.02481909308046987
409281,0.06556243694904142
674831,0.0247412234593062
129519,0.01823325678902739
790322,0.021639080208622406
359915,0.022142252837322084
209716,0.014909658320012602
159060,0.020747520815562626
977276,0.02556727156795458
929751,0.022142344761708586
317277,0.021443082501537106
500902,0.0191440888202418
837407,0.01954966652014814
488679,0.014938249452624707
715013,0.023927944590827928
928058,0.023289885668415108
118398,0.019356285398268322
517659,0.031449023430159026
959751,0.017562876369469637
581379,0.021978904995069645
834040,0.022273781103960378
772538,0.01480340327896607
743783,0.01789784276601355
480001,0.031741306354340346
752151,0.021899271071217193
539428,0.02331881320413074
574965,0.03135298080229004
731909,0.015171461796515354
699730,0.029581826488859386
209944,0.019004031224654366
267713,0.018622479111945422
271286,0.013547683905133334
257118,0.019153018082207186
131485,0.02828361456409689
484043,0.026420674946944105
334965,0.029046981301503016
177472,0.02169366335951681
476957,0.02378658136355106
649363,0.019397178364006246
800533,0.016443512794911245
809750,0.021121229141690467
199048,0.023885949292125307
344195,0.010510459578831899
559870,0.025870612615807954
731921,0.021691121144500714
511539,0.02309054104292245
696799,0.04188231127697552
290951,0.014094275025398725
509586,0.01889878495010994
701271,0.011524860374559747
871903,0.016443191134979863
113279,0.019170785848419282
897779,0.023466174214092018
431467,0.05960693652579537
162814,0.030084542565696232
706706,0.028260134787579053
615232,0.016443191134979863
301258,0.025716877288064825
845238,0.02718305542143755
688818,0.022237503107302173
988350,0.02584181487501594
460710,0.019022843984991728
317593,0.01920350268431434
634436,0.01574103009472751
175429,0.0432132335870644
575473,0.01967651457905677
195611,0.023892418800990776
437807,0.023532751980210338
829504,0.03064604028242385
738162,0.020085359046879428
639349,0.015908508541977527
361838,0.02604828859079073
915559,0.02486181984615815
611488,0.021568239321499615
680815,0.02990815330090842
429193,0.028112518996896
384153,0.014014008999612642
459123,0.016291921098071236
870521,0.018899080816274786
266591,0.01764792826371868
586995,0.025886159339151536
930608,0.029259477145532283
963936,0.019685700926228886
894696,0.023638447386354254
440796,0.026263872829239362
944569,0.018177849630049835
549959,0.01645252712193572
161735,0.026299938081699153
480894,0.020603838057306752
435284,0.013956672731966468
545744,0.0216328454061792
786128,0.0184510533317725
205586,0.0273770421953174
223765,0.016292075976696765
985090,0.018268378227695278
834734,0.01842573103358833
919192,0.015596448623767554
915547,0.019699177403473375
778340,0.022610475321703735
226440,0.03502637093703589
568948,0.015029534725680735
108013,0.020070030969003585
415011,0.015324051235314063
708649,0.02313062807905995
699072,0.019090135477902784
229420,0.022467905274210182
715853,0.026981949836788498
579074,0.02000571106708027
189529,0.016706741067516663
518409,0.022264542294667015
265911,0.025230778240165917
962779,0.020247996358252248
345254,0.020815494537189762
872701,0.017655461132701885
386737,0.020342988336383507
733381,0.025553485005803872
224211,0.017405261049558956
643230,0.030290838082094058
558871,0.01997467197142721
102385,0.02123862182678763
800747,0.017845445673094228
162094,0.02212870674301153
385621,0.060911949192434124
794592,0.013829722767882689
340099,0.046975620437569976
118770,0.02201568027357094
803690,0.020041857665456974
848469,0.01574103009472751
604025,0.019428557930705657
913890,0.019771366364557133
691808,0.022596560055176202
959872,0.0197130949732231
468734,0.025247255390481102
200733,0.02080356373724297
126457,0.027918594075251515
750930,0.03135973340132458
162367,0.012400987127890823
198028,0.015902404240568456
188954,0.018386183258424962
198322,0.021422755636951788
953991,0.023513810272414334
288052,0.02140117736412697
123793,0.03206968342664298
901735,0.014180754566557785
747737,0.025873861495860177
243050,0.019967306683262458
450031,0.019195827221835167
619566,0.016710391691813164
772404,0.0132850402530405
378603,0.02247992399820272
549721,0.03233666597931429
284576,0.033351494832774206
141337,0.024596096016132274
776733,0.023986455632348264
744839,0.02186998174520457
649770,0.0235846950663173
166293,0.017949035021414896
843638,0.02906519147157439
155948,0.023926585444681778
964042,0.01780733252756911
804434,0.018976417809071965
942200,0.015515493168488926
927841,0.025022155519398688
299994,0.018254686155265164
290741,0.019384465814230173
254648,0.01957469148947557
593013,0.04185081255891708
534415,0.02867403510780123
911344,0.02902775083375354
760161,0.01737914111147261
453131,0.01832022468459402
298315,0.026674046742435932
285316,0.02926613323783095
983963,0.024207911822971218
755375,0.01763768009356223
340790,0.023167864921971357
349055,0.021945948468193494
181636,0.04618506543659259
603960,0.024224477696197955
601523,0.016452355120962475
886246,0.022367465843826116
911021,0.0147380338765232
108475,0.06029198521354516
971142,0.021628476920583357
638194,0.01884529725184603
743999,0.023380084108750507
851489,0.05917938361604593
738044,0.0238175644788468
689907,0.016487382921533875
778297,0.014315166992002467
873333,0.014640094517873814
460723,0.025423726451820526
165921,0.021306629739076186
469538,0.020957692646495656
259624,0.01454260516201831
946021,0.01446789140329137
353306,0.01632051878579347
992172,0.02459390875536226
450022,0.021901339394020846
261489,0.016445052663420567
245642,0.021357147708502684
649936,0.026630648122549748
693436,0.02099558401653413
393299,0.02857484801153556
938634,0.03135050144233029
379413,0.025866233495045136
864068,0.016320712145156315
596281,0.017363713846769817
973653,0.028860607387362847
830119,0.015505210329950838
433474,0.019947614205399655
102361,0.015916199355657995
180460,0.017911759806121794
996390,0.01833342480250789
194539,0.026226869147097612
371321,0.019673092308680213
159296,0.020570476869500455
426899,0.019170642514991197
426587,0.022653300970627115
203318,0.027734989583662398
293583,0.020451231457737952
787775,0.015036036861496557
575529,0.018876363517993492
534857,0.015564952714099058
218319,0.028455853173997698
985364,0.06358557723086787
361679,0.02587338720205889
332752,0.027535721671556344
463380,0.015534183458040649
789023,0.023093281642517168
198816,0.02004640214843837
793469,0.02814123855077657
513827,0.01977901843340668
772240,0.02184770039105026
824250,0.016443191134979863
548860,0.02427875562232915
404653,0.019725702759699957
406176,0.02509806891849666
768738,0.021195159775214998
329804,0.02018801821200321
124512,0.019958873267948724
958345,0.0312656440153073
408986,0.02017207917954183
637310,0.019693858675168707
904854,0.02604638578959644
863913,0.0211460439325476
839249,0.028714811903575752
814517,0.01379321947693741
547353,0.0628171501845547
824372,0.05278486536914302
685320,0.03082507110279784
506968,0.013045970167909383
467042,0.02853443204105219
809891,0.021111295417854652
121357,0.05048191046045296
907564,0.01883372251999699
856297,0.015660532857330888
134911,0.010227755778310135
795856,0.01732015831627043
652722,0.01595788275951123
223218,0.021578717351351844
682474,0.016707109053587545
758131,0.030433509889903235
751965,0.031297544628626446
529437,0.02517489929712968
892181,0.02630718455336964
503050,0.022605524878567426
623650,0.01863519530355916
891372,0.025194017108531995
690973,0.025511371843734188
527326,0.019574073878867563
964379,0.02354176511058864
293135,0.023211463446831088
629473,0.026845504660256748
689773,0.026108346428372113
891902,0.016558622836354803
152169,0.025148873969721323
309484,0.024233947306947883
444827,0.023100506374985466
299416,0.0253679778747547
197755,0.022680055632175778
579335,0.017364980502958278
397081,0.018346243155604014
528007,0.028758991212022755
578491,0.019002706294535893
870441,0.06155988459830283
215843,0.016443191134979863
857698,0.01905424089112027
979751,0.016443317910923298
959212,0.019785653993320707
379513,0.015605414706988518
905853,0.021423073569818426
158244,0.017809218238164472
769891,0.03422973081043993
824889,0.022036261849674096
614126,0.01934500129995083
953314,0.023357605476981097
284843,0.016681460341924963
417253,0.02422547996594473
761059,0.029103886862584312
394988,0.025283176228663714
103123,0.020128349656805173
452724,0.017522771070084053
893859,0.01936580631563448
226523,0.022122744024291315
831623,0.01939701761154506
511292,0.010669962989759823
134503,0.027988050904966977
845823,0.023791824011628413
687640,0.019978869067439165
225821,0.02259727802986292
596548,0.012810754116109963
716062,0.03073440807798278
290672,0.018684873572064296
181932,0.028332247413226586
848443,0.02121973808471962
428265,0.020802433691492258
612411,0.024922747828154485
209194,0.017742627379159295
471212,0.02631683240602873
634622,0.02215595525288524
574417,0.02214170463241297
366221,0.027677956931114682
530067,0.026145872351230802
811346,0.02536903054230418
418291,0.05447126372875431
165121,0.018667255144972358
430239,0.018349624910561028
557011,0.014826417715866817
807779,0.024813005716563946
452959,0.013176600271933582
197587,0.015901097409722176
497790,0.016080859895070142
889624,0.018372638334100723
850304,0.043185289349494435
617001,0.014261988162734773
438500,0.01836932654895692
590851,0.05569759208349514
424539,0.01971166644133292
550911,0.056687591214003005
795475,0.019547108597406437
536652,0.020807202811038737
118623,0.021676311878293133
521569,0.02230199170910122
596672,0.022428940411824357
281678,0.01872926633915534
841249,0.02390305883884165
355225,0.022957678339468022
771846,0.028049376985058414
504169,0.02669933875852316
648905,0.059215627339239726
907767,0.017368391301603076
540646,0.0161864872041126
531366,0.02530036798157557
108146,0.019537287067592658
802969,0.028585534898648755
351490,0.0214137321030388
899466,0.02108847858970908
739149,0.024392009930192093
209424,0.016377710123795675
528516,0.018439252195854582
962781,0.024767949376752477
574170,0.025229520151588983
233363,0.021289640592571674
136469,0.05567154739019176
774292,0.02652417811294785
156873,0.021560459679281954
690799,0.02300084576984626
246190,0.025876306800982428
995026,0.06510995605327083
943564,0.016232724325365367
744412,0.016706741067516663
766118,0.026004340739491785
188729,0.01722851198725595
831434,0.021311939459614314
140660,0.021130076550621036
300260,0.016954873944248
880790,0.025723096566019708
898861,0.018390859040903897
549250,0.024085009500297065
799391,0.024461230846689594
100163,0.019035780230369517
937522,0.012339720329926104
738685,0.01983291715507402
629538,0.02846376324333476
737338,0.02660845901860726
439388,0.020587485899003367
192970,0.01573408327337088
620654,0.02313485441961451
534194,0.023688051941499304
628722,0.018427361612456648
738431,0.020272815681674102
672808,0.025438400005715595
100963,0.025056810848275907
801193,0.0228915948554309
838889,0.021655877678998917
712820,0.016443191134979863
899635,0.02387548250477766
754580,0.01710456592663472
966249,0.018023096761982264
268992,0.02311117751188885
604314,0.022591790539545534
751872,0.0176821422340589
272299,0.030717409109663026
382556,0.024925870189944882
645255,0.030730363089101834
575538,0.01938953054750984
419238,0.018418078455833573
667144,0.021102100713093874
357826,0.02857076091720625
920114,0.015169383309203527
931605,0.02052389893948092
766533,0.02353931077493254
714131,0.024356141401764488
734709,0.026424968451261705
835850,0.02011095092990391
298600,0.02387780419724667
905393,0.016297074030659817
968881,0.024743065400430572
341741,0.01675811851922968
318223,0.021580044103881424
778644,0.019046710065869197
676919,0.02290373232283727
893997,0.017763459408685137
116501,0.017905989466049894
875339,0.018216721980983112
383468,0.028504666992369723
553679,0.018089186841640327
216322,0.01673420854721075
276443,0.020394339165733046
458044,0.017848187501957227
682732,0.011922490668132264
848412,0.015106958784962163
413579,0.023484901803390495
549867,0.015295783582652652
955280,0.02046017929518872
580702,0.016756615049897942
960501,0.02847431526642193
516260,0.017474370354110414
424632,0.02425091395313417
208433,0.016589131212957617
390516,0.021938507950327268
566446,0.016183880951361543
417171,0.021665689755484618
333932,0.026552162535721884
847793,0.026487803991187456
352425,0.020809898631016944
933376,0.021382064383613206
470079,0.022484306122682395
544204,0.02147152484376598
911911,0.02640209016722443
339730,0.02667520275107945
533745,0.019332940696213902
644255,0.021226673102693727
335883,0.016203238142991367
286725,0.02620234533365183
302542,0.024338153323617683
867006,0.019047977639644102
920336,0.01403306797709164
366289,0.016125437922056427
648615,0.021312541104189692
364328,0.02065721352679313
870121,0.02388489780953208
641964,0.02679372855794887
501574,0.024928594012418235
852570,0.024563057380269447
395811,0.01570325471315286
716373,0.025551830965989227
695971,0.016384973422121113
565479,0.027270166273452932
691586,0.023758187167398668
776450,0.028438287975287142
305358,0.019459212090174004
972713,0.02479243752020056
902328,0.019293682408656466
536541,0.010762974805682697
692903,0.023019032410513403
569135,0.01929785026607576
576551,0.018912874125822998
973602,0.02374686583761669
867210,0.017673847340336755
737642,0.030891347537577045
996071,0.023343517512431217
104989,0.021891830161758472
965614,0.02001329023652094
977608,0.022600415924276734
210059,0.02673354027950489
709629,0.032421337037341465
285829,0.016443815997883596
243001,0.018168317565274282
622139,0.02204756150172607
405941,0.014990928179194453
450283,0.019397401758596913
176340,0.029684320426936025
588770,0.022515693950484767
827915,0.018587346835575513
293948,0.01820657062680576
432062,0.02172117456176934
310880,0.019673576663466932
975130,0.01798554475889193
201803,0.03472433561704061
230746,0.028056378883471907
116990,0.017894992359621494
503916,0.022582208485472908
355154,0.021524029403510697
762758,0.029635379589840263
606705,0.029430523761410143
597062,0.01800899225382308
265928,0.02944532718287827
523413,0.01978186684475458
904507,0.015743937262289877
691469,0.01810360053404532
107869,0.06357890697704313
367013,0.030811359009371358
919203,0.017375221548638707
365916,0.019354967100089743
486970,0.01976185906810908
968602,0.018148950358672537
108716,0.021944247679284812
458924,0.019835637124733234
330684,0.019199514877568442
480016,0.021888647233302774
407496,0.021689527204497915
187267,0.0254851205755567
407115,0.020758448694939265
966650,0.03230538008350818
500136,0.02457445839740587
546710,0.019595960667141914
172029,0.016142042354580444
867074,0.018976758737594034
520432,0.024364160598749584
518750,0.027372767493151835
528522,0.012032241489005807
297067,0.019714944280562162
281900,0.02489302805971942
830226,0.01811911910989629
156717,0.030316584486720106
342869,0.02274499967745813
709499,0.019879028104280203
383494,0.020569998992546995
505933,0.019827369529002874
283668,0.01631458601976344
315276,0.010345169135804178
751211,0.02731160928631762
612277,0.016183730292519957
469428,0.017402976759002566
152923,0.017195485095547598
693669,0.020218941203453678
969524,0.02777730540990901
357485,0.02189065633633413
859755,0.02045669473212012
426663,0.01992782517667073
876602,0.02278073993292007
792117,0.023741618153695743
310913,0.022371846973012064
548401,0.021578335541365477
335038,0.028901709052953646
690138,0.013100653848720155
865892,0.04422919339801592
906983,0.020449498966945878
163908,0.01906952215610697
838869,0.025345779793862967
640198,0.02507963382542733
661365,0.013582307952631292
558538,0.018670977039163497
152901,0.024775262340455555
939509,0.022544892456078693
312939,0.01698875380486472
974107,0.017246357723153312
940351,0.02054147622185724
421029,0.01815283800870988
982068,0.02280951324157217
894712,0.0328923613883822
374137,0.016467959882357573
442366,0.020280127785351588
416513,0.02668948997485359
765665,0.02215899987131249
332692,0.029804135073915525
876705,0.019209570164871594
236512,0.012622480937677724
594326,0.025476553331481914
224303,0.07780187140164695
696195,0.024447553922784773
628757,0.01644443062645807
770859,0.019809045666294735
969980,0.02026632732891812
114549,0.01563642856490923
600581,0.021361236117655794
340933,0.012672927124794856
367581,0.016711771039137506
920567,0.02115530552848083
346023,0.027832641015587002
688128,0.02259320556560797
738498,0.017124191149293186
486271,0.015510923318641866
436506,0.02188926844648105
182304,0.01724760079631855
704309,0.018585811714662222
898001,0.026348962763262897
829308,0.027329635635803783
514799,0.01713661910805034
199018,0.01843910218253525
790011,0.02046605273045938
611533,0.015379670691566916
763206,0.016516832512900485
526008,0.018657524691174796
675808,0.014490151193364224
266336,0.017098190331809534
862256,0.01391453759008178
794838,0.01971562881644178
624101,0.016191958364931532
420956,0.02533127159867477
790611,0.0262330921834148
742973,0.019113360046363777
735989,0.021098723824815008
336762,0.020221713118031334
291629,0.01888794978210849
202854,0.030640585427526228
326892,0.025345619543588268
470218,0.01683016322788129
978103,0.03065567487792291
214880,0.017145561574065556
896586,0.01614232598869715
989187,0.01994658831647836
404656,0.02205323163481112
972834,0.02210057078835335
787936,0.01982264000348791
494815,0.030966765949765735
890070,0.026811798856321272
193735,0.04238806368182594
975417,0.02652474430993706
713887,0.02263207571083274
847787,0.022881354195630085
756653,0.019511250093230802
418895,0.019890082050568258
960303,0.02287439782398754
455830,0.020008333139420364
306339,0.019227077394813587
719280,0.023845546490966152
168064,0.020401348232404092
378221,0.01428935896140144
362148,0.022735754593584727
127285,0.025537583084673732
974692,0.016706741067516663
200799,0.014217450538681406
616387,0.025552113871277714
577932,0.025788105242394985
753761,0.0208892157675544
455883,0.019680796708358057
179315,0.012810743627045026
814231,0.01875021208877888
373856,0.02151673351810965
198180,0.02600578360847476
324097,0.015751668330292862
788794,0.029562764336041686
424972,0.021966781569930073
880182,0.022924409478105257
109904,0.020102919560004064
671311,0.02183276583306201
994785,0.02078085623854107
178477,0.028189847494038703
695981,0.01729727068074138
806775,0.019400605704086856
292830,0.015270778494370873
721911,0.014180754566557785
950302,0.020900149986957516
696708,0.028900881621534116
478901,0.020403317174620746
322103,0.030028174801659733
679623,0.022239461309833338
977279,0.019676307953835494
161259,0.014641731097752627
907311,0.023742299544131484
761705,0.01979263729460758
705738,0.020235331656277514
983200,0.01434973012152312
542678,0.057250877168548174
548702,0.013713704871455163
853840,0.02764772922766121
846557,0.019304853881764082
784375,0.015740534153719527
502634,0.018771432770101994
974449,0.021855081852155372
192847,0.02792400640687608
787171,0.022239981718864564
835374,0.029576717897178105
825102,0.029083722911417687
144181,0.015846320102970213
616470,0.04766079023063661
502997,0.018593994657888267
302827,0.020530229326732354
262324,0.02237810629539658
123147,0.024371291749121463
240155,0.030801959159804947
582261,0.018301523870097182
635783,0.015104278118787355
642032,0.026680145384450443
772807,0.030073937344793415
424627,0.025039214796816273
598817,0.016395158243845676
779322,0.0169527051044338
742926,0.02287753329486875
480719,0.02694451855383338
588325,0.024251501030409288
877649,0.016842344768346684
783176,0.019437213873427568
265411,0.018549592938138366
988229,0.02447074130442914
707633,0.015860434320691515
639765,0.019007635853685447
989789,0.014855920724063287
700776,0.015189348214495354
968738,0.0202564442041795
663279,0.014695377783597136
535481,0.02222612956982902
569782,0.021485315627266705
576879,0.02763499546113436
699103,0.025292892392002747
406513,0.0273702482276439
871579,0.01946491584358958
735954,0.016735177381126377
617954,0.025092633790906923
779609,0.01729569318118807
951759,0.019144022396479374
517464,0.01691727432686208
186261,0.026899294289431146
970795,0.023860988013387967
542455,0.021495462377642188
170499,0.022863531576882062
568308,0.014483222355476392
736028,0.016734796873327143
678321,0.019328461524906578
602222,0.018252071909798124
873272,0.017224661691414997
228810,0.019225962390860784
248269,0.017870853237026824
618825,0.016818380233247925
853476,0.024715646813913878
624984,0.018469474706814013
826716,0.01736927282562141
649302,0.04259028133480915
206669,0.019731226013393686
658348,0.02062655564704445
545444,0.02980354167844141
503155,0.021849817464047062
176763,0.027602543416618087
449071,0.016707995503483362
286435,0.05887580408676841
236008,0.022778648739032913
510038,0.027037503974884792
137537,0.028841176124401534
880822,0.03040873814204287
764001,0.019054306826651476
522849,0.02203215503525553
685112,0.03690938976499498
698957,0.03182342352383404
870492,0.016496950149488654
592109,0.02921406210468748
821745,0.015126293255223593
979243,0.026027290670644257
222078,0.008964891157556106
938744,0.014432826713954888
525515,0.021633680326960773
383011,0.014356946747864037
844496,0.017891188213870327
781892,0.021213106594180388
875922,0.017919678244369495
172320,0.020592671393343483
551770,0.0212962350357784
819561,0.021184274372445445
766295,0.027229081609927708
165348,0.02669020400455652
462043,0.018813490563760287
658792,0.027504757972252155
672857,0.02277731473535838
602528,0.01513656238824069
389607,0.02277891523408256
683917,0.0168011604441103
500071,0.01896313954760254
288120,0.02854663403712495
401722,0.028216288311444453
323074,0.017962536060159375
588546,0.020431946287825273
261872,0.026455212093539883
536844,0.022285118745975524
994317,0.030340883172592075
735251,0.021346235464045384
590303,0.025858489374965477
515992,0.026173731047472254
846162,0.020426963515174586
446889,0.020902561906605988
810031,0.029358890434914145
130698,0.016822418005561366
317109,0.030345222823114373
333252,0.020230059714469638
265395,0.018124052303155603
360496,0.014896320931314523
163471,0.0665930387068077
796860,0.016133076935614325
181430,0.021519018847333007
781358,0.022411144352560367
240517,0.03907657791668309
953657,0.020966363907228825
706149,0.021600128831619186
772878,0.020247726049261765
990151,0.016462376769721204
888909,0.026215316300003164
666028,0.019106530309537427
867842,0.019169006379152507
387341,0.020411125728519768
392275,0.01464209704145796
932621,0.018113986219793394
370375,0.02138070864229554
517076,0.02728185302923062
999303,0.020989481476290213
248270,0.02570722071038498
658784,0.019119610369146556
608479,0.026602535468848967
708335,0.028297892127561435
820665,0.027817655579103158
721451,0.017677824015514893
320184,0.018789834645623248
329298,0.023946853429503978
474611,0.019796276944417313
960427,0.013045970167909383
254610,0.020684972909753192
201699,0.032142136570390945
623303,0.016709400498327448
402815,0.018472878825042477
913173,0.021918568051367555
823398,0.025514971810921522
173905,0.02799316303326765
633369,0.017542675779152396
526672,0.021943515317036266
523446,0.021058569027762555
882639,0.025377362877560265
619854,0.0185590108365027
941104,0.055865519566267244
166501,0.01197752525022983
756439,0.03174316780433811
507902,0.022357677358285224
262956,0.017832951594759148
375034,0.017819545310261503
599328,0.0222137886350794
139022,0.014144151949655192
715034,0.026492614900363497
593350,0.025533102071714574
783530,0.018253999966287297
259975,0.03184315655306865
185497,0.021550470999857234
482564,0.023688051941499304
375568,0.030523721473403456
724670,0.02242452548703077
820752,0.017259723569944044
603341,0.017059073347645972
969919,0.023905439461210633
781867,0.01900551866170868
751475,0.021311056863186812
906651,0.018398836386862787
852290,0.020017798811258182
621271,0.01824767487571087
636843,0.019973592288165063
169257,0.01992571330261966
903980,0.027208818118444136
329979,0.016215413913332748
403756,0.021704680865718782
386758,0.019468110685257632
718205,0.017522551394513485
774642,0.020758041136076367
568283,0.017256210539044376
617740,0.01987097554735867
392971,0.014447401422064552
273297,0.02753614692030634
109020,0.020706626673600303
286995,0.01847675810076468
321963,0.018202079228706387
996645,0.015967104443791538
282043,0.013416215862647978
520962,0.020106782360984784
806745,0.03649793624756114
782881,0.018547417272133267
720331,0.013342270257994423
529129,0.017162735794654042
791699,0.029410921029619577
698540,0.019634551338080005
206392,0.015268191650995442
547478,0.025467779139325693
522764,0.024968920596199415
850045,0.025762254339411754
542679,0.020630210674722954
543342,0.027407206137807432
843088,0.016622383797648004
466028,0.02386372413581072
997619,0.025917067703437695
193445,0.0431223832854045
828534,0.01780418422454313
475158,0.02200725866559058
210956,0.022493349141182308
729668,0.020216655466319816
773170,0.01645269584059861
369898,0.022004402284370537
236019,0.02343528190562554
593680,0.021378677685432668
727708,0.017915400876636924
956254,0.019820575242067196
647591,0.02029350084915873
655289,0.01750319051861065
193220,0.017484628324274915
644932,0.01521161093290481
251595,0.014050010441009932
866245,0.02409287982265065
407748,0.016597014172654776
392857,0.024725669544667584
698896,0.02218057272998773
548742,0.03053090977394604
554556,0.029163098509715237
109590,0.019981382286802837
173050,0.02191672093623955
492734,0.02894848701791048
809617,0.01932558620974948
580548,0.01382825552466358
243703,0.03163903024044474
988773,0.019373699727869564
570086,0.020520305018518085
110911,0.02628402186918738
913829,0.01815422565164929
102570,0.02093260690436009
562130,0.01671622873433442
969215,0.025419462733375437
277024,0.020327259256151795
604824,0.026179067854326336
805419,0.017406302726612675
512020,0.02303280210749998
260130,0.015953332817713127
164809,0.022956989827450616
793349,0.021381504601012544
233259,0.017584522187842528
356006,0.01761753678076094
198134,0.018608638492716087
724584,0.022153023701813983
337895,0.020309197569038064
878425,0.021422175453735443
384381,0.028047025899630196
146253,0.023193272877576818
765947,0.014679386139604466
884423,0.019677026248426377
759354,0.06522390292923774
518489,0.021347971336761914
970306,0.02010209403149023
620660,0.026049117562465886
361328,0.01497163671556888
266098,0.024464192784466744
176511,0.0183258027507575
787797,0.015515833543924074
981826,0.03493145413748287
294600,0.020826789404859228
559456,0.01620566950368834
442015,0.023222615421403903
526573,0.03063966874129075
627282,0.0171339924072146
939689,0.015311742203602253
489355,0.018891355341644118
125177,0.015173032976361503
231369,0.013924629141336024
825268,0.021584670989632307
495892,0.018222746005064173
602114,0.0670208979450323
420356,0.014410306522867457
236818,0.013504837510952281
768721,0.01479293399162823
974802,0.015957907923231582
975582,0.019071832004538727
381011,0.016706741067516663
626579,0.01558525291427183
166640,0.02189099147595649
753569,0.02279821286289481
805330,0.029610705202216217
749936,0.01888094326018235
611741,0.058696939475939666
913825,0.029012005103025075
654309,0.0176999489816916
271571,0.01976945430941721
709387,0.02460243329141046
717799,0.02626675153075034
350265,0.0420199196410581
879659,0.028910397846752214
371587,0.022253360351068185
973033,0.022381691030406332
313133,0.032393739036597716
363148,0.015369797060531458
817743,0.0183429882095105
656838,0.02376081509564679
735625,0.015602604451450341
674459,0.01671869656194664
114122,0.02378493155426747
535613,0.0209435711998425
649568,0.024783102001448676
636881,0.020942147385568134
473781,0.023904356632409494
103265,0.021374151816691885
659797,0.015452539003268387
107852,0.026458535951209464
623658,0.013847325602609534
459777,0.02177365649665186
226578,0.029935397465751787
103333,0.014517540193883497
833060,0.01904011886063926
245051,0.03297296907277025
855715,0.02321076449106148
715548,0.022294902527177227
496891,0.02473732611579701
785746,0.018714547291690233
468368,0.031275291777812915
157423,0.014581504139358981
536260,0.0268890025673664
766180,0.028071305352456204
555643,0.017246357723153312
647477,0.020511371697224376
687490,0.027234016360525273
990756,0.019255725456149838
817868,0.016918639946169316
737725,0.01935328766949606
208804,0.01966714151724369
611585,0.022014907277757245
918082,0.028944916007554587
659905,0.02259327166949639
348899,0.01877041886072698
991694,0.06511168363311409
772810,0.060617113549463544
577796,0.013668741841524088
100248,0.01705169107993619
862765,0.01753471279130269
480060,0.014356488421438598
531716,0.017777990543543867
462976,0.02123742144053692
428596,0.02420750625365247
917249,0.01659117809507621
530105,0.02126605976834109
854842,0.02236637998986068
323786,0.021723302117986693
397630,0.026256827059466307
936411,0.02051481438484597
421386,0.03337457227751875
727320,0.021776673177630972
786028,0.027064078973480673
725055,0.020606914591218065
268256,0.028399900613259605
509016,0.013773537944263947
300565,0.018979234819183285
266560,0.016297343096096324
981457,0.017785840678719453
102872,0.04762567165026433
182159,0.015445968500664932
542014,0.01645718249272581
757398,0.022237503107302173
654119,0.029320177712839193
948550,0.03616077696846089
377633,0.027398418588707313
748171,0.013702093315548223
714576,0.01942970462704363
723974,0.021208571304643757
972956,0.020028686995100017
629113,0.02378004889996359
813144,0.018772286182090512
789860,0.022707873289707962
674967,0.024834529466586458
828266,0.01815212696895398
932055,0.01867239889712562
483996,0.021349144547059225
476313,0.022591790539545534
403459,0.020491302927978974
277236,0.024490603923661876
895886,0.0278369452140898
507978,0.030508203828033133
191054,0.01721673130221674
590004,0.019888542307635846
528676,0.009767774967880005
362666,0.0164439185711755
948084,0.02230942596493793
145541,0.01815611380831369
982579,0.014973878533017399
527735,0.027401462389749765
133555,0.019657441203162474
351348,0.015684156351028745
454015,0.02211903236644017
773538,0.022943478360083345
755332,0.018570238407875285
687285,0.02236637998986068
878453,0.0174682785850887
438350,0.020998350102189492
640014,0.011274853526589461
426530,0.019716934583392465
597470,0.01895378513655152
813629,0.03274749649784616
660441,0.016443191134979863
706535,0.025939700699163043
166929,0.01715637620177
471144,0.015260645506224442
307490,0.01751594978896437
228726,0.029723908533546936
655091,0.02847935413431639
266321,0.019722441438272145
846225,0.02204100161775975
139382,0.021143367601614352
766681,0.022451065242259594
287512,0.02159432320638109
319551,0.014952112910081404
771079,0.016031064426110343
742700,0.018601455188415
500956,0.02365708982309689
382198,0.027766460737939376
560368,0.029989486282945205
627192,0.02259195971070968
729714,0.033865860099263984
610481,0.023416044765132423
465126,0.023650850523275754
939800,0.02016700243096055
757656,0.013063127813601411
303720,0.019615134831700104
562780,0.016374079218795426
859012,0.014086509615240961
619728,0.01801958297376052
975471,0.01740888061853833
970044,0.018239975876228554
391295,0.030492529699082727
848043,0.029886812807738892
166957,0.017301791450440817
372675,0.016974442252384994
524519,0.014222334769715104
167742,0.017014634506248228
442303,0.02393048736365442
881125,0.01729712967495699
446513,0.023803055993866777
804088,0.02220263681001078
385665,0.022151468778675517
563079,0.017549847595308143
515623,0.01884309658133293
953180,0.0214722837792611
325516,0.02673429129912879
421797,0.01756700183043479
270298,0.0203707591149266
324435,0.014223447233785002
768654,0.019782479406906976
380958,0.015130138777769541
627473,0.016743804682637108
724755,0.017220438719669835
466254,0.01978358971567587
787916,0.019822564715804562
171470,0.02788324049690425
454757,0.025419299086558402
176967,0.02192709497826952
523498,0.03036774667986149
946298,0.0182332302697295
397172,0.020111531257621544
865462,0.01754345438277429
403167,0.016443326116519105
791076,0.018545723032241116
305429,0.01953171978746157
594202,0.020206248550203098
717071,0.02259432207443298
750830,0.020592384220503267
850030,0.026287618299940075
759996,0.019697016387267362
889319,0.014180754566557785
979395,0.021662771874027948
740019,0.021388189272278528
409384,0.023316982918068673
569646,0.021834781562133965
479212,0.02549127420079672
295123,0.02548314149890672
313971,0.0263102752312276
198633,0.02424588749363289
274599,0.018780330126973593
125061,0.024479650554897748
614208,0.06669512445983444
134621,0.028977852188417308
806507,0.021521350132926095
430698,0.019533574383080315
218933,0.030573590494028895
399239,0.021500696699918075
616847,0.02084854913733949
913226,0.02704252690550312
813027,0.023476383792346837
695228,0.018700829771466344
931401,0.06085048590053369
680809,0.011335126178987477
856594,0.021888647233302774
811488,0.023100162952890396
312752,0.01903581126706661
217038,0.020872254873788146
470322,0.02455874467110424
456861,0.02177727190370761
406985,0.015891107984692364
979080,0.0220339216455582
406092,0.029503578032325246
292567,0.01559021331254667
249723,0.021081436971862988
621180,0.014952112910081404
840034,0.028972649150072513
556209,0.019091406781025246
596909,0.025296859124509213
936793,0.01753882504271291
800787,0.015052846024253672
477763,0.02177303757188781
735515,0.017043862685670833
276408,0.026099835677811017
104027,0.020017053643314894
559137,0.023494377463818803
134165,0.012409993228640462
367415,0.02701184174204716
549833,0.020336103836000572
494020,0.024151532280463083
405862,0.012145243479767623
211774,0.014199438733651234
692444,0.028916052073217652
386312,0.01655916559190993
678924,0.03062268886897737
766620,0.0286979985098598
819105,0.023427192188516462
970174,0.023652938601583094
652766,0.026740685629943726
291139,0.016879981547010092
100620,0.02160837062541568
524248,0.016443191134979863
254671,0.016467843113629144
626648,0.02963628249809478
105489,0.019544030186693553
968647,0.01566029431295331
199264,0.013188466898423672
841639,0.021907626752831314
948256,0.018417321613770743
439167,0.01655891132773664
483856,0.01955800796535284
211854,0.022613548870668843
247589,0.018956262137500544
898836,0.016443191134979863
752966,0.02422934004540491
430513,0.02718996371806396
733856,0.0147538879816338
903622,0.016416367524384978
285497,0.019552203761009263
995946,0.018700080116486786
656067,0.025074506123389725
229953,0.008972610631323368
259920,0.022550135380837406
182190,0.02798993327455067
401855,0.022265896080562692
161405,0.01842458591898547
576874,0.025739864869242957
894302,0.02138541942701694
400752,0.016443384376365045
345376,0.026477109858593216
587981,0.026082310953324788
403545,0.01921301740707795
614937,0.014971359985661245
369351,0.028854871600207097
345425,0.019423921162714852
728128,0.019419963552424747
908870,0.024059597673475243
830315,0.014849815317729647
409788,0.023843113998239723
600613,0.0243605550791227
631800,0.02173823952200836
200039,0.02082111051289595
517684,0.02125855310481629
494425,0.024651844456804215
456763,0.017930843692527888
445417,0.019142378138592847
907254,0.022251739493405746
673919,0.016773556410922656
234484,0.024903504301202497
489538,0.018915198704433974
572091,0.025521079285477907
150116,0.030114851760658246
425701,0.03059344698161518
293027,0.02847563877624041
221359,0.018119557539721578
176831,0.013045983233368731
707533,0.016228462646157713
850695,0.02224336951230836
599969,0.04590094962254846
391040,0.014716734446071132
104566,0.023220373734617966
446417,0.019277248774863396
321425,0.022281707897805224
448946,0.02191047310427099
996906,0.031228748766729666
902238,0.013573871317665378
489415,0.016706741067516663
892429,0.020055069125630924
440308,0.022346786082101115
350521,0.017518494657756147
710985,0.020294658980900587
346965,0.13281622644400243
913260,0.017246357723153312
777781,0.02931284555570622
519331,0.023429535937343902
344686,0.024141063128682208
362308,0.024823289511971276
832177,0.020483225039363843
209838,0.014027275330447016
909351,0.01796956126166788
257927,0.02683542048873791
215167,0.029539651952175863
800698,0.05538013613067966
448854,0.023109266094836326
410224,0.023613939626779205
718280,0.018513442845262493
749221,0.01895923839606574
126718,0.03117874457472923
720288,0.017577966200928136
841935,0.027411586961192703
661556,0.01901128388887241
875784,0.023601084610631828
468679,0.02098424416801611
949675,0.027316833925910493
385634,0.019827133782881548
923591,0.018583436934363526
791955,0.02384203925661337
331565,0.019410799835695207
823653,0.019538397574731598
134901,0.02620870792405452
754699,0.013797609365406987
424046,0.023161355040745638
741407,0.016079059576988134
134968,0.02271152612826547
141404,0.020281384117762633
166073,0.027015075769436434
684516,0.01831209426740405
532190,0.03613919093330148
307757,0.016635039383022868
594841,0.022943257958270187
963576,0.022840788096783665
479751,0.020305323759458642
540442,0.016745942927753287
233507,0.021939924010311192
704977,0.023910552930801666
535644,0.021790272746994462
306980,0.02237027905712392
886121,0.018701465156420242
402477,0.02018988368532405
855276,0.02107716116551944
603253,0.016445782232292625
242894,0.021293268661634907
813423,0.015558961445363381
381441,0.024698158180093594
166442,0.02265741097732601
440274,0.01480019086952704
963894,0.01863892957701835
968176,0.029276994170621212
668770,0.013828170767601497
750465,0.013232692744797174
222293,0.03444398019360588
270515,0.016466445353519127
895228,0.01698889692492796
645147,0.025825640754062885
762705,0.016100460043905005
612762,0.014504806994159953
776520,0.02512385993214392
488967,0.021210384935127054
284517,0.023331295113245304
370256,0.032472627624755966
775488,0.02250656833708312
280475,0.020438206543477385
221235,0.02262184342271895
436910,0.06719508993760248
969871,0.01892407658200942
683615,0.019638689571099165
659638,0.020020391648538825
357465,0.019158200963277982
369628,0.019430751322169995
597059,0.016443191134979863
571564,0.019615877869159533
993088,0.017833303671915064
607074,0.02515848928986338
768146,0.020711419152152803
539767,0.018431340565416444
876065,0.017680152214733676
200691,0.02623098393825128
527396,0.01748489446247451
730152,0.017965802449790052
612745,0.015502970669626259
738846,0.021974929781094138
235719,0.022867836603651343
557363,0.029895769697256346
243041,0.025950887157239564
512496,0.0147538879816338
870793,0.06398184089172407
810511,0.02510239308001395
387543,0.0277870047461328
642681,0.02150049158848214
976666,0.03164130805280886
768773,0.022385259014582163
677920,0.019638429760847665
879579,0.059276660986479386
781366,0.023863671447714327
676970,0.0160202259740866
476540,0.02165819189818046
799417,0.02516125966410683
416098,0.019965000629616186
327936,0.027100739507634974
113326,0.016200847757161522
629691,0.02129333141399104
515315,0.022862927010114414
265896,0.02124285885900242
665225,0.014408573597388905
404078,0.061128002288156326
140951,0.026427452513707695
372632,0.025183349349665214
148476,0.04243199808172821
532445,0.022758075426338197
479768,0.01651069784201977
484352,0.026929265023003766
473910,0.019706195672227738
533600,0.0209006097297196
165140,0.014313024445059783
392365,0.02094404060732927
234123,0.017378555056912548
650048,0.021324249584948163
726993,0.020124008587235107
417264,0.01513282256467425
689804,0.016252985083409017
700252,0.02110284347912499
286502,0.0156603369378338
259215,0.022953157292053796
397702,0.016443191134979863
358392,0.0216371983358343
251279,0.019018842828720038
423011,0.02766617725444081
775461,0.02463123865149567
688293,0.024059397373710923
316710,0.021355197840334725
298372,0.022302571413171865
720770,0.01651556099935369
950970,0.029423640133150984
880407,0.02046236297703018
699398,0.034759081391651604
616533,0.021517990684951135
877809,0.016174602812499
419481,0.01672887565116231
330505,0.020633792870266923
105481,0.023743640551001484
732428,0.017343466041568816
854118,0.021629363885928288
440662,0.02946239677587679
402053,0.020693646712585695
530800,0.02292902816474187
825266,0.02652012073918239
287884,0.05781118430063007
333942,0.02389102203140384
788386,0.020440717992822165
939063,0.019901555530426752
322443,0.019676884755285555
974697,0.01904799199235004
148923,0.020203691206260796
728571,0.026082915696312808
866477,0.013827781237649713
174555,0.02241755447163955
633360,0.020663798827095407
588077,0.018028054374214404
774365,0.028534805573695
314796,0.02540911278157327
886435,0.024125936015617692
608175,0.02843773198568351
589351,0.018420362013987338
829640,0.022439628645536874
338323,0.022611807987146536
560153,0.025822846111049742
747792,0.01610061717388533
410910,0.016037367662268355
366531,0.01967236945956628
333691,0.026040196598002854
266343,0.022955434205952606
992739,0.020180658471407792
407321,0.02420918720044751
384178,0.023358464761137475
102933,0.022623830122358805
571259,0.027520585481860878
125930,0.01838999109380228
527217,0.02734076192646206
758939,0.01932651758923025
449890,0.016974442252384994
504327,0.021219775796907283
217415,0.02850302983000331
347156,0.02188401151917259
539533,0.01670839394172177
107911,0.020530730069481355
683097,0.024798252730564414
401685,0.024443835608890668
147779,0.014456722538417179
838629,0.023779920576927478
524105,0.015887256650332027
558494,0.022240735059334812
282521,0.02184128376485301
533324,0.019925318172466445
810650,0.01608682554665927
599553,0.017996160549881186
860258,0.014637637291623836
179419,0.01577442875309609
447809,0.02235942938060835
742217,0.028769149255269282
478037,0.03200010803229064
798913,0.023358385621519595
507581,0.0220448278850885
147738,0.01828693603891482
162609,0.03283428785912168
333396,0.02054957749673252
299401,0.026624365053281706
738915,0.0196550366535745
707299,0.028223603017428083
984093,0.024681826703172538
511486,0.01833857621473446
932409,0.025357060114093628
242789,0.017071018850681016
356933,0.018916835845317836
550644,0.025996506004354623
718235,0.01889852437270981
128099,0.017329378027234988
498814,0.013114664337712632
459295,0.016513334528791463
657290,0.021969976106525298
719061,0.021801058897805987
727466,0.022237503107302173
496236,0.021990344700293495
628751,0.02254104700163979
568188,0.016527641221172253
402444,0.017733224929814165
103676,0.02190613242763599
390567,0.021826133921663816
559163,0.02167077324588668
705218,0.018451017139208995
419400,0.02907260571966964
953477,0.023198131714020263
645609,0.022520443439543746
807548,0.022177263649830976
231093,0.02942733138314785
238105,0.020607651318381933
433278,0.028226232429775348
844240,0.01574103009472751
815855,0.016425992194603865
956207,0.02652799525282098
510781,0.01657025443262115
884130,0.023716702422456937
718904,0.016706741067516663
655204,0.013919604249198698
242060,0.018759310184624824
234513,0.026513614682382874
405178,0.026116302992588228
832747,0.01755860528810863
453560,0.0238203856221704
422429,0.028820333924190603
537665,0.020038563002084786
574375,0.01978541860384684
359752,0.015412705045860951
838769,0.01639708367132396
413308,0.01772885228550198
923300,0.023613320990735716
209309,0.018418133009872818
705279,0.018520637919258332
526118,0.027908047328506307
643973,0.02544778161772353
732508,0.013219024360209962
375641,0.022087967091665935
611286,0.022594337760841562
286328,0.017273269289933665
411993,0.022994040046916218
528084,0.02086520142546194
390645,0.02516485098056338
171795,0.0192935743072983
663505,0.01889516114147866
176349,0.01994118808463156
818420,0.017730824636086506
733383,0.026283709427492384
750941,0.019455341727271643
215733,0.03052654482569184
566466,0.027414819870764377
303602,0.025839225549494617
802263,0.023967847457501003
651076,0.026752356682062845
849968,0.021129982102713614
436868,0.016443191134979863
848091,0.021098027057244166
257373,0.01504526080751204
699183,0.026919926367795506
948827,0.021737566460635602
959285,0.014180754566557785
734852,0.031711425837561036
729694,0.01803864132329701
842022,0.016012602085397218
875825,0.02611789338808218
528349,0.024069264935434036
851117,0.020327368755411943
730058,0.025842596312681647
178485,0.015605073765073587
687979,0.01731687062023526
973007,0.022591790539545534
546398,0.02139087615059551
876895,0.022273972053128088
540395,0.021675994241201254
379325,0.016447240644762426
222686,0.01791542286691959
820181,0.02184704234504735
374154,0.022885953856098845
543618,0.03322977635913979
414840,0.019283221242825874
715004,0.019941807801881244
401593,0.06368581674753594
613855,0.02940475102028072
490571,0.02301375889788082
416727,0.02395757389209507
208077,0.019501648278563478
785247,0.029946598505135907
868882,0.025421319103623406
796109,0.017814245914565954
936917,0.01968831579360551
861450,0.048288401688188445
716580,0.03300782726488709
513162,0.026356857702878215
797984,0.022499552859056478
858210,0.021512989021103063
192989,0.01858654456339946
372277,0.0191057598206306
673175,0.01667530819955195
670992,0.021498591763104733
265542,0.021519709747548035
942344,0.02587864558321345
895527,0.06160670846975581
727988,0.017305017318426263
768552,0.016460173304191993
686138,0.022279080158514916
873434,0.020957006687982404
145961,0.019139271250670234
646180,0.0513585491520368
315517,0.01736067277973559
977330,0.014077395226699782
126459,0.018983993788105256
316066,0.020606106217661395
586859,0.01797500826350682
781347,0.024259963617639203
674364,0.014181442939400681
341141,0.018619598325501422
678125,0.044445151251276675
736780,0.017807585779758977
476856,0.018836600389653048
277650,0.021490631892500955
255336,0.02207067869007128
762870,0.014522140123735133
604254,0.017626017592621775
357448,0.016468145935940554
552477,0.017739527098733273
965379,0.023998619008223913
381162,0.023316982918068673
705426,0.029092507917993126
780485,0.023201311356001567
765724,0.021325360645615573
783454,0.029226774634574914
808321,0.021296406025706812
352168,0.013045970167909383
620245,0.025660871687070864
292410,0.028206588297440938
153068,0.021642021550573074
485384,0.023544318916747436
582587,0.05788483177306832
497195,0.028641142738658493
503179,0.027312197644026124
757488,0.01610383737209382
887614,0.01794257935497741
782584,0.017043862685670833
646487,0.021731958542864808
744860,0.028743272336199114
272692,0.027404012042060364
343614,0.01718215437461323
586815,0.014088013030184523
366922,0.024226208806962836
269673,0.015880707993232674
558216,0.02049744947868237
263138,0.02468317253983975
895669,0.025742705159886903
468865,0.020899343350620853
589317,0.02158041372033933
863781,0.015631611000019408
395449,0.0715669186709906
430754,0.04346421752964352
252459,0.020642818557540934
347968,0.015820541705585226
686802,0.02107608970876899
852185,0.01948188052887939
249455,0.02178216783227412
542140,0.02623516356258597
592191,0.015846320102970213
405945,0.018773703331870614
516268,0.021706593290398535
838274,0.02301788017834273
216194,0.01886721158668028
490682,0.024862712698605557
218816,0.022709310971900216
626714,0.02699251708887016
520407,0.019062808137911544
555966,0.018952441014953043
215126,0.022256813562591744
135114,0.029149139362312546
792215,0.01659739901507761
228409,0.018931121092499965
578049,0.02514953777032199
905938,0.017545441435961227
887933,0.023749093217083652
794777,0.024725286379069778
478887,0.016684586179528293
154043,0.02550662084564382
134476,0.015971128684003053
974957,0.01753147479063076
986939,0.01980045339420697
681187,0.027225719224956087
921940,0.027637619179093534
215342,0.02688540321462547
892324,0.03094421866210444
449916,0.020342289712341397
490013,0.02567123182737516
944363,0.020556766474285407
109548,0.03115534018906225
183728,0.02319119062322001
279999,0.022002569610302097
994874,0.021208626630789634
222592,0.02274458905540969
695057,0.022149427892502162
822100,0.022749852758742868
137600,0.01795031440081981
999809,0.02265109799100632
351790,0.021403493180090778
319935,0.04611245825182289
123566,0.026121967526172477
736992,0.02840334616504214
375282,0.018073060711068414
910149,0.016225740305799916
341462,0.020769045430641668
172091,0.015293808671200247
489447,0.024777467650789503
980001,0.017908029379314152
103171,0.02743932927337795
451359,0.03651887122527035
700484,0.024627657903332108
603089,0.014911279055014399
300013,0.025596892452592297
720258,0.020804307735717818
500965,0.05466985839083376
859368,0.01708482759812478
154791,0.022636845755472756
993131,0.0442460240945066
984048,0.031393322320693515
294049,0.06295682614313795
925653,0.02408392603192419
161046,0.01965759069727402
840382,0.03144331771031097
402939,0.02502559218920939
120294,0.0195628475393939
963538,0.014050659171462419
238555,0.0243972793318295
911111,0.02590522303329111
462583,0.027212022331210842
633236,0.022895116335670575
239031,0.01889600498618605
586659,0.021316014556309448
935068,0.026237207773990714
595688,0.06239197700601912
205771,0.0220409524688091
527113,0.023996760304448216
587059,0.018913115622226702
768545,0.015596128081352252
503424,0.015927457877026045
486894,0.023762869604499692
474999,0.019442159036154684
341345,0.02055726556002276
132299,0.02935117503897315
957829,0.025665623641281856
138463,0.013884514524763
744890,0.0171102773692342
834247,0.027133822033355213
131810,0.030250272738617457
175070,0.027060925766446964
476448,0.027022254062370698
554063,0.015003378464597024
436045,0.018027982729507206
284831,0.014372417838386279
671972,0.02082495039222129
967595,0.02555006832666649
838772,0.03002337983975002
633450,0.023049908700419265
365470,0.028377839183173492
735196,0.02273322093332375
607973,0.02887083782448843
757600,0.02031280103139122
508986,0.018282929227514157
648290,0.02059963714763874
994209,0.01904100005451152
384002,0.024410882795912667
482677,0.022607108614114517
606116,0.021679429962051196
246323,0.01792129118210844
335522,0.017255205034168625
242906,0.022665703231298295
939116,0.01644892327069738
248383,0.022642448204343763
192177,0.01606912780847156
839973,0.02109773246890178
172485,0.026621622134756245
155510,0.02316338063535169
872183,0.01683551003297898
137714,0.019640330270137063
418136,0.012796332105321532
863563,0.01644652660588637
634401,0.017803088072119114
610879,0.017246357723153312
886878,0.022593681741907002
790053,0.016018433106675032
529954,0.023549051546769763
975062,0.02507410484644317
154003,0.017387023407848985
526935,0.02333342264922952
273187,0.016455906334922624
264756,0.01821588344044535
546121,0.01908082523380565
469938,0.021055326329633216
616583,0.018912503693535764
177852,0.020934246663955904
294958,0.015908395855217968
656753,0.017728329236758503
100815,0.017532425490451673
834317,0.019377622567741788
259289,0.026672028204792034
891925,0.012806229678155421
259196,0.027042000863824533
892614,0.02373489033327311
585998,0.022640114667890825
283961,0.017340615385863165
635276,0.01506203800075004
476769,0.020974529713008824
703930,0.02319300908802673
709512,0.013960806733121816
210231,0.027936850518809734
388324,0.020746743433492518
492168,0.016816649080901667
232749,0.021191316364778154
306660,0.028355562536423986
940590,0.021546449122900404
446123,0.014483222355476392
549856,0.022752920737175945
819711,0.0164550658813061
283072,0.02001368717657095
551736,0.018427799886908815
814001,0.02077888726636292
447400,0.018859308086849866
751232,0.02236637998986068
527474,0.01997576866056435
792244,0.019151490753967552
567220,0.01936401462686509
113246,0.027439240889307066
115795,0.013886167940607838
512603,0.02373799834909904
779525,0.015566519682923791
763504,0.026808446120410973
653428,0.017762899240544687
126744,0.019667179891275567
400344,0.020283833688019014
609243,0.027104744230182224
304463,0.021937318379911957
725153,0.02552555094857084
275051,0.024870629661974224
680478,0.021596414990137855
592573,0.015057346938949055
521758,0.01651721578412666
170431,0.02233989834321343
957136,0.019725341692850375
563381,0.06854417812809485
530356,0.02322920816139393
578507,0.017044022063020147
602919,0.022821042709031895
827196,0.019192679804950652
842226,0.014814363865067919
397047,0.02340818571324627
805853,0.02173486395033625
845973,0.015215046527352203
991201,0.01780402274750299
461374,0.02220560863949004
892735,0.01653123522073031
792467,0.02521137390490536
880914,0.01623228431880281
205729,0.017002330850589803
779927,0.022075007681245956
502467,0.025775876161295844
288442,0.02018046568710022
908089,0.02977313327561427
851968,0.0217372962299958
767327,0.031798521636451645
395582,0.016711157400770695
185535,0.029634007182517533
214083,0.023788219143055806
131920,0.015310356521759286
439608,0.034075054782024584
904904,0.017044470452485302
981543,0.016476322563956154
776099,0.019133028232198594
115647,0.016450480876520526
308852,0.021438600087202577
179142,0.04436916009513794
584412,0.026778753698698955
708061,0.021965043637436423
717423,0.025365720728148664
423298,0.018588995618187273
501834,0.016720763186124678
132777,0.016291932458624626
154042,0.020936463721071014
963203,0.024576156375811748
683673,0.01853049368779795
439700,0.018121739232130157
830687,0.03259095696922807
344948,0.02811057938738974
686386,0.020625667782332435
992557,0.02531447318546963
858857,0.01748288655693105
342918,0.01644368224325606
198717,0.022853351890001053
132656,0.023546043998624238
577563,0.018073928437979527
248258,0.04923844658506077
420946,0.024466650919210842
948072,0.018576774089075834
346476,0.025260002601350234
904480,0.016264788559554367
964044,0.035588362778895544
608847,0.04456411761153394
736419,0.020173198688124543
663594,0.015310251348079111
224804,0.021091463113825516
553476,0.019836598879207867
976692,0.01803381713853829
739657,0.02811164511842831
128371,0.019440775570484216
322294,0.020314617197502553
144371,0.01341400560070151
721006,0.02294655869136259
125456,0.01745867445829027
537672,0.01711538314954316
171531,0.01853315747339674
614091,0.01738184572850653
467946,0.023900249489404918
374122,0.013109600835253137
958584,0.015948708099684867
690259,0.02088988846987873
743499,0.027437759689098645
354959,0.02325072773814798
355946,0.02345884315222646
111188,0.021919989419046798
781796,0.020898826107502634
349860,0.017025772011110787
365817,0.043209173151832946
635728,0.01623841651523544
105833,0.022386400130763554
341592,0.024862461558535266
864398,0.02661333668863455
866707,0.03077790303285677
341653,0.0228299327156822
871241,0.05518144068828209
418765,0.018981850395426426
896511,0.013849610957483808
669391,0.02885330355734934
969152,0.013006369989414417
540823,0.03138203582126373
351183,0.030366818177122397
606621,0.021962983997446374
821642,0.013920454732250582
879815,0.022158640120170332
536452,0.02130830716322435
815249,0.01440663973898021
631847,0.018129638220065337
928257,0.02065689393044729
591404,0.01985706215300344
397678,0.027060546920052747
746778,0.021485011794793465
699734,0.016142042354580444
542040,0.01862403242693645
374266,0.02171142920744149
184236,0.032342437954251506
240365,0.022840176537440086
199614,0.018962034797702126
116522,0.029844859005215222
622086,0.06350236196594354
754786,0.022719537136500833
533209,0.023006550402404242
750619,0.05486776882776358
486105,0.028174883988557383
220572,0.02554014339421413
885036,0.02786128121202406
661902,0.017018242735614312
998249,0.01429997144755016
154735,0.018963674223826287
105215,0.022798397160293794
676011,0.016725884659753398
832420,0.02372326360166997
247564,0.020529275220779238
299149,0.019178539606054573
708453,0.02259424700391066
502314,0.022869214635365554
365548,0.027067378928916183
644946,0.024616855067432435
940277,0.019654154667733795
753820,0.014446882371342616
395935,0.026050809713807653
944432,0.0517979316339347
741546,0.04338954539909677
159297,0.01977603471193803
142314,0.023589172586687614
272042,0.02382930779359457
256238,0.023312569062772542
311342,0.026609006656386113
129538,0.02055895139371856
826829,0.01877660252288428
542748,0.02086667752247003
858582,0.016706741067516663
971218,0.017196568533564605
763232,0.022744216019725327
336389,0.02300317472115722
996292,0.022616531651468572
179680,0.015448031534849345
613502,0.018854618486079618
798285,0.02299229866509493
255100,0.02305599054590144
428027,0.020159881710526045
414899,0.0191935827429698
442856,0.027248104033523225
683463,0.016443191134979863
338300,0.020056496259497857
603149,0.05246376559289331
544466,0.026498087291912782
561294,0.016595830445562208
465001,0.023334326363076176
743430,0.029157546766247024
205720,0.030706925076275954
111802,0.0229967909839485
370354,0.015112034821867867
409724,0.01919905292288027
847454,0.02052056772688656
688677,0.019326569814745342
787406,0.02004322308566907
413191,0.023247473030629393
677425,0.018454206007382862
598261,0.024697013587523627
619833,0.017927128509169863
860760,0.01994780611622031
477674,0.01644399037285416
299865,0.020289326476188675
784296,0.02590982691525346
221108,0.02701884726310968
782966,0.028737544626453043
302623,0.021514262306825037
697760,0.030300448782042213
591928,0.02100636293893468
767071,0.025690416507873504
938545,0.019194529810748245
660789,0.01345430763501137
794459,0.02977997015406288
901078,0.020049662125980246
339818,0.017639532750250958
880989,0.027821335598030426
146109,0.02795666597088681
486224,0.02343018190941384
396096,0.03682584787230956
212001,0.02620138126240095
401213,0.016811850540227175
514084,0.019750512455009035
853897,0.016495445012515056
721121,0.017288165728422386
986744,0.022521605895970884
157339,0.02698768267035502
378940,0.059481338637376584
797122,0.02089938538147312
679980,0.023295438115734465
434496,0.020356847999939767
252634,0.022979470199159736
669465,0.025566385799573436
934672,0.01985783382779192
917841,0.017971834820523787
298190,0.019486393053531996
612337,0.028808512405898837
173746,0.016925153052717887
572603,0.041641640931782464
609372,0.029401435312168482
382238,0.02011258464870806
440658,0.020636474493588023
822841,0.02016800043426238
610922,0.01289594076998541
627218,0.021764160616022286
896707,0.021185562335159783
804591,0.030299486390306087
882678,0.01723435625994383
190414,0.027183993273876078
950148,0.018092867797788993
460243,0.020986697848506982
674690,0.0288104142576184
214448,0.02910709223231688
333808,0.02698832667943196
770803,0.022624545779191596
686836,0.023113585092013895
467656,0.01061939241870447
793342,0.016717272284441316
938380,0.021120459370793793
743234,0.015792437374255227
304413,0.01961154469547082
325964,0.021221745497672553
902033,0.01523140583529711
558330,0.017342166735536808
836484,0.018951413830948578
409835,0.018488569997730554
884878,0.029812364401110167
429767,0.025349418089586375
142176,0.019950614971075233
636106,0.021567352659477835
672934,0.02733554562008318
607141,0.018968518501707127
610390,0.018447732035075003
211804,0.023988609304569773
183202,0.06325215827477243
405882,0.014485671395910636
125981,0.022593873335607303
210482,0.01663628326131186
865775,0.021171276361961238
743295,0.025999369490057926
929914,0.030015403454412393
579928,0.028769674142042147
737349,0.01989390343608541
113942,0.03209828500201825
735846,0.02187536602850789
432821,0.015413346415145584
786688,0.022048330535403938
491669,0.023228949245311898
609982,0.025404799481586825
985500,0.014731513238100482
455710,0.01904780143597821
202787,0.021428006295244797
615598,0.024231115407422826
116157,0.021616864577586742
645999,0.023606288930884286
337391,0.019733556344912032
930758,0.020468496524551655
447769,0.022953464785248637
853319,0.017883520021831908
170022,0.02560918742675248
685221,0.013473418898498318
144797,0.01897087162643582
225269,0.017332452442374264
928513,0.012934136384162026
987740,0.019195224350825067
419609,0.0614113416089606
667440,0.012073072357357488
366600,0.021559562424648713
872774,0.015887256650332027
406079,0.01911337305313236
155801,0.019308691532464263
621582,0.017030851997048905
270586,0.022847877403042147
434425,0.017246811772189355
931272,0.028590274666730003
334011,0.01574103009472751
924870,0.04632041645714395
133409,0.02236396843389116
534791,0.023524705072325593
614716,0.05915838626274603
444058,0.022859186612494666
348478,0.01720589366419549
117313,0.01708404462534089
387355,0.020042832327145307
770480,0.022738291403474595
901186,0.01752552226616037
692252,0.02273951412999648
252504,0.025908274869461654
172303,0.025239089449862535
425622,0.021882838358707798
160661,0.04067999119790704
484903,0.022965480418455014
703044,0.020859784475594865
761457,0.018378488564279517
247910,0.0198694388862366
335816,0.022258513306287427
736537,0.026843983591845734
927230,0.02227842120160102
809132,0.01940049531886777
249421,0.019604589282974736
901131,0.04847982566772446
501587,0.021915165166313855
483515,0.014013554351534882
827515,0.016035104833420428
463235,0.019665740825247257
602441,0.01644940551787048
912560,0.022965506580695304
540049,0.02382628779497522
468731,0.022207522941258495
770437,0.018907630945477184
819303,0.016626888866568552
520547,0.02002300933481591
305139,0.015700464316848954
913426,0.028679848265470445
365374,0.019033537807858308
784538,0.018035750530843508
833889,0.016400744590638637
819968,0.02056972868524736
713682,0.011979939446361394
762399,0.026382527707703933
879989,0.017601080872353108
807487,0.030451603841835977
446364,0.02102340598362947
477381,0.01670678399186868
906661,0.025987950578855182
663248,0.018375288301129947
701192,0.013978657241479257
550907,0.02190081941948945
130306,0.020392817441487177
973093,0.025979587308932267
428707,0.020370475949422144
767910,0.021513031287888142
963137,0.019155535123402925
561624,0.017789822431002057
529675,0.06651339068448144
302497,0.021081317949964783
817505,0.020412342178415047
571976,0.025499801814253886
883834,0.018581705142473617
975192,0.01588937439372521
366768,0.02796606719265927
623030,0.022018782557698457
442835,0.017955041552700564
370367,0.026450129907450697
568483,0.01647202558641686
729468,0.026483807708942538
346898,0.029184006818715483
370028,0.019906868220538203
114695,0.024511619891175708
845201,0.025306548003020773
617653,0.02076552299204013
112012,0.021284713179200408
389892,0.027489158678082097
636557,0.01848704322766416
192471,0.043719464869739405
896973,0.028958174464952913
978606,0.019698833374885656
542147,0.02099247378665815
608152,0.02489906800536424
341890,0.03316180131847827
458105,0.02710571729073326
187538,0.06180876323418182
105948,0.025802335164906754
687005,0.026479948638362675
284083,0.020573902073186136
377648,0.021104259269466918
156842,0.03202627087570199
926526,0.0644141061261991
601423,0.01829386666095962
493016,0.014205075035895853
641676,0.01500782155997046
124678,0.02252870911921287
526992,0.02413522682150243
950884,0.028439081791084394
603683,0.019144759604567477
762512,0.01869968909651348
213896,0.04270550911932477
926424,0.028481796236571582
566467,0.015806074943498997
892991,0.020629687324574205
192559,0.02105607183128835
117729,0.022835732753795274
897716,0.026661335621469887
262705,0.022245642060806266
310204,0.017423870629125315
310990,0.03294514429602708
844754,0.026866317984105475
234818,1.0
448824,0.021363340285091292
513701,0.019203446196790486
367800,0.016707179901197605
577192,0.018005751751244782
367740,0.01780459212990109
142482,0.0624760086446183
257262,0.017868781811536224
612313,0.02602139003971877
856739,0.022804657430871716
262889,0.02536022009278268
633484,0.017979966774035457
462102,0.025784860143265226
394538,0.0173477265670789
681856,0.0191440888202418
588313,0.021115696627560472
645944,0.017339478344071693
371406,0.018792186015091986
867738,0.020713741632030148
274437,0.025731110811851313
723490,0.022698416189454135
636391,0.019989807300577464
762622,0.020264190260802204
538251,0.017022301948261036
345811,0.02099483064893652
158921,0.02010470157313184
596589,0.027012047007795983
644471,0.020532912238273037
764020,0.020871735688544536
618404,0.027033898706304217
573971,0.06713233124825835
550600,0.01754891699727846
436444,0.019271911640986364
125507,0.05893146199801342
111526,0.024064880696681338
583711,0.020809482751480902
651301,0.01810742502393899
314067,0.01647763029035669
270062,0.033279052220150686
252075,0.0202324853161069
337201,0.01763690813619376
949514,0.027672652122680018
441223,0.02416078778929725
449708,0.02738556455642725
776013,0.027002557981271887
375811,0.057300423551539546
504636,0.01799369273654998
525364,0.019437377443866366
786673,0.018728883550431768
236267,0.019908410021898745
170986,0.017738607744509687
258188,0.016990006497616898
530149,0.06115230028973458
693752,0.03128556242855016
811471,0.023529533278932053
399248,0.020630784196264334
930957,0.02734292279634278
398459,0.020233740557330585
515228,0.021497436325148507
856964,0.013427193925848247
867359,0.02037494170927226
663681,0.01837536143292469
902988,0.02299207490407603
339888,0.022393321588455157
766633,0.029133841537552118
701136,0.019990005009042276
266950,0.02658302317490779
868961,0.018505599710194873
455645,0.02585634037750637
844047,0.017191704858922095
675475,0.027048745953074237
208857,0.021077948152094638
183454,0.017615843597847725
394095,0.02489891479364603
565100,0.026666338830710117
658132,0.017730631059263865
511979,0.016295402447828698
478533,0.017772875148291255
866213,0.019039212930064633
427305,0.14309576096288432
737909,0.0206772160022206
301645,0.04614544355161601
139951,0.024806994362377276
279823,0.016007194225601602
342599,0.01574103009472751
818735,0.02018566893588229
128489,0.058642544768456324
538062,0.02039536462741753
654232,0.021922970848137723
702989,0.02288517336560825
146564,0.0189990969095548
966672,0.02779464153822342
574485,0.023338700734066672
536433,0.027724325830458044
103161,0.016443191134979863
144155,0.02095890815671544
966051,0.021739461154915395
490358,0.024739183266816216
113069,0.03058312425456595
909663,0.014050010441009932
254593,0.013837070790882365
910075,0.01978097024537997
183096,0.025679450474452307
309201,0.01333716522834524
951703,0.01804616616038234
806647,0.020250401260759027
922348,0.02744245708359678
710138,0.02688341798856553
278097,0.02501660422558451
198761,0.021833095492786565
327953,0.026923022285504424
564462,0.028125091393601406
207410,0.02420656783798537
806498,0.01934282049085475
452879,0.01757057335263172
797429,0.01355528952006823
865192,0.023212900251481344
270615,0.014852674744441813
591464,0.06610659045293044
501913,0.022037088989209353
636591,0.01953030485767115
169534,0.01537329542264846
564893,0.014471521566317746
557603,0.025573422223971347
173325,0.032410199605856053
947361,0.028014004514651417
101659,0.022356335386593172
620497,0.015349928708117617
687935,0.027946920570279355
161173,0.02025305009680768
858763,0.01894484171695465
104191,0.028724886299321673
730915,0.020828912048215593
187727,0.016706741067516663
377271,0.01961487548322769
443210,0.01607643844767853
998481,0.02416545402825333
893170,0.007397031356162001
863097,0.019259385302095703
877084,0.055835664399441154
860021,0.019500134250465172
732068,0.014891083200657185
644151,0.021240796782259062
625626,0.023316982918068673
557638,0.020270462243352345
571704,0.02604054132248399
647324,0.016181938720739128
441035,0.01904283088630954
436709,0.020873640614953906
997381,0.019420770646643087
396269,0.023575847607306192
593093,0.016338982527284905
760947,0.0184962136471311
578763,0.019120362931051745
831088,0.022126846392031288
259896,0.013167495851393422
245213,0.016493407604428943
775286,0.013325598719415174
409101,0.02118993977460962
876013,0.01619693130041892
420290,0.031973968260577086
101870,0.019605068460092225
182001,0.025869596323530426
442483,0.02012356204560745
856619,0.05806756124238024
791399,0.021908553940799172
460985,0.026343265165223218
867908,0.02793619874555199
603911,0.017952884806035654
283611,0.018820240523036814
707537,0.020894539213047323
276319,0.01584828133002988
965418,0.027064360018644297
486478,0.02374611824057744
294582,0.012655196282272402
893783,0.017967553382964876
183465,0.02558257625376187
428274,0.017548905565459384
168688,0.016843943075641698
863411,0.02380641992427133
635512,0.016184382618895887
689787,0.019689351397263286
609198,0.014421853273184208
792194,0.023331866427203942
113005,0.02132454276449641
324186,0.02235741323209728
104751,0.025673571814716772
915049,0.022227620527921804
731527,0.021691877916946135
494453,0.015887256650332027
717236,0.022070636168242612
499846,0.016487604896282676
204622,0.024451761052135305
725088,0.02714207870609294
542472,0.021420288424973552
832477,0.017441453231196342
136188,0.025405564895558456
684051,0.01949135209825907
182013,0.023843198675417017
132848,0.013170310930614569
618616,0.018457429825272143
796036,0.026785093328418677
568855,0.01762879484002925
819921,0.026710263757616193
295755,0.02223363897979915
765707,0.023882137693387054
231429,0.027018691406758853
841086,0.024662668671208143
165275,0.031831510509467406
149688,0.031147375729465455
761984,0.02391137392644938
906070,0.014050010441009932
347176,0.028906960858287863
404696,0.026320113467539385
322762,0.02287067322893046
325983,0.024610890812961462
672187,0.01858163536711064
407289,0.02515027565960317
174858,0.020477505262020308
614226,0.04978766176234754
512942,0.01887835591024941
757366,0.025344999596951825
839279,0.026352692275029555
914162,0.01587009824524259
835258,0.022593090724556134
310852,0.01835159923086668
226000,0.02316637805126675
233231,0.01920267018723142
301835,0.022238804327890927
417002,0.014604238093312231
622903,0.0234423014150572
146875,0.019094662458044632
116469,0.020812607410908183
578343,0.01778463296088415
356457,0.022776563699178878
665507,0.01931348448951694
928502,0.023688587595916747
485272,0.03007029238096608
443473,0.025435303817726147
396092,0.01944160576413144
903536,0.02748093137849402
613996,0.016788045010753667
154225,0.013415561778398718
512181,0.0241538105693989
668867,0.018574091877376218
469774,0.018045523429915205
309549,0.028495578000701228
135100,0.019776061861391213
988262,0.0246022920935057
543975,0.01226444593112156
109516,0.020513037441854738
443099,0.024005435553554638
342025,0.016183730292519957
274095,0.01531504301786365
528371,0.03294729079893521
114529,0.02454836737228744
369955,0.025822540913162752
680642,0.01979067798721622
801159,0.013851279680165276
647226,0.01927614891295634
233735,0.025827022007125455
642014,0.021168372869666136
490930,0.025056699903529118
514972,0.018447711299613177
344971,0.021129982102713614
470450,0.014787653672070886
568403,0.017022701471189394
619936,0.02747618344443816
838453,0.0162928379036572
905259,0.03053479951688764
844589,0.023771530624478707
139728,0.023848741184274012
984837,0.019332678778174503
277222,0.021730885669572358
922333,0.022261530035383285
653105,0.02019637366579474
502610,0.016917761208641583
127601,0.02361808996904614
585658,0.014766367460342737
617591,0.018262648514047387
970742,0.015170151528504575
636239,0.01913290663975033
555086,0.017116286354126688
825753,0.022720478553638512
178225,0.030830382486780418
990145,0.022237503107302173
107532,0.031177375006398
776130,0.01707952898604834
746335,0.016085065975755573
635977,0.02140281147053393
306593,0.016334266110192713
899374,0.01703691319543236
741840,0.024577655671390572
382928,0.017218833218578818
205454,0.017903162544478
912570,0.03498350220585398
712555,0.021888647233302774
135253,0.021106942777937402
676708,0.024688318784786566
301437,0.025562434894756604
400125,0.024056582013390674
235602,0.027185416717780256
867725,0.0215172492086336
268326,0.02058409715818665
696465,0.030491829664525887
203205,0.013827781237649713
624587,0.030325498624514415
462742,0.0199969106797928
221761,0.026221329939199296
477509,0.014883606130323988
918104,0.027983161431182683
739942,0.01722648144129586
396165,0.04364911030703311
972233,0.018927593961183882
828712,0.01856449211501352
639638,0.05493786327309207
796426,0.018678405134169393
438022,0.02003285007767189
228423,0.02286251517631833
494176,0.02433629713392031
224860,0.025066482129446628
374426,0.02255225695869461
812185,0.018865016189406628
340452,0.01717242874269595
270053,0.06009317411843939
596992,0.019502928154046265
910816,0.02509655411992265
330977,0.0226858040211541
222236,0.028081099893572065
134300,0.02743933340432555
900132,0.02517270374175855
806761,0.017716930197819333
611783,0.031185124719577944
743590,0.054113831571694235
739988,0.0171835415319275
331613,0.02369724771088029
247126,0.019369323641516605
194582,0.02010861904484024
280457,0.01987165395731207
545329,0.028852121953736706
419929,0.020744385882313986
845031,0.02412150541305893
618902,0.02599073484522663
473835,0.02189956667240737
905453,0.045807979176981074
505866,0.01838425288447171
301584,0.01695151424557596
280663,0.016992650882756907
532011,0.026602198496430154
977389,0.025040831052987204
954770,0.01749035249214431
911403,0.022591790539545534
209248,0.016054306168695104
584624,0.02210989675636918
814974,0.021922061289195036
896400,0.017590809464481928
116519,0.013139627981246816
390791,0.020713202622770002
486551,0.01859663068635597
750320,0.020208835396562628
817650,0.018390829575351434
637303,0.014400056633377506
153912,0.021828900839299545
442438,0.019081466685189747
840576,0.026107454280675835
257412,0.022384695120098073
599602,0.019817530493322022
385791,0.015790456835995653
683878,0.015596575985676498
186493,0.01735238770129457
821114,0.020128128741984722
242336,0.01614471289951117
889398,0.022164335234562422
147870,0.02749849562539847
675160,0.018500194332125037
894726,0.022158408703530738
435365,0.020268255396454916
111045,0.013434962014637114
272274,0.029429245545150994
520730,0.02958957915740766
356982,0.021100862556670926
832008,0.045392789031727845
257423,0.019364516117771957
663023,0.024090699292154367
730088,0.017368907064474606
667533,0.02237271367636773
360023,0.02262271284305122
719487,0.02739674647898639
889608,0.019391194572370294
973081,0.0247088675948747
349833,0.017527207727595636
647404,0.01353881364283101
917104,0.025908416502653662
526500,0.029589374085575923
174894,0.014580931863452025
259501,0.016977655845454586
339630,0.01748840731674823
378980,0.060620578588044156
787296,0.021630695489491536
693624,0.019968205236030948
136333,0.02525612021852671
268539,0.02017000588609824
358040,0.027721719545663066
482426,0.02213605059481041
677516,0.022822246675176155
840011,0.018845928241065516
842321,0.026869739104385986
157553,0.04594574896291135
890006,0.02278245782141846
232307,0.02129335853275776
103476,0.026315023199846483
840840,0.025822955365055817
930244,0.020609254475102676
536232,0.020883535651069117
347338,0.0283265615141147
488576,0.010727420078417578
292820,0.019641499106124997
438811,0.019626314906765238
572440,0.023799280958484895
825397,0.02108919890026911
976690,0.021942200587549088
818452,0.021593353835859773
981950,0.017948182747735002
428958,0.023198142633813604
337047,0.017586727174537364
337964,0.030656117021344312
329618,0.030099290776416366
536573,0.017533084453036078
934984,0.021142491084459352
850866,0.026810043211889463
125643,0.022263774128685517
831695,0.02041490887200849
241656,0.019456469585093106
619954,0.025115482982135066
731995,0.016987121616552338
297578,0.018917276183424984
651854,0.020884975537652097
549050,0.021942297275777678
753742,0.020829483829970356
557250,0.024275068569126444
594286,0.023404380315988856
162687,0.025018611548340973
798287,0.02479936715884352
243671,0.029570974980126292
709100,0.029241698542143243
441069,0.023330586080003348
626027,0.028504496225079373
494993,0.016709156668585967
137819,0.019161955872511034
605586,0.018650424817853527
801092,0.025076328921576317
966122,0.020369778531237236
997412,0.024675247533279755
142238,0.028845534516044553
783150,0.02278344871617165
495447,0.015266489627953024
671265,0.029058953762503736
757987,0.02288227789935776
265237,0.034200194185961874
648888,0.029205676128066113
820962,0.013958400609747573
328131,0.026857758431061803
547355,0.023317713744643215
815591,0.021894553391230327
210070,0.021019844129545395
745477,0.018325140349831348
675309,0.017445787838685826
242530,0.016447562792969002
240889,0.01978153481085404
999981,0.018621941868762565
572387,0.021607155532636087
329961,0.016709372989155938
747245,0.02547545215891343
464972,0.024055087251612678
765719,0.030229891920539487
810529,0.019037526185359588
204346,0.028193766207343554
449648,0.01923013764662448
361360,0.016834919338448245
227774,0.024738591523979607
665860,0.0210218056790883
312450,0.01998649933869995
309308,0.026551087859014628
481810,0.039769144534561825
420734,0.021149829079227623
832023,0.03177726667676091
906867,0.016339779229148352
247387,0.021224434225254517
709465,0.02339471590521033
704016,0.015825663956136358
801055,0.021275837239710833
780112,0.02164667801129873
393262,0.02694041432047437
740364,0.015846637000829375
989687,0.016665992270503364
867408,0.018376536792919146
768753,0.020733380245197466
846303,0.021891275017771203
177272,0.025087653853706197
164165,0.01989797806477922
614856,0.01329416320358866
711743,0.017992347771616207
668290,0.02863537536996345
450227,0.023393157445850837
549800,0.023558754262290475
880511,0.020747534382357748
811929,0.02711986874091675
234994,0.020774526662135383
733849,0.02729612067178203
641442,0.018496292829260606
842465,0.030519318542216786
811569,0.02006073763031488
562018,0.023697088658027905
860801,0.028111198708929058
816774,0.017427557863328138
707953,0.022309550781027795
858024,0.025009855399377404
807352,0.020589271102205216
152625,0.018774231309096893
438690,0.017111709086997422
345127,0.024816780805131458
570149,0.022533974052117104
912877,0.01644405273799093
231872,0.016443263754092007
312353,0.019693309534400436
104034,0.02276508765745182
342323,0.01727530379229972
927791,0.01699047509910318
102162,0.019695819707255344
305793,0.022295149091119074
556160,0.021331323715754563
972255,0.018436639264368983
915954,0.024698696787575438
601269,0.028178335331134178
628211,0.027262821651497827
541166,0.032481738101703815
308252,0.021545143521962642
716059,0.018627678673792794
629714,0.02740774214818409
833269,0.010220959563290732
106364,0.025986943197004408
424175,0.025231751900481773
185907,0.02638007017079947
978186,0.027524466634852505
238344,0.02064414210685193
473238,0.045455653506057736
611274,0.020568556182104448
380760,0.018776114113928835
754420,0.022862678376395804
776757,0.01624997040463232
442776,0.019726130995340305
236664,0.021352544012798104
227608,0.014929589474485225
178188,0.024136475988298985
379874,0.02226808728130384
164954,0.01435179837447717
872156,0.017280644892346587
518200,0.026793729140606962
845074,0.019018283152577996
405155,0.021898323978233488
820098,0.019400136575731
337628,0.020719391018684412
702302,0.02197487837383705
312251,0.019699454357186768
692923,0.02082654272760464
718561,0.016189200940858725
212780,0.06055988240086229
277110,0.021776798552336687
959426,0.020662976642734008
244209,0.02825521679426666
356326,0.01499077459674458
837256,0.0222368388978671
104648,0.043887287922442515
957306,0.013413907569147638
843104,0.02097741624727192
183732,0.02708127465405581
427246,0.023576072207042102
822760,0.030824103207528576
606133,0.025986648881470727
837432,0.017486624945909218
427285,0.018078907675136383
527466,0.023752626970203732
915083,0.014631248098971844
709164,0.024027526767483074
297241,0.019237697127445687
911302,0.01610449270818416
688718,0.022620176746051768
395386,0.0250698893552022
530451,0.024247903207971967
320554,0.020089492449471783
140126,0.019025492913987103
322664,0.02227737004166418
725890,0.027600096999693298
484405,0.01421747933781853
235046,0.022726352266470906
534319,0.05402889379830325
203685,0.029950454374251874
667912,0.019208864779146493
865087,0.0125712256955125
181338,0.013297210568678436
602881,0.025274508062928046
865328,0.025215461864520027
213373,0.02397240537401323
521358,0.033811239174835826
658417,0.016443767173217667
769080,0.02592475579790335
686400,0.0313396079797363
738823,0.0158539162706644
197706,0.02286822199981831
170484,0.023826784512513535
508211,0.01509001861216316
929805,0.03288427897875139
117211,0.022289388551340335
443059,0.02095918769279234
828788,0.016185618676635267
684531,0.01615562975469961
114912,0.030324289667040455
144488,0.015088626378650969
589770,0.02001746638031493
726000,0.014445729790562353
585284,0.015598977747735306
547580,0.017182849758120417
753688,0.03081100159581675
230278,0.013792076950529478
712651,0.02277615165242707
130092,0.019801841598008827
107214,0.021606958792084054
899480,0.019576199182692083
225106,0.029981002113035848
992669,0.021888647233302774
272600,0.019402454363696444
323014,0.020738106516222023
479510,0.016611690869721155
976892,0.024662377614754535
167615,0.025809571903490945
125341,0.02265540364564072
831896,0.01981169365196862
666812,0.02152829325378169
687884,0.025988565453289925
822698,0.010363724261686698
657928,0.05722166455986724
705649,0.016810180245239583
332101,0.018593470725228507
615922,0.013804192272558349
334128,0.017176088469987697
435199,0.019943460268862807
673269,0.017284653898258333
242532,0.01700365259628092
707815,0.016215806869065753
643044,0.025235797477869384
162461,0.019893460679705093
982603,0.017658315851906626
401056,0.019323689000560314
639342,0.024938538658017685
934460,0.02480336970940171
619606,0.028443598082118524
779267,0.023208214547891577
763335,0.018646989439440313
330925,0.01570372368249932
618243,0.01783309784629943
130272,0.029389532948979467
663664,0.01968406204227571
808828,0.024452619990494036
559333,0.022520497916404158
891086,0.010316444808899924
660805,0.01754298284227319
323454,0.028699063102096103
174554,0.018059449901916866
214345,0.020328937231783632
734812,0.021067826181602488
200348,0.02241763301531016
873336,0.03578410860160767
839384,0.022927641628765094
877355,0.027725859765360933
430431,0.020625948136757184
892022,0.027873737469686834
440867,0.02167913272685996
262831,0.018569847541840625
302686,0.0153835829122699
965495,0.047979509249344146
358522,0.024516494547765437
403118,0.021100934410396146
203187,0.02668430511603904
552408,0.01741261365271692
664078,0.023049199658971217
554460,0.023683526448035126
520212,0.02010913457680242
241417,0.016612545284380737
518374,0.02302030869717073
826605,0.018969992694662506
128303,0.024027738961399137
956617,0.016183730292519957
247915,0.030105707805728837
757109,0.01862464283272728
398197,0.02193554718177711
902074,0.02206179309625566
561462,0.02282781994406557
118920,0.023710657315777036
688555,0.025847670407251278
127168,0.02491340092083543
995276,0.016690613550918658
151905,0.020691617738490823
144016,0.017626961051998003
609555,0.015619993704295707
910215,0.03021390672843759
289366,0.04653162666348332
171631,0.026481355274582334
669001,0.02164024291127997
580424,0.02226125190971538
292688,0.022019789528088154
626311,0.027507346832139203
399122,0.024404039030814458
823370,0.021888647233302774
408140,0.16510411089729285
364455,0.01843093253765357
528673,0.06422084535959552
438859,0.030653573169071868
160971,0.01683041850245929
866383,0.030056914450675834
685709,0.01738626336927128
667320,0.020267327602917044
701127,0.05884325270791167
917085,0.031197638805671536
448286,0.019809760826349686
473644,0.0225937993869735
678561,0.021564320193282627
455135,0.020601882016356824
153339,0.02255861509930314
179293,0.015582743070561367
161705,0.023607301296782273
270295,0.014952213419046326
945928,0.05934360359959275
921321,0.04563711100612758
271077,0.014776150322317215
741134,0.030769807108347483
489514,0.024973743520115617
624096,0.04583234329615829
453540,0.01337096833694186
546471,0.023600032330882176
309267,0.01792307741934685
748120,0.01786522417591629
321545,0.04330766248409507
788854,0.026341708854665562
380730,0.022123815650667986
376046,0.021778434973128032
443528,0.020406464175903985
391065,0.023347088111768822
843734,0.01968112659506821
589797,0.02831479123564624
675305,0.0286824068163008
155127,0.02218567588196246
811274,0.01899734147015844
859737,0.0562752528603763
850223,0.020976553517358384
444695,0.022175951656895926
183474,0.01928645350240556
578435,0.023117926534312563
342144,0.01688993359812477
775990,0.015308573974408345
914340,0.059719791326087346
624747,0.017361539092751458
691165,0.028455182362962923
320502,0.01963703887203878
313546,0.021811050152350266
539597,0.022143233609112183
145990,0.016356645538667218
724285,0.02282795356121946
734504,0.059875098711244294
612813,0.023832586337948592
302316,0.019425637723522182
780474,0.02645131996463314
462722,0.02126133604669085
530938,0.015940704620444234
182231,0.01882122804792398
765132,0.02322680612382617
765153,0.047628970725494525
572727,0.02353255264631768
974651,0.021148779424203443
248818,0.02476754039120557
947974,0.02466934021168152
312201,0.02230208944740096
488085,0.018355186484642294
448565,0.024540108330951313
462309,0.025085989248740045
909415,0.020319394289947505
926248,0.02938323384398032
992613,0.021170419536335024
965810,0.018476184803357245
616014,0.02844114168300667
896643,0.01842737697249014
209292,0.02736536266034316
499042,0.028384351271812613
516032,0.015506617885071093
221437,0.029178075514893802
900600,0.021652109316560145
787281,0.016196915939560796
105164,0.016446114200767425
132427,0.023222615421403903
918958,0.019688503798650035
285583,0.016279516427257962
809496,0.029989670317187397
204362,0.022609022663127462
687122,0.04592162809905693
831656,0.018538576436246117
869175,0.03043965623668444
813714,0.020021355738723726
992944,0.02334785335788159
296000,0.02981198772935503
976146,0.01906627999676995
637370,0.02644470694419341
705429,0.023994027819185117
360129,0.018540710982735704
848479,0.03155674658326896
475908,0.019499045755965456
952780,0.021164974249610835
663561,0.021896890645738146
236206,0.020060488679223276
294469,0.022294883488063865
815503,0.020099175111003228
383675,0.016467581384237973
457682,0.021725030883903387
934349,0.019277152276358296
395388,0.023033909973836888
485430,0.024182425671968166
910643,0.023129508309105536
927930,0.02373924296005226
106793,0.02190562096830021
318518,0.017774080505904684
390513,0.02295833443621
912423,0.024396516498973623
861057,0.020591168954096094
304232,0.02850324344836881
289453,0.020268711763921095
145849,0.02462335770527767
233269,0.024501154306609416
453165,0.045820514378329597
416023,0.020191186098295223
154699,0.020778828318219707
803907,0.016248565983936942
264603,0.01810181425669394
811073,0.022920291483959944
600521,0.0225927562882536
775017,0.024646553540058284
345910,0.019490055926467055
735801,0.023238377471848287
275533,0.01987708460651638
509983,0.023688111197321154
546879,0.01790127913048257
832814,0.024290004866566448
252070,0.012432079423447756
158473,0.017059848330650638
997322,0.024225800661939988
398079,0.02538007528095803
619544,0.016708102614100235
112999,0.021458535135057046
310957,0.023244911971561418
350264,0.018992634627011847
563763,0.030075177560565516
597608,0.018118378802319323
849334,0.018951662033074
970628,0.02662129252055797
448175,0.024894845215883313
709167,0.020833484748636052
424126,0.018045348419695236
510816,0.016750918716972367
852146,0.022818680824866357
467046,0.023488626118117667
467538,0.015932194953040595
217169,0.025175472386184717
517827,0.016101431380498465
688797,0.012020981684005
792366,0.02776314185343191
663230,0.02695895488949585
907619,0.021255758751349444
510478,0.014484567955463856
807778,0.02176218780572393
867311,0.028431816236415518
376251,0.018552962275325137
606009,0.02996894696328185
109172,0.026576628911925308
368710,0.031223423455567813
741414,0.07207492645502367
655388,0.01967577097863226
577213,0.022339069408224686
730759,0.021904431611101925
866005,0.017575815421864236
867136,0.015667180268927345
673627,0.026638426771235495
776133,0.03102390748713126
420796,0.021863622406891915
324015,0.020708519211260983
305263,0.022387010067706402
576803,0.018985730218130208
567393,0.02888819809766109
840711,0.0218948125308583
281466,0.03154836251069813
743182,0.02442251192663832
102568,0.022034137421988387
965232,0.02144098003142686
820515,0.028928221999295612
923673,0.020175790982709392
650105,0.01332311086869484
104764,0.06279718866246102
461426,0.029203715897859844
589879,0.02333642140124672
127546,0.020292906967891135
642063,0.029091870125225985
653552,0.037702048031557606
158957,0.026080535823664285
794199,0.026500756971738766
740196,0.027332172260819992
283099,0.0173854234869637
592680,0.02028385435730908
308231,0.019264995646993972
397843,0.06479087602783769
561511,0.029331524274805044
634594,0.018607354579317486
375349,0.014410064211490095
773866,0.017986799565861526
206007,0.02359064445061763
828521,0.021365382599402842
524443,0.018806549302011602
289215,0.06668899198239485
494087,0.02110768253649812
334399,0.020379074557717675
675999,0.028870089855509148
103099,0.014860122509110443
252758,0.026341696982182434
625696,0.0213685099624479
972268,0.016258666328122853
365175,0.030238075420446178
858451,0.01956845625010879
203253,0.024456004403061952
372925,0.017209994032693222
568387,0.018710841238915216
494954,0.024358122565661947
912341,0.02915732897655059
361967,0.023878174788003997
547098,0.01593219080041213
689446,0.019349584264923714
191678,0.018095588744910147
642791,0.01896543084564882
368640,0.022948725835089428
798590,0.02372956230632428
466035,0.0177673474426572
840470,0.017522551394513485
130267,0.015036286607925985
974589,0.02178904785017145
419242,0.02457957589243545
303890,0.02516801278515921
257060,0.015959556703957156
416296,0.019563133883309134
300051,0.017391386752311326
258000,0.025001728397954545
592443,0.01761922293820397
933649,0.024132741210381302
649105,0.02275185451315624
973379,0.022248902209891883
815540,0.020106108497765195
771865,0.01922101706931658
165962,0.0175995037721998
927695,0.021690742162908977
500914,0.023216212116385318
796897,0.031040392240388074
603877,0.0256318162725012
297073,0.016554676995234947
131902,0.021904763152297196
456803,0.03160626160895689
607180,0.02432281498714465
604787,0.029230403867875503
717691,0.02279982333759329
607829,0.022594942255904908
424309,0.014759721037421495
107702,0.021537737345082617
202583,0.017611502718431492
875402,0.016183730292519957
117837,0.0139839642216734
309474,0.06608855919879206
949257,0.021036157224605286
391969,0.01677508536517367
233677,0.021168561374581174
144685,0.008484905074711576
739995,0.016470251873451573
243380,0.020899650929323377
389585,0.017831950515842875
921657,0.02565941566727051
542434,0.024457665630977576
697483,0.019174477996955878
542877,0.020750892786008765
645713,0.029554226677386983
598526,0.016492510539827854
399175,0.021406129358974294
504621,0.022596375403712426
430352,0.02060587151943487
478417,0.023237534428257035
804213,0.021805887723010713
625519,0.019451151122279225
292723,0.01142682807592056
565332,0.017530858551288695
616964,0.01828915953111016
720853,0.014753904207029399
545438,0.04861304013207659
425344,0.017568462840867088
462597,0.013981693037773794
928791,0.027337181114488015
290959,0.0479406738659519
161870,0.022214819593977655
878407,0.020699255339897145
323599,0.02344553998667767
727036,0.025569212671838648
978724,0.024383056498262067
179113,0.01143765535160394
221705,0.016482629898428483
419273,0.01657249315620241
833976,0.020662454717562926
251807,0.017246357723153312
919618,0.02893796326755924
659605,0.02142687959513662
396125,0.011464141290827463
636129,0.018283106315976405
773053,0.02909847091384856
737240,0.015848768014032094
550430,0.026133222558813562
714433,0.02868426450730584
346935,0.017055262384012494
536108,0.02754015152695204
166351,0.018989549107508295
332575,0.028846414476183344
453283,0.025565681090937233
623127,0.01758362478826942
789659,0.0536626930920267
390326,0.0192729018245791
995966,0.026778055464001325
223747,0.022091632645577033
451942,0.013212301547601344
710664,0.020908936754422028
923507,0.030306897848302403
855604,0.016559606062674814
472147,0.016974442252384994
117287,0.026509861236416184
725922,0.0144152610877222
733394,0.022982901003276615
998055,0.01944866208690852
308364,0.0173427900318745
400595,0.018751533259477468
285208,0.016706936103309332
947598,0.0139578817703823
580572,0.02510837937961734
270758,0.022034761128339648
862233,0.018968464107747714
741884,0.027311075649907507
629864,0.026839696533542012
909694,0.02346986163725506
234993,0.018997810998643807
876993,0.019293239080741556
769489,0.01886789654366129
555825,0.021134461036585554
716562,0.019980744961803652
247282,0.01519720921367372
309949,0.029106503266627445
307307,0.022566635360017264
860391,0.0192944209458337
391606,0.030295941853777163
509306,0.02865084259877622
350671,0.0197052063839815
666075,0.027658357436358402
366554,0.022680332743119095
180775,0.018884662340525608
310448,0.029400282675869846
209671,0.019807131222007338
317176,0.021207284997902545
401437,0.02837840464424008
588899,0.027178714767423603
550783,0.01940812703235835
894532,0.01862897752175468
689080,0.016183730292519957
268053,0.02926801236391745
535112,0.024425500039443118
334341,0.018502822414216483
586298,0.02157445138046276
136911,0.024933195228531213
928493,0.02744298083478422
923363,0.022192034141098042
838585,0.025923111373425668
301464,0.03180569342674227
312567,0.01671287173659698
442195,0.024602711580030044
545666,0.027908445504875923
838533,0.01809844980661011
209786,0.020064341146708752
570998,0.02123972777441746
538419,0.021317381871909888
116546,0.01685847660989581
616198,0.029403732785471263
361744,0.06787071988284657
522071,0.017029465612431467
584740,0.06355082277398305
136814,0.022350600478756765
134551,0.03117590938343517
498560,0.019024787886656114
293945,0.023573964569405626
611039,0.028973103847438217
993241,0.02127224931113691
994922,0.059616767617766166
319269,0.05601079681931596
275086,0.02539846550530612
148921,0.02397656937638822
918445,0.023896282331707146
247548,0.024373218944267146
934325,0.0145460204092897
111289,0.0301106556888866
269019,0.016747603607346114
863341,0.02066260609886318
351337,0.01775858893591951
244259,0.027405102027093012
981004,0.02657008375378851
500568,0.013104482895251986
646475,0.02215717372215112
127723,0.027439144111599853
351082,0.018682453182526565
849702,0.026353492371257056
424148,0.02942214387551751
551325,0.022273720608163034
234853,0.025592030088431705
936678,0.021186530797269378
455594,0.021131737329666087
683365,0.028915796213102304
507655,0.01392396697295708
803065,0.024843466871730415
354317,0.01999388194092154
157704,0.022100805212433114
817053,0.013920454732250582
129756,0.014290914087241898
460146,0.013170065630160955
394731,0.0183099980278549
478243,0.020558757014743804
951391,0.02224117528903553
882250,0.01882143013955212
330803,0.018389113388159965
921819,0.02036289547509347
208931,0.021434820019542916
510330,0.026735313255881993
574000,0.016550900879534147
843709,0.03474053075890462
714313,0.02295158997507256
582054,0.023047388956991804
376449,0.013992610519200482
963558,0.01675291149579392
123546,0.01677508536517367
666791,0.021481401420604715
478371,0.022032688676085953
143873,0.043724226099200354
521700,0.028071347612169235
207178,0.018846427715044183
711086,0.028046179375313642
785000,0.0160176112705681
876823,0.019253925010619066
931499,0.015755266338897105
197342,0.028318468714565878
571698,0.013101814734586393
200775,0.025207237410601546
937224,0.018467145782873843
852839,0.030420966371613144
464186,0.02755558502331619
550329,0.01729085317792416
616587,0.029790011209922116
491377,0.028412668369693268
905217,0.016443191134979863
647091,0.01770367463295093
550494,0.030490368689108385
106219,0.019426290255472805
954638,0.02953907986443751
245609,0.029600928412196487
339629,0.021566194459388267
448729,0.018596084587309457
663231,0.015452539003268387
631602,0.0189636462008215
128413,0.01666586886465276
589398,0.02238705619377826
670143,0.021710389000936827
330606,0.029359045875917738
932149,0.028239767802810966
521054,0.019998758429315262
669164,0.026887349763063027
720495,0.02089292542153599
778206,0.020431254628104144
703430,0.01138743502841324
739985,0.023417517546400434
839202,0.027107818555953306
237899,0.01778280686522798
949738,0.02412867607196311
460808,0.024159920969537427
859980,0.016443191134979863
116886,0.024963496851579094
108498,0.017967234987883954
940256,0.022478748896898715
301939,0.030337174182348232
998256,0.027551868204890504
249215,0.062448502279361454
748157,0.022798945037364356
675867,0.0196967005719214
252619,0.020816627483241677
451279,0.030448441325289552
614927,0.02807909170872553
615432,0.025407374805454127
544297,0.041674516111126686
643116,0.021378064096771163
772314,0.014445936785456259
113240,0.020780811105433766
930260,0.01905077890893725
523527,0.04579709959752867
288991,0.018654547030648404
480564,0.026874516753674228
674982,0.017335153171333155
750643,0.022809317079348756
563189,0.01395710878387462
601142,0.021148923240326835
936457,0.020694986944550908
547668,0.018182361835774204
413333,0.02024823969466683
920776,0.014182823685493642
303152,0.027126230058321883
245889,0.016185356511533504
413188,0.04083624447694713
210007,0.016198423890069757
448113,0.029626091713413877
744370,0.017138314794015595
770508,0.027742347060462507
180912,0.03642952253142971
158598,0.018097159632299326
461839,0.020792391013645252
100121,0.050460325609429424
248479,0.022570081709281018
857694,0.01625205458677716
369167,0.02368933258622709
144053,0.022591900332610455
992929,0.022711663067481045
329271,0.02227463638098077
677182,0.026630755690940155
882055,0.016443191134979863
880764,0.018437463918490944
427732,0.027055279273879112
273943,0.021161652550989157
795281,0.020105010649936337
828955,0.01503253782020598
564398,0.014487904242069437
941109,0.016974442252384994
155237,0.01942981923077991
105867,0.024522055552112097
197322,0.01394733420724552
375858,0.021200555568676817
820318,0.05964431363075846
134248,0.020401407679678418
153548,0.013178587261937477
472538,0.022512027656305233
546387,0.016775810159280785
555501,0.022629959877759214
306711,0.017817813511528474
301867,0.019074184516081248
950588,0.019862667388052098
709808,0.019413698796469706
933426,0.023214935617010605
939046,0.017803088072119114
698263,0.02656261874730383
399747,0.019638602350066873
487624,0.02051504004973705
336300,0.022801830222512018
325417,0.017141371439591335
739820,0.031060850831279217
595012,0.026428404227751064
645208,0.020223493099201077
677412,0.019496526710942482
854358,0.02018910593248301
993768,0.01876133282774771
369114,0.01574269548019805
682853,0.020625621804895647
879801,0.021093658442323557
436915,0.015627095586811846
541269,0.019272010090714255
419261,0.016443191134979863
396391,0.014495284558325626
333391,0.017042604356227193
905281,0.017981002490415062
543539,0.017968120455667046
543125,0.01961816172720353
569581,0.022928184441794206
810230,0.02016591468798485
171619,0.02375907320648633
558731,0.0307761523414295
890106,0.0194515971905274
149737,0.03891077735766724
773283,0.01770558387881322
742958,0.022504950117477128
680417,0.020074860454069074
405534,0.026618123445219723
493280,0.01987759804906016
654322,0.01624997040463232
800502,0.01842801818518071
394117,0.01825836038257927
730704,0.018973536655926056
753394,0.021433472596521026
722920,0.03071835517549404
874796,0.017292674563150603
472198,0.027591041910666428
911987,0.017583345964168377
613347,0.01437241351186277
183092,0.02030729828420382
808979,0.018527184322875024
437090,0.056952133460510465
943440,0.017331155213775346
855208,0.02009947488532529
319979,0.017789845814270476
909049,0.01459153760663933
860524,0.02179304745406786
599596,0.017920499350605832
855274,0.01274023710209253
935593,0.027804564922590973
475771,0.023182201344462656
921530,0.04241975871647317
991149,0.06531980310398036
675184,0.02052293440407756
841293,0.023298797568172814
544462,0.024414554311212745
659266,0.020254124585816876
847743,0.02533470164725783
204052,0.023111790394903572
986236,0.021620601609974772
289399,0.026479007545127737
518626,0.01627083905565721
761619,0.01769984443035107
638623,0.027830850121027713
257121,0.014715828105833996
625299,0.020132340020491465
584610,0.02842573220522864
839348,0.022006247509417636
831952,0.015887256650332027
127686,0.013935871281300596
646172,0.02946518730849543
108192,0.01924828382985111
270112,0.018072012626515557
205441,0.019669247619310503
256189,0.024206303485652343
541603,0.017990157888127755
786425,0.025025354507725115
655655,0.023211190030556553
347080,0.018553097754889305
373820,0.016817166909978823
126865,0.02297989500361302
568459,0.016835589877953232
105138,0.05475857368759759
723351,0.027247121231639845
612939,0.013947302741376595
498241,0.01599350885850201
826987,0.028942254937690204
565000,0.03198378858076216
999171,0.020508843262091354
517009,0.02109835182660001
764861,0.02344695906313918
911106,0.012785397873710956
122304,0.02237332780890017
386868,0.024353905705136545
774038,0.02460059800469407
752347,0.024856446026470302
599230,0.022604122549964526
905302,0.01885577530179343
648491,0.021195644863601062
548638,0.019802007638369645
987394,0.06189648094682589
505573,0.017633607336068106
504312,0.022654131492956264
130259,0.017206896027021426
157140,0.026722258958891933
883472,0.018724939655538633
126881,0.02590704874135414
871709,0.027139095918085342
202189,0.03350953048451554
856528,0.023441890028931184
467739,0.019896405291524377
652374,0.024183092095104365
741132,0.023210434276417388
381319,0.023517003669853875
129154,0.021693403049331296
984475,0.01613874767488419
199487,0.01678023493566057
606081,0.018040075006043068
997345,0.04500872786872459
881796,0.013789801835153789
543025,0.021067743995359885
234005,0.06695904738944271
465821,0.01812610717377561
679133,0.022240235811645588
484132,0.027814145496356725
341020,0.01723290687419913
245137,0.020211377350432064
127038,0.016183730292519957
345211,0.02196237445872778
357620,0.02567045882047653
444391,0.021227916407460978
574377,0.018023675267494085
181035,0.026081511254552745
177455,0.013965636663917525
603733,0.03420682049719219
792894,0.025170562336102854
210442,0.01682075451741421
620601,0.01719967006144298
429713,0.02700245525450582
390466,0.019694191850363238
793813,0.026744302447557905
185433,0.02190490494805121
150886,0.023273568265889912
572754,0.018350421294826363
880534,0.030210614217806755
916822,0.021705889778569628
223230,0.01630249210991868
365880,0.019645061415164092
372393,0.05328579221657721
443623,0.018618424439036215
494492,0.02445477246640379
774151,0.022059265359289572
528612,0.020367731032231162
547957,0.01951632231535075
287004,0.019542381024624956
450658,0.020970966495282264
963557,0.014852674744441813
475325,0.02221778023897418
641493,0.02199851784479661
177922,0.020165308429988652
519061,0.020427479334322846
352366,0.019826394640336316
224191,0.013505227869478092
328538,0.01794014168699272
618834,0.059041003344911774
725486,0.034473081516073034
201930,0.016867600743584454
637212,0.028331293350701135
886330,0.01537626946275568
213834,0.016473742982190495
535463,0.02261797524118106
445676,0.018644968045450464
527552,0.017538493847006214
474313,0.01719456727735378
915198,0.02455418957810819
910681,0.01785720467085816
142013,0.019734644235404
574493,0.016445420316197144
794476,0.027642032452797467
180823,0.01808727745562857
333340,0.02400111656900407
222484,0.017664647028750896
250927,0.020506406866694426
916087,0.019909973108277274
558319,0.019939789452147496
778033,0.021358623439252464
704629,0.016479846381644406
399633,0.013057279960649584
510742,0.02613141139814071
351198,0.01912539821045675
350005,0.02220865460901074
272174,0.021693932485668272
709199,0.02420132821777361
998179,0.01720009580195462
783893,0.021326051627161946
222935,0.026006732844785576
178365,0.019508786178496378
690774,0.01633412701951761
556478,0.021854260738385152
512794,0.020353029631762422
514776,0.02494902887369389
493985,0.021314382108885054
755695,0.02594263175147296
997409,0.012938615341259771
757500,0.013104287132898478
202965,0.027362108665891817
308126,0.02910921606015595
210101,0.018285911517226954
342370,0.02031426819356284
174966,0.018394221322893853
205433,0.014962736797789637
268862,0.027061653637047163
534656,0.02425590836084909
564158,0.021804084148120864
347068,0.02870443779736746
821309,0.030027632971976064
594117,0.030461937241273215
350059,0.020792674135835274
110894,0.016294443187834483
706391,0.0225934324483865
767657,0.01408348275660968
950280,0.02093652800452222
448826,0.016706741067516663
377606,0.01455983520751693
102299,0.022592886252875376
240671,0.017429187947976533
247382,0.02718631646909963
951789,0.02937290340798643
547302,0.043212710009087975
369222,0.03094593535299666
571109,0.016443191134979863
549105,0.016902012461705987
845283,0.021119246439653287
938035,0.026477556477518805
344585,0.015345336269652288
295542,0.024067458234400995
380311,0.017953647227240868
263374,0.023910760054586807
353529,0.018073316136978688
120982,0.025062844417083605
760710,0.019971024419051176
230768,0.034534103392118064
522626,0.026564267444193664
791000,0.026186640832751316
410263,0.018121116225599303
331639,0.02093018889492275
591689,0.06236077397733472
686349,0.027130832952018662
643970,0.03446355490739269
283542,0.0450934338235653
453904,0.05930731233892225
587291,0.023440799700392416
208510,0.017457724955139572
339036,0.02104787657847157
849756,0.020533228720788523
264210,0.019598200731002213
285512,0.018542832073835978
616547,0.030194281808127443
797943,0.018687598833518917
833494,0.019759370435506282
553202,0.016003581182506735
785549,0.016291932458624626
512715,0.01924570725897798
828423,0.02345101598302556
906182,0.026169487638267104
799483,0.04581381629028902
872395,0.022506335060779755
931899,0.02634580627672441
974905,0.017345498491242537
716781,0.01768503006264085
193237,0.01930233408697598
519428,0.01997662220747586
794738,0.017212777971575475
611165,0.020320331212118754
681931,0.018621364266528807
977220,0.01750814048123277
656927,0.02273307259908822
941633,0.02747662191221483
101309,0.025432922344263118
407468,0.02617286815466874
718355,0.013841661540822652
561463,0.01671243886853118
165980,0.015828330241949413
494602,0.017442150379344344
599378,0.01677402393850671
895249,0.015359125592617224
985202,0.027382945442758353
918791,0.0159876593850193
141774,0.019956770092353072
779291,0.01920051944172229
273221,0.05650677570803541
401866,0.020126440061718487
330202,0.028630962473653578
694217,0.019829151903967678
458846,0.026027481160971973
996490,0.019799030191630703
772017,0.01818233209146918
566887,0.024147930624677866
724384,0.02137265027690485
787531,0.029257629397989794
451838,0.024042178373521173
802596,0.02531685656238248
516141,0.0301972282006035
744509,0.028678007187249548
349235,0.026913967115924902
860008,0.03187709569957312
575792,0.015504300279695994
787945,0.014180754566557785
696538,0.014217450538681406
796545,0.04666817941870099
754886,0.014891650718742303
333075,0.019105390214751123
279270,0.014017734569756845
930765,0.016882991738532315
595343,0.026873286876378084
580521,0.026149926948322254
709244,0.017056007083547747
314443,0.024088263208807238
513549,0.02388414150810831
133093,0.017227872114512478
795993,0.026461398674927993
617725,0.016706741067516663
692578,0.025416490838777065
561517,0.017041182715042066
874755,0.017562461690204572
851417,0.016443191134979863
666119,0.02371046481090697
676950,0.020607651318381933
143836,0.022952227697271125
736539,0.019088959346257792
294622,0.022597102581969727
283586,0.018980072083630933
506821,0.02034001664191116
540231,0.026228350206802104
690147,0.021314532267053498
616821,0.031732512571983784
240672,0.013573871317665378
329284,0.014750988468675761
679548,0.017970944829256232
260089,0.019393346423449018
877675,0.015200287111366924
731925,0.018566397454182378
572052,0.023297175449506644
176852,0.020745018030825076
175271,0.026447703415931015
772096,0.030800600387071643
511206,0.0221611198233591
136363,0.026922061668193244
485383,0.02224737244009101
388317,0.017328523577323476
115832,0.01804541802113873
790897,0.020420412979232166
691831,0.012342305067911242
921183,0.024225909132753975
950748,0.026967469086083815
776565,0.01855048984962816
219758,0.018161849326875146
291441,0.017087840867700297
312612,0.0271775898568973
300142,0.02080226724312202
105131,0.020339609165936155
280492,0.02012949973751884
935472,0.020746416845972254
399796,0.017603523698480113
757694,0.018634684849874013
284028,0.02280385957200222
816461,0.027802721923106347
382262,0.014619547743357275
636715,0.02268666971981516
320737,0.016100460043905005
495414,0.028705113436752198
855390,0.02071657702630655
189170,0.024721858683916215
436398,0.022237503107302173
882788,0.019628697959457514
573847,0.02028687307714132
579341,0.02116642293048925
571729,0.031427686805610984
889490,0.028218998420940045
867819,0.016443191134979863
967074,0.06423294773999562
127504,0.023377550117496433
413861,0.030814017652159482
475245,0.05239146686608339
408936,0.02219536671358579
858247,0.022237503107302173
856992,0.018514492393978642
354616,0.023878213862269695
447824,0.02408143362060758
884163,0.021515735346012713
120316,0.018686325783989995
530824,0.02721199442220237
553072,0.01646972197426192
996887,0.027415483829462014
397361,0.017206034202534783
881116,0.025177331895790377
289891,0.024735176595710343
776056,0.02259187288429535
926013,0.026839765275902264
561167,0.023133231757462173
500372,0.029242872788317463
954433,0.018961816195029704
683821,0.027842469989763287
939908,0.017208634409163398
551201,0.02517491212658293
589516,0.02375705357770018
394605,0.015847350736196728
123826,0.021701465348632522
605581,0.022591790539545534
714183,0.01796420014840301
512728,0.017759001807537127
216373,0.0167069995399955
844201,0.01966060068215171
323525,0.02246930817085814
800640,0.021143650261087287
547555,0.02831374837080803
409642,0.02104763627829743
510906,0.021305911286561535
694774,0.022754459832481085
368099,0.02121306589469094
758222,0.01917447618328901
961329,0.022079571143333875
892769,0.016061822934785898
176309,0.018418447419835934
949268,0.020330598043699834
271078,0.023732732087984373
761400,0.02057542105595895
742283,0.016101339348204544
665859,0.02911859202090257
815579,0.020442256451049124
272890,0.019947607415151797
134458,0.02390439291842901
134960,0.01746326134824143
604956,0.01693758171457971
368851,0.02743599893789896
236401,0.01661810887886277
882275,0.02038829165850683
946364,0.01686078186806409
239007,0.021480253467414608
786335,0.017468345995672492
533058,0.023657959205383362
321298,0.022510907628080466
117224,0.01857250192742976
737555,0.027824764187747413
821308,0.027307071920423004
204236,0.025900216713865516
233087,0.020964159870012836
680828,0.023846060495639393
649198,0.010640235892816582
669699,0.02563807069253126
690592,0.014182817301055785
721086,0.02234296823097484
254351,0.01542903857897348
510500,0.02135355140070695
579399,0.021909910181604052
962222,0.02008008911941405
771820,0.02149625295734661
556794,0.019731226013393686
243833,0.019921952399151368
294761,0.02160607172062807
749331,0.01931926465751155
962968,0.015288069064623853
949128,0.015608452201214757
661609,0.02878125309913303
944154,0.02270923295562781
164311,0.030864144907889416
512763,0.0222375582656304
207260,0.02574199170165446
638188,0.01968864165962899
446809,0.020535417961841437
814817,0.01745733811894848
719893,0.017341681926456097
378501,0.01625153990020458
553511,0.022872224529936064
411455,0.04963753766190641
479899,0.02143654899233168
141770,0.013514693093619669
521144,0.021439068474985
136917,0.029677277858649577
266272,0.02262598445053748
340717,0.021058273165058893
343484,0.019687688831698198
143804,0.018308188249163037
567962,0.025920982976405875
257130,0.019828179610358203
718378,0.022920876485834574
874613,0.027056536643845348
571540,0.021849237228616498
851507,0.02505425723068685
227156,0.021184696795358175
399137,0.021889285955353045
532262,0.01685239749982471
392643,0.017120290416451397
416368,0.029514900258050498
292915,0.026702519846063633
848854,0.019839019371972143
315239,0.02112558556599049
411197,0.019321401893407125
895468,0.028605208733247955
486738,0.021893874318379088
399322,0.02116509911527961
883949,0.027871230966667996
519092,0.026392128317071807
252895,0.019829558008667727
336332,0.015452539003268387
507244,0.02688074093001287
663809,0.02338710699782688
509955,0.033163216002080234
282613,0.026442774652359793
524771,0.02730536782705622
213804,0.021478034575451124
590870,0.02100496486443997
356258,0.016497339111678663
666144,0.021371033042856053
647649,0.024769033955400418
694705,0.019633001604897057
479067,0.021545505041369033
954427,0.021388374487143848
896238,0.02142208913412638
498643,0.030973361850996466
533552,0.027587275967250177
924394,0.022697990392919393
107819,0.01584738159686497
359011,0.018230811537568805
522652,0.026356698304618117
817710,0.020313969696451575
751958,0.015179983117833099
759806,0.029370589389263867
393671,0.027303629665004738
589972,0.023483079323297604
973916,0.0314593869271123
187811,0.025872879929710612
123535,0.01831226282254907
499530,0.022982796390196254
624803,0.023186349570198134
933773,0.0330303675210086
688232,0.01738788110840136
568741,0.022371707234173872
153713,0.01579804692742668
240114,0.02395096249535377
300954,0.018948533061639114
211043,0.021366675497306732
633613,0.019511769222704957
242360,0.013423355417161
959065,0.024494364015461765
704714,0.018570857917945358
825179,0.02305778424537441
898856,0.016443851283025026
300147,0.020934713653786748
256410,0.016749939914019615
307176,0.027361356019391693
493554,0.028683577055486836
214274,0.020957247614383633
311367,0.01858828820147049
627774,0.019746448845974814
694055,0.014759162529598885
930877,0.013334551125018444
644148,0.021040816306050723
176440,0.020615160817943186
570503,0.02472629970298419
540914,0.02086933053303997
514716,0.013167495851393422
523045,0.018976925414623022
778071,0.021830272555752338
681503,0.02215479396646548
240907,0.018037212373408
425211,0.02914834845823883
545946,0.014518775484396628
648406,0.018522375725363006
479074,0.024190926680863235
805804,0.02632628886595221
293150,0.0216670103392961
108104,0.015029534725680735
740583,0.0173863504811505
670291,0.029084924747302784
680058,0.02310239013753578
410092,0.02283059451105472
187526,0.026558385806113586
320161,0.025580826978773275
567831,0.023214721254735105
667185,0.013538892923790078
674642,0.016224001988090698
637919,0.013847301252998667
528766,0.019007449310082265
161244,0.02218057272998773
180083,0.018984248324166217
947815,0.0250350350042639
507282,0.028026616303946428
853207,0.02338916184472859
431766,0.025155611010623146
870524,0.018452035376813385
252584,0.02280921725451277
388189,0.019617238882839685
984750,0.017901885765722127
635196,0.027916025406628853
152776,0.026650416058170652
267049,0.023465768370691104
535448,0.025529387497181463
285806,0.016184319606674866
100817,0.02301892880306262
765899,0.017277564779080542
321101,0.025424396446383453
780582,0.023103978479701123
337019,0.013317332013802662
898667,0.024517653190530293
768306,0.02825504770161493
867618,0.013928654264363955
287402,0.014599122279872792
756654,0.019363215172066805
599706,0.020230417246914118
242042,0.031271569953058215
403108,0.028541341709077992
858634,0.022267600794126863
525714,0.021754965564006586
377358,0.023438259276983453
646982,0.018251244827675973
288247,0.01750349605925617
968793,0.02128858490553528
571053,0.058130320510496256
552716,0.017784016527396994
654901,0.016524350780568606
596179,0.015892541412211695
617806,0.014189184357395057
153296,0.01732721720439127
311280,0.01791166697611607
229270,0.02930826434498033
833070,0.014202164564575839
213871,0.021185964578086844
815668,0.01920635042888179
867598,0.023003374478982645
604986,0.017784016527396994
605968,0.020143287014913518
479872,0.02661096237690587
637664,0.017043862685670833
336697,0.0173227144793141
990851,0.025539409144704154
672410,0.027231298027529938
230637,0.027617153597397526
616873,0.01827820289126774
960448,0.013290138325872067
113357,0.0279761665338185
238616,0.01501945317504109
814525,0.019175548212332933
806477,0.021120549688763545
380627,0.025320520858614453
586793,0.020525757458089624
834538,0.05834705157987666
515452,0.019451969642629505
421548,0.02096857057001553
687229,0.032294476328606825
380527,0.017246357723153312
331002,0.021284790985135475
213302,0.021240688666098725
411231,0.015169709996696859
284889,0.014086372916968898
650080,0.02724171836741301
539975,0.02681398255935912
290075,0.022679929413920306
472365,0.058730149292674776
495894,0.030342223524618947
176419,0.014914680576743312
729641,0.033538810957422956
931241,0.0292095724157124
925126,0.021979456610259213
872854,0.021675520670332543
580602,0.013162746643783968
938807,0.023535666847282904
276120,0.0139564866546563
310052,0.010181651053333766
159805,0.02306398249312754
380818,0.01875056110985233
642127,0.022522646208631363
403963,0.020798520690248182
794982,0.018246777712692976
600910,0.021992164093554267
244524,0.019675331374490488
555424,0.021484928107854195
569892,0.01346184556462789
935415,0.01713192717680522
334111,0.021217090169870768
814772,0.019377374132667005
238013,0.030580451349379454
601296,0.01890781838118079
346298,0.016443191134979863
716507,0.023200642616502738
106294,0.0302859213858249
535557,0.023260314637767777
631160,0.02005346408325373
684427,0.015295837645327312
685053,0.02825455981757975
636712,0.016546354700304355
279509,0.013629577248678637
976657,0.02320677254383794
479724,0.02464698591573392
974253,0.018106507752868123
877648,0.022794391804742232
980243,0.014926170767951722
502207,0.019367865189156726
772783,0.021762831861740398
257165,0.02502888789704301
687844,0.0187747217540967
576552,0.014376767018432338
794463,0.05894394464871184
660055,0.024220250236649324
693798,0.02408781803182345
629823,0.018429174320389225
871915,0.01607320845368899
201575,0.0222097887265767
536175,0.016686537726413198
995703,0.018609326396140144
758049,0.021888705890690415
853153,0.022951748692896283
525464,0.02065453627626711
190852,0.022524973576495418
539351,0.02143825743374776
142730,0.042884220658378346
816889,0.01563653672461992
301032,0.01997630025202208
133881,0.02083391487502247
980503,0.023369096674170812
793852,0.02384521089409029
319501,0.018826511860553865
983912,0.020706402373278136
881708,0.021113530778425087
619538,0.019144073964338336
301003,0.024116320826254953
792431,0.027700675378488956
587335,0.01819767557954709
556214,0.02563896681089153
968216,0.030685679854579078
648696,0.02166636447773614
162240,0.024863181636396187
644216,0.02303029837814829
283554,0.016459264464784375
501431,0.01950293300511408
281085,0.019897636701465903
626568,0.016877159084815886
722268,0.018534969634535856
945041,0.02561506335180669
267631,0.021561289689648513
806358,0.017359892986993062
181680,0.0207470514245745
393324,0.029662053026615565
452790,0.02467263245209952
847157,0.017114275010192165
798603,0.02096175593405845
959318,0.017805252564642413
474539,0.023636918136411802
829957,0.022430078655434796
614441,0.020119803814814884
623537,0.014013842499176995
395170,0.02263923666350678
926280,0.021350272189893087
950465,0.020608251576199305
357078,0.024131843268807317
179233,0.02745470310006174
187365,0.06069257514759995
518074,0.02215231622289989
661689,0.022334969601063678
434401,0.33103205274980746
555813,0.017647869210848093
489842,0.02315531469360601
529056,0.02774513226101666
915048,0.016444717023188327
346114,0.026429518596168444
138504,0.016035406632523994
628038,0.019645974377729247
896065,0.01894097165257612
483411,0.02236544745098439
213501,0.024775983106617213
716901,0.028309406280802137
735331,0.014430763704411582
198807,0.018857387209575787
320266,0.03173812166711485
924953,0.02040142817544041
661566,0.02016129150031863
794437,0.023121134221026445
543693,0.023832614599207057
759433,0.019653405023675987
576267,0.023595755182564588
335732,0.03275119697879287
899559,0.021517573313443193
325477,0.019083555419875567
111778,0.02685560211363546
843672,0.01734463968619441
192749,0.026857914424248234
535160,0.0300128922644758
727658,0.022361275145844677
227454,0.019480849734731298
356643,0.014188338794889314
681794,0.01847642419684232
905457,0.028339331131762815
284752,0.020317963776824682
875115,0.019018693302595698
602600,0.018746134959907713
631621,0.024303817198123367
441396,0.02154069282430356
841591,0.018277765338741897
769383,0.012806886833161323
473504,0.019157593647076476
384368,0.021350971722333273
492407,0.021250462430966108
667127,0.028452021535462908
226309,0.03220086153591836
639865,0.029715911136786587
677532,0.023744421738814362
377332,0.01864762723589265
738207,0.027920063803926982
450026,0.021451919428922148
169731,0.02121440505684107
515216,0.0281092142685463
972980,0.02188884981919086
284042,0.01643564483128598
122512,0.024975157752182703
518365,0.02702456297157565
505896,0.01599903326757063
324220,0.029310377597121545
140950,0.01722731228231165
893022,0.023754039444737442
248570,0.026428970272587723
918572,0.02043595262685634
892250,0.022265051038182656
431921,0.02559243105519025
395263,0.02223759577336996
799019,0.01726825657631984
786950,0.023263963783071443
291824,0.062474788201008255
922620,0.022831826139097955
794956,0.01924926817829953
498797,0.020936346944941876
255330,0.02092325300028342
779791,0.022075355532695545
695585,0.02099124513624172
157465,0.02356902337939138
171694,0.022980551745125876
807671,0.01990479272351258
673458,0.027145628087830446
808495,0.018909627989618084
384824,0.021748523142688075
234114,0.020753962934690184
257487,0.02072040124058922
797145,0.023179328329488512
366640,0.02959752200471186
295374,0.01644996371067946
331620,0.024109819489069668
245332,0.016979743089337754
153063,0.01917895649107541
225169,0.020152915617674613
626109,0.026086867099530685
509687,0.020385269287911633
956540,0.06658851301863368
572653,0.02179964209538654
281342,0.019914560329783414
636540,0.023317986438231266
110876,0.019439830339888182
964135,0.04539582831599102
794814,0.019227356089211722
442463,0.024846194145785563
423730,0.06454335042328918
664115,0.019837107134483223
528304,0.025272789338036533
463565,0.024004912547439253
421329,0.014217450538681406
878433,0.0242811261863254
651429,0.02243685050956186
526109,0.016753445914113905
378953,0.022899963294034115
194636,0.02726851131570899
674203,0.02710984426062955
112394,0.013416744726864238
504717,0.02837476817015856
354539,0.018670299453479217
100451,0.013957468039292278
323996,0.02090521589768169
821724,0.030756311669461005
675955,0.014483222355476392
142000,0.019674161868534705
740813,0.017018666646858874
682762,0.013827926877688598
628288,0.02347510514831594
511600,0.024183293583112216
708907,0.110250893959257
969129,0.020921311507672728
592282,0.012845697350605445
717393,0.018088033462448857
444344,0.020254078309353482
467877,0.03289303923437475
606234,0.06455235340927816
581520,0.01799689876915163
782425,0.029329638249084806
656058,0.020465161729901146
825994,0.025421671353218593
118976,0.023749419962462635
190588,0.02468531951960415
518656,0.021418584474959493
746645,0.022305692427112184
722717,0.019687240611118435
820345,0.017467513972253032
297262,0.02220815933182355
575650,0.02286824261284434
617368,0.029070340231326375
432290,0.02106359698884104
784468,0.023254159200099312
653846,0.020179130513050633
664496,0.01730368636365932
167920,0.021548670728739786
845342,0.017809570573825245
573501,0.016620825231539318
366411,0.023933137114082258
598927,0.022468326535057075
134622,0.019294760591606768
673731,0.03543999529158002
493327,0.029124885015310097
951670,0.026248805511184164
202456,0.021435872360957713
337462,0.021336674850040975
500542,0.016706741067516663
560961,0.012740112661338994
366945,0.01716986389862337
544013,0.022640928918268768
390735,0.018916367205225135
313276,0.027533513273627335
727183,0.04957399274852595
401644,0.015702228988775335
889236,0.026494353183317252
365893,0.02033974383014822
597969,0.01403479803309201
100805,0.024363093250199835
776040,0.013700246238875183
237694,0.027188206380598545
481502,0.026538508193313364
418846,0.02236512159401948
513344,0.05633432874591076
257338,0.021139174437826095
714793,0.02611961781219504
373985,0.018072637809484853
583686,0.01700315435165345
131427,0.02651662597480187
477854,0.022059066154593042
345896,0.014356172760335092
290906,0.024510024399550575
278516,0.02159570197779511
562994,0.025360098858971922
641830,0.026952604161772586
906454,0.02573494596099033
144844,0.019931630044899406
709215,0.026217976479837767
468382,0.014165086413862922
401000,0.0255831198092212
452970,0.016663728716700573
537639,0.019423121517657252
741820,0.019952085931227728
650637,0.020740823685755576
109625,0.023428751013283327
978486,0.030572539008179325
375545,0.01922070680123027
414191,0.021014745679645546
208006,0.02774912096831872
419640,0.017582976702356704
832136,0.025475989155820816
364679,0.029426198605080542
400502,0.01767819341417256
264710,0.021044275029686036
157978,0.018818684640507514
728038,0.01868994384307916
943002,0.01998813000835458
687653,0.01986333512833631
722543,0.04222779441563125
341128,0.024753184183029853
499442,0.022105775979023357
328441,0.025283199455447464
961132,0.02015550285618738
451975,0.031671753575006366
200560,0.06292602549702872
435731,0.024262519859983702
958056,0.020032730523542656
440340,0.02236952801759061
916691,0.014852750467523877
389160,0.026972660091381103
852335,0.03857579624523619
331272,0.06381078830777495
586089,0.017548023278588367
492513,0.03022340891703363
158380,0.022977823268899956
722186,0.023104192434573814
660523,0.020011149501443733
518889,0.026474371745615937
230772,0.022138441313956793
229059,0.026727852559181333
194623,0.02554004944707217
841384,0.021357147708502684
302820,0.016339478663131398
649597,0.021906921675671976
544281,0.018160568004336318
125436,0.019049627628777644
175570,0.02664514994448076
487544,0.01630895441045898
743100,0.018204298373532952
514430,0.049794176777649475
289868,0.017879115624650235
560721,0.01971497958692548
104779,0.02073237687739227
909148,0.024465123055260184
111873,0.019603956508055322
941384,0.016053858031559926
208966,0.022474741750732274
502009,0.022270802325154868
427717,0.058845507287491036
372666,0.022440412278526126
902925,0.008889375042138914
443600,0.019566883891437962
914707,0.020436359403850912
876329,0.017188597262742095
136292,0.0542018615513056
695951,0.026498355555856216
563206,0.01845660460840664
930484,0.023060928687174534
821694,0.03427969325676918
650553,0.024121494487150577
357993,0.029601621907697766
760434,0.01720318044829064
395810,0.03217336397560985
716343,0.020601902829361862
648591,0.013437902195387517
906148,0.024512609491070494
785839,0.023233312872997
285690,0.028866607249747486
777015,0.020198801892095376
614564,0.01852204243535662
550407,0.02320127094062071
620117,0.01906837980016829
584855,0.023589096271715352
537528,0.027614493269419848
541277,0.024393250639270156
172668,0.020426983679830535
288987,0.02096555077810918
404615,0.022103652211915358
393507,0.019454819393543762
984395,0.018487247200589804
431311,0.020182655380589366
294903,0.026264660213002465
836493,0.02896023680279934
495586,0.020161318833579196
316184,0.019464913626286568
146956,0.02792910578516269
532389,0.02641471445515259
846976,0.020099824657753406
202155,0.022934985157087567
294007,0.020677683014972238
109013,0.007536281379273867
633219,0.016444567259243405
767286,0.02297544365045113
785294,0.027382406234383313
464094,0.025790180915385843
964782,0.017233527317086675
198902,0.02007880115652703
495134,0.05630681614414511
371323,0.028826863261818266
289534,0.02760611062538939
960900,0.01530657816702257
940011,0.026743903427501464
534374,0.02726414656957496
987360,0.01671535686531266
496044,0.028024984760203604
428076,0.02486679087011562
273092,0.025656305003606654
287801,0.03065250833198251
725229,0.02808384772900234
861831,0.017246357723153312
855774,0.019513439324491618
425763,0.019965000629616186
978518,0.015318930741761955
259557,0.026996809382952444
638200,0.016930938008441806
217267,0.021227905933469318
298113,0.03450327844166695
399906,0.01424176151619372
900778,0.017715804024754676
355864,0.014787467126786417
437674,0.025621936915729972
686989,0.019374237205906766
186718,0.02121098324763817
896940,0.02300834116825567
752468,0.0154128663481483
717007,0.025850602864855625
985022,0.021788830765987355
981321,0.020388621503886102
930495,0.027311846489014895
619357,0.019909552045392926
184830,0.0264888246014377
581765,0.015742314591996816
533773,0.025746126884763004
352076,0.019071026364823006
672060,0.02408156011033317
691814,0.021893067063362102
412908,0.018814439276200277
407969,0.03067864289967588
387937,0.02649271350567503
492541,0.02703815606777192
290377,0.02106574361408989
775226,0.019895437587190912
304283,0.026745905536767662
164481,0.01871391269038751
693935,0.026589823469349974
253463,0.0616199985344672
175865,0.02582865950665227
546974,0.013419717494254337
120587,0.018745627481237037
656223,0.018639489940084963
106359,0.016443228059912742
603640,0.017722415373933608
317174,0.025433234294314513
749601,0.018336931125999482
264847,0.016142042354580444
812287,0.01460783604463109
815282,0.02296906272648947
174022,0.022309074024993998
765590,0.022234448611288236
174588,0.021725118663462616
732720,0.020998551792057053
460693,0.017449984382076705
549534,0.016443191134979863
498069,0.020181685817502393
179781,0.04245000102552125
773184,0.04703882900601565
621039,0.018760745026950233
688487,0.02563940669735845
197812,0.014639998271521107
879142,0.023357445288553828
986010,0.026375718746840242
192782,0.022363616687114497
815497,0.05046102854689449
740609,0.025410629854408118
482440,0.016687116015604495
918332,0.016843704457912948
103236,0.020758009776836533
193060,0.020946683706337767
721635,0.020326087333179633
638716,0.031255613033718904
261810,0.017271951558878403
252103,0.04690527141997624
210788,0.02281254352006246
129722,0.027660455434834714
628230,0.029337082698083997
930288,0.02702439595548639
215231,0.025688300445015994
528962,0.03077327334841874
909935,0.026340868259796524
638094,0.022398232058315596
104182,0.024012227684053113
881176,0.02106598788639066
377965,0.030000951346946546
789754,0.016443723682458795
153217,0.022322299227191048
759795,0.021145983728135444
435473,0.013413907569147638
673533,0.027974927005656857
257824,0.02565307548770697
208024,0.01405210157787836
711218,0.02950630367999051
928503,0.024928126280125643
810483,0.022118578908394824
959910,0.025460263113827458
781740,0.032782618790296154
594536,0.06774816812419823
482130,0.02035754618167349
360154,0.01875443728059765
223078,0.022442875230427012
952544,0.028247312646233702
498573,0.02928700246648985
430205,0.022479804935351268
134614,0.01800270803957797
523429,0.021698116857518712
438266,0.01938369320194432
899836,0.01697465856164575
203746,0.025487987234614134
758664,0.01562849616511228
462681,0.054701456169682625
162336,0.06291129678397091
698042,0.02227372393165792
420272,0.015829310961846567
169968,0.028595833899973503
648115,0.021467411325470653
707792,0.0205116454796669
281077,0.014092118542479623
289780,0.019337636721991267
372819,0.018824614874061677
934811,0.022315461489908744
490161,0.019346342673176087
601883,0.02785489081522652
241725,0.016906249565389036
882328,0.02128054292179443
686743,0.017012313475594495
897567,0.02133539110520957
173432,0.02792945135155142
227670,0.02750323874994968
446011,0.024449633496963614
537596,0.04307560167332745
101198,0.023549414085796524
535055,0.01596172648785159
319514,0.02605113296862826
563504,0.020865323093393767
455427,0.014047178393680857
287435,0.026976577975507836
923046,0.02275427998052475
259380,0.016887173383478678
693687,0.022592229714932705
990061,0.01885993119160067
242098,0.01960726226607922
170804,0.025259529717323533
295576,0.016047587679848697
419340,0.01918317647244284
928525,0.02490711085029225
802725,0.02901434434352526
128295,0.009444649551644448
991981,0.02870881911513862
718191,0.028880887471192836
659138,0.020616206903889555
120965,0.02927913099735936
130284,0.02021213574378025
172048,0.018866412795579438
369846,0.01956457777640636
817355,0.02445823729708084
921482,0.01924434286033585
900976,0.04768628793762568
821184,0.017906736076545627
673516,0.014483222355476392
343502,0.017522551394513485
466839,0.021866932452538936
573201,0.018117440290081503
794373,0.026659419692080084
349851,0.026017149477882456
553543,0.019403919803081402
375117,0.02724837081763869
648200,0.021074151553394392
285509,0.01877113250001986
269880,0.021522642104613285
136172,0.025239149327403957
805334,0.017805232973064022
968109,0.01755560227416949
180521,0.023913197294808425
442101,0.02479495826778597
211076,0.020782398653735164
148338,0.025133339577149603
106199,0.020684227356858074
281044,0.01740706660534068
498840,0.01740558033812472
267326,0.018508093330146094
973735,0.016733686357843128
164015,0.01431269768610787
559891,0.013608186801021467
844954,0.02685052134502862
365331,0.022612769914976207
280796,0.022408287106843186
691089,0.018356105206335422
882111,0.03184804742026724
935914,0.018487148258061314
213123,0.016852403061959925
209892,0.02042496438164835
597281,0.02174035728080252
820142,0.025658043616345865
952460,0.009817888084275053
878933,0.021023977528290723
277078,0.021842832765657565
667156,0.028515382935315997
967111,0.01574103009472751
848742,0.029940382353346333
706529,0.0555101423077079
949658,0.019015828706949137
517650,0.024366982726026182
168124,0.021896244643753955
952467,0.031355068986775106
722115,0.02016036000534055
960419,0.017374625560884704
495277,0.022696922664827864
652215,0.01937399647179067
303854,0.02083491486114809
702347,0.020977365866457345
231989,0.021749856059483354
755836,0.013503845273057848
556046,0.022039313410100188
931444,0.02807384436401368
971374,0.02582553588150764
745371,0.017840885734809974
115455,0.020633352359333893
347001,0.01654299733882349
522995,0.027255412634578452
340852,0.03085803324556793
680899,0.02166470374395301
996632,0.02004703996806253
794191,0.020165262354007667
973159,0.018516157525129428
579211,0.020763303581291186
365324,0.03724058487415926
422685,0.01526019727020719
895358,0.02402405802674883
464309,0.021709600841628606
213529,0.021627767914288398
408654,0.026859849647202113
159073,0.02150817834278071
870333,0.019065625275526448
181154,0.02637296916394205
986141,0.025427656384356224
536544,0.029283103782090033
165149,0.015902600008696203
949057,0.019982359195509593
690132,0.021662508469164548
738845,0.022804584832540862
532680,0.027159105366156098
532139,0.06066047641439294
825200,0.021108939516765075
292875,0.025502614842092115
717056,0.019729468653255967
562440,0.02964134013366914
582419,0.04429120315335597
366930,0.017759007590355945
454745,0.018533626762945524
669237,0.021672873588697388
850044,0.018055820311096746
865058,0.019080724598803795
393364,0.023751475979679613
823937,0.03171677833562755
814955,0.018185569956210065
700462,0.012032012905118806
954773,0.01499077459674458
984706,0.02061264756898983
858694,0.022366304076186536
114046,0.020774942761919296
598207,0.025785810775117365
335346,0.01621462155528135
636386,0.05698090346909243
451314,0.01969182100032769
714420,0.02624624272745049
276901,0.01731042911693326
907075,0.020845367744244277
290491,0.016443191134979863
887133,0.02522040638961982
931875,0.02475121137732533
705508,0.02710349502453235
806430,0.019299340741901316
608413,0.016702949578485313
384290,0.02121751862886804
142924,0.02337940847745982
551419,0.02460540518132137
238394,0.014617938019396556
876892,0.018638125894432336
404102,0.030808252709217002
386004,0.02009958513042467
251421,0.019456256508585772
849107,0.030204426006294232
881575,0.01799952185837993
554387,0.021027278452047094
427471,0.017369876633562882
699632,0.016675776920521763
149657,0.022016880838744302
690970,0.02038933538846333
289709,0.022049268396102703
737278,0.016455031393637135
638930,0.019090100482514406
429991,0.013664866692944888
530259,0.02248894781217346
325478,0.025810598724180484
540702,0.02141684661637903
437015,0.02154949467321405
535635,0.01042070529541038
113014,0.019116332060856524
943600,0.01842458922129484
222703,0.050018493456174026
800189,0.03197782412063417
241187,0.01418083790721562
411200,0.022334946199033128
597824,0.02146812763712442
371035,0.02428743633774416
948813,0.020484054957576273
750857,0.023098201256673202
744906,0.01711972437229169
615604,0.0155298056278095
807031,0.025287400486635664
311083,0.01802202268584614
223931,0.015088770651535502
534537,0.020977963136174022
476431,0.022454045742681325
824942,0.023861065645669227
311666,0.01548247169574205
553106,0.02109835182660001
538779,0.019479682721538185
585028,0.021358944628783218
284332,0.024421095831017
576821,0.020272647509946066
663483,0.01892419267715782
500128,0.02290079449228696
844183,0.016166598704066906
110996,0.0164604357392118
359555,0.01948267094287825
291428,0.02259623701535587
222150,0.018586721906345815
111153,0.017788005141374724
860614,0.0184185699087069
329793,0.02224281160590286
752062,0.02107821455711157
715913,0.022238462881290427
811450,0.04819319457968616
703165,0.022591790539545534
586419,0.01595401304690639
767612,0.025358993863483448
593515,0.061192674949595426
787233,0.042616697153632324
900451,0.02218057272998773
171161,0.01898762556119865
866031,0.02391399092630282
900457,0.015029534725680735
427085,0.016887173383478678
395667,0.015334865677888188
845771,0.025931829997009742
542186,0.019807606749337223
752727,0.057811972569132015
629878,0.02233014652069964
759697,0.019741173551570932
319415,0.018574091877376218
973901,0.02188151588112853
804815,0.018013373662411927
130046,0.022022472340944482
475128,0.027249666923463377
433733,0.028652093541371423
638169,0.012656785390668918
157473,0.024925487670475855
672494,0.025829890505853992
782109,0.02652321435361664
346074,0.01644656641069961
509831,0.02839321742259058
536836,0.017882653144416547
405754,0.019195142624432716
599765,0.029349659187855204
616018,0.016291932458624626
689740,0.018554526708083552
349803,0.019760263893280297
859443,0.019141134924700876
945351,0.021293268661634907
686361,0.020426816710303556
524128,0.02337852663430719
180477,0.01787932549016075
827809,0.020660629816462956
157291,0.023023481343165522
571474,0.014180754566557785
606442,0.022541385780403312
378342,0.015169253697291434
912197,0.0259482555593414
420209,0.01769725571048452
723023,0.029442284337988036
693943,0.019186053859718145
937162,0.018014438016820757
745109,0.016879244802410275
278473,0.016686472437148492
559636,0.27055879804387745
445496,0.02373964470705618
640727,0.017684897064392732
327260,0.026251634102700993
325842,0.027175251470154604
523747,0.019371044527815833
556157,0.021075461155556738
120238,0.01979259399877944
589174,0.017434794517015184
812982,0.01932286403790898
926373,0.02839682751867238
843309,0.031961850728831155
629115,0.02876319505656796
513401,0.02701832466355409
649864,0.02109847599993851
835553,0.0274107423240641
543497,0.02006397796957118
629884,0.02665792145705692
383534,0.027914582652184612
727296,0.016443191134979863
906306,0.015029534725680735
191696,0.04635736325542574
274363,0.022301306798162633
721084,0.019113737070857208
750025,0.021471542943705846
943402,0.019040719575869326
863184,0.01710469152273595
460291,0.027602747072402057
156141,0.016863617094857543
377172,0.02324468630546436
169485,0.022061339668330827
756093,0.015029534725680735
388050,0.027456843855697143
543509,0.028615362378619846
100177,0.019409849553806306
566293,0.022246096731984993
456862,0.01960741279207932
966965,0.0144473707191793
580841,0.01778974301834239
474671,0.01938008729158779
444690,0.023164463244865072
809979,0.015320118970132416
455557,0.02753565435987386
658215,0.014240716984403837
351141,0.02336747153609689
856004,0.023105061330846503
333480,0.027601716718356758
281255,0.021625036761844862
396370,0.018063685616578746
527606,0.02752208118338533
932023,0.017776349418005287
293749,0.012184475342804152
486253,0.0687562466219878
923112,0.02218057272998773
686328,0.021920470360795134
946182,0.016183730292519957
369511,0.021964847530080836
653354,0.02459706887653198
644101,0.021893470687233248
127524,0.026823763298921128
825242,0.030483360953149543
797591,0.03590003215737443
400618,0.019729377777663353
134868,0.021739722203240133
643907,0.02047209511009437
391307,0.025196826104565206
176626,0.029967920816025916
668727,0.01767145729695297
650325,0.018204113460228294
663750,0.02959698196823962
119793,0.030661558684013195
350984,0.016974559931059754
195543,0.02138245429034916
479813,0.020336432397409083
349521,0.022175782322507456
549370,0.03057721670407615
735086,0.01767755661884852
572086,0.019444001629780026
977142,0.015310251348079111
171287,0.029309908476721238
755181,0.017862940558984727
243836,0.017043862685670833
163654,0.02860634759263122
577132,0.030727481364987957
938751,0.03618039118085134
736705,0.02130402534822423
934862,0.01928010364099803
849379,0.027876305508331367
401943,0.0239559418953916
540053,0.017624691650112028
857467,0.0380231751940582
801639,0.021550001533589342
809148,0.018187485247456302
130427,0.02973654213601474
168275,0.01812093546414121
809552,0.031966730916039826
424659,0.020082491935065054
884189,0.018015339348404574
183794,0.026961402117967048
455308,0.024860013678751045
955981,0.01908380420873795
600585,0.021216787008572588
690123,0.026888108253657655
419020,0.020024507118909234
352417,0.02445693606902586
801353,0.02873273514736081
454861,0.02013407720149736
196482,0.021534695126593135
509867,0.016620885444454805
964852,0.02089560322000624
901782,0.023019330239048945
451718,0.02204360740307341
437125,0.021306743322430096
789126,0.02167158861801217
733838,0.028204740619582492
148395,0.019681233784943037
389495,0.010138180785316517
935679,0.01826274259776986
370914,0.021064816736397072
559928,0.02788927641568692
456038,0.016443191134979863
301853,0.02204807370664183
954425,0.01850452152860187
353959,0.01801725825987257
880327,0.026912994984819326
366661,0.024490675794842542
218003,0.059123398562546364
807202,0.03308113887021166
305089,0.017705628313551793
233112,0.01644830560419891
997988,0.019600390043595928
504931,0.01733782253013421
799550,0.02662220877802644
692930,0.030096018602684276
116798,0.05340977882474379
778756,0.02067603661516335
106280,0.03306899535724973
654000,0.02563321588387447
692833,0.021578916762520124
976867,0.0212069136174115
581680,0.017399628079221532
245182,0.021377731513645047
936933,0.020728950001951078
250079,0.02174167487735079
983101,0.026615285672346514
282476,0.02075669792885724
853860,0.015031267580422026
588418,0.026993846542449705
221585,0.02200369251355402
842178,0.015045907045118318
751500,0.02151083637136056
405325,0.020992291379865528
704786,0.020880292881355882
467247,0.016142042354580444
721110,0.024415521281875685
404070,0.019117390734679596
120126,0.028812678946612755
771132,0.018257721032805704
592193,0.02076743436797505
945848,0.02886937662327964
696438,0.016673633121985987
687341,0.023706050008957306
303770,0.016987225353910763
193847,0.02067440253628528
267981,0.01862725279668858
778359,0.025820344560139673
952490,0.025088355887925882
968976,0.01618505516820933
603981,0.02398740527576146
345992,0.018426732804166016
885731,0.016758472151317576
435725,0.02560189577397109
631768,0.013230444609620293
672472,0.02026194391317842
459684,0.022108773161006314
324102,0.019921337911415357
223741,0.016160922366763888
392715,0.02116127574654974
392547,0.0234439875465913
157494,0.01707178185864982
559544,0.029224089146700313
158214,0.01765472868466013
436451,0.02054040535974599
754994,0.026066577969100203
464126,0.02025069777728595
898816,0.026118487113879853
186723,0.021318747583284274
739249,0.025468721091357033
407480,0.021797202725748102
846937,0.02389792606695419
954476,0.020231986473888637
415050,0.013792076950529478
475783,0.043327844471548325
193273,0.050408178346468005
153483,0.01983907829587891
251909,0.03003756303640306
349755,0.02881218775797138
621094,0.015896137594507472
825725,0.01951656142401251
612383,0.019161192085166718
130262,0.016167080410735585
413981,0.031244817142439426
519767,0.018816358423687986
800197,0.021998860105660083
891753,0.017067466108221862
689441,0.033801904392266276
466945,0.024864231014941923
778867,0.01792338849925542
336754,0.014717141287125807
180260,0.019003340895240032
355573,0.018259014831698065
923742,0.016706741067516663
355345,0.020423946468405126
143715,0.01874428839722757
760586,0.023782871138733307
789285,0.024846850549691633
297041,0.027306689863652332
948665,0.020688933115336094
855432,0.018880466996965127
293518,0.022342265052146024
752358,0.018631451652323713
991591,0.02939138345674486
742876,0.02137732421302427
455118,0.01870564028950777
135580,0.026127705579084646
109330,0.02091370473843198
284754,0.02069558854111111
580108,0.02290458324456025
148939,0.016438526469138424
806739,0.016706741067516663
502292,0.01984812711490591
607655,0.016191922803181834
462946,0.030163492036734872
914653,0.03187217460223321
277322,0.0222484993564408
470298,0.01418470863729207
229454,0.021113880746955086
264378,0.027542465005941097
690247,0.01763529519015532
920968,0.019697215094344387
532205,0.018786059212717903
330854,0.024734441333147023
590517,0.021047954590794133
513727,0.02198121632126713
196264,0.025305527999703634
526113,0.018122994489682524
355634,0.021024475645468627
300359,0.03283228525107462
732644,0.021074960414005903
341249,0.029752999389000192
895083,0.01294509116747323
768479,0.02609544454052585
448227,0.02047019057954765
578370,0.014217450538681406
973760,0.02104701429242782
466260,0.032133423688122886
523176,0.021229971249579423
297559,0.0191440888202418
876436,0.014217450538681406
304527,0.026072614426467185
613012,0.014353994777275732
710662,0.014445850464954429
956575,0.01825865388865397
981176,0.024068358000005997
352046,0.021633206216952902
404147,0.02979483976237862
923761,0.02541061866061951
311161,0.0230674797189742
750459,0.01851919785030675
269050,0.013990970114900315
183525,0.02073826407315307
958158,0.02154541573054972
683262,0.01630755489984974
416232,0.018176534558528322
907025,0.0212030080745111
641304,0.022228468680646218
775345,0.019125213699940857
647967,0.01808559116228497
504186,0.02225772704025415
309434,0.014013740496715506
446139,0.025635554889776067
933492,0.015805000266043565
454386,0.0194736508994522
322139,0.021409018401285184
135089,0.0221287402859786
997916,0.01600042125795273
576445,0.02998969762152297
320657,0.018808538037368108
353887,0.021870502736136953
658637,0.023866959230061494
668769,0.052166958135707216
784657,0.015031660072680694
268645,0.017736485593398153
394649,0.043319531638613615
320412,0.024166574321022573
383958,0.014535611050823894
558095,0.021875356017598217
929041,0.0190392134038611
370537,0.03179760298607094
235366,0.024020536560093102
311546,0.022255756755317362
989654,0.022422888179295053
145970,0.034142662768330126
996706,0.017394786810086774
288050,0.024007051799078517
107237,0.025068136194801468
595018,0.023015604909011892
439134,0.0566497569971869
904342,0.024338070241374347
667606,0.05759363402907139
106597,0.013290509255041855
621171,0.01943530427296026
346267,0.023808229625305787
606106,0.01750256389600309
109376,0.0172687415906194
873641,0.022049722637342024
577015,0.018781676958048093
812810,0.023792957280457067
370319,0.017968724083736492
988993,0.027050544324961536
210566,0.013848830717467963
778963,0.02271951537586303
793636,0.018221694886864166
285927,0.02949782664155976
138925,0.014275759436328223
355981,0.061821987148902906
879466,0.059482065818170775
386286,0.0277667632200309
275878,0.017483645844206933
372282,0.01551121054149891
111859,0.01909741250113613
808743,0.013414211066387986
245790,0.01697069703524383
292568,0.027531591975019563
150191,0.02259239048657943
430913,0.018441677491092007
834277,0.02425563851742761
691118,0.022743499990160412
628050,0.03695931955741118
738346,0.025386498957952496
940843,0.018827596237805933
885810,0.023750392125053338
739506,0.016533639450522653
225788,0.02130262882994572
190135,0.016833806727299085
951239,0.021126251035203714
901967,0.017929261132966223
159039,0.019138831635066217
517426,0.02324372710866249
254645,0.012936938259300977
416802,0.01824595698332669
863788,0.023439128004830816
396943,0.01780143201639267
790436,0.01784187317072009
434266,0.05006921646593924
847722,0.018370077558140983
143434,0.021658936465987055
634060,0.02590714243404565
739811,0.02602585641369658
891391,0.020798131140396043
918934,0.026115217599005345
602978,0.02229898913234657
295568,0.021258053192331584
247332,0.02383345175477679
561489,0.021195988844779454
918000,0.02579063026087174
499831,0.0239309596214215
977854,0.021732954485390046
807205,0.022122505840826097
463137,0.025180260759205347
807979,0.029519428932280663
418932,0.028879816877478624
887994,0.019305623974576844
916809,0.01574520983381013
631198,0.025376947285016594
382992,0.027028792638901452
414864,0.023409716105731497
368310,0.021304194795625373
734922,0.0673085925853128
917029,0.014181204966496401
312258,0.025403275950408595
357258,0.025400799704729252
301446,0.02626365453651373
972648,0.017431107663700793
528534,0.018976967261713613
353440,0.024736968953132463
440247,0.024059549262192247
684385,0.021644206789413027
592883,0.04914861845891819
306834,0.029209032772990803
942319,0.021888647233302774
288849,0.014280036760958507
825364,0.02550012770366114
980569,0.017537246018020203
521565,0.02128827314887242
342168,0.03059984816264635
226998,0.028590713141405495
741957,0.0194637074928495
760253,0.031031478338093443
674966,0.06362205171824192
483296,0.021935861812690846
141654,0.02060523104003111
298388,0.060567712145135566
595242,0.024755200931464896
259872,0.02646380912402281
522233,0.02998302006851837
505179,0.026507010939640734
229887,0.033650893700222104
112130,0.02057903600286999
920115,0.029109464235288846
981338,0.01731565521043468
813991,0.019371732352383254
568667,0.014991325468093432
660902,0.020737810174804933
633943,0.06896814545513458
403438,0.01981475776727332
369429,0.024319674055235312
223224,0.01979190300369617
711942,0.0288937243272778
686817,0.027460338001084283
773226,0.02583633028992068
354644,0.016040877800841086
971579,0.022694405412545037
864676,0.02190906370094072
774111,0.025489252328164444
789065,0.02225697962661801
895092,0.02086841425789354
400152,0.019752613203584055
833017,0.02196534326434327
133012,0.01979454061607033
488108,0.016466449872837675
234206,0.059178217134444176
680713,0.030280636691248395
963344,0.013080231599035659
202126,0.02812293891380611
757579,0.01608318257171988
553465,0.026960289712514546
412381,0.02350426197324547
989603,0.027096278619048727
734066,0.018231737358331924
766616,0.017523205961823028
267806,0.025262894035220605
541971,0.019451431524052577
704197,0.028720684141022565
582997,0.023512081010792354
721619,0.018426827442260794
975741,0.02227463638098077
721499,0.02502988216272099
177501,0.015713589689642576
389184,0.029312372643764253
262765,0.017564164845724088
242638,0.02485594312599209
989619,0.01803375886674142
846419,0.023884555749731723
576966,0.024617800188777805
213157,0.023076848728450564
461207,0.031163711844070213
966281,0.020343387940353928
925460,0.026742834479449678
899024,0.01574578655232885
502726,0.013736804639178705
616370,0.02420072276296785
866502,0.024504887622914015
271676,0.03263939882135434
575318,0.019148042799898218
646250,0.024499566536590568
733424,0.01779598196230969
319123,0.02514189231690624
460435,0.01975426228188232
525594,0.023241951290687873
712668,0.023136882900356613
194983,0.02015292164301921
653642,0.030359807775810613
212770,0.01644374132492282
212048,0.02498293154026112
804767,0.029308960082831504
533269,0.014355548260160667
468134,0.022956502760052608
575044,0.022667817117682246
220962,0.02581853637059843
889772,0.016443191134979863
338212,0.016706741067516663
755561,0.019513109755999295
269506,0.022648546765169614
242298,0.015701150794553174
712273,0.0302331974494452
694709,0.022319353016811493
582745,0.016462846719759693
330685,0.0297662002623573
341947,0.021434888192542464
124769,0.01839940863927352
458043,0.029930791706071713
404996,0.017746779802458403
680043,0.022734421363491297
591819,0.0268326653601703
388547,0.018315648277254456
977227,0.021434968009316664
291446,0.01616636493090436
360810,0.02563596733067202
623836,0.019449666075141137
669536,0.01933882935442219
348170,0.020740627541984843
102955,0.02044974048735786
395114,0.01650637833279437
517430,0.03081891597062597
551791,0.018552239685900588
448636,0.018236110800502543
217254,0.027369572820104257
651138,0.01811301828548214
483821,0.020475768938402066
774078,0.03130487454313198
108015,0.025243720703288067
216461,0.024631583671663293
829261,0.01775676696970239
529738,0.02982905771850163
281515,0.02021641366574534
874040,0.023015914962733756
277735,0.03115354134456687
784588,0.018452340356685377
306036,0.013167641222722836
894383,0.02570499070483838
628917,0.01751769679427863
441694,0.024474538603054322
446581,0.018873881441421672
888283,0.01678462696154762
187352,0.018413247438056654
749707,0.02972113829930285
935244,0.01859485732633402
692946,0.013290138325872067
206481,0.022992918361328826
430258,0.02709480464793056
223901,0.016788339255335766
863605,0.018621806304308174
755982,0.021614244079678574
883617,0.01325731413671853
921433,0.024855502513307426
424544,0.018249803469918384
820905,0.022385259014582163
775933,0.030475246159008207
157517,0.03212823818832043
677721,0.030528551579506822
317025,0.024127833411081136
251416,0.01599350885850201
314141,0.018233309936881555
672172,0.023574589694478527
836403,0.01847714296403867
483669,0.022591790539545534
370054,0.02238693654391391
803954,0.030597866963110582
324133,0.02869221567818911
236033,0.02278128293737372
275017,0.0224166894896797
903520,0.017522551394513485
311298,0.013234144508306582
930468,0.01756317349521724
270426,0.022498149809331593
255049,0.007758551141036209
726942,0.02995374283413356
144477,0.025887797523827367
412191,0.02673564336820656
605294,0.016084246319562425
761465,0.021756850666137757
847374,0.01644759357178479
266733,0.029420242971886904
618964,0.022319241020771978
523952,0.02657417396827183
206628,0.018244808409196452
966187,0.01463007079649909
229627,0.0277878652385674
201089,0.014923244604294178
325825,0.01593662641903618
658836,0.013290138325872067
819092,0.03338532819354768
210415,0.020411386983190203
961415,0.02540167548288076
574598,0.014483222355476392
729339,0.010225875608793279
751402,0.025109920980257033
434377,0.025032218434118122
383175,0.019000190502249513
538362,0.01905752879588276
598814,0.024343219155652646
955948,0.025146645636878268
909120,0.02357463325247372
698544,0.01432473973484218
969645,0.0187076037438854
101410,0.02412032605223016
744124,0.018485987055174385
837685,0.02164975759007848
872641,0.02065097347252564
218418,0.014342493770482473
775894,0.049980444341595355
530627,0.019815141618505738
987830,0.02123870311625859
130496,0.019873831273215913
960589,0.02938045989565498
497945,0.020804829443661764
172959,0.02348597739427066
174644,0.020240149531318908
991627,0.01627878454176125
613413,0.012996664708848074
315968,0.02545115961898151
800300,0.02378697580871124
974104,0.021581705812589405
313717,0.0170416321415942
468950,0.017522551394513485
461346,0.06944375627322114
955988,0.015700464316848954
689979,0.012810743627045026
651563,0.034844062128078196
129665,0.01896482887173456
249387,0.023547764411885476
510271,0.016036077895392176
526505,0.026959757364383764
761846,0.017682653805761218
504071,0.015209635792126357
805309,0.026087565874086567
887721,0.017916521140867614
759272,0.020389084798613292
908587,0.020652282743622276
362252,0.015310707233316633
100118,0.020708597452121
125366,0.018653282413761896
107066,0.018749893614577802
690107,0.022645400658589426
716549,0.01691287908244756
799048,0.023317942529731402
271441,0.02659049852178009
195745,0.018844345027803674
582912,0.02116217150530099
992192,0.01818995159767923
989552,0.025315544332809498
162055,0.01766834917821606
145334,0.028928920317883362
451716,0.01862448737096496
472970,0.015177000871081984
308561,0.017282659941139054
335168,0.017536781228982376
107490,0.021890767686867783
839190,0.027747234351506233
372782,0.02245154526410188
636560,0.02689238450154612
471559,0.02009914099009459
954068,0.023672823054427167
120211,0.017842951588547724
495119,0.02798232839990819
328174,0.02999945216795349
558010,0.020179899875840953
129518,0.025539080926471155
998455,0.027088578935154962
577659,0.0285469729689248
839053,0.01761920451945821
303619,0.021016360300083435
298256,0.014580223657091431
752486,0.020739368492487392
727568,0.01812229683125498
445190,0.021100882009186382
155887,0.016443191134979863
108686,0.028923575548719625
986562,0.027519865803296982
591210,0.019506949134202155
739284,0.020531446343481738
291866,0.018160459332340863
588350,0.019323898367467746
581746,0.0345204017782045
696654,0.021569740483422112
673161,0.01268799532992764
355222,0.016394179577973497
686056,0.013843349560325072
897195,0.02473148527165772
241971,0.018833887600591747
709646,0.030252448495638035
161486,0.01629347381829943
450941,0.02090518113263969
784918,0.022720599346808798
675979,0.02146330565748686
671279,0.02834602683941111
937919,0.016853544894794785
958254,0.021191280715416316
548492,0.016854695897912032
977686,0.017705498721731914
163886,0.05697883678047591
252787,0.027241395551628748
127951,0.01897897523914191
641138,0.01929069483270857
874698,0.01531009832423092
578292,0.022976983151706352
311873,0.018926197146065336
431255,0.02061066008982026
182227,0.022667484178386012
817459,0.025262113256895567
341872,0.021269999224416962
781296,0.01704549888666177
941975,0.022093163938443097
603913,0.02122951593314061
833951,0.015170747711270733
741399,0.01432915078029864
777413,0.03260249960592993
877206,0.019270151344114448
691546,0.024348677499906667
285498,0.02912654423394252
934026,0.027146043802471907
247058,0.021217779349363024
806536,0.01574103009472751
607736,0.02052218764426496
828688,0.01499077459674458
558017,0.029558234890931137
192645,0.04301061566772115
830962,0.019736774071809935
377623,0.021153057260349606
572695,0.030670060786657218
256990,0.02672591312374303
570983,0.013827781237649713
410355,0.02221940517824696
828365,0.0554641076112677
389167,0.0173902044894931
164859,0.018608686264369238
247940,0.02490214643889907
403991,0.06869984461492358
260867,0.01691311584511393
551705,0.02397002831092588
727365,0.02490028179431154
742828,0.019179780885872168
799160,0.026370105208559202
863214,0.01989858846291676
294005,0.020031408306073334
709402,0.016407722987190603
661888,0.017866428287904065
207243,0.016157347845553865
741553,0.016166537219038067
263279,0.018894884403829925
319108,0.017966838105997036
150996,0.024738620271459566
464997,0.015011874096860379
151388,0.020689215674646325
201490,0.021288359695538422
944130,0.01823379639196348
515748,0.022191576146030706
192954,0.024889224213491063
532629,0.020382147593097845
261127,0.008896895340862332
631931,0.018247613186833527
414244,0.02020712119861761
939026,0.025704026517510897
190711,0.01729176930065096
625537,0.020011122163582657
197125,0.019660812415543922
864161,0.022237503107302173
325313,0.02919498088819848
937114,0.018609764500868355
432206,0.01904906848164407
543828,0.014057304208298456
807230,0.017840297798594765
675244,0.016467333628472896
805468,0.023140951544356317
945850,0.019737004801535504
657253,0.026046474588500398
717850,0.020114941957283597
146746,0.01775730409380783
872864,0.060828429104696845
640010,0.018502473408148885
687547,0.02841562945908697
870359,0.02352311759467558
767167,0.016905940144099758
779068,0.0308399351645691
206753,0.016443191134979863
648305,0.02765350694433861
871510,0.01245475018341656
495872,0.025003561024509072
503206,0.021162850316635312
801773,0.014483645286440394
681658,0.029053458159521282
450156,0.025345426571798398
129398,0.019048497941182907
305795,0.026836925973315703
567384,0.020450160565039233
387523,0.016453741441638543
710370,0.025307459107639093
228717,0.02029364898096138
684392,0.02154984480681711
538741,0.014771966827109111
362453,0.024701613489389058
818637,0.0268700199047341
295932,0.04409530677034879
948731,0.022591824149612087
736898,0.017404883415259732
808623,0.03484411129220972
411568,0.01359993734992114
299832,0.02316285766839902
252503,0.020526936341773303
726981,0.014897800871476869
648916,0.01880827084541236
578750,0.018986357789433268
406968,0.017500199818834102
474011,0.024203144975133598
149615,0.034206965205359485
383544,0.028307762059411358
935081,0.03280837840368387
795212,0.01948833431504946
666755,0.017753134180334224
403824,0.019368393756744724
148743,0.015253422824631723
140649,0.027547912359975005
808005,0.014523259279549464
353063,0.022591790539545534
865779,0.01931075641006535
305642,0.22315451088904018
215804,0.022443332166745336
160677,0.021269747199062095
230775,0.019946278599271332
436341,0.013792076950529478
850678,0.018607339426964947
485714,0.020210974354192758
175129,0.015365075885826019
653512,0.015994062213084574
531172,0.014046008632161286
860193,0.016769980949723932
701632,0.023218456814496354
976883,0.021839371883445178
218667,0.019715761661344113
502707,0.024911343143304402
173502,0.0180018168753573
164881,0.02889701586929389
687442,0.03005701845489685
850220,0.03016465365809275
471566,0.03267555070306461
910451,0.021157200877202305
314456,0.03370449173435213
139654,0.016706741067516663
810459,0.020509205906972357
974882,0.02707296500017233
275920,0.021697365044472432
697805,0.025167213555975707
975485,0.018598789717724995
595420,0.016597106091977436
962646,0.016734796873327143
425020,0.025330059233563542
975581,0.013988735788557732
437211,0.027367391524015888
489437,0.017543922339184597
957537,0.014755465614821942
144975,0.019776772752709098
652617,0.017872167930119403
438490,0.027797457807892435
766002,0.029972425746834876
758654,0.02226703633809096
391144,0.02794005875654364
949225,0.016749065864481823
559915,0.02622458701554405
443124,0.022237503107302173
524447,0.01954966368343582
815606,0.02865810376101995
137337,0.015152960116743028
414905,0.024413338799999875
846290,0.01819699699274669
198849,0.02385345545263006
491947,0.020169882682281176
615109,0.022395038583076645
911305,0.017553939558240028
737003,0.024677631432658376
869453,0.027305807277495535
348639,0.020966987853124893
595076,0.01611940022873257
271370,0.01461809807039664
217692,0.01933753501441991
836508,0.02433566528185868
215459,0.01647089015418223
906779,0.02077779719394703
987920,0.014728960931208712
484376,0.022483623764396266
969996,0.02472658879520444
931897,0.025500575511189505
116216,0.028218413265590797
428729,0.023891325332988215
319135,0.02067359798889432
563476,0.027549192649247708
104055,0.01956778048248593
385378,0.021258903164391014
531492,0.030179597456102936
651489,0.019243952916283898
304193,0.02293625894558478
493179,0.021340341599512258
822149,0.01599512733167559
881825,0.019782635398538344
284860,0.02049713127290431
417199,0.016885605086165663
167720,0.02012247721894791
643015,0.018163829069573905
183425,0.023924676212623678
247447,0.026989148819365164
603921,0.020160923126501508
395587,0.04185350055082409
719735,0.027248178724626825
992873,0.020065557061963286
188934,0.014181810572241639
380264,0.018451602309069476
164341,0.02695845505353065
180392,0.023724663652662247
311492,0.024480833492054356
942880,0.027835905885071163
216713,0.029726153412584937
554440,0.026541548976112515
777177,0.059353520296036306
328483,0.021029782799182852
746312,0.018308265614332093
431232,0.016443191134979863
445922,0.013920454732250582
698120,0.022217996312450892
637528,0.021377077565980607
386137,0.028785654595241968
184575,0.018483614892351386
116221,0.017341171761677304
349259,0.021743754725794245
941685,0.017678238364193702
413807,0.021888647233302774
831017,0.02371951417417878
765582,0.01905314050710158
344284,0.025549488795438512
700917,0.020742552705461683
572259,0.020052976648272214
619134,0.020733265474110505
914688,0.029460855049822623
199784,0.016416667207632022
983392,0.02652392496932237
256084,0.017832051212931493
724743,0.03153760032966431
667063,0.020593014557335608
780386,0.01531076307252779
677659,0.019815118676718185
175457,0.019998925180899494
877664,0.024333931973258893
644189,0.015118309045256741
420476,0.01800865997880582
528700,0.019961422761745676
534416,0.01682702759569827
351389,0.016819049313585376
121042,0.019500134250465172
395209,0.022567124290094016
500878,0.023493566087965923
783870,0.024589795160113885
662822,0.027666964151647763
153564,0.015175686340677293
336142,0.011817242447171583
589748,0.019965000629616186
691917,0.024747951575357842
430132,0.016983012389271374
746359,0.01545756020474793
852383,0.025290195684355313
771297,0.023689488717349824
762741,0.022684194823194073
893315,0.018169398239016206
842003,0.016755149361355227
964690,0.01850629160781802
721942,0.018513093729169906
506632,0.01638747104144265
953755,0.04440539242857483
705477,0.0216789184260164
321102,0.017181552800481108
288384,0.021570306721421104
707534,0.016443475869349668
965242,0.030067855686074677
187915,0.024446930655294668
694156,0.018335734557819654
194576,0.025115694569796974
847605,0.03223392932835253
124647,0.03165652643593359
359081,0.02139420691411339
882070,0.016997462235388283
961821,0.033163823194823146
987356,0.022660839538298724
959693,0.013169695380083295
178005,0.029347696850606394
914993,0.027505231771860213
975266,0.01584919891970212
208347,0.014619424952358365
536791,0.021517139198649157
313171,0.024533990238442938
118206,0.017400242090299015
895589,0.0196820648423506
550425,0.0309990489227236
712882,0.016729166917535933
908138,0.021546516899411776
325144,0.026525663455270618
950177,0.01889352722603456
451223,0.01803997512235578
824729,0.02544417150757605
777159,0.027862292466768315
765549,0.018828231216137036
817314,0.43906914359306787
342994,0.021095041907218427
939034,0.018967943475742037
391873,0.024096141056505916
644602,0.028011925368678525
468002,0.02090987600015547
668597,0.04771451150266987
326114,0.02966889897081212
249362,0.024401205692194256
533312,0.0175599804011219
834646,0.01540640442058345
957603,0.020310816335118904
895891,0.016817114706149706
618688,0.06261644904041797
727665,0.014891083200657185
796314,0.031037500783016748
155575,0.029983933483802534
275903,0.018945851910449785
656073,0.014035055335276388
319901,0.018593994657888267
869239,0.020793930544434396
814210,0.017923582560125252
237576,0.020450501010116005
628765,0.013920999710621896
837266,0.023179084643711895
164752,0.014602288431235068
339046,0.02007721463383196
495630,0.016183730292519957
758878,0.018509710508898686
114088,0.027547970335914225
183342,0.026317174872727844
471552,0.020167207196070076
138992,0.021973579516236644
418199,0.02705331414685231
376207,0.025951392054472187
904001,0.02895593767372029
608444,0.02280055071714788
885033,0.025948291694744226
219544,0.02677788477264128
512851,0.017243951721619768
936552,0.04042574809245833
109316,0.027592253483341142
919504,0.02189218161521313
365113,0.02534652919841962
728085,0.018882484151984815
140038,0.045632745701880875
606632,0.020531608796661844
878765,0.04402542493591776
360015,0.028504507058262955
947406,0.026087844824325853
871174,0.02310575922994675
635383,0.013014373565732885
642602,0.02183025627684997
999999,0.018242860903529376
241153,0.015555989263499484
953006,0.018522550650459248
900021,0.018971559717745883
613159,0.016477916676126414
352540,0.06608608659298537
837246,0.020739147162269354
500693,0.015341777335742237
170093,0.02136632900074748
690815,0.016662916445852854
353018,0.02061672900437519
395073,0.013675623440640581
781146,0.021307054049025626
480605,0.023765484418047905
175787,0.01588781947730457
781974,0.01846406900747983
689192,0.015130768569316177
426627,0.02802728519564934
515653,0.02438344284902208
463693,0.020967905522583766
763068,0.023831951170986125
902604,0.017317229612234274
550008,0.022954131295694197
783988,0.015887661614060106
963646,0.013012257934985401
948823,0.024929208086937073
243559,0.028560283047729857
171106,0.015888448962421198
895326,0.01805785946465763
744144,0.017605841517110716
557487,0.0336312353208818
996961,0.021589260264766517
820531,0.017275742713543443
613724,0.019714835313300167
989710,0.022694712809928002
902061,0.023149562505785093
712800,0.02334313087410516
867702,0.024472396625425146
946085,0.021888647233302774
537340,0.018149433026942875
759160,0.027268542611555417
671737,0.019166070602727417
678733,0.026277024280681217
206240,0.024102543504065096
173770,0.03150679212069668
954924,0.027472549721258843
473690,0.016553098832794728
921519,0.017450478784083883
194266,0.021246121720096416
559229,0.02758193170388356
378917,0.02644405225914548
863562,0.027678348342560843
764339,0.02382278923487934
908333,0.027010587875906707
699705,0.023273293653991257
762951,0.013290138325872067
365872,0.022364881055649898
475656,0.021889798684196153
400910,0.018181635230195572
826781,0.0322340242065526
328980,0.04119968564164038
385937,0.021800384029482825
199194,0.023710738078834327
147537,0.030794052796944603
175283,0.024540448702845705
541790,0.0148547294246359
807437,0.023457926931034292
926686,0.024930735910228354
520789,0.019348731987766047
964348,0.03186432405033828
542399,0.0304500357028363
199922,0.017910002742125817
971000,0.01513102374430728
562656,0.020026966177277502
192009,0.029411533945672762
224462,0.02060885687753795
743789,0.022242411618731403
915554,0.016519549184734052
425141,0.017277751670295893
293488,0.019503352467852238
610164,0.02163715253683059
331968,0.02162881030818087
110346,0.028008048662946445
522857,0.028537359707659676
800859,0.028398892711958685
849930,0.01671194862416863
479886,0.020582678493480576
234243,0.018394735218716377
929737,0.014035852237035556
444219,0.01357368808959568
857916,0.02170094760561358
398225,0.02969535443611754
283333,0.05294952644762655
878738,0.023189803490879807
782930,0.02653205297328045
287479,0.02206181601910285
588052,0.010867286468904665
716879,0.02259744536150771
329571,0.01966781381315994
481745,0.013341827369146861
777236,0.03017129007385759
897605,0.016468493218593016
276365,0.026152405439015352
400999,0.020563361201072775
595022,0.020360443338313616
680068,0.018450126656871957
604759,0.022591790539545534
428918,0.01722648144129586
901886,0.022291613997260974
999246,0.01812590159378305
477097,0.03830285492708396
217858,0.02353342528176499
696867,0.024383192578837642
269639,0.014891083200657185
553121,0.024787379092486538
870673,0.023293321220893903
517788,0.01800183675178532
547325,0.015900928698613193
505815,0.030809450649993266
215551,0.020920845439473403
625868,0.02370167927125273
481631,0.02470347001854903
789763,0.01947832032375682
154605,0.011791709734179699
812316,0.013451342498535206
598327,0.014486945507296024
587186,0.01801956259672264
841145,0.016245055350929082
832984,0.024071373750786454
389108,0.02191426851329573
146920,0.02550056721545425
694037,0.02586088619745134
292779,0.024168280191606568
385275,0.017784769967163088
844779,0.014372038341400457
187846,0.019412403423813732
607907,0.013953376358566045
599961,0.010126349051525232
394223,0.01790994821929656
117657,0.022521039516063216
222190,0.026242756325257636
273100,0.021252392945486767
735103,0.025761486512160665
771838,0.020264414118989573
892190,0.026543901102833972
654700,0.026420630851126916
232293,0.016058983101902433
501972,0.01645525884933659
917147,0.02388401925626927
347503,0.011443199251255488
467263,0.019112707513047392
256349,0.014758449484808192
274611,0.017699570142303625
897676,0.027635713833114035
169013,0.01978033125241745
146490,0.019066582086645203
209594,0.013049874374956177
932317,0.016669579400025922
713335,0.019218187509716173
527625,0.021545143521962642
203677,0.021064978795184
810911,0.020130816214339136
682675,0.02090755557671133
356150,0.028601894488742684
212222,0.013602328370947806
884686,0.02524773607974618
849748,0.020462124569330532
645051,0.02041976969776615
822284,0.020524018492325737
270161,0.021911074484277815
369144,0.022013739904976452
987669,0.02261872736066796
563572,0.015273820695974643
431914,0.02341491335360514
672468,0.02158832038412194
156861,0.023974612735284465
392408,0.021730466533906208
140223,0.01740492522820257
577451,0.025523704573837753
822645,0.017580204898608273
706199,0.02111696696147832
130617,0.018149464373814712
497268,0.020541331688995777
171611,0.02573483351869413
267138,0.024338000643816634
192877,0.028152672410812058
944871,0.0209065348395639
790816,0.016104259314876912
224060,0.022593756250379633
482097,0.021245454782146306
118991,0.05697970780882303
839835,0.019863781383143275
603964,0.017745745238664876
105210,0.01499077459674458
250544,0.0195584633634337
973513,0.024636140928261475
972821,0.013921497696470329
743130,0.02399868014909456
260011,0.018854060497542277
494542,0.018744037018924388
598143,0.020972794254509836
701987,0.029473917863660607
866255,0.04737284579601302
113875,0.0251792561086507
409547,0.02491365303761877
314347,0.018200829960919082
300289,0.02495975346777141
474975,0.05877510298103285
956399,0.02406641610454978
645447,0.01657153142713252
342841,0.014313297525266557
876922,0.022533974052117104
300876,0.02119387117619502
499686,0.02773629769742265
191191,0.014945610985394027
880140,0.014573158715002445
158707,0.025087231901904074
354381,0.01939746592697529
385321,0.025699526650659842
772456,0.018664958316803166
411743,0.02198609151758914
355807,0.026332996940500362
806843,0.021597262062524263
517209,0.02706798639719356
413011,0.020420836254406095
294451,0.01948112291165325
492454,0.021872167837330102
683194,0.02065613956566893
400694,0.025928169143418528
863906,0.030571896241972058
575298,0.03049847158835824
488914,0.02085785796755687
849314,0.01605014685451711
572323,0.015556183898180177
724030,0.01947154768307668
314492,0.01983101160992921
791468,0.01609565752941358
133982,0.019638665142627885
168736,0.015756111446700055
675445,0.021093253379973257
859408,0.018403324179197007
973595,0.019561029360118828
417593,0.024449964479807955
582290,0.03160366571951548
420266,0.018886851641531362
154439,0.017669402069843812
867951,0.01863793963403243
289659,0.025136256324362147
630158,0.014130981838483407
501101,0.019987826680456816
864891,0.013716540723396193
107926,0.023674515169732572
375306,0.026310184693356012
826500,0.064237027719609
507494,0.030737989118954295
538780,0.01830190126868061
996766,0.0280493463105991
449450,0.02401972009266626
694423,0.028831532383678356
972049,0.02010646519083549
433408,0.015573212270806984
658374,0.02406293036787945
211912,0.027228051052876286
652053,0.027637714520059656
229294,0.016183730292519957
181798,0.027601306132735284
862280,0.021176735564354256
835351,0.016595830445562208
844534,0.02794419858964641
190122,0.017870986065462408
295709,0.023608602520606037
395192,0.016487646145829576
445598,0.017102385815758146
691781,0.015170702987287682
728468,0.020176187280518638
252223,0.02393983410283458
493453,0.021078383796581304
920942,0.018784514335919437
217715,0.021402422988772787
762352,0.027112463389929585
294070,0.02856364457857942
344471,0.022084061809505832
641544,0.06067968393097372
537131,0.027286777876855798
751824,0.019562981938907337
549860,0.014050010441009932
913940,0.02040854871394592
849048,0.016727732355975484
319276,0.023627497742278205
124339,0.017070848087384464
392135,0.018452893126134212
875914,0.018159928014004505
290261,0.028169569687042234
820304,0.013046741052103617
615601,0.04490208121227942
611317,0.01905165703121006
335764,0.021750937706173513
316394,0.04360589620154812
595015,0.02277407147491793
760388,0.02067462862233811
758240,0.020136941225983966
231959,0.012576109492751883
585221,0.022621960053710765
989389,0.01743833877667733
230958,0.013392149231480582
494736,0.02191257412097359
332925,0.016098090759807053
210386,0.021945979225343415
775340,0.02961895119008934
443991,0.026465799057509027
195463,0.019943719864062147
776560,0.017981434998498583
474156,0.014369323246660425
342186,0.021776673177630972
543536,0.015460845235656755
526520,0.016481670645508734
590201,0.017167377574546467
841140,0.02678959829120609
305764,0.013829748716738898
670881,0.025422423221264624
287841,0.02295158997507256
671676,0.03093205683766625
254618,0.01798728374883237
211956,0.02444715174661611
395410,0.018193002456893644
161801,0.0628792603192253
193055,0.027717875552765288
290101,0.016810431147251656
588649,0.018668732255444586
333404,0.017241685730733078
169912,0.021576757833415935
638948,0.017615336274408543
365467,0.022111106635034506
476567,0.02362427264246633
390881,0.021096179492947936
333950,0.031118859797642066
856790,0.01718215437461323
146892,0.026511259681566802
418045,0.020152875322545227
118407,0.016942300572185244
179164,0.03143124985663421
634819,0.01631725429919628
630352,0.018800005117115468
193820,0.020908551798712163
554683,0.02628486433670272
669717,0.016706741067516663
765032,0.022713769599090838
955038,0.014580223657091431
480320,0.023068328809594696
161540,0.01892228413401006
542498,0.019208710186022798
780324,0.028924314025393538
752100,0.022075225272036907
252750,0.021044275029686036
716456,0.01599992789127394
323780,0.024902689749821013
783392,0.02146735920563953
673084,0.024140677048975174
671993,0.016184503392993953
299894,0.031489094746397404
339611,0.03171996056380992
395095,0.027871960894250303
909766,0.02692486282849911
306178,0.01528155953996634
859222,0.015692249823608683
749495,0.02021932853238465
451277,0.06429472177959507
160736,0.024720315736068164
502630,0.027766087849087493
428800,0.028121293404132733
747692,0.024908286831706504
630024,0.0215214414680744
291188,0.02579293545267017
169271,0.029751609044944404
221328,0.025133586187271493
293342,0.022517560838087092
720493,0.015706762016479945
885247,0.02449871012983862
410176,0.03228508954689294
229549,0.017386720721867574
160141,0.02470794508975636
232469,0.01951000651169607
615233,0.018664397347632773
198489,0.018903615836995975
961517,0.019251845204032284
839266,0.021290322152183985
268360,0.01956457549347309
900539,0.01606383238715575
307968,0.0216561631127843
101787,0.01645704037031441
151322,0.02303333758005429
499348,0.025540195378235247
445363,0.01473354255226552
209979,0.02155277733336866
340369,0.02150901309924655
415299,0.030748709004957693
107665,0.026116950030238298
653958,0.0164582308380031
414169,0.017504420814652328
380800,0.02455044878225536
560287,0.024754015230984604
530314,0.023930569693190483
563057,0.017533947787320953
734460,0.01704877842606363
772973,0.02800537880708336
487066,0.017552682590790215
480653,0.03238354725670654
307123,0.013242095829456664
593972,0.02127664835911776
842389,0.029837748416070307
972410,0.02506310847220982
587104,0.017813397894752808
868046,0.021349623497549035
864536,0.024148236851822224
649926,0.01503281472383869
758156,0.020813651467954584
233807,0.024410459188262665
801363,0.017898995829667294
389129,0.02395179947570982
226952,0.014892134521470276
445414,0.017852579278267548
361875,0.024628712521380405
671318,0.023938035399888296
748643,0.02493164974874152
513720,0.022732480976954975
364929,0.025917408800479987
204799,0.018595044290546495
417336,0.015076903249657856
699325,0.018449714243199262
707803,0.02483076870305563
730653,0.027607302386445553
377452,0.019857329710295458
771714,0.02411901068605846
258118,0.02031650428523624
516289,0.02863780496770675
133238,0.02676301153514792
985480,0.020884675684032194
422128,0.029657163370904384
722669,0.014050669011588272
594784,0.024951254193125067
435226,0.02952450412859298
414736,0.024028737080405795
784159,0.021125695228351695
470586,0.042738020290246356
129603,0.02256049910981743
842629,0.021903343073135677
793077,0.021114285664043157
151763,0.026834120478772188
655686,0.021398145730673123
635350,0.02134752407189284
515676,0.0198967471709179
107525,0.02907013567022906
544845,0.02803608912289385
996343,0.020764069967685317
988693,0.01585597142239961
211921,0.02699887438623136
705427,0.02174095694068893
788565,0.01927734053314569
622294,0.024967343736633806
838148,0.022513040298880804
295522,0.02287774272462521
697432,0.02223762666214308
697553,0.017897837726350698
866288,0.02006099245808024
690989,0.02481769966742608
521696,0.01724943525323393
155085,0.018639762245497155
376827,0.020393595198794967
749194,0.017855003130527732
445481,0.025854905357303327
676202,0.022886516903078427
623345,0.0243356761763695
802108,0.01680395322736784
104734,0.026762180814801396
331485,0.01599350885850201
690868,0.02517593182062718
372160,0.029522664349729482
379143,0.026267216750847158
204131,0.025324884206100854
605097,0.018969992694662506
281961,0.023528711265945485
461019,0.029181217518083127
367922,0.01811408935135139
363731,0.017474889980036157
368527,0.02840711113642424
854344,0.016537017749105775
838031,0.01942073042827217
802280,0.022935886890890805
871754,0.023691493125670038
809363,0.013188991456272345
304062,0.01957101948583758
459193,0.02236016424322637
460534,0.026688217381301588
426243,0.017539589028086923
387757,0.012839415075649813
721965,0.02711287482367719
523386,0.02029304818626268
567799,0.019023394547726287
526575,0.01725418322404137
124439,0.015725027760224632
430294,0.013827781237649713
833732,0.026890049923728437
366103,0.023316982918068673
403667,0.017005538441993068
130387,0.02672797435023155
603503,0.014217450538681406
702714,0.020594228295756353
161138,0.03091580308803598
116946,0.020909933505329426
835954,0.02031834724757794
721505,0.01454260516201831
682923,0.018569617405162296
505845,0.02420935419936624
809043,0.016473321690016272
424837,0.01953828209908318
167612,0.014483432371043685
727108,0.015700464316848954
370321,0.015953092673354978
938440,0.01531119678939114
515312,0.026185533779141634
456936,0.015952302969970654
347501,0.01855200145567685
914317,0.02117838435323563
916839,0.026623832470202335
698829,0.017541465624601803
463974,0.019584152809132
260321,0.020911369224909496
125820,0.021012982603215588
173440,0.017113562085343335
256771,0.022965326133032416
276119,0.01903710667081646
311725,0.027340204099651405
757343,0.020916417804836045
782417,0.02062208947328254
115665,0.020063161057824776
842190,0.02040796837131153
273694,0.02210794380764093
493002,0.02575784233289782
680841,0.031087506346103556
577391,0.01910712432075545
366534,0.018219353523117075
997343,0.015453273891210921
581913,0.02140281147053393
813788,0.014352559210129694
156136,0.024864835620818572
891882,0.018727743725996816
400598,0.01844188759724142
262219,0.020398781558819513
989207,0.020533346276517792
729844,0.025679236678764487
769452,0.023390187025598547
634982,0.019958098360461213
419714,0.02456819131188808
523613,0.022225719176983988
451604,0.0374418141207438
398057,0.0248412724195622
908844,0.018593358775475726
154662,0.03651593004857915
762129,0.026268053167025223
781169,0.021141769208569597
979866,0.01594565975661673
838608,0.018247628828102904
864622,0.019278624681630736
590341,0.019171120835453196
164820,0.01979629384939327
348394,0.01743016612225564
257363,0.024566735938893542
391431,0.02393440797207159
699573,0.026172664939766582
586620,0.025884134560026688
243014,0.022133530065266208
283795,0.021410428493941532
337829,0.01835438271721779
336710,0.022477134292991623
739133,0.013708982594662782
644108,0.022177940998021457
752954,0.026326409108346716
580477,0.016159997467629656
194320,0.024395304516371095
609709,0.014952740261308177
593077,0.021064620238804118
626226,0.020842135700660753
548286,0.021767320425239805
677436,0.01880334686669617
850197,0.03024074412757368
343809,0.021888647233302774
738447,0.021268634634362172
143469,0.025975883728837062
181920,0.023202963018194255
872315,0.015233687168201018
526079,0.02681760525914787
693717,0.02437994402109792
676251,0.0337986163992479
730551,0.02177284855403594
290288,0.02741886336426176
932230,0.020928795526815914
915757,0.023070051486808133
588331,0.023238554835695983
259141,0.019231653831651516
844384,0.018766540889891364
216587,0.02649234872882928
615710,0.018577381042671752
699655,0.02356683218855171
629043,0.023773305299548388
441863,0.02291459035398424
559200,0.02668516026941252
717995,0.030053216382239605
755883,0.021449778485063888
245610,0.020470177629494546
158516,0.01644385702712486
302247,0.016183730292519957
677488,0.019314747226205107
695318,0.029715387236452128
321083,0.03517206145079264
151921,0.018232528057135915
640250,0.021389925862640734
378452,0.02220920649088917
951002,0.020866303333219895
240142,0.021502355434909994
628439,0.0319500040557753
699200,0.017889017352325294
316276,0.021065655975650716
345701,0.022591790539545534
610243,0.01967200675654556
652667,0.01792617860880565
576293,0.02084846052145542
935034,0.016440676533657477
539483,0.02647260820078508
498220,0.024564211090626436
725630,0.016421833350194544
890010,0.023387149429690925
315474,0.021029995980201555
810000,0.018213992932003823
644248,0.025863264127961583
945529,0.02999045115637828
997170,0.02331567338482931
285378,0.01900016075228977
869440,0.01769177469740286
375908,0.028778970738548914
441537,0.042570045960002384
935210,0.021844297996052475
925631,0.019923134639835704
712911,0.022558718011664074
252009,0.025127508921228055
815111,0.020883569839803415
441950,0.06369676843887206
458951,0.017413513953787835
478108,0.019714341489112237
463345,0.019890119302843547
830317,0.028321970614808026
376235,0.018999945856539396
816262,0.030332536041097737
126709,0.016815075623317695
984259,0.018055977082758762
151342,0.025803440170857492
321855,0.018224065357555993
681940,0.024555617400944134
472939,0.032432616523073145
980259,0.031676353470228645
156599,0.027859131870913243
130279,0.022596582707657943
397381,0.01585057599581275
688900,0.025645318039303384
956283,0.020851263656062213
851855,0.02195959249350968
757672,0.01958561118547687
615885,0.019658052891107728
281502,0.045620924175451216
425499,0.020251161171446718
163868,0.016706741067516663
726074,0.01752791827935629
216991,0.013941477289307351
173203,0.025730929252395805
173988,0.01832415936984777
209121,0.024411904223305792
205742,0.023165000134083718
691911,0.018234640250038795
862884,0.014447417676559242
734613,0.027249551737452696
578811,0.026333406997325982
198857,0.026386131889451492
639451,0.0297969025049004
603419,0.019065697363992738
644779,0.02257007448650956
559178,0.01766139051290478
492148,0.02163809135366902
620779,0.024913286451179222
573605,0.022496288083001324
717645,0.026622277793564096
483597,0.018337844046338977
430957,0.023387221616295074
777793,0.02092270234881367
980482,0.02639184448797212
361591,0.01856764503880831
282280,0.0570037117653315
474222,0.015749253367557135
231162,0.020616976385046844
257690,0.01892925726139036
110979,0.02576342165340186
945453,0.017529547920349612
846345,0.026405267147956647
763480,0.023211255005598203
416176,0.027342958922230945
642143,0.01670728158887171
533427,0.016176918297619004
311600,0.025890925933432528
751371,0.02085640053436453
635575,0.018427672180915938
915506,0.01569783922991558
590412,0.030625470180324778
583569,0.017246357723153312
654617,0.030206984721992895
564472,0.02868687118456763
404213,0.020956419692443946
369611,0.01885186546015233
751220,0.026687210913789415
205784,0.02617982168023128
178734,0.028380749413306035
818388,0.014217650711650641
342715,0.020560358412517077
866910,0.024780658117948738
191401,0.020379543729495412
344240,0.017892750191453675
509232,0.018877248300221736
870582,0.0251165055521584
435790,0.030531928977781495
749725,0.02923690466373141
314444,0.016191189359224797
700886,0.02013288212947602
673184,0.02248994233896515
271890,0.02626174504883366
353998,0.023877103404036294
578334,0.02023663635593598
826372,0.01593079936749981
116810,0.017910712277190963
600316,0.029212928348054466
234157,0.02078650440143497
438882,0.02858638717424906
588953,0.02524357265680388
199036,0.015247125719412773
495527,0.021526175326560044
281799,0.060836938694394826
242837,0.021970253733940247
415454,0.019073950156675686
411853,0.05792638425020533
553235,0.02372188364295624
131720,0.030144769342088384
785873,0.022538870572341687
464900,0.042899297886159496
714638,0.044376335430096295
544679,0.018632864119962372
118925,0.0643691768216182
338784,0.020312892728781923
311184,0.026149419243937773
593781,0.024393126078703038
895971,0.019060082382950146
901694,0.022304952877245876
232238,0.025271366523270927
101882,0.026127455131470505
605514,0.019317532407689707
709844,0.01741083970903794
477157,0.017984780927850764
647383,0.021388139249283126
732059,0.02128717652236609
422356,0.02518363561711303
452604,0.016451619929096124
644503,0.02638582299889036
381342,0.02728029634997913
543883,0.014050010441009932
361162,0.023261641772699262
416531,0.01952239730075237
215643,0.0199421942742273
460744,0.01523140583529711
633892,0.016076584512522193
726002,0.015270778494370873
589396,0.018251316270343442
645082,0.016955243485083715
333669,0.018716919325381002
192491,0.015824209021876708
982389,0.01699251448213246
465914,0.01971511289344259
330303,0.022591539133778874
318900,0.013167783299180271
892383,0.051739198974934675
844167,0.06311500459295746
524977,0.019371044527815833
950130,0.016039020650498725
404830,0.02498157767269053
184041,0.014182087010995933
881612,0.022079021996171105
681232,0.024991240078495906
230654,0.019444427826502568
212382,0.023848503590229678
528807,0.01642555201654971
157245,0.02230566533152561
962297,0.033500582036562476
488490,0.024067178324070904
618281,0.054383711182326426
595106,0.01416550747939387
589380,0.018685640879721518
500630,0.019967122208611424
281003,0.020576200819834738
724014,0.02096739997690032
656612,0.01887256067924953
560612,0.016409969159855695
156183,0.02248026779607247
151802,0.02654012838712394
656432,0.02198201025993116
165154,0.017803088072119114
220603,0.01806894419526933
610723,0.18527886406280936
329601,0.021852082081232748
592521,0.016445251260568488
912795,0.06999174293970863
531089,0.017024775920767874
528232,0.013439950671877856
803561,0.02936955889973185
148108,0.02110024803662784
615616,0.026965467679249108
263048,0.027845319141455337
589038,0.01879769906488692
564475,0.022171690930231695
714528,0.025116603094634964
463629,0.023856917067342415
237181,0.02127930553844506
317729,0.04679758839942059
961780,0.02320132266527487
796081,0.017416804857534964
709778,0.022564436794727482
585096,0.06267886723646068
333598,0.014767009738624725
378062,0.015712180827008648
973655,0.015781699003186853
586671,0.026519233421134082
777907,0.020782758182596086
656308,0.022629674844841813
697767,0.03042237738358084
946253,0.02061672041332261
424636,0.01892140993911889
315298,0.021396615297394103
685871,0.022393323075431727
320251,0.025615430083283396
364676,0.020927584668059693
233518,0.023999613111826627
374632,0.022421172225364154
235558,0.029318441861100168
515112,0.023304472406647726
630671,0.018055201510058246
838315,0.017929937208135096
167305,0.03125204948659519
612886,0.013415581252732093
378027,0.02269007509239817
673418,0.02248377514374755
277981,0.021680976161129507
213650,0.02428714961936866
854495,0.018358952338680297
402434,0.017286830994475495
957261,0.021379766387301973
304080,0.017456416822470937
765642,0.02061845781218627
765278,0.023631030144853255
812181,0.02873068995583082
436525,0.017126647837573443
671147,0.022360025079236547
419114,0.016443191134979863
689700,0.01998443180385212
219705,0.01890040316402597
325573,0.02283430524836194
638084,0.020511181946578173
717884,0.022631823371452083
928094,0.020635172875760745
837832,0.019438699057447544
591338,0.027286654610991883
744551,0.024462917584634723
695289,0.023439831182274447
748661,0.01861880497215749
841333,0.02148173505402168
232642,0.016193122650549223
632412,0.0187658770211896
471491,0.0147538879816338
869246,0.019645612146310665
940456,0.029856210508317185
286515,0.015169253697291434
634682,0.02486970523816553
789080,0.02668407162396456
871861,0.01904937188769487
938832,0.029243299421306733
588445,0.018149342019020433
568621,0.012907823177599894
222701,0.019962172376196245
416865,0.0147538879816338
854775,0.015171614927384393
502908,0.014841014399770173
901085,0.02793248434557119
358466,0.02681653683716085
650292,0.020353360761901872
295811,0.021497182771962952
949992,0.02751302091525308
558390,0.020274778901660826
505944,0.021833494804991756
211725,0.02075195063474027
698021,0.02705738892487388
179977,0.022143271919534448
364922,0.02660476628474844
845659,0.02215425550077269
562187,0.017985249032206625
445589,0.01805648422709465
974439,0.02071874781387773
303715,0.01914185392277657
183445,0.019512460994254948
482299,0.020981091011390014
584360,0.0490408956779017
489669,0.013797150535739225
221648,0.017840295129572033
293096,0.020756266981237493
928099,0.020566401284013866
963869,0.020117467411127007
616524,0.021104312370647478
603900,0.01725128146329545
368716,0.020837401474958887
394458,0.02094372747466453
468314,0.02418794040414472
747439,0.022279279217363196
424426,0.01898593083518987
695722,0.02017848414878584
833826,0.02722055062264364
235356,0.016443191134979863
640509,0.01960931631419975
861915,0.018235179230070144
323222,0.043587064537936225
129649,0.028422081821821845
467549,0.021581207779005695
520970,0.021661054108894996
600021,0.022044266683714293
662538,0.024447553922784773
108872,0.015421316468399154
365179,0.02329251651873441
372511,0.01924547477697532
150982,0.021542846091297148
984058,0.024931738380561605
643864,0.01454260516201831
124153,0.016726119299616385
917812,0.016183730292519957
545477,0.024822067008907534
570797,0.027069512475045396
794112,0.019008506413977378
986258,0.022842402980703648
783962,0.020930650951799752
573620,0.018318151741865667
571479,0.02802883870352347
404716,0.01559623674567305
282332,0.020634375730298284
813313,0.01880134296442371
421405,0.016483654302472898
813806,0.017576781012955345
160597,0.016764217808908372
108644,0.01968024127382662
135514,0.028727504258336062
884190,0.025486263381994473
131012,0.02682676386115567
946322,0.02690840764720184
161213,0.0479764902909818
870144,0.019105839970724008
758076,0.024824614815825513
451157,0.021279518497008803
992015,0.022592277890291453
460169,0.02906629621216564
531771,0.014336695171156969
986750,0.03255225856795183
682912,0.0193477430438202
831774,0.021954427121640654
901329,0.018501075368360497
952363,0.027524406475363045
132289,0.022787827445878865
851932,0.023069682208602525
715764,0.012112799022748488
257481,0.016451918763657643
209079,0.017085133439280215
341010,0.030158593713847076
282961,0.028050072225063397
103670,0.022013885421166477
943527,0.011843173951025182
453594,0.015899914681252413
178345,0.020818985480103157
165821,0.029264216783933737
833261,0.015996813695030934
129664,0.030899046661754765
479673,0.017072803607413135
144646,0.017113547944584962
163017,0.027907581788227005
409703,0.018890009466841415
694345,0.02287165797100502
777597,0.026002559632973637
619908,0.025045588536354222
561280,0.05884319395688083
394743,0.01845283984660498
227596,0.02280452488047249
426367,0.02481826070392679
407939,0.01434973012152312
444051,0.018549203352896452
169828,0.024282235936806444
713666,0.021599225113467565
193612,0.02029333765717508
735316,0.02071922075926275
479306,0.019647349648397133
360219,0.012363052008659147
114042,0.03041591215236023
615205,0.020111942835491104
556370,0.022522941552452873
340036,0.02544467878698868
142904,0.015597053894075744
880416,0.017247245193588324
530487,0.021598112701681133
939178,0.02951536133825636
907631,0.023030365480280347
960259,0.02031452176111644
325566,0.02146004436989905
559438,0.02230540487671789
810570,0.023184828163706196
264630,0.026362116748062124
621123,0.024336810632055474
251228,0.021242842065573427
262497,0.021581856165276823
417774,0.018682557563238656
793689,0.017058162844895978
957379,0.02326913827055456
993912,0.024147159450319283
485770,0.02034094416579953
245771,0.016655479002949416
781698,0.02615341028858775
102116,0.0443228498081969
740045,0.02092137711705433
888702,0.022405384793473607
206089,0.025556067500002232
693372,0.020331435560586184
320792,0.021692487442660766
859143,0.020262988472558648
676725,0.019413526929601316
355519,0.020896714894067907
664979,0.017126026601707995
463507,0.017100552514849036
761502,0.04329593102336424
804754,0.031395553288541565
281913,0.012581433921970971
595293,0.020054877354388528
348408,0.013451726282013222
415658,0.02046172868273803
496299,0.017246357723153312
543393,0.02645440898316268
583790,0.01948559219747839
512102,0.024794489366256344
668238,0.025732537147348102
824808,0.01822556127983444
740871,0.020823252646138043
766754,0.026118772170723267
268560,0.016424978261218547
998500,0.026875210876784402
845489,0.02295158997507256
912377,0.016195181960133826
649954,0.021436869752892742
257226,0.016693254892901403
372766,0.023839462255708942
816442,0.022701756217867502
764466,0.02405663183808755
151138,0.015019023640239656
809062,0.02554675023572412
605057,0.027082404288425066
130873,0.02134598713602862
109760,0.01969009414793137
980490,0.01945992334093681
708182,0.016578030346117253
218517,0.029582920513216832
272133,0.031755444387791584
556797,0.0178284297424994
837479,0.02055017710928364
775395,0.02722962701493117
172217,0.018011440618409754
118852,0.020745278613853124
559234,0.019682476261879276
100410,0.018969992694662506
790504,0.013629577248678637
279084,0.017783548625146313
705377,0.01722878499920491
554931,0.016443191134979863
283157,0.02505035233089256
807897,0.025048778792478063
864881,0.023906317495006345
571941,0.019371044527815833
314026,0.017341795547966943
595727,0.02683560736355265
894030,0.012904255417244853
124791,0.01599350885850201
634764,0.02526381473694129
436692,0.024669169690067334
855167,0.020180559990487356
163673,0.015385763675759726
471639,0.02110048582517891
482406,0.02060694610774497
604457,0.026339420183712707
591660,0.014119079456443305
528729,0.02270198450444412
741104,0.021599086634390537
712719,0.020645252811598232
851830,0.0234117246956184
262029,0.015488026262719596
680447,0.018877916069148237
759243,0.02905489736039811
109855,0.027690290020078178
205246,0.022164200039966088
794298,0.01726418279499345
897290,0.01764929718226693
843404,0.02331743607709499
460765,0.028099757015838923
715160,0.025355558204036913
432831,0.02334097645034839
823357,0.017439704416644226
860543,0.019142038942056593
353964,0.027960526490507245
919495,0.024687814816321218
308540,0.018061225965675106
460424,0.02166524082088492
474624,0.019841649898964683
164477,0.02072705968340036
682611,0.013995565597785146
245633,0.019349950767014776
270055,0.016863190012992108
600057,0.021184274372445445
564628,0.020623440228445034
688446,0.02447601771832699
979164,0.024518169157310157
269768,0.023726467148430887
885915,0.018084500763541934
540191,0.019458920104732155
769273,0.023510510481492032
343730,0.021754943817470604
774207,0.021937300330592734
368229,0.02836697501683942
613536,0.01920756968416712
118517,0.019247467443800872
197871,0.019892834542113248
708130,0.0210506453867964
714889,0.02311989496084571
228533,0.047806076623125235
669993,0.017834741334279827
951537,0.019697685165917876
654313,0.02411226976519315
899396,0.014484486477257363
284837,0.026399472323202975
736252,0.021441912443068156
380469,0.024140354993027125
804671,0.02019198796097209
675973,0.021786969962349658
768931,0.023725565729859514
538198,0.020161468979326257
196505,0.016940349254507645
969077,0.02147294109467005
337696,0.01675666038174967
687901,0.024064880696681338
938803,0.018795337642725528
202011,0.015286461718319147
200167,0.020833123470420527
804521,0.01379601010433662
159436,0.043561024578588604
985848,0.021647514782051357
399234,0.01761363557179182
409765,0.020096238028074604
976563,0.019987795100474576
853412,0.019478104948632623
957348,0.028272685079828126
215429,0.013079768585208424
782159,0.02124926068625464
680892,0.024041741246835693
610716,0.017077351681760288
667090,0.019066865485446026
163057,0.04412174739430329
798173,0.0261549938575817
421125,0.017695776768307345
419236,0.030674314695928562
701349,0.012761462472259117
166381,0.02211058589106312
755203,0.021981096447304733
825321,0.026701371541056448
917055,0.018099945776727026
921914,0.02452358553928453
509673,0.015029534725680735
391539,0.021236797042443863
730428,0.023786028155787498
321240,0.020742572735260385
399465,0.03048022552027202
745661,0.018086963945711423
309050,0.027447731272619527
280377,0.017619261578542055
335842,0.0261212440594601
576326,0.020376853855913556
106475,0.021888647233302774
733188,0.03287746951286419
166736,0.023387554383077724
274866,0.0453591056928912
360616,0.0164606792858763
501435,0.027600288543600894
912538,0.01988195287855418
350129,0.030056750688556986
962846,0.022258563445952076
706599,0.02833452112328661
961578,0.024625545406970657
757905,0.017599408659833542
519391,0.01574114407593329
570055,0.02346689327724757
323028,0.020126491068587035
986317,0.0185500157880224
594237,0.027715337063019752
280839,0.02040951227962964
420932,0.019615912140112886
138148,0.014617938019396556
618009,0.04713287329515082
583375,0.022020576101141616
297552,0.022603853527813977
192021,0.019713493890512048
774558,0.025655136948591065
255684,0.01741859309361279
833203,0.020024018395592515
968342,0.01874158706258333
560916,0.014258443939017354
538402,0.023507726094884333
897346,0.02896100468207521
216141,0.02032448329343641
909107,0.022377443667838733
676143,0.019450397044726998
807091,0.018197882739574657
338579,0.05590289975149706
197773,0.026919879611489506
631239,0.01642090735849279
995416,0.013392223682633677
459288,0.015742325597926998
980924,0.01771049177748744
683996,0.017803757466915943
581507,0.01991563989489492
911493,0.02257447644804538
326348,0.020935481968893832
987000,0.028098208768002893
895502,0.02024393705810541
801919,0.015163489299192331
417785,0.01589542729990022
388074,0.029393991245085946
928312,0.01619802600057134
323008,0.03141653799660593
544288,0.043550428866592605
551426,0.026038169660330915
722646,0.02024016505935162
975207,0.020581828468068858
346853,0.01811771937888879
199201,0.021853707759685374
324976,0.022547888584224067
952088,0.02919351920922547
950276,0.014580223657091431
607838,0.02615504871033112
598709,0.021945656886008476
680727,0.018756653272404843
753596,0.023722594711942203
640005,0.019818014154948067
155416,0.016443191134979863
336971,0.04344611302529361
907327,0.022205738973886797
754349,0.029209409151635956
345165,0.01957179490590866
222129,0.017873738517160787
712428,0.016362218914170976
123337,0.014503449017189078
973699,0.020044839103970657
341441,0.015744535191746567
827527,0.01935263686833559
587368,0.022257965074224586
669241,0.022225453187291435
690351,0.01357407410321159
510160,0.041916313711370216
319735,0.013957536120792483
622636,0.02189017780692923
429895,0.024283282989625045
342149,0.01687436698379606
636065,0.018237510366934356
356522,0.016448047873692726
712811,0.019462663496050706
271219,0.049341460409825
391308,0.023692597698472893
933793,0.022008519246248952
260626,0.019394146069894674
312037,0.01766811591966176
526934,0.022104002722512745
294351,0.019424854353336758
377624,0.013920887579168047
663608,0.02976921372375942
347045,0.06040406777585432
197890,0.0187944196757123
893155,0.013256602322878086
198215,0.029087358880917433
801783,0.017290975194242518
474482,0.020852096757995604
204708,0.016974442252384994
385522,0.01829832265530943
661891,0.013670345632871294
545703,0.017396687491803918
366036,0.0164506984193097
256469,0.01678729491957037
480648,0.01722780131697634
887379,0.024623764443925635
978488,0.02174577631635075
607965,0.016579295378136995
608833,0.02064404129332655
539825,0.016073282580233838
226922,0.024281096565994878
806887,0.025861219585710547
841016,0.0175023624707399
854578,0.016355857973918184
688840,0.013167495851393422
113018,0.023460991954712417
564807,0.021291568268394748
398009,0.022251979031287096
538287,0.015540377813253252
106549,0.019186162949829236
459353,0.015068393539651188
898518,0.015335308946031117
389393,0.024262346164492497
584359,0.015342393960025909
674140,0.028179928258052
780952,0.029286805145013476
268618,0.020856829019647073
349334,0.014999277903846251
949167,0.02147780755778941
682004,0.01980466268361008
950225,0.015887256650332027
395270,0.027786751964887203
859439,0.021378327814037496
270498,0.022969034674094578
890149,0.01656802145487471
686024,0.023815643573443394
935097,0.018149502958214873
842316,0.021897016153751985
881151,0.02597006090896313
341867,0.0146251237443626
140448,0.016463632519782605
473060,0.027777257629490265
493389,0.061260330367736655
908127,0.013169015900649436
844670,0.020272420150138186
427652,0.015279409920939412
496792,0.023019922503285297
490434,0.022865789929622675
326992,0.015651632580441843
613314,0.014445850464954429
432107,0.01941889755409561
594651,0.017673989456427862
968008,0.03122175662376317
998282,0.023345408605058453
400515,0.0322385257374821
361266,0.029648740717117924
728176,0.02802163210606819
687139,0.018986666022634067
265358,0.01995034544132181
654681,0.02891440575209913
878940,0.016259149472880766
752210,0.02468330380601359
463681,0.019781790711943602
583958,0.018111515855295905
548398,0.02323456396221935
392175,0.016784075297376105
517366,0.01818081518797795
954957,0.019018956420901418
833557,0.018234155759687072
623098,0.021557415106655587
204326,0.0231907458343818
845198,0.014658140850523511
984384,0.03543495611230098
151971,0.024052375929754233
374951,0.018750430069091117
386493,0.025785257833136614
235748,0.02642700228164669
495493,0.02222789323161803
160940,0.05705665692429504
463591,0.01406358440603533
195992,0.023374394425687627
690273,0.02921583738845523
714288,0.019859971786526504
190171,0.021534053013749603
240978,0.019877029808756077
184694,0.02268622342486799
984004,0.020199071699583106
601476,0.026801459604169877
411945,0.012487036296031505
136487,0.025612163213871997
158263,0.019105642135033303
506764,0.025980001652273522
192875,0.020596344843661667
807143,0.016449124376339275
306883,0.024092545829149745
391620,0.04266559449975412
228323,0.02560583244162963
596596,0.019387666114183338
105598,0.02678960352836253
779225,0.01953310297283866
155976,0.018812849021272664
242781,0.018688533443964827
590720,0.01709293030933374
245977,0.023688325593703954
212653,0.02183838168119968
731922,0.018442870227249258
721056,0.01924061835817531
177079,0.016600401854543662
861869,0.030906197489434524
730043,0.02596892520802655
242005,0.062248232899700454
980835,0.016443191134979863
953829,0.02319095225893114
972172,0.022653182143635035
197371,0.024512763538896098
659514,0.013668313265525624
397418,0.02571294805821885
801405,0.01408672875798276
322023,0.02541705070705998
592783,0.016706741067516663
114661,0.021988923361950425
123200,0.01883401555830167
366376,0.061762918519502004
545796,0.024222729420328173
560110,0.01742530892995742
258874,0.027746229183269484
189574,0.024607364958597222
231762,0.020835804072063036
187670,0.019251641036440774
950651,0.017066258139556905
643467,0.020395547485774417
866847,0.023057357138659394
220609,0.019321868631129478
270491,0.0265211375956491
250391,0.01987167418261676
770650,0.0212069265695018
370166,0.01754419585664706
963686,0.020255153490263612
101737,0.014584052914962177
674705,0.020740785405940338
381857,0.015754516167434136
612343,0.02022585586384096
305826,0.019606043676816814
778329,0.02818654030293723
536609,0.016443191134979863
813438,0.024577827196558315
928925,0.022787614475657688
598026,0.022238121991410738
740934,0.020631823962066274
417772,0.02045573766876381
855998,0.021875543202487326
845277,0.02473530370897321
896894,0.020193217693067998
716877,0.016306058584320656
366931,0.02652970996837538
922934,0.015803164890803235
970440,0.03009642975095599
772763,0.017679926590133583
110926,0.02259560660256085
459956,0.01964066093814789
655188,0.0251134473853037
668303,0.016538912332364177
621984,0.018821394254455604
449023,0.021334351710870517
634846,0.030957659052457998
149766,0.019278802923831072
817327,0.020548884136590503
268660,0.06500982252432819
525474,0.027349580670969605
347765,0.01950098308614041
354338,0.014507853790132232
129121,0.022766278957187466
176861,0.015725505976897224
977307,0.020064436052308433
421418,0.017376692494384283
135478,0.017288389575080824
666915,0.024182281780397556
333354,0.013448701755106363
966275,0.017909548714271247
925185,0.03146329533969235
555475,0.018767145741580404
943207,0.01574103009472751
292710,0.013059165091092433
641242,0.026648218476952194
240314,0.029805603506636708
447471,0.014662091319891967
925774,0.020339588213760505
347386,0.014013740496715506
434965,0.023701095444264828
281244,0.027266991259029837
178171,0.01685818071837282
691084,0.01847092946410659
168724,0.017805654441543032
224520,0.023820323087697468
385911,0.025302146639339614
166963,0.028018348134262586
608532,0.014645601656051065
737955,0.02579000728642801
849961,0.010320003963325115
704241,0.01877495350285286
433978,0.021115357119292914
915668,0.025270385949590038
924690,0.02046412340679557
308822,0.02039967051043815
410234,0.01970556256458297
434386,0.022468480980965735
803723,0.026980078151382328
926241,0.01757636168827062
490055,0.019955383338723508
155175,0.020734030330517756
518161,0.02359706003646274
341187,0.01891210854339622
581477,0.030422514895304426
634162,0.012184653510007377
754619,0.016734963083994553
243386,0.014781348233522916
156007,0.01664441651268353
967893,0.021514688868956626
246805,0.028115483346571227
303103,0.02604563928461829
690898,0.020690687281176744
659817,0.014677864948544988
608911,0.0190231770600152
269097,0.02640034904785381
861216,0.01649019398500797
691355,0.017251987737394597
136672,0.027925258256402814
203475,0.0197889844164661
100218,0.016974442252384994
132387,0.035142977131911154
831225,0.026619101424619734
533879,0.028649431135204247
360827,0.01867849897192045
737332,0.021903111658541134
156198,0.018795996271276535
674192,0.019027263705461227
254567,0.025146662138399636
493653,0.025838835898624013
297906,0.02526390842024234
653992,0.018999399597235858
535233,0.020731885487228773
557553,0.025046977486575944
185005,0.029730884657391477
758312,0.0189389843422217
373779,0.024247839681072646
557046,0.030792089581382957
717260,0.015484497362885031
748782,0.02563875612293892
201066,0.025158788056631198
990081,0.02536865042975516
248222,0.02724248344092848
321571,0.018611726384987298
734459,0.02156727852629902
353454,0.02370029447673636
683217,0.01618379330248428
750420,0.016557904280323138
611393,0.021765045584760553
950265,0.014496620475500169
245925,0.02106839423419814
215646,0.019215830785788108
104062,0.017532214435297608
293215,0.01920272874514711
588255,0.029530326579185508
724459,0.01698357703365597
783186,0.025996344039212842
534079,0.020566744976880717
139506,0.026750679194106713
350281,0.023574759281732277
440492,0.023735662238280025
901928,0.02403153790983948
736385,0.020187673487591234
344161,0.020849929203555783
336009,0.0512025421813401
851716,0.02757737077677266
295162,0.014532016617489719
775727,0.018087507866020657
490396,0.018582737493811452
724688,0.0215544027810001
890696,0.01991167323334411
556135,0.021452031055469077
279095,0.016726103445419086
985065,0.028230728681251323
834096,0.014408573597388905
540491,0.02102428607226964
151376,0.013707607209411818
523702,0.014217583512955165
436894,0.01933042927592465
195958,0.014086767865802909
243454,0.020960965759261162
719685,0.016715354780552683
427309,0.02528399699176328
635820,0.020277989396189734
200676,0.03987673020049656
722478,0.023639942528409626
639064,0.03069124535999945
754749,0.02053868142135026
124885,0.015555954299439538
136322,0.021835529361267637
358620,0.02184520111275688
993737,0.02474996909107458
731554,0.016058983101902433
222368,0.020549659438224916
655400,0.018517326434811274
245445,0.01893028271929995
380554,0.01999432692817138
989585,0.018105174960423524
370578,0.02805028559539275
948638,0.026263016880690045
371662,0.016443191134979863
756760,0.027627874338078263
398356,0.02754573928131091
413197,0.018976200064621054
522284,0.022865545866654218
733886,0.02530299580602867
821213,0.021891324991030237
199855,0.02369295717031367
231396,0.024408197263482166
917801,0.01976750927781431
282830,0.02175359306076709
920116,0.023365265617964658
659941,0.020298048130368108
609722,0.019336022185883216
680925,0.01772854384025447
239369,0.0649851855602092
104283,0.02218429287334735
793913,0.029067739085017887
569978,0.016142042354580444
876842,0.021822764597303305
653051,0.021434888192542464
283725,0.023000904760817304
421569,0.020879409527854574
492161,0.022625823877734794
496944,0.028257524805342483
188136,0.022587739750924398
987251,0.01499077459674458
242364,0.01922084809535073
612961,0.060410555711058814
359202,0.020378314014095206
550836,0.021060065028413635
993226,0.016745186406975174
346292,0.024401334794525865
259410,0.01748230795977694
461973,0.03367995621814801
951253,0.024355748599490763
727469,0.01963035000358695
313752,0.024350823773938702
102728,0.018839636860027292
938393,0.027871523722438753
215316,0.023967560618489987
966252,0.030936345394235332
593962,0.017546887398863828
754909,0.020914801050475135
245411,0.018467117491564454
206314,0.028504013821188723
279727,0.06844291053164878
878008,0.02199403678758607
650771,0.018115199367386828
910752,0.02034214588750896
250879,0.020067968000886355
711391,0.02347078525579385
854475,0.029470485352665426
646464,0.016731672514959148
448071,0.024201577542362233
771953,0.0279057406648353
697798,0.010281470127831129
443900,0.01644351320519572
752127,0.020230586615827335
400550,0.019662318529326185
298000,0.030558374368060595
559674,0.025001964310773124
756940,0.0180517593600189
466209,0.02670979397265924
864013,0.027474015524695868
848575,0.016279781934133524
441721,0.01797990402766662
653874,0.03245316164689181
553934,0.023823210390939542
817013,0.017043863535679483
449045,0.028866261555356425
756819,0.016443466432830345
138470,0.017378458448585453
308799,0.021530972028692228
478363,0.0293199192600929
368415,0.02042702477445561
949627,0.016443191134979863
214166,0.02759401086388639
250832,0.0255328343416716
595537,0.021721240296860903
602626,0.018516263266424273
179924,0.018940006884093842
281856,0.019385302480080076
821332,0.022676632233142896
554755,0.015191332995848478
950211,0.02992173893932739
647455,0.016142042354580444
850987,0.021267528471966488
191821,0.025849912801771725
212271,0.01456443587830621
595071,0.029343733566638146
899237,0.0178284297424994
755613,0.01656562496317191
314311,0.02056770216499344
271865,0.01646880385985099
348473,0.025642532945134185
995490,0.0181465339006685
545460,0.014865336544584912
950514,0.018011362279419713
983870,0.02726081296385964
675299,0.01922141150898813
616254,0.01644552987500495
312544,0.020201487916916727
313873,0.018463888564198436
524686,0.020014096116755378
473280,0.022483564019721555
309117,0.017343175517613486
969175,0.01961224858053157
918137,0.020134932993504915
228794,0.02563349944185152
593124,0.015477263305513992
707125,0.023526198378953866
732081,0.0281351912781803
241453,0.018504272684997384
285375,0.022237503107302173
980128,0.014414150315118257
683945,0.02432748918831494
966540,0.021478146118593566
637776,0.015343944150444721
249620,0.015205779994009998
269928,0.01879779907601183
637624,0.02262905709302986
753235,0.021888647233302774
993426,0.027568637707607337
746950,0.029170684398609918
532615,0.020310304339121475
371425,0.015042764459299139
738046,0.028501107211324355
522370,0.03143689108207354
741557,0.020036477496574036
243283,0.02043786192773461
369681,0.01818362092589801
381644,0.016978317616352087
797452,0.059740025359926605
730376,0.016504399809650145
594044,0.022392346774966064
427879,0.024856597000598505
843275,0.01866606897281945
309044,0.01908265475611887
998097,0.013414891945458652
696437,0.016142042354580444
592975,0.02618653997227487
902781,0.02304151612475685
370153,0.021589680192421513
254362,0.02553423400311117
145242,0.06046003212969937
811667,0.022640929878919046
928437,0.018175036964699368
355312,0.020229832402395016
382381,0.023987118969607736
287563,0.021581963040741774
853394,0.02205961649917547
226098,0.020283833688019014
117087,0.020032015638863004
166379,0.01738858910335983
737568,0.02667108876225944
797326,0.015130414355648283
326054,0.02214606353937114
185164,0.020411187603845388
440139,0.01699427814200869
259888,0.04422550998426143
240220,0.016150464003543145
524542,0.01478128929873421
462018,0.02254884838626243
353527,0.022594435801136185
443022,0.028086395953387033
580370,0.010126349051525232
760973,0.014447838132416652
235296,0.01580548734234134
873999,0.023334398268196225
418446,0.015887578320005345
785860,0.022797920699958785
939496,0.019800540587564763
827394,0.021997361809657518
765049,0.023942258598438782
652671,0.023319364975070967
129251,0.025458958097985773
573650,0.020628218289420325
384138,0.018441579889567485
648671,0.014086372916968898
167455,0.02632203137229205
445233,0.0174435867011164
965109,0.021522591885979468
629620,0.018260977536711347
878655,0.025542046533761638
408347,0.029580819144428894
883727,0.028733197744692678
106146,0.06296079688744785
133423,0.015412705045860951
937643,0.02726776960603427
662740,0.01677839068934395
596468,0.016443191134979863
724388,0.019964730483327205
565676,0.01499077459674458
559470,0.020976946570792437
910191,0.02068202665117093
532584,0.019109791059083073
300971,0.02661343084526992
805863,0.02497193153812323
941089,0.020490971742863313
412242,0.026472067163989022
966019,0.015899324244744256
284414,0.017406014004240012
829617,0.020990220192586777
390075,0.021042975865121282
138489,0.024715499564796337
621383,0.028767922733443977
215713,0.06509387378549455
522784,0.023492499728375763
416849,0.029161154545792045
111173,0.029100223244398826
957504,0.01834822023775834
392920,0.02182662054125643
913388,0.022454469665148972
889119,0.019536826136950656
602142,0.025200396023437013
341659,0.01674147857648029
969513,0.013170031341209332
420659,0.022996322035447162
810514,0.024380211241123214
582400,0.017097157378198106
911735,0.024677546416990534
515447,0.02161617657284148
445577,0.019650972937326015
748029,0.024929583914622775
271854,0.02513256906729992
577287,0.02189391723517375
292960,0.0257494345902361
214198,0.022070587546906374
220408,0.02872308793193663
964191,0.02745344623631515
806949,0.016707439539375236
570181,0.016297168623658157
498047,0.01740298604078219
266674,0.01932389943774455
343666,0.013626944668245489
634169,0.01706657912335088
942184,0.02000946213189535
173898,0.029700454182035728
430262,0.02319255355418627
599326,0.058109470085621666
151274,0.023738274505281747
772111,0.021548184534313786
418453,0.02093397508825129
598714,0.01803042223084707
515712,0.016164500677853244
350818,0.017097448893634338
390962,0.025193242538648124
129838,0.021578272930348395
637082,0.023627967098975106
794920,0.028532369367949475
696488,0.03363886019464318
875233,0.02908858094735176
507632,0.023377215071813444
821594,0.020190441568082536
561376,0.018807039853376072
489733,0.028521714467080416
898431,0.023693222409489366
243020,0.024741221598078806
127502,0.023234673751998756
526264,0.0193920394741458
534560,0.013848665805499693
696000,0.020488040141756505
203550,0.01916822445672272
855836,0.02902409225065234
488050,0.023030640152045506
551946,0.028324097407904668
389918,0.02059245120065904
761451,0.021691713042052113
294617,0.03300502859616606
755615,0.0201113490040824
876908,0.01946643685056778
385037,0.020173128478668423
386273,0.01815224360622282
824733,0.028762662257210928
617741,0.02739642068687792
540181,0.020181818913913234
701903,0.027995320830867594
329151,0.034740457041043386
461543,0.0143514535609947
904959,0.019980461711767424
560341,0.025706888715292173
143759,0.022546855342198868
630883,0.02130345520703896
844995,0.020618970436235808
875322,0.014485928165017817
693128,0.02506616167371819
932003,0.021471640188834476
781428,0.023409463562670634
880018,0.018874293541158382
427985,0.017848858745780134
402970,0.024995993476952107
500822,0.017248472332818836
844711,0.017746406921062843
642636,0.021779312139840815
285618,0.022114014087159687
628813,0.020376588892727292
459368,0.022956889112920414
193641,0.01753583330600382
343660,0.020866734271850998
336822,0.02056918381108756
555859,0.014182244131954305
825203,0.018261311013041768
659236,0.06328345855833707
457379,0.02079130293261833
537557,0.027789305505248437
119658,0.020613207132841736
725028,0.01729489906581127
456129,0.01306994712672181
362026,0.026910024680425155
544393,0.015800459898930388
956841,0.02082046338415202
184535,0.025889077981259632
820492,0.026552223216173086
945437,0.018435750049762167
138228,0.01905485785111192
310576,0.015464945179513174
437893,0.02204033472666344
517314,0.02345532107155317
610818,0.020946488337000437
437129,0.01917072914584378
927393,0.02239128922011888
464606,0.01649036753038658
423199,0.013685508620031797
813262,0.02410954105793953
490370,0.015040497387335301
942024,0.01644355751597833
758920,0.027546249293875266
687600,0.017106177153912577
111930,0.018648780757952135
790617,0.021155351652769935
712947,0.025160339420842382
860414,0.020473191903173375
238130,0.01549310770625438
817259,0.019379251004735823
366572,0.015953399468223602
593274,0.022750124358500382
112340,0.025710195680736653
214545,0.019545967587797825
336364,0.013831640690688193
829500,0.021971461840809
765754,0.020583639055348716
264802,0.041148870101126625
479571,0.024792571882849966
775196,0.01838900888040816
417447,0.021260481866277516
804499,0.016706741067516663
371191,0.01305344866103901
358228,0.01912104260074495
899951,0.030170919465741606
884550,0.02060620014141996
453577,0.02114543396017237
945485,0.019752060494355544
764636,0.023163011712768675
137197,0.02782880866034891
361779,0.028428769243191425
613089,0.016775094151922076
621681,0.02187282060496345
871523,0.028270722991321832
414948,0.019116401383355804
470547,0.02204717817856712
835724,0.015130138777769541
910362,0.05986776508600043
277065,0.017179767749499444
501784,0.020315969572327675
618987,0.02495484923464234
732738,0.03168885259987744
341532,0.018449837846366134
585694,0.019985048121870415
427283,0.018688829505459723
908255,0.016207159152224534
189733,0.02224484487362082
249846,0.030139391137402258
992523,0.02137996766466644
390866,0.02985216969356021
909320,0.027946628014921676
685932,0.021896191399678057
638250,0.022343884694446717
773813,0.03203439571611284
829312,0.023291142530404003
320807,0.01599854803467346
922077,0.016443191134979863
483153,0.03195101129765032
419546,0.01185923947612019
995893,0.060104178429053995
372449,0.028221064568695286
541064,0.020394586947642804
797851,0.026828672951952754
904471,0.02838199628946379
460015,0.04322119068540951
316671,0.013258507546522818
375135,0.02077048044813013
324626,0.01664804212044876
622829,0.015598721860969217
165996,0.01756968557318745
258513,0.027248319882537286
481153,0.03126391367615352
858957,0.01969850790129346
363099,0.015270778494370873
447088,0.02172634977742477
122993,0.0724540855203665
314024,0.03071569632018642
824614,0.022563506114986434
894181,0.016294903113476186
544345,0.02111870045967742
387650,0.01837667889794308
660232,0.021372488526062876
304982,0.016481877302179277
571005,0.024571714059672213
389214,0.020773109539740812
368960,0.021918608610956573
795111,0.018214089679745152
148554,0.022552571389321038
925254,0.022607969348334804
585767,0.029204106783542197
480986,0.047326099719816224
731481,0.016857186150912345
935395,0.014268661222750762
191336,0.014828225936162088
230544,0.02377080675300073
389075,0.02244274833514973
848644,0.019466398286501124
807825,0.030905887949000434
896434,0.018678321084663323
167373,0.024165456119567122
441698,0.019462332694984714
524915,0.025130121831996893
631262,0.019660152046332174
982809,0.02087909015087087
826758,0.013920454732250582
414753,0.02600542177738872
150318,0.018149325319427673
526680,0.018976865096657476
644792,0.01639228451002142
543442,0.02902061300794065
999397,0.02650409870205164
667383,0.023497225367596818
308498,0.013766449206643383
578459,0.017248603574612904
906594,0.02641024345344756
569476,0.013046248791628171
193691,0.013349303107341065
765417,0.015041582397866158
487564,0.017985725611299734
978302,0.01973335208724862
931024,0.027828493003339647
401446,0.013045970167909383
113075,0.024256295546404447
380594,0.0192776598310393
479744,0.025529330419805412
859804,0.017522551394513485
965840,0.022877852735109845
568024,0.06270206755368961
260584,0.020324463057537084
522456,0.01820133276091317
509376,0.019051138577112076
904514,0.025434904606758662
586141,0.02359221894618819
599276,0.02087702421768903
427376,0.018947552286403817
148493,0.014181303205206388
662766,0.021197859476751662
555532,0.020652364245518504
424900,0.019548495997454396
638625,0.015741806755167637
594175,0.0164613803750595
374034,0.02075221769128462
817504,0.020081492241379856
438285,0.0285760756366891
415047,0.02275072535191166
950862,0.01831041853908974
722525,0.016450915964927565
289706,0.018561256588414073
833129,0.030293954569122566
771801,0.027356987108197506
504413,0.028654968962947936
799228,0.021706111089899935
122095,0.01558096720313695
647138,0.026707108720936422
987829,0.02720910815246013
959728,0.02581435721754022
590293,0.024144933540437355
335757,0.026385008030646938
102468,0.06734982461415912
556588,0.023822259024947976
845409,0.020201400466441307
523673,0.014610102595123999
289789,0.016918005605550724
798189,0.030141080095203304
737496,0.026710079832177953
226959,0.028479977563367193
608231,0.014678344110643187
554295,0.02104012474908172
837451,0.024662116331543266
187833,0.02113061070863192
889632,0.017715683044856365
940021,0.02221470547566927
897571,0.019913769610554265
356204,0.022012558219818967
678171,0.02525127646329152
800372,0.014276262432132161
947425,0.017809029097063347
790506,0.02274184573796269
971073,0.01383084899241225
231158,0.028922608288818846
531141,0.022885302488717407
911449,0.026736420480483858
526196,0.020729723039922824
408959,0.019426060711683842
286407,0.02295158997507256
803090,0.02149019244145405
866389,0.01648683527298083
494345,0.0218763447433923
602165,0.02190100017614853
610028,0.023018217906879686
353579,0.02066513428663025
675099,0.02469359055632264
269404,0.021613734680936914
258042,0.020266658230060124
276167,0.022595044780731002
954712,0.023985875847618375
904257,0.02681854062324683
464301,0.04433335091367609
702660,0.019865578640413627
247312,0.02211815115449732
559978,0.021371581695963548
877544,0.020423738374193028
770189,0.01826314685505818
371706,0.02003011314502398
247169,0.02734006850142912
290192,0.019550322360344236
876959,0.05074051797767294
480490,0.025821272092829715
586104,0.018753716137321262
170208,0.02880410649781439
842220,0.020798131140396043
693902,0.017673152718291275
834267,0.020808757077620376
248989,0.022659444501866726
386386,0.04669935022841149
490810,0.022007431262198597
795393,0.023834463108121377
477823,0.021539863165306376
687131,0.017469447662125947
682532,0.015412896337653918
329344,0.01607275995151333
403341,0.027357019851986603
674227,0.021251727140605203
555765,0.023546095413219774
463209,0.025097614314019988
955297,0.026829172131594775
931862,0.019347502398233848
579525,0.01922579842600084
847293,0.01661128347629993
728205,0.026562945212857347
918300,0.026590108399922426
998138,0.030968808937231092
945911,0.04300354397424263
469782,0.021888647233302774
593682,0.029743160284941283
136774,0.016034819450283507
558633,0.02247236565410535
907420,0.050430017307590745
405484,0.018963092437812964
791267,0.028143628663984763
899066,0.016763839397662503
353145,0.029811294046289065
498356,0.02360454793639678
495789,0.02590267012673393
997540,0.017117235889321274
288316,0.020810845310667275
402357,0.020777048898570644
346643,0.021204772722106344
560377,0.021306388959638083
424106,0.024064880696681338
327633,0.016297282904931085
978033,0.02333813832982379
743645,0.01574103009472751
675219,0.02874648176476804
708600,0.027699355234629398
421836,0.019555687655646088
772812,0.023445659195919323
674304,0.015452946954554158
341671,0.023833933569127965
166675,0.01919051341558902
210247,0.015270778494370873
763766,0.016124720991534752
149328,0.024058460274232103
421952,0.019153405764044916
160328,0.01708542819613253
513460,0.022194282414312937
129852,0.019578313065896233
354226,0.024101317665468996
677476,0.021888797678947972
957293,0.018665085677978695
899383,0.01593026089215606
777166,0.031964776214913566
827736,0.026877456902936695
921002,0.01624253437194527
216711,0.027607557355696744
466357,0.018805429545355946
265944,0.012853002154848692
643703,0.018233504819946768
315051,0.021519198721214123
108356,0.01905810385041485
564633,0.019273118088912883
452809,0.02216186241793912
998569,0.02003991276939995
751707,0.022864117815729633
189177,0.025364612148593233
209857,0.03103747158980033
942962,0.028423311942821456
431535,0.028068143733170358
484870,0.023689711745913868
797420,0.03217484288985056
871938,0.02422769706830743
724500,0.03160313613499079
186278,0.017387143669692313
324395,0.020578406910635578
978484,0.012688521281166727
939865,0.02466950319728205
401772,0.0244967986377069
306607,0.01988719652815217
121097,0.022223861372218257
224389,0.02360222535077615
191049,0.02192648608296035
278798,0.018599358728291725
967560,0.02078742752265591
816965,0.0286588717779278
923603,0.026100987570145295
761699,0.017610383191424172
376476,0.022852912263645647
876524,0.06513980409025957
508165,0.01894868130104487
101839,0.025484602405297457
907683,0.017043862685670833
435385,0.028722700198833863
429807,0.024859448148325934
395596,0.014886912831368393
437544,0.01996459071523333
271230,0.026293623583631853
658624,0.025640188304744422
612523,0.017336051918578444
863124,0.02552893050525532
135105,0.012839415075649813
315213,0.023848605435388172
242785,0.020824447292101943
424125,0.019393346423449018
845911,0.018618454436884643
129507,0.049294544835695765
454009,0.021549286376458764
372253,0.02378815195670251
594220,0.022972594545413477
185735,0.016706741067516663
631446,0.01782334764643414
209240,0.017230222481969856
748884,0.02683183178928007
386177,0.023711588044020144
188957,0.018687198303388778
988918,0.026579807545909058
770473,0.029270594309876868
897937,0.020907067233022457
304017,0.024380917015358883
342072,0.023950050451213064
327317,0.016443191134979863
119470,0.017285446709531683
383599,0.014402019564431974
468807,0.027429464663960172
847943,0.026185144235606667
796870,0.02259210143452497
135057,0.021952111148972688
638134,0.01582690937047622
265527,0.015636849884324046
384394,0.020855676339595963
178068,0.021900311921462363
459884,0.023230728777939042
519942,0.024158747454888333
530664,0.0182898369134706
384500,0.021474243819395486
914885,0.01721412937633285
897247,0.018579610382096098
401125,0.0634024718276975
261416,0.026908556854593233
359554,0.02485903091054189
454450,0.029774722275306916
344279,0.03401015216480259
117833,0.02492664341158161
475347,0.02219973297798368
662645,0.02373143522670652
285998,0.019970291585847944
360995,0.01731687062023526
448733,0.02247982498040133
880449,0.02048563337668633
115498,0.019374271047308756
157952,0.022217185389346365
189373,0.01636689813600987
743416,0.017752052250458998
964492,0.020909611356220666
637337,0.02055103837098112
178584,0.026807260067830067
290264,0.03169193928096762
556381,0.015476658363326757
719716,0.022100900136698208
856170,0.018542377815984896
479686,0.02943865485856563
654521,0.021689799581943378
938594,0.02295158997507256
861174,0.026143064245109537
513952,0.01934057349837768
219217,0.02995375541646078
480624,0.01607484366393672
601980,0.015283920330971822
493351,0.025546108762682852
238838,0.01970355212921654
346230,0.030891440497866515
587198,0.02435122940026998
659319,0.012855089586625451
707199,0.02356964680237788
156303,0.01531226200955968
536993,0.026966788909197837
591163,0.017634239443249655
695218,0.02316377840497071
969085,0.02779211046462448
308804,0.018895623084385017
950668,0.027739749746290787
985814,0.028795646117131066
214285,0.027106272267041317
691623,0.02417055287238927
131592,0.018589136295335578
565048,0.022834236814152833
831861,0.014452628712596744
502963,0.01745683322669256
770736,0.01679317961869464
218077,0.016565026818225657
637416,0.013290138325872067
268591,0.022591790539545534
841326,0.01943777224227153
621244,0.020531082994687956
754183,0.012978979722784965
571604,0.013827781237649713
846605,0.032762569212375935
742851,0.028584614703183915
357661,0.017310034627418258
194865,0.0257966787997049
272397,0.02295608828820154
859364,0.02703803154187889
727203,0.0147538879816338
230425,0.016147111844772747
963688,0.020721313030896946
197301,0.021691392499524408
557323,0.022808900211137722
598003,0.014315788769179699
809127,0.020210378541811385
777477,0.027273511130594605
957782,0.02820608956381808
437718,0.01649428363460788
977253,0.012299086471762746
594622,0.015596252324848217
339060,0.02247913144749399
584652,0.021082664963617916
909893,0.021718261675755367
559395,0.02012008778059005
335841,0.014201505575706716
545624,0.022237503107302173
518695,0.02099033386398074
246011,0.03369627987404078
574201,0.02485843557453897
542458,0.022404472057316143
674685,0.04734984045154045
612539,0.017615819610581004
588754,0.01958357790726313
552726,0.029691378296443437
591732,0.01989336003280888
933532,0.021346310565471444
174491,0.02359221894618819
570302,0.01895218076858321
607171,0.017931968122608336
660330,0.012892146258645676
226711,0.024586050926730774
291431,0.02090539506143679
189145,0.022591790539545534
821261,0.026193053635410253
757732,0.022592573666786447
954270,0.018730127388411184
591782,0.028277133779016486
582206,0.04838846178746218
456281,0.01431269768610787
449033,0.02006017984795145
185830,0.017695404761569836
152721,0.020607945212774297
139320,0.016731992221790577
295976,0.024962650586037752
257465,0.023630180571999403
782265,0.03146882324143517
764040,0.024817250505284865
134871,0.03131920491239411
390189,0.019361093602082633
870083,0.01562230699725308
556181,0.020516201086204538
227953,0.030758253472770454
883150,0.022249406614536883
922524,0.017505081480467758
503875,0.021597011796818923
962559,0.022867847142235522
796074,0.028887574957325166
514575,0.016443191134979863
985051,0.02601161951754655
865729,0.014092254629930625
786576,0.018110001905229482
988495,0.02911048858287672
547534,0.026403057300474486
255219,0.01853277624611316
713069,0.02190681820691471
766613,0.01839491252915812
408133,0.023846142701812713
897762,0.020158855967662384
446621,0.013735087175859624
516441,0.02769396473637409
789054,0.021652462908821637
532862,0.022238645463568723
205442,0.027406665202942642
994573,0.05811301867002551
460718,0.028791258265343844
859263,0.02803470356504857
416989,0.02218057272998773
117113,0.026478806012695855
853845,0.021284676970245577
111119,0.01998139642814811
145113,0.022728250975146143
734268,0.046181942242448565
581598,0.015818709421679112
364550,0.02890868264906564
683659,0.017294742469418152
110869,0.018918527511170156
444387,0.023545851190134477
334021,0.021328405139172255
818780,0.01896818494892849
157480,0.021492785359663556
725473,0.01686178492489775
307915,0.018035291793434608
591171,0.013396521713710575
863500,0.016926546599497674
960531,0.02719509579122635
904235,0.017290847509651822
377470,0.02365725265572573
246943,0.0139564866546563
778174,0.022790014175268204
193085,0.02020710104414643
864637,0.02615914493409046
332713,0.024551312178089518
827872,0.01682136479316077
882368,0.026154416738497527
216329,0.020014256007200682
853752,0.019408385404816108
346635,0.020888855791867837
588676,0.02043087028887653
559275,0.01786969778788283
570246,0.0231350305544458
768524,0.021140520181926626
963556,0.026043946423897735
822308,0.028306447881301263
449242,0.015555929824643589
302402,0.026783776082808037
474839,0.01802055546436896
970622,0.020585146228083814
671867,0.01590266322384362
324492,0.019808658154043954
688646,0.018772135388659482
819456,0.016443191134979863
778586,0.015029534725680735
250196,0.023632956770885685
785238,0.014217450538681406
110815,0.014640793511988806
711223,0.021475785428593457
536526,0.02770120356595381
571652,0.019683452263063735
508966,0.016443284678301497
786443,0.022052103860718455
285093,0.013700246238875183
130993,0.021980442409826145
847960,0.027679749029468667
924351,0.025322776162838366
266696,0.024794636833156223
125872,0.02935943445866459
262464,0.01876287177730101
244887,0.04198438408458018
537599,0.021071225481907308
705544,0.0253908330968236
287454,0.022958074954303746
205557,0.027647842359749084
961205,0.01516941021707635
274334,0.02351370986964961
243975,0.02082048070667841
659492,0.02284163384839729
473263,0.021389557470107796
234826,0.02609034796574054
196819,0.022074823528367853
356479,0.016680349396955403
501251,0.015887256650332027
476165,0.013562304202783607
609886,0.015453784503661047
164334,0.021561227245610375
427289,0.016273516400520754
284553,0.020808226932077158
923093,0.014459180177637337
624265,0.010220959563290732
895106,0.016533550832469154
511418,0.022343217769966835
458138,0.024684912687541655
564002,0.04697979274749332
699645,0.029560176498377267
998685,0.030495314764633245
694071,0.025911244705367528
492638,0.020965636533254242
872338,0.0233199523584013
774140,0.022592282371725277
732121,0.02809150645468675
624824,0.018579694821151394
896008,0.02116761031778533
843096,0.014447493531106052
262790,0.01819911630332969
553469,0.017666618802458588
470764,0.030916316222742945
368323,0.014323604239188626
340029,0.022058110544805165
244400,0.029133862626016364
768883,0.02337179488627022
100266,0.022244162959558476
498054,0.020527580786039987
514823,0.03405607581599812
622533,0.020319690692082695
805715,0.05638689694268096
350008,0.019319348879813084
975562,0.031203923217991966
143581,0.0213872140731395
475423,0.022004647906681243
889215,0.01983991051916156
202900,0.02541142667885194
670253,0.02968699568898711
946899,0.022284769080462202
713883,0.024327054613678362
310779,0.021973446920087503
699735,0.019651078651702163
645716,0.020885975775702902
279082,0.018999457434576747
994963,0.02624026853657134
411923,0.019665993514025756
898455,0.031735363596263194
140069,0.056704648289158464
468046,0.01928241720150232
156502,0.023516770901861953
807748,0.02295926500198955
738834,0.014204469678454816
413956,0.02125467004618743
621838,0.020997614475073673
918593,0.04050836779902194
415309,0.01993292799383749
567287,0.024880504297256408
403435,0.016013157255585195
434055,0.020985123793576973
902729,0.0278589399615225
785742,0.017805949031643398
223301,0.02255549131348257
749793,0.01599350885850201
741716,0.01441424762117785
758140,0.017260609860492947
844854,0.019215479859456767
506408,0.02137270437218521
369107,0.030042749112720025
732749,0.017452664122015914
293763,0.026144615469505132
943508,0.021515290315618982
315758,0.028837065041590886
321506,0.015033203472639667
630455,0.016822635454525236
944339,0.06418114714581998
778300,0.02419109879109978
731419,0.015871790386194514
145701,0.019880680284058976
364527,0.02480713184708878
942678,0.029501159137298408
896830,0.024788284402212642
578568,0.021155453023988146
179694,0.0292076279976516
520263,0.018370027467783087
647881,0.013630637602923821
982787,0.01675534869819775
478986,0.02351324630860736
738219,0.021008624572983116
393350,0.0181838885280822
151752,0.02194519054160888
995362,0.01755218489465901
571475,0.02283023250153119
708188,0.01649620435514478
165194,0.01512045362500718
710052,0.01646232424271886
794599,0.01877468299924504
268056,0.026385434154495114
209859,0.03012563079145724
331131,0.016224454045860735
343549,0.021557633245254622
611198,0.02527355228973308
811105,0.025091736707339874
802513,0.02299993282107126
287983,0.017112094603340598
815463,0.02078285938441668
290644,0.025079366047101703
120849,0.015764758114034078
220327,0.0144809816280462
170927,0.014086372916968898
514985,0.021434888192542464
155505,0.019362561578371365
193009,0.016454454146300323
273928,0.013290651308648182
621427,0.021743749952101887
337053,0.022152883023168226
455499,0.023051396850386586
532914,0.023595896694080673
648348,0.019896206470376175
240089,0.02798133476601897
667706,0.025208065351434404
616801,0.014791979757248538
640335,0.021037456346681246
799366,0.019786005256089673
349437,0.017208425914963434
576838,0.01867141777065125
225845,0.017922441557224566
637936,0.01268799532992764
128289,0.01856273380945845
430921,0.017119189568907928
140710,0.026116937597365195
419770,0.017445438333780178
314954,0.012806783238434677
226593,0.01770888337428211
324057,0.02922742290484716
579172,0.02066125348040555
521314,0.027533884085118577
710253,0.023704047460651276
350683,0.020892021839365837
194589,0.027074930042324637
818309,0.026993591664365716
204583,0.02004640214843837
362102,0.0182143352468257
134085,0.028233756841022733
581120,0.01720252374356382
918738,0.016732068665927417
267053,0.027671545809949388
465172,0.026405938403686182
396440,0.025565157021815874
797550,0.026928531579591776
485545,0.019720311262555287
314834,0.020202505908580165
843049,0.015676488519084212
351674,0.027205076397542327
368719,0.02290638474304306
945987,0.017947427539464857
474157,0.03712123235008064
729787,0.01619334169578228
351286,0.026362600740308124
918645,0.01808896325978928
940889,0.02036814705186375
186211,0.011920840247967811
469318,0.01958125513642438
445413,0.01976724995381794
536970,0.026861507531085734
760349,0.031541228766104976
938897,0.01828465499632838
388717,0.032936183924890464
798041,0.014076989974425578
330666,0.023279232770849204
648859,0.018934797826641335
640807,0.022617843482199817
115615,0.020308501449721253
874603,0.023744950602458632
911015,0.01404278363841253
529814,0.016443191134979863
679748,0.02949547529119932
932466,0.02107684424248711
321599,0.014109382406468887
762446,0.024482399497012107
349611,0.034024465349607805
303330,0.024104082633489433
696529,0.02799632406773129
492621,0.02477483169688202
857459,0.023246621878010368
636670,0.020892757675921792
957033,0.02178485571405604
611813,0.021598782133372397
758650,0.019770870931998214
764079,0.023511752904647444
890338,0.018360663217555053
725316,0.016427820168366417
594802,0.014940029712192885
316554,0.017977995300230757
677780,0.015962738955214065
457157,0.013996018152818271
966364,0.02219624581688953
632911,0.016142794156868517
909650,0.016447908339725256
718325,0.02710608370739372
131704,0.06140260172166581
427146,0.01661007338554124
623342,0.025811719150625453
120187,0.01898405776907661
684256,0.01516980360796309
776718,0.01638421553151815
763119,0.014030001773436412
792797,0.020380140628580533
657771,0.01907492634299008
207350,0.024116817810613738
329862,0.02464986620928393
953911,0.01832939358676261
703665,0.016895413369357203
264068,0.019831701899140557
865590,0.021424224030887312
163188,0.018845765727960574
443453,0.018631533071889285
404145,0.01740367925493763
563423,0.020117959693617404
271301,0.013290202530818081
915343,0.028365719902981004
957375,0.026710089357949898
803922,0.020415031779369184
274308,0.022016585556626528
350782,0.021972156589441398
830548,0.02721780602250563
332204,0.01751988802695871
281816,0.05407318535837441
676290,0.05736800485723121
958675,0.023902415051725672
474859,0.022520850026766244
975756,0.018365677325175894
550225,0.014930414714046575
623689,0.024001147718823095
868252,0.0234117246956184
934038,0.013829749644193392
625999,0.022238423378230236
785855,0.022312055774768122
591343,0.025396708147202067
264609,0.028732111807094566
203814,0.020875811555023625
860772,0.018602193483734885
204961,0.01975641495559569
502001,0.018648223887829475
411890,0.01942431733407163
971393,0.023135006157485132
954440,0.024811129039839307
637783,0.024328706190355896
659659,0.018640546862807826
228118,0.02247676753341016
167336,0.021180780083597445
210627,0.026039544547139745
636050,0.027683571161225308
660856,0.0177188918593538
661584,0.02209070043826809
992077,0.018567533023606097
565004,0.020250137368652086
742376,0.023690547851559086
882380,0.023426858327026533
798698,0.016501900804506336
456245,0.02301155223939
345592,0.021443372480187038
493090,0.020513329420952246
761067,0.022277575915456642
732276,0.02524293586518714
471091,0.017984608806823437
521843,0.01970982787830344
686082,0.07300499331324357
577223,0.020529580723923406
705202,0.01776008736001659
859716,0.022160355129901034
628553,0.01702776590627681
977573,0.019688648786401135
898282,0.027292201662921817
614851,0.04776082669695421
904617,0.022630437845343906
879967,0.024579226577195544
307508,0.01865637027409048
457773,0.01880852500233736
959659,0.021759128887166086
310904,0.024566595723915147
963816,0.022592271168142348
933772,0.01567967211406921
513264,0.01723383499014822
381699,0.030676311770360832
913614,0.025916849332202025
884471,0.016445147037804243
230394,0.02132803912216554
782869,0.014617938019396556
527050,0.07102303661251892
335484,0.019724243961043
361425,0.024946117862171106
510139,0.021184274372445445
522473,0.013806663157827592
848103,0.02151692700446345
874371,0.02415804551120225
434008,0.013866980817947804
439951,0.021944965127516165
965292,0.028154255633973144
814145,0.02355544914936171
592341,0.014355223735152566
262699,0.01701549412368284
598640,0.017884078834810746
802176,0.014315004840326467
662710,0.023094161158776733
198647,0.027274505200368677
704128,0.016970426982551894
606548,0.021399983021747077
881896,0.02081699600468864
335705,0.0519549276445043
762198,0.025867781721147273
177118,0.026910068261723312
209676,0.0276766474138995
850652,0.021044822655151306
157309,0.013413907569147638
816244,0.02807476239578593
806478,0.022387290938222955
772256,0.02922432858651059
556490,0.022591790539545534
605897,0.0228272157456263
274455,0.01768527589389882
887370,0.020006627831637723
456534,0.026359019485750652
956075,0.022635464842982036
600417,0.026588756876510276
944149,0.014183709731067397
282376,0.022590508895734114
632972,0.02438054656916961
647840,0.08169707297980448
469375,0.022044465907929318
867695,0.024810983663418225
358783,0.019432427166863893
963116,0.03179810271292637
750044,0.022954518178538486
247208,0.0188290093824877
924035,0.02595927990123652
126368,0.027784910970487648
674932,0.014618526708632455
943263,0.021315197381209662
122956,0.0309951217476993
975100,0.019241365775626785
564920,0.017870046647254705
391692,0.02180407704257029
761112,0.027007195123926832
172093,0.021208798834826632
344475,0.02192170443058282
880210,0.021121421697129755
499048,0.014181503585881931
432938,0.018748965349565487
503354,0.02076698708574197
742632,0.033350597567381846
510358,0.014179991604800839
618854,0.02323481858398606
845801,0.02581127086706436
396525,0.012966820916748863
879578,0.015996162417002906
465074,0.015091852798752694
413090,0.024790164022710056
940738,0.025857543783685516
940940,0.018760944284333027
754828,0.024101586142151982
722612,0.01974083211337833
677091,0.018679134883514515
892226,0.0220611636714339
244485,0.021365894960181608
541411,0.016779510274609125
578603,0.026559619623923107
107801,0.02161078428307099
288387,0.017542724779252113
225749,0.01867096580194011
172617,0.02116663477934621
206660,0.025464526304309797
990933,0.016034819450283507
413786,0.01589299668216602
289122,0.023126466114533333
195218,0.01674416929459165
311738,0.019242988091093028
384602,0.01839057803202173
793965,0.02871790829434074
927921,0.019307677449666116
942293,0.02150243596989827
753226,0.02037257876804615
921705,0.025804203852206074
712788,0.022184934985275975
286953,0.01816242529542481
491672,0.02473457087200271
494985,0.028237727847226664
607614,0.07045357826064619
918150,0.030028648718659644
109688,0.024494939801462192
819028,0.02902203258623752
621259,0.028493368068891786
145064,0.024738994760908344
355459,0.026157213064967908
559101,0.023693100938976298
318488,0.022180192537165647
253173,0.01796671881495506
878859,0.020403908681385877
727135,0.015700464316848954
458346,0.02843924556678667
924488,0.026874857951809397
284929,0.018733673958159065
301562,0.025761452300983527
390958,0.016390611668257525
502856,0.02366284325853018
813816,0.020747391099027842
636190,0.01580548734234134
109752,0.0177357502666538
604486,0.02531083338405651
188716,0.02104225454763049
897560,0.025160887280020156
622108,0.02129149015981292
625625,0.021545143521962642
195527,0.019781996891726206
100377,0.022599980515995433
679492,0.019307561892827528
467368,0.01948485131447105
216084,0.05445251806476583
632947,0.017760822102115725
537068,0.02945540274495719
881226,0.017177575630681806
385984,0.02312058566979306
816276,0.018132275485361317
364198,0.023038610925333113
172865,0.030610528176009393
576904,0.023947803493763173
530376,0.03251471150820222
190307,0.01594095991884714
281674,0.0261470846532046
757312,0.016706741067516663
450863,0.0269979040118753
500673,0.032375771607321684
696826,0.01629492705119376
688032,0.025416015566950154
192133,0.026834253234379456
402867,0.02860823961799213
492832,0.022187818515493254
994084,0.021137722720837533
988311,0.022944488795562733
797990,0.031493627912908856
707949,0.01734384404604017
229792,0.021409611839379533
601096,0.023933210621415967
407643,0.013469553871745008
687533,0.021529192437748066
778609,0.02781224147537392
828021,0.03175690809366274
699856,0.06331466051542395
248518,0.021802787351999534
847854,0.011530586240160798
929007,0.013712734514821153
359526,0.020657059650899486
258571,0.015412705045860951
868460,0.021893544568029607
305754,0.03279113640982146
341696,0.016706741067516663
789706,0.021131681125020316
817995,0.018912663323705014
654767,0.029841627483479773
461685,0.020247389433072988
515638,0.021896292250251786
749838,0.02535716105667545
516546,0.02243738487069781
951052,0.0641481830867711
574280,0.05915418725579295
466327,0.02447826138450584
139316,0.015478889426082021
163043,0.05820760238625097
177547,0.014050010441009932
997443,0.027605379359715403
572019,0.021173803784339067
299660,0.015028617515080327
617521,0.02040543117754991
803712,0.02714952454784464
896167,0.02207655608027494
551131,0.0175234886375647
637905,0.015932058086382882
363298,0.028663351393891017
231062,0.02258943586456875
418748,0.02406135958974372
309287,0.04846094908478744
123819,0.026210901235399903
400703,0.013956605701959396
636952,0.02286373477190379
593855,0.025642076736409298
823254,0.020918124791526146
851967,0.020612483238000728
356505,0.026357982131688544
532944,0.015860043900407204
517450,0.017431107663700793
464889,0.029881887865637564
696292,0.028086655195802807
924428,0.022082825107207524
142514,0.025969450767307778
231871,0.015372972170116486
221611,0.021670328827786807
922821,0.02552709792047274
223584,0.016584327514918562
845132,0.01982142928839837
540350,0.01946934661078413
608105,0.019101323980655817
266099,0.030382836251707495
815409,0.02179323577101215
333928,0.021195181651818943
571908,0.02039370224862737
825351,0.013829376746812849
976163,0.014202164564575839
861097,0.019098231433732626
793001,0.020893394682303938
170083,0.024318551547869424
126992,0.020652679921617196
367880,0.02548443393463911
705395,0.017901517175198476
812869,0.019658218128771176
306031,0.014317429787353802
770393,0.016470146262083974
820241,0.02081627267031014
812978,0.01700121585197876
938929,0.01437143284238124
237722,0.020193133016617727
126957,0.024555262342971344
619170,0.07368643249528112
860171,0.025128553188651696
917551,0.02163420921591226
743446,0.030185369763104524
213998,0.019739231975364355
951162,0.007885043911997795
489466,0.026445954319677067
600974,0.018997941118072903
164232,0.01900792625696912
485022,0.022533974052117104
624684,0.0431216523636379
473482,0.021242778304019147
609038,0.027121477071019074
702171,0.020772669847368613
782495,0.024382642127085706
818570,0.017363703660640866
421983,0.049383390004752115
996014,0.01768915291527843
934979,0.026954441318637543
769086,0.0212549601114484
216342,0.046488384069497915
615286,0.020508227503890187
405874,0.01815518887002758
949385,0.01644835485251821
760820,0.016455613814132658
612651,0.016443191134979863
852188,0.030912858211078913
790178,0.01767216214489041
242756,0.013167495851393422
577003,0.02014627108694279
312269,0.021185214924093306
859884,0.019183371951047874
816267,0.023237668525803272
162905,0.0191065662764378
117719,0.019904573138193542
967907,0.015169365117992188
798880,0.02168148857708879
339207,0.023672767865187558
871733,0.02199451905134195
611529,0.027098682147953607
474244,0.016446395702065467
868034,0.025560176324941154
536495,0.021143795128881204
842325,0.016315157793437562
181668,0.022954696829530306
554885,0.015597624966090384
708080,0.02742977394246308
449349,0.01409606094378075
814796,0.028485171040635308
793394,0.019472541032743422
114641,0.019968461091227765
917694,0.029770528702900582
325301,0.01941110250021724
875010,0.01742936477677066
366747,0.023853263441286562
207346,0.016376140087824294
174382,0.028824201499521803
985910,0.010566009713167205
642914,0.0613998862996141
733925,0.01712183774734512
829126,0.02488084617561433
104373,0.014004780670408097
255127,0.01499077459674458
845898,0.02325758635751928
708414,0.028683540460813943
233160,0.02781193628417927
425996,0.02623315978038788
474240,0.026325066637748973
143130,0.014630233071551917
753955,0.02844100804902965
627856,0.029298357005561854
456592,0.019879231495341942
575726,0.028036344179752596
493488,0.019646282878708347
303160,0.01603486387846593
736250,0.028258643140572
535457,0.013910786356803139
468209,0.026621302562008408
329554,0.018203884149554567
327263,0.019085155532482224
169757,0.022240890076591417
764081,0.02634023243486603
521435,0.016299227434131036
278709,0.02009445461765858
576492,0.020994403028003986
716915,0.05632325487386559
178356,0.036201337548741074
884600,0.017956697348264657
440073,0.019754153317174193
602796,0.027170617104352573
365962,0.017278083083857882
923886,0.024169495600744682
944698,0.022269585338131222
438771,0.01850852635075344
678877,0.02825103634461423
838877,0.021488025824953533
799594,0.015557152833830655
834290,0.019247054295466297
868325,0.0195860614674746
266657,0.016974442252384994
475704,0.02801370532174031
967884,0.02559276324787413
126178,0.018593470806074232
309003,0.027300320183904173
240937,0.019065098525766107
656529,0.015845047638651556
351952,0.027853158135422645
354126,0.019564000365351084
484300,0.021776673177630972
484144,0.01452068950383742
775582,0.03052017806886924
634619,0.029441975563400537
637046,0.02347850172847875
539273,0.019280813129215348
676543,0.0242798665940399
530195,0.015893557147792014
568620,0.015270778494370873
410197,0.018079508388167992
233171,0.05151990500143705
716374,0.028044640526325756
388374,0.01574103009472751
967371,0.03255890269791172
897632,0.01956690258342892
178009,0.019486223018804615
751110,0.03431850999059131
560354,0.019017914548456485
746705,0.015919983041988967
975696,0.024202821458025242
420842,0.0202783300036697
791190,0.014181216315338368
502724,0.02295158997507256
543850,0.021916221074712815
587072,0.027473950244356945
210602,0.027445496380454515
996118,0.017790373458415422
907068,0.015480619732625671
888414,0.016183832885790388
432802,0.021897481870563174
942480,0.02497115667994293
859818,0.027027941282029812
273395,0.028043222409401766
925199,0.022036692618120156
161210,0.02268205869523653
228060,0.01599406061607456
919487,0.019500413634666414
911301,0.028340079032529778
888749,0.012196764955164913
565631,0.017011387421656917
153110,0.022006276526341535
942309,0.017732531985830694
874541,0.028932216515917125
536585,0.020662519629293476
528312,0.020421366562400324
380334,0.020146125179796807
246482,0.026143080544152705
438307,0.028888015953020423
808056,0.023159706875966354
962329,0.01499077459674458
642187,0.022192753669797616
956315,0.021945672423177378
745492,0.04366001269592715
906640,0.017444428119940354
433552,0.013167495851393422
355039,0.0608275543845145
403807,0.019734326160360187
910551,0.01599350885850201
289700,0.013813864160987111
577427,0.02680420670344856
255783,0.03006041233753965
596157,0.016073359223362338
701074,0.018138871236975638
299068,0.026919312161323043
605375,0.027190538676067407
878957,0.015310585229162418
973797,0.024003386886576376
530718,0.026427715258031968
280528,0.02877405627619975
796532,0.023872000397338642
423410,0.019595723873734816
155544,0.0263836447808384
208672,0.03271647082925838
191253,0.016034819450283507
173894,0.0195816496602872
437991,0.021787360230567498
513406,0.017428502789135197
569691,0.028110362439792095
555019,0.017334513197388744
169747,0.024116757676277658
631473,0.018889192242606146
496588,0.01991537282912346
474908,0.016858248302902203
792730,0.0202798998015468
272031,0.022038201052335574
972589,0.020894157818798276
333969,0.027569923377138417
570257,0.021960878873326806
364815,0.01919337850271883
491062,0.017549097550389317
683720,0.034644550835726345
626342,0.02515314244749028
496858,0.021929899656533747
759371,0.017220438719669835
127037,0.015242460959061926
635481,0.016447228333489067
718056,0.014197414555859851
418825,0.01648110215971756
707635,0.019336151458239807
144103,0.016401552348505266
298002,0.022591983237923243
832474,0.017955966203670178
439530,0.07278652823738647
269497,0.019743694549040142
302694,0.02600995130685203
578419,0.016854974847291294
758914,0.018792629657768248
486965,0.018085476236541262
274497,0.019663744039700566
872033,0.018975124708494877
633203,0.017343517374633664
264180,0.02139540678132768
659278,0.024038449789053923
380137,0.01707574572668709
645687,0.025985884257235855
307715,0.027055727523712866
615763,0.025528652152491508
417407,0.044968903548583274
555936,0.02205019393292035
165080,0.019703395287729228
433233,0.019032129073952995
316556,0.019983948147188024
278645,0.02394560327534502
620069,0.026993554305788522
137668,0.022242530131486297
307662,0.023369063682481366
609237,0.021088042424283297
663863,0.016106909982514087
994399,0.018920375596278006
761307,0.023694793822198645
170735,0.02259066023681361
338230,0.013957437664574723
457537,0.019149503904071573
627551,0.02439549425538366
743340,0.02053520086072902
840542,0.01733809941199611
318259,0.017998968416622445
135786,0.013095308781577194
914755,0.020528532492920422
437053,0.0300911272228442
126145,0.01701970816972226
713212,0.016697111930862145
272902,0.021102229252368626
348890,0.027966592808860397
607313,0.022098795107369673
198291,0.012796427583219895
560562,0.02169472967528588
363433,0.017724317999137856
712472,0.014292884440101489
612173,0.024787674568562533
934848,0.03334087746781851
584758,0.02156985562168316
672335,0.01972769110918474
244561,0.020079377968725394
661401,0.01761871742015367
337884,0.03896160077094744
470444,0.020819788718428874
861500,0.01687776100921862
367900,0.016443191134979863
923155,0.025546606137656042
215279,0.01966604224322147
922961,0.016347857916743633
437314,0.023038324238331687
880006,0.017760866144955686
244601,0.02039809315274239
527429,0.018163754083829902
177086,0.013664866692944888
895325,0.027791790693940485
628971,0.027591491014229426
461179,0.030865385938257817
342059,0.0189428001094936
290176,0.019129145114695895
498816,0.01931549374346861
260705,0.015599338082392738
652119,0.021348880609384377
438772,0.01908314175059404
791043,0.01939315971111962
455679,0.020852234847888448
579418,0.020267504959797827
944267,0.02357359226108976
516066,0.014842589825616414
532215,0.014056773271869926
200797,0.022595643131404487
146734,0.0264397709836416
746801,0.02634614772202865
808189,0.030585774119725427
726275,0.020748646357782966
856748,0.018230603019853332
484316,0.027734534038340298
618770,0.02381917923370563
910573,0.06509590940927072
365254,0.017100753633425936
892888,0.020196639065108893
389923,0.01851622632605592
953521,0.01687285904676749
372720,0.021151116921058734
608061,0.0298368533119327
379855,0.023049521741119138
333006,0.014617938019396556
193207,0.020141788110834887
525675,0.016843704457912948
222521,0.03094914492515263
762720,0.012699645093367257
551961,0.00985055088407501
180913,0.018952653478277626
669533,0.01629257077799628
603751,0.02054105021214709
809613,0.02867954865785191
151936,0.023567472567446682
955770,0.01976155079679663
746230,0.02268206864138128
988166,0.020072988852471194
322179,0.02870197103713143
522877,0.02214153711009145
520489,0.02303140159796127
168048,0.025317896907628864
757235,0.017605863866383697
696801,0.04161794314237099
253140,0.021179450855692672
502671,0.02023671698042782
132023,0.024302649895076654
540414,0.022311039774008976
837068,0.01865071737497434
826972,0.022811369782677737
639392,0.02314049172995083
545066,0.030964108850178133
254187,0.026774606577179495
508776,0.014447304979100016
353731,0.012935565933128524
454599,0.02884765813117871
865279,0.022550588067882647
550685,0.034105683363264055
399515,0.025428623731052785
687501,0.013792676325292975
320795,0.028613386071963797
402800,0.020361598552970296
116814,0.028000817057300675
493449,0.015663824215119405
952251,0.015091522483302375
689021,0.024556467408517444
846995,0.017920820501580798
270032,0.021419360785028516
933348,0.019355690001386535
579378,0.015095098955953233
787372,0.02736996047949953
310962,0.019643423649420667
674866,0.0203007575461783
433307,0.01935574645958421
313968,0.030531288619248226
302549,0.018094707501894774
270089,0.02362979850359599
775634,0.024489296303290525
942945,0.019609634869785644
472872,0.019401931527538333
168603,0.016818380233247925
626631,0.02151498374858573
632137,0.02726863720777771
351923,0.01679156833989323
700708,0.01504779328290788
703989,0.0667330982112366
493915,0.021948265263014643
159396,0.052255101996351555
992920,0.017562298938334078
903253,0.027795923201114608
467705,0.02049261625453983
631226,0.06721232460996003
373585,0.01590045904861787
510684,0.020678647878683596
859722,0.024029897215409823
205650,0.027298226934856763
802700,0.020839140379570298
219720,0.027774950045543954
569206,0.027615815830373633
131455,0.021514210138119827
603022,0.016456211385841246
210662,0.05999173465233491
123322,0.022805225949275323
974307,0.019883291066702266
342694,0.018256020072342897
878517,0.013948242503471648
735007,0.017831483521952404
922401,0.02324367265982228
583381,0.018777993718714397
260562,0.02763506949167445
662734,0.014477238854103127
428403,0.01667605543834676
415136,0.015604385892098064
504382,0.02114285023525619
810372,0.04371180963675684
557765,0.027621214096541186
251218,0.031099491891236414
816907,0.021483580725098043
932323,0.02147810666383365
554819,0.01938370629552767
369229,0.021215042842541845
833533,0.011235634942638857
950551,0.05226481723884759
884693,0.020475298992967784
156350,0.02043274388221973
161841,0.02654338476716231
868533,0.022533974052117104
698705,0.030209982182248324
970865,0.018146720534092463
748325,0.01992968989528845
524667,0.012928208905920169
189269,0.024019818073002536
219808,0.015567471602600188
896366,0.02414786730089708
713215,0.06311765327515363
638743,0.014916659832307645
232692,0.01645108548828509
847077,0.024583923322985694
306236,0.02115261524402464
872844,0.017252561105580884
922496,0.02030402232329578
138556,0.01990012491942788
791707,0.018946133473221854
663695,0.021562917937929974
217247,0.019634499953694862
796592,0.018040075006043068
918887,0.016345914205536192
911292,0.02759984647673476
249592,0.01629221342655279
688141,0.019888365538086938
519621,0.02830010196356402
155573,0.024042772185508026
176907,0.018382398831413724
815686,0.0206529814905377
219704,0.017482103901635918
622890,0.03022591564234576
760203,0.015516663209582547
834476,0.020300534851772915
197090,0.019976661062469238
606688,0.04609047277609991
280854,0.03375590661668582
182468,0.03070155050159402
875141,0.027136055122930335
627429,0.01265874304106641
486984,0.01585290339607804
967029,0.014525073852781775
295159,0.022271031463179332
528686,0.013709194916879386
456622,0.014133916168570373
164146,0.04254895718262446
371728,0.017825475969114355
846378,0.03298441658736793
207684,0.02762406252419646
529638,0.02881849850045642
452034,0.03035785647792327
827159,0.01824744456717873
819742,0.016458392633134734
333878,0.027022234259696933
915878,0.021849958150366156
929237,0.01698578287843701
868744,0.020855950740124966
175425,0.021890112084620147
385933,0.016453033693546212
739453,0.017414774843201596
580005,0.02301160705860596
476819,0.027780346891900433
553256,0.027034938299987182
623852,0.016620259790526205
937407,0.015006360650213497
577704,0.022614857900313708
313838,0.025495596517830305
268291,0.017782581773244387
630970,0.01971962740352742
355320,0.0277611530499532
903182,0.02010679379500416
912990,0.01684207243015575
767760,0.01723150474755504
204166,0.018583672575741565
400157,0.018447473046504657
108760,0.03297779397168114
817545,0.015284651339346218
194716,0.02157881870713582
384260,0.017092801382185243
403409,0.025354785437313343
685141,0.01580548734234134
690148,0.018252138616639164
361421,0.01904843483856243
518314,0.02880087641216376
166205,0.027116125133304688
872298,0.02216943117340524
902347,0.027409346088061705
173423,0.019253093906412614
318959,0.013413907569147638
853795,0.022576875765405548
235042,0.023051509421019394
227626,0.029114870476879655
388945,0.023141535716204212
546439,0.04947482447936268
475483,0.02741947659331339
156603,0.013460225350474043
626336,0.02794131053583618
917242,0.017512502794440263
536321,0.016767559165327076
619672,0.019693530222969623
575569,0.026126913530614575
956678,0.018626271394359597
660493,0.015030946457898648
882517,0.03173621523399321
833409,0.013061912438638109
930100,0.020340060910111642
900444,0.017136108180970312
225011,0.020597191852428816
125642,0.020052786196942254
974330,0.01777226755425048
872705,0.020820954525172453
469365,0.029574205660603273
521908,0.023660136197031216
879489,0.026528862347492327
259461,0.013503845273057848
837989,0.022237934448994287
966841,0.020508277376209937
264407,0.018023454817626607
948263,0.019749226288368896
885468,0.01717612693032351
961673,0.0208647254131121
107634,0.02410426505945668
257946,0.02218300310471563
915801,0.018101351282683132
499556,0.021979126921619064
299181,0.017468766384409525
220544,0.021205082493451745
405582,0.01937951445899792
977209,0.036909669094815446
752314,0.026275755236011326
868246,0.02191448445658135
176638,0.018370605403053922
942756,0.024936865104544834
407549,0.022026974547297268
722881,0.018705158246317213
833856,0.026241894109026397
972222,0.025238718154714797
978826,0.02222955729298738
887897,0.02613218667266462
715369,0.016065547791542217
292618,0.017664657301988292
215398,0.021429628866221268
477141,0.017804970336607957
870777,0.01868814027691223
531157,0.016807464638861458
572119,0.02282654115044202
264983,0.019284342812108564
451956,0.02531040501406098
239315,0.013559297633287398
858939,0.018706775903892553
927742,0.0219887503051382
292069,0.02758376592201014
868703,0.023163636616932586
538852,0.016016206803679635
988348,0.021140756986468553
232487,0.020097967386574486
257220,0.0189164594071203
470208,0.017186422112601258
663511,0.018444552935397086
794663,0.02066112925945096
387860,0.023361362984838888
113489,0.02479737535348327
114319,0.026608300805035155
821648,0.025319675800676768
809784,0.016633876875440646
119036,0.026819274569797994
331537,0.02994993536867978
232099,0.021568268881441695
935238,0.019058394674299522
871521,0.026135364573726356
979589,0.023973196009114003
410425,0.01618422226134621
947158,0.014217450538681406
583690,0.028711337606380862
239883,0.022002264265926375
433660,0.019798506190918233
507917,0.023899112536140108
493553,0.02019485759224652
481271,0.021425497952601517
421936,0.0213001395542678
106213,0.02231560745187122
552325,0.02286158829335132
493087,0.02832755775376757
543664,0.029629500795766966
703491,0.017728161158180822
646193,0.02123481783863663
234379,0.019952883281445663
238261,0.023189295690076626
249208,0.01395766634939468
740362,0.017812272366470143
803176,0.018165639074984082
310128,0.019922982499997147
747541,0.062167264185451016
612892,0.025596555916371028
922352,0.024208274391163954
578375,0.021688407047044035
284148,0.021497535679230486
858722,0.017918936348495205
890291,0.018249270890656918
812435,0.022247536400022055
109297,0.02102774512581398
353321,0.021770223907137017
697747,0.021234963685355344
544556,0.02679458491621672
230350,0.02362205597987591
329446,0.019628304154070096
572586,0.022043486879849635
603280,0.020520522678926973
240226,0.046800442562533656
121319,0.02423951070445735
981459,0.02126884327531398
562065,0.024590826050003414
417986,0.014324703475714854
955702,0.021612878160590664
840780,0.016685426585589466
206501,0.020873121068754184
660864,0.013550819495191444
569326,0.022852300638759294
174566,0.02437717549391854
987469,0.023013003657713325
199862,0.014281814367239359
577662,0.028798232835564506
962569,0.02382325459322111
979180,0.018860281708102684
782096,0.023768264667422868
181880,0.018145666873147157
397366,0.01813908206554773
838360,0.018891355341644118
182609,0.014180754566557785
640199,0.02304471837052783
600414,0.025658845470715005
406987,0.029940088087426063
307716,0.02244767884345291
919191,0.021003930562622515
326624,0.017044797295333033
229545,0.019432130350066454
935182,0.019272861835905795
156972,0.06080852570942219
116400,0.02564029055520346
692782,0.016041859129524324
529863,0.024523465649067034
594918,0.02740552546865495
354057,0.020576786502919154
974091,0.022674861988105862
149941,0.030218870653982585
519435,0.017903990142901012
945116,0.02333428873054879
448573,0.02289287426247204
810461,0.014242190415293194
231264,0.015029801363689858
908038,0.020501655220746214
744149,0.021318039430311225
824198,0.019415489574957163
307003,0.03024273969357082
297223,0.020293353286717174
998424,0.0529818365273941
842566,0.018494790027278187
199422,0.019991070275015763
649532,0.014107449036680573
213472,0.02361572539193138
578773,0.016545275502499932
736418,0.03306532813716544
711771,0.025722777861325614
767865,0.025493929093826306
939685,0.016867470752571737
397472,0.018894003077814598
761794,0.019779308533758703
396657,0.01333161951038703
452447,0.01780458348713435
466355,0.024476460027370167
380790,0.0199554605185997
231897,0.022966668400924012
203013,0.01725195461119474
620202,0.01457238811044514
240231,0.01948270335948217
843478,0.02248386859870409
483254,0.018095315783989093
554355,0.02027776333666802
100114,0.034489630403940166
748673,0.02889064840732989
942572,0.019954762873756395
661062,0.026414338803914767
234910,0.031933663160745626
196491,0.022237503107302173
150882,0.03458977154321823
931219,0.02638771720696302
429305,0.042627242809337954
332480,0.015091676327968892
798982,0.017752311669174955
276036,0.013959144685116283
335639,0.015311852359705521
307246,0.038883193924560085
570573,0.020088048339586422
524748,0.016902052507940676
823582,0.0307672597971669
753467,0.021632198904777925
911623,0.016047607490065223
545742,0.01792898394530424
810224,0.01886392678066798
927581,0.05999561092122933
989505,0.018874892212568956
798693,0.01926308298633802
961749,0.020598425334164297
283820,0.02249933488548726
639172,0.017841649847805847
425742,0.02043543419976331
404945,0.024677223960180284
771527,0.07720761284872597
953896,0.021513362151200997
746521,0.019420169458680688
884277,0.02367382917180665
921896,0.02332713792165421
384240,0.020838342185796204
390201,0.02160824721534191
712373,0.02405876142776793
254140,0.02059395434156699
581163,0.02296524476447476
694004,0.019276286857289354
692921,0.016780146315463602
337150,0.017825328809670762
743335,0.025278882410840028
251248,0.02237915583390894
971008,0.02309975706181844
317973,0.02523833178855082
620225,0.01676590030470753
562480,0.021310279291844893
989070,0.016122210641095987
252430,0.013884514524763
506400,0.022155361851846026
684140,0.019726306973173305
130637,0.02285866667063951
151402,0.021022695838089408
731556,0.01716676255024323
912408,0.04197092241404533
186878,0.02290717876444806
508870,0.02912677573313474
824316,0.01811258391374215
843619,0.030260961149755676
619705,0.01878426956535547
692136,0.024564227609335666
919750,0.024855716227107798
145865,0.015173260422181811
990496,0.015232427917214558
720690,0.02040864780088767
655386,0.01937191917955423
401792,0.03107060003810109
113660,0.012126733985525148
228175,0.019524139762996728
604797,0.02114493058147213
922283,0.009514743844216316
945316,0.016444069560205814
287584,0.014056283559373637
939481,0.02440739655957513
583610,0.023011177643583954
594673,0.022384711719683977
527090,0.04498422348960851
323311,0.019979759770406468
532560,0.0143505991716906
453623,0.020904188727308374
204624,0.029732969425091637
909005,0.025885611184226217
194575,0.021934570095078692
478043,0.021688567988820465
158484,0.012760854270899923
240385,0.027082166004055087
206318,0.021132371739791593
116284,0.024192273140353996
964029,0.017263636753924852
556909,0.016990542004052225
421571,0.028090879255752644
296611,0.020655459799604325
228751,0.01864263348931616
355682,0.019019985343744026
811206,0.016142042354580444
177020,0.19394101620481127
514663,0.030676207784507335
471851,0.023745806479457437
853624,0.021455906183292968
167461,0.052577960778607005
246289,0.030913371317704986
188061,0.021373913879527445
764977,0.023743183751576753
781771,0.019523200195325323
768119,0.023566040089666288
456518,0.029141539573511916
180215,0.02273998410390999
829710,0.02454281645157327
621391,0.02066611653620152
906293,0.029441816831833178
956273,0.017718212525426325
224347,0.01790492792798394
581833,0.026286290559733198
171848,0.016443245291575977
837887,0.024252487085997313
285612,0.024836157456257484
651960,0.021999524714855515
233128,0.01421746298274595
972673,0.01775944611791439
617871,0.017803088072119114
624400,0.030547874045210418
908312,0.028344198264347517
469542,0.017948675952686614
477686,0.02095890815671544
797880,0.027099781892247782
534932,0.01436875925910016
916368,0.018881405786753114
391715,0.019296040864184124
261920,0.02639159327771786
461263,0.015555929824643589
441245,0.01720875310893142
549955,0.02388543070250954
583531,0.01599350885850201
593895,0.013925957367849249
599615,0.02794192540078951
333410,0.018417966837019382
393039,0.024545441768015246
280194,0.016875772047163562
993920,0.024813580317239566
992461,0.027667735804008983
437489,0.026154643134410592
172184,0.022458118884691288
582705,0.03015204096002496
937455,0.02171026205000903
490118,0.021247515889170013
617978,0.018584167879033817
706739,0.030504492027537085
926605,0.04363446249628279
828440,0.030605940663402127
612028,0.013220371656640804
807336,0.018500047478651572
106003,0.023299897707604534
292194,0.016443191134979863
853238,0.01939840078132377
849115,0.018784105409839123
704728,0.013448646219148602
488294,0.029279624120516868
237251,0.04272039639845063
336824,0.029317085394328767
708517,0.028504172499906673
214231,0.062443121268336385
146266,0.023826571682190108
734670,0.023437473873271546
124185,0.022455490943066852
294607,0.022237776693923256
220059,0.02568887762605414
959075,0.021551497101704405
393661,0.029274846495101096
626038,0.019089345964398836
485251,0.02613705289800329
277774,0.01786066050512914
276879,0.019680582823282704
512188,0.0239839267220892
203304,0.014465899126232806
326433,0.02800728780306051
208623,0.04592286423702868
576619,0.018609608734514695
936183,0.01405489948909901
139056,0.021058938831097003
889659,0.06673234459707757
912076,0.03537695598914489
970111,0.021441623479076702
595043,0.023998565139203978
436301,0.023447849061014336
166443,0.021044971869782648
575575,0.029058968017800144
811942,0.024582715399087112
778514,0.02099234277248973
246630,0.016443191134979863
589830,0.022555272310443037
276262,0.027161490700460117
462364,0.01772786705522942
646636,0.027036579029562562
848063,0.02523898173739683
190799,0.02078679918209203
851320,0.021469394781430676
991378,0.020472156201086947
114073,0.025880465559463463
763755,0.015029534725680735
384223,0.022592200025517414
924034,0.04506670073826704
876499,0.024486381820793345
332578,0.01532374362475187
592909,0.023557663391316614
301872,0.026597049045813947
128564,0.01934411719054764
744295,0.020508585713832152
970759,0.02851811339914346
775680,0.013255803609771067
183916,0.029535609241400754
335095,0.0467380259272825
260972,0.01792735593445261
138591,0.032295504861597754
277147,0.025204059312225302
414921,0.032700629923937886
773353,0.02178637797203248
380898,0.018072744579637312
763274,0.019024468917501102
567866,0.02711025108123707
277269,0.02606557461080163
996647,0.06019288052095994
990234,0.021217848078635228
493943,0.021467605049351343
337375,0.021163171830306478
731635,0.02472140319070027
955302,0.03149417865490287
348042,0.05993582512430198
132867,0.019797562751646063
463342,0.02315655286159838
274975,0.018341360895373464
661791,0.023148327913113394
702516,0.024778170865460098
946812,0.01647212228008962
410655,0.013060546504008027
366427,0.024837210717679938
321542,0.01586839028308854
382421,0.02232094302744825
105512,0.06398161167255927
554337,0.020878649798742866
477788,0.017246831551107476
751453,0.016348612234801742
641022,0.02223982373368216
677704,0.020357931029707798
200647,0.02842573482008027
431446,0.030344845835318095
378151,0.023324377140998536
430403,0.02608090939035013
103299,0.01392264243402023
527169,0.028057901972582372
453775,0.023064983410897997
245033,0.01889503387234196
255838,0.02712580082823313
861273,0.021839540301690878
551578,0.014184279411278203
682038,0.02552808859242095
381492,0.020294620117119196
985274,0.03438982259731364
280482,0.0164455860908516
538839,0.029724306359816488
240957,0.015360844618063696
713190,0.027540082519803204
660450,0.01955048380000755
642465,0.021291276630158628
810636,0.019128648209308423
822689,0.02013742649162748
433005,0.026338869074910166
703155,0.02182427879090421
257057,0.019015029267282334
456554,0.02218061962602092
746116,0.028866689396281498
712488,0.01711442285491557
552895,0.027685375159814646
234460,0.019574923527846767
665665,0.01803156923266354
148367,0.02298889799447433
330885,0.024879784547576354
420186,0.017784655765777375
257498,0.018649249363914124
148661,0.01878818743668252
351717,0.07505724246313812
576107,0.018158342505702824
777652,0.015443383565133957
315043,0.018216718479939952
815773,0.019680582823282704
718439,0.024350951169409895
984482,0.06567650980372912
629598,0.031563686985237656
174422,0.020464382639975357
394234,0.027217747584619974
850140,0.023834566409283893
393846,0.01569911348288422
959528,0.027161503883573832
471408,0.020992267722579557
158245,0.03178136281386209
896328,0.06944134599468778
969380,0.017960833532270775
594183,0.014617938019396556
426750,0.01981998615119825
448666,0.022469179094534296
968480,0.021195799148056423
592496,0.02195208654173052
226978,0.022032099332098164
354499,0.028353682538430642
192469,0.01448330708553383
681018,0.019261397720746885
842625,0.0195511709057182
401190,0.022439259480397208
465965,0.02365493365163708
225479,0.023281019066502547
709017,0.016963738052668504
891858,0.02679451741027703
830886,0.024703523834029923
390147,0.019323756266381307
500908,0.02458513833280013
339142,0.022679185556885327
294127,0.02038299917647381
864064,0.018884078441538995
286944,0.026418620760275062
345508,0.028222641842296652
402343,0.01939147774046689
413758,0.016241992693679257
898217,0.02077607717152444
607168,0.0254628382161496
368580,0.02308080622107435
661657,0.020287195957444635
425593,0.02062582771394536
595679,0.01975149679825754
250054,0.019842971857382916
895815,0.02647166740927357
816078,0.0265990698207859
270934,0.0326565738470494
296609,0.024412438584700658
302390,0.023976877403371392
870862,0.017069520535277397
357208,0.024298886101359284
117992,0.018890833425179464
654471,0.019124411895242024
553046,0.021888647233302774
576670,0.020916164284891427
553706,0.018938980760975298
461513,0.015669621714350948
663103,0.02488201976552542
133996,0.0681894821293951
477922,0.02001810046102795
719999,0.023491177349351876
636641,0.020781465841977573
240135,0.02410140734064362
877339,0.022964944888186654
401209,0.025326281114057998
645725,0.020343959679219488
322381,0.01956736629679404
953948,0.025507614093254596
533376,0.028652149865406398
545058,0.022232484284486296
337896,0.013968219893472154
546764,0.015169253697291434
611845,0.017796997292610212
896994,0.029290820691502652
895240,0.012292503109031318
910152,0.01742025550860328
424394,0.028008302791430007
578710,0.02155826500726222
130286,0.014217616934489441
933445,0.03093066303322289
444630,0.020220014186167794
689526,0.013665385391194697
452010,0.025186144929213398
416789,0.016000742680677665
676616,0.027129425114668454
988479,0.01965206371109916
967137,0.019041509492790227
985556,0.014617938019396556
589597,0.017755932022634622
788918,0.021979270637270985
317800,0.014938227745260031
801298,0.02100962485867009
364698,0.024153418825703016
227866,0.023889474300736447
851289,0.02346237912442533
712733,0.013056960567823338
824308,0.027095428325457492
167326,0.020716376058597438
232766,0.023427157877213632
152816,0.019389342912885583
623207,0.02515988634215962
632602,0.01722263402275384
208958,0.02390178734007575
836214,0.023079571995082707
778957,0.02189671435894513
539873,0.04494765430589539
628464,0.016077247246518166
255387,0.019379529124130903
538015,0.024077142568950848
213753,0.021413883510070345
615783,0.029975424707102048
480965,0.020713741632030148
116376,0.015747835119134995
913371,0.020225229548795524
478553,0.020230682435886906
254568,0.01644510518475098
316096,0.02280359935423404
418866,0.02133366954068081
578595,0.025466519012912758
177167,0.023759840654018625
602592,0.031713340252553165
399297,0.03114214907157379
601298,0.019053032536148762
356230,0.022592528291737593
943191,0.013167590457951678
562581,0.02123870311625859
338664,0.026022677832313695
558023,0.025957359905973587
971024,0.01914793958054876
789577,0.01580592774522078
748856,0.04335761945324362
273063,0.017904555109415403
543911,0.02346098341580198
386559,0.023062643838012604
494721,0.021725553369848518
791550,0.01756016771384912
678718,0.02238491085398866
684478,0.020117269716250694
883012,0.03201633220838577
937288,0.023750543958943177
362687,0.021888910649627693
617386,0.025544095737311343
668380,0.02027204241599703
457738,0.021838365869371254
451511,0.019423686537163833
396959,0.01066366612649721
246501,0.023673074043838883
216966,0.02482010306389973
837550,0.016592826553653316
807337,0.023438658460226375
940206,0.019552983363905603
902172,0.022468604772439855
535284,0.02565057463332579
593915,0.015542556859739053
154712,0.020130321254223604
199270,0.01850724119673644
660379,0.04616159135862512
108962,0.029429229682934824
869580,0.02497770477354643
975830,0.023453152559789334
749251,0.021173007587209774
124586,0.019445409712612376
855251,0.02761748694078544
112906,0.028525016494377754
752181,0.026709537112287688
476913,0.02408712219209404
851545,0.04824542781312694
996737,0.020694547352207788
281654,0.022191255037020893
298025,0.0324172802968017
803136,0.026540350171560916
245161,0.019437294626735237
100499,0.020720777514300567
654769,0.016138132996215505
487473,0.029626373866962357
406040,0.03050475825661757
440717,0.02434448962617109
436394,0.02053249410458654
403307,0.024117328676509658
964877,0.01731687062023526
648169,0.013754951740893502
384542,0.0224912918001068
778109,0.021889506470768233
302867,0.017593098980631026
600626,0.02298660785242684
673483,0.019494262580578695
218910,0.014408573597388905
861265,0.026702672550992543
322632,0.02660444888578295
405918,0.018383933220168926
682275,0.015100514807229537
363565,0.03241912099751902
288336,0.017198385035740185
681557,0.02149388283063269
393719,0.020562815093156085
431217,0.023505432658275222
273798,0.021465813052318632
535895,0.016443780712816616
263224,0.026549642877583025
589001,0.02793269549940733
182910,0.0217398031100847
331673,0.020720403711772094
556720,0.02394354154263323
300426,0.06446006250930529
289821,0.0219123792957572
257453,0.016840390594114435
153225,0.027329729473218885
430198,0.020059618956087964
348223,0.022687449304278393
723731,0.013664866692944888
272940,0.020156500940764877
848792,0.02036579174839901
705584,0.02446921004673454
145884,0.028366723059379182
613142,0.04259349728701802
299992,0.025332259962454143
132161,0.031603226181202426
707840,0.0180767801120551
603711,0.02790258949987396
168318,0.02895095258343668
833453,0.01963995025499891
983832,0.01747044770567567
236503,0.027881799709724053
316999,0.017717361940930296
834327,0.016654279877125786
475248,0.017814319965061633
964010,0.024628893014980866
820832,0.028088808969576686
405531,0.01853759140653797
905560,0.02072071413434663
843668,0.02007963749899437
958552,0.016597272955810545
238914,0.014393234305167793
114828,0.02223883356345995
839712,0.025255167659353425
986131,0.018321372780637776
291861,0.02153219242079955
779486,0.0269054095194124
902703,0.059785160437942526
158775,0.057155867076108646
994677,0.02068390128464772
129823,0.016895275911858975
761467,0.02792871225314897
721899,0.025782057239439608
774068,0.022062582776151703
108947,0.023865947488563223
528091,0.017651696472645553
684477,0.02296249372443884
194659,0.017811827636881387
886964,0.025887592194304677
431674,0.01645114295421984
819115,0.020558766214621403
328569,0.02105101386122245
167282,0.023750748799718835
115623,0.02055841892583167
802432,0.020642165446514017
277344,0.024175126390666695
138546,0.016443191134979863
334714,0.011859292986778956
286782,0.059339492480098205
996959,0.020125821214063012
226262,0.01886327689862873
444819,0.0174532267260699
751622,0.027824648975951903
475133,0.019373530760489782
733530,0.01645020546319781
883799,0.0166565635290269
566543,0.03050496080426705
863118,0.04389034302782233
633480,0.020317993455191172
686264,0.02212348230914726
776062,0.017574332376096746
519445,0.03046479675628586
912564,0.026946710794814324
117822,0.020923298474600824
632230,0.021410708092873258
383311,0.01948946567852026
326475,0.030498951340744165
762641,0.018634295521154455
760308,0.02611344519795444
870378,0.021206514114402095
461422,0.020271007754974465
568881,0.012720878289144925
898888,0.016613873454211586
391044,0.027140665933053105
472285,0.017714568295963847
992450,0.02030185996689151
546268,0.024801647723400575
586479,0.032369907904593
886217,0.026128132284189733
914865,0.01394154418147095
430917,0.016842700338537832
733230,0.024651517713237727
619825,0.017634352460477502
697190,0.01820686878932275
140337,0.020176649114186807
357323,0.022971901268329833
589275,0.02677925522360301
421073,0.02428843313769466
412272,0.024143295202277766
443261,0.022989332383166756
223151,0.01650351729746234
876989,0.023058745042008437
726801,0.03013992427926616
644629,0.02091869396053548
874595,0.016490398006729398
610647,0.017562239822086247
207992,0.03213785158273409
107302,0.017458747097870018
710589,0.019252416026205494
802041,0.06122874812840122
624864,0.025690520632522314
282357,0.01992584686828151
872533,0.026876431846390596
728200,0.01788229457724581
203050,0.02900875705367461
558155,0.025138377623386034
622413,0.01910563421841358
635106,0.022574486614132302
979313,0.01755344266931406
364253,0.025253678582791792
979227,0.01645905871992001
464772,0.02029579305731238
140989,0.02354199614783172
738575,0.026137988723180336
267837,0.017113739913605604
980641,0.01842910839503863
432375,0.024396015319786652
995038,0.020522701740304312
575907,0.019963604576270392
690990,0.024609729579693075
921884,0.020967722847028487
446158,0.025279288039539903
799440,0.014416933884365853
165998,0.028186462419795166
431328,0.022704762838916787
635964,0.031727568593650154
794888,0.027918937406531816
572035,0.020503237775863284
944965,0.026579340542007095
404628,0.018405118731613358
481015,0.029367495672773424
847785,0.01674307095533796
547611,0.01962381264342784
839850,0.01810204421556037
583000,0.016386033052156232
896645,0.029331053081645072
548270,0.017071406604829323
654122,0.031279614017649796
886185,0.018254186061746776
592839,0.021655705723837754
886778,0.01680719605934271
844543,0.024616022380898495
778012,0.0454065910612805
166121,0.016443191134979863
230489,0.03042103851254922
571897,0.01934536952787373
767370,0.018565753712350707
698377,0.017490816486946364
330147,0.018966904369196153
504782,0.019963437934862625
646864,0.01802391070531286
667116,0.0225993768637231
289538,0.023860962404615237
675282,0.021519971359412558
532110,0.019276103455729894
336741,0.021680891083549415
227174,0.020214835862063144
919803,0.014650764258455896
393628,0.02983658610083533
725710,0.02014489909400247
540065,0.022238412056385406
359455,0.025327582032610894
456511,0.025354638826134056
917170,0.026363489400976277
647384,0.022207792716243367
108392,0.01898822398435164
294726,0.023223025711630832
738904,0.016227430661653268
394398,0.027577591688871767
576692,0.025645122859055337
326344,0.020811682519240548
884321,0.020659585818991483
254409,0.019120813159169265
386091,0.021128251521394397
993983,0.020019076067992674
102738,0.021951042065154348
881327,0.016445230744224968
216258,0.028920376118628504
880725,0.028536283605772914
715737,0.01491739643488169
432349,0.030133695278462165
543580,0.020041693870082936
409273,0.01720160278994807
561617,0.020905425207848792
614445,0.028142103845121388
458732,0.04623490625430684
263532,0.022629292029129625
252194,0.017485364332928504
109767,0.016443191134979863
808935,0.02172396228489374
639875,0.01930183390866334
318234,0.020989528874797114
111999,0.018899072902408023
492398,0.013961570272159038
974615,0.06517311661005579
901384,0.013858807546913947
640691,0.02109618197120991
986035,0.014580223657091431
590770,0.018576555313213266
330140,0.030993760246387034
175351,0.02139777776454299
627044,0.015113886566514818
204000,0.021078898121087545
929510,0.021552975809224557
372264,0.022628229665142774
650760,0.026725307606445075
530855,0.02464524121165417
937545,0.017869148356503193
889474,0.02240508061904705
410892,0.03192207466991784
389724,0.016482034579688914
724750,0.019519218680386693
119540,0.02109857972790641
605972,0.019841434090628732
469644,0.021587072786434517
750429,0.01970518784505133
111920,0.02364845806842325
947151,0.02275837493843571
392813,0.023892668894705104
482358,0.03113435534011629
299320,0.021739894261995227
315485,0.01840210197747559
543959,0.018649130368909642
845378,0.019259282729422466
837897,0.02174873613593655
679638,0.017639544240046965
192199,0.016502557015864755
846541,0.018216747824857753
601960,0.033028178809319284
428227,0.01760220889484132
451885,0.01724195098898932
764116,0.024272144706294137
104065,0.06062009095987956
219183,0.017534680396901002
370307,0.02627562525314063
639717,0.029096579306044593
913722,0.018668060685114875
995410,0.02988824682108446
531102,0.06543740351842102
285671,0.022957465142073922
604275,0.01993799737297722
492200,0.016443191134979863
646739,0.023009658248271784
599624,0.01867141777065125
621212,0.023439296298180652
469988,0.025360065870953886
574841,0.0174957663713003
998153,0.01863334486114147
481475,0.02850238466292213
430972,0.03196270629175277
112003,0.02476938944281145
752959,0.02027542819649662
710250,0.013549002963537119
670946,0.02285745516366751
342598,0.021545143521962642
380908,0.022040214087879404
745028,0.028208060102090145
997105,0.021365131608720698
158940,0.024900893414303526
639824,0.015948303197467917
967553,0.05795309825407402
353461,0.01962694901483853
501819,0.022345085439436065
684453,0.019535292577133212
779375,0.023514657479855778
565899,0.01892085846554355
607887,0.019131587606666417
873845,0.019708959775863233
511729,0.019912275044797315
439939,0.02083524431320923
278161,0.025829634738751273
611034,0.023632232089081173
368271,0.01268799532992764
792844,0.04494762210361757
405312,0.02138962124056402
166949,0.020434151563190152
928251,0.022097908700967
560090,0.02251877699291388
769268,0.019190180528193344
436694,0.06051342526956259
523496,0.023560528114431597
892934,0.015887256650332027
495557,0.025738748041869486
304912,0.021934499344356935
562488,0.017685175936505468
169802,0.024990875737154375
690697,0.021665259251003877
796370,0.020608964445452217
551055,0.028821811535441444
558685,0.01725089573149791
550257,0.014499842046049195
413089,0.026511695808896413
713118,0.029335993782995264
721541,0.022494919832729755
427331,0.034729146211844836
363124,0.016036094307054733
296131,0.031222248715058395
665548,0.02829070584386571
560938,0.01992900168643168
983026,0.021893206130792365
877402,0.01980022486179472
493496,0.020675572520955088
448097,0.01595179068835278
211234,0.025893445644878874
305304,0.06321814868267163
376767,0.057683581004070825
194951,0.028300015423643698
121560,0.020463458194142706
695621,0.01755967817140855
844299,0.021877757147318277
604596,0.018365840051759893
761800,0.023784264733698088
562958,0.025967068310004216
745140,0.01862635075842494
159811,0.01644356654226326
985101,0.02542528724959117
229108,0.025975111871196995
545697,0.01991597702724549
556524,0.026630776345630235
956767,0.025380919491707368
429871,0.03080891312758756
613665,0.028468982850554464
621300,0.041976013512786826
586754,0.022034137421988387
790077,0.025344104559876283
246077,0.02093652800452222
341097,0.04307116708486643
222655,0.043141049974371314
494823,0.023453125742187542
780841,0.020198887862534334
169886,0.018673416193238018
843302,0.017347864361320058
752967,0.02440822965916922
792144,0.019320283265867804
966399,0.027784092128090673
656378,0.016990569909445228
415842,0.02132560007930086
717408,0.044256264645874586
201497,0.03262578486099455
288745,0.022383357648193675
455002,0.016667717174522007
522495,0.01202066658903762
105866,0.01659602710660836
780212,0.019739763273812584
459948,0.01771784305147096
683206,0.023078281940150276
551549,0.027863984205268
156018,0.016677303033133813
651984,0.015953849359171587
487968,0.020035835345266952
678319,0.02275271017679758
879717,0.022600867925786985
222851,0.021710439986923773
391629,0.020822598451290576
622997,0.019733728100376727
474464,0.019695741486251063
236397,0.024863901298649765
502408,0.028824399935287234
163202,0.022099200237572853
500967,0.02175921819886843
251319,0.020620804350900617
909476,0.01820571476622141
114624,0.020463257013833638
197330,0.018147971602645148
475141,0.02570085722279897
936662,0.017727667240440687
560126,0.02022168194356847
618288,0.013293591483161428
919273,0.017023528689454226
711228,0.06493398573292929
765006,0.02958540081152206
317903,0.015859050694837295
485692,0.020179899875840953
581026,0.01535586772582554
335583,0.0241706806686471
348005,0.025705066869211538
987818,0.026362814693364746
600726,0.024644561108864656
638440,0.022548761974899828
566563,0.020001646649275798
969263,0.02464930725695054
670373,0.026031684573548906
540338,0.017906142387203425
446023,0.01636588962791664
839629,0.025379372352384882
985482,0.02012613022899807
720988,0.021073857341768053
344145,0.02717239516956966
251345,0.024463376041860007
800385,0.058043378544586605
284887,0.01936646103799982
182593,0.017664657301988292
588338,0.024630314519024542
555700,0.0183517675300585
196389,0.016328838465440167
176356,0.017054481331420044
488066,0.01868809516158192
482766,0.01851195888616596
911202,0.01906627895892874
172951,0.019271724362405977
810774,0.051626567162302864
244372,0.024411697716421855
340295,0.015482986131092566
483660,0.025702277321269323
284150,0.018031299647252825
570002,0.024038481172383133
905734,0.018960570546286623
339326,0.02591861313958834
331205,0.02038295869931443
240077,0.013201604896035933
719803,0.02185859914681626
794302,0.0155178579893395
630836,0.02727609732381094
552366,0.02824876314259725
177679,0.02819890380912459
329351,0.02393332721600942
581216,0.027650275019043144
686951,0.0190618087882716
327452,0.020816083525642615
167366,0.025952239289890152
350157,0.05719973275002885
940421,0.021903407125459403
267027,0.022649751932102814
631925,0.023726957140639843
358225,0.022777605107002566
197688,0.02415499163574424
388779,0.027421947083455387
264397,0.03542469360012549
792733,0.018773779916420954
587082,0.02680568008532246
436887,0.022583914248759787
231557,0.044768596017317086
435658,0.017755787703875717
709525,0.02191641931028312
151627,0.022607715416389323
968477,0.024713152566422446
457140,0.018783540536345213
364386,0.02096245745505958
787514,0.016595536522976125
310380,0.016962284640778754
123170,0.022479365331357495
298683,0.027148615730262157
719871,0.020426637381157103
756293,0.020825418398009315
449140,0.053210084601183094
268478,0.016887173383478678
459840,0.02509199651381682
946609,0.02728237233353759
665222,0.02917302151576324
496344,0.025944473419456958
525374,0.022640461284685113
820255,0.014275732342235593
609164,0.01696851442327143
399611,0.018549359933319912
150869,0.021809297724637203
472238,0.016482002393325177
784694,0.016946696690279088
292680,0.02324457104176919
739979,0.027406989808776244
578116,0.02109835182660001
820296,0.027307624974589047
963015,0.01950591489135573
466414,0.02580793165020494
243897,0.02076533746130374
326487,0.024115631465821123
645229,0.028063509361574656
539139,0.017896271054883717
390817,0.0179915935083112
936820,0.026913182072551105
158144,0.017610051588984103
462761,0.02599802764468276
391121,0.021081909749366207
826748,0.02585761871091431
363672,0.028213291667984124
177584,0.0209996526718742
987094,0.030866006520330447
394768,0.021319828101502382
689237,0.022599211146620456
300034,0.018621941868762565
769009,0.02399094825822942
574431,0.027265200741192742
837562,0.023435875397908236
261077,0.021062092534179216
403032,0.020300504257723666
933292,0.02772869366567208
696232,0.009959543479540098
495748,0.02238820561352229
659376,0.025246149193906272
291788,0.016470510024077213
228286,0.021165332427421194
868609,0.016870159019957823
964795,0.026386545194266024
541920,0.018879435321042384
513809,0.014955769398516575
224928,0.013045970167909383
422950,0.02842205271418266
666535,0.0240011698686454
670364,0.015786407275434802
513458,0.022909514352578854
442493,0.01586906830630599
531632,0.014050010441009932
395525,0.028055038588651247
505166,0.019836562909822938
317190,0.020709427578328568
288046,0.017212955146076524
245500,0.01873307182074408
335454,0.015290250350332959
471758,0.018970745270583855
338026,0.021555151659057047
166167,0.021002229283190673
280635,0.023904206567589154
211300,0.019795078486199248
542784,0.029393712696071234
394939,0.016443191134979863
325657,0.026160227811609742
207710,0.020217855188879398
737591,0.017040334466600516
104040,0.018194376527010163
346154,0.019017310381805753
950192,0.020636303102302134
957124,0.02266267313477531
659424,0.056895598258082894
399041,0.026591122243637008
935176,0.022423992178793192
658680,0.017553619017826986
494783,0.020895837505057253
312641,0.025961349432464597
256738,0.02605601540672779
707988,0.023607019230994758
826081,0.0220456619960143
249560,0.014928947879470404
290612,0.016443400787625895
815012,0.022295459998855422
525310,0.017251646270549023
282036,0.016443191134979863
731913,0.020005996773063153
547657,0.0229730425216392
136943,0.022453582372279103
251385,0.01650271502302602
246584,0.018153793282998164
223359,0.02088678057104978
974785,0.021497057149335506
611992,0.02449012352231116
730247,0.025052849398260336
622494,0.018470800387490122
209060,0.05866667150853485
939927,0.022942738076478168
388928,0.023348897410779876
603035,0.016623591401541172
926510,0.013168210856251993
896650,0.022484210920835187
304660,0.020096448077784226
404726,0.0632308034817653
997426,0.028260692787673746
948690,0.01783924152599397
480855,0.027586520203694946
244045,0.020047564421283828
484478,0.017203568226128077
931836,0.018535798525160806
656190,0.03162658576482167
366235,0.023382198192416128
616271,0.019997714752491104
295453,0.026333178538575242
170901,0.018663035462653885
778714,0.014088716345840894
524762,0.014183236197122131
955566,0.028405463595429
361386,0.02087523071235932
533130,0.013700246238875183
616359,0.026099954180458986
418819,0.02088279802308341
396076,0.013170484358117742
312247,0.02111232121538515
755885,0.01921286754702887
555967,0.017875610776217535
278263,0.01649565471842332
321153,0.021890974094199586
122317,0.020250104401496213
635156,0.013727014589119946
248448,0.02467263245209952
935615,0.016190718194285195
531641,0.029850578475249485
495320,0.02455916576300605
343219,0.025156679014995516
263121,0.019812174654541676
616892,0.029533675209697755
924933,0.022289220256809985
378771,0.015887398247660132
139366,0.020063445182570208
900505,0.018073437602896317
634779,0.01884630622083042
372189,0.019975760475021954
609321,0.025215468881042133
204721,0.02714188525739349
801175,0.016044852885899484
283803,0.023664673547007672
155870,0.021784465850815792
410637,0.01748085796644637
208300,0.02139872569207168
517481,0.02018639658716589
469719,0.020031496530740982
521577,0.030008024262534447
737299,0.02016176896494847
928983,0.029240924907612976
260357,0.022053470135816395
172767,0.025874378758929974
378459,0.021007092051737994
844891,0.01687804724640657
925509,0.025638001079881505
168475,0.028057169337940606
211574,0.015747835119134995
212363,0.01958399868809362
900827,0.023517011452195577
116645,0.025091433600674787
190365,0.01934789540358365
860832,0.015310251348079111
533236,0.01614524359514801
799480,0.031082583302529856
512619,0.022579227294634893
256710,0.02329558131367586
117592,0.016124720991534752
964741,0.013934279810787811
383503,0.017046876685898216
125117,0.01984346112506084
565357,0.022061464025487983
568381,0.02704377172854866
440083,0.018767679812926596
502473,0.02092104292708375
931744,0.02363130228599825
553154,0.02464466115580344
974431,0.012925551380825233
334035,0.022910343186112854
854591,0.02321110950312253
268320,0.0262116683086331
179740,0.016735139811746774
646932,0.017937861752478523
563918,0.022545871128972925
520952,0.016443191134979863
651569,0.018527274173881142
401470,0.01599350885850201
508164,0.020981622692048785
266765,0.02181183067139154
228905,0.02368033160889339
458204,0.018137337998163167
853928,0.014277423423120508
300760,0.02127776789430178
649033,0.017296914503168843
781186,0.017694722964150006
459029,0.017086118583447402
610704,0.02853189431634212
384443,0.0236443516177395
756305,0.03434817203151297
605088,0.013956558920788344
192822,0.018912459130421826
467850,0.017432807467204377
629116,0.045645575860714924
604332,0.019651078651702163
520310,0.01976585569914203
410939,0.019817781172163332
251752,0.02127197690576825
383623,0.05761546675350377
793097,0.023955344107269586
287686,0.014990851762367167
927072,0.02771227204515512
402138,0.019326526137475365
668983,0.021479654925191105
642183,0.01294510802295693
371816,0.01528854325673894
703269,0.020591564793882577
360931,0.021214719880896182
218985,0.028044331607771165
663599,0.05307024674533796
135124,0.019922494978207105
709428,0.05973812135949733
332191,0.018606139308379906
665880,0.01692199098834221
398716,0.022261255611024953
885841,0.023688051941499304
903210,0.01761922293820397
711142,0.019503019827350795
446189,0.01847745263317461
149614,0.014350513412575734
394116,0.02176406244344232
646767,0.026476545550709135
838355,0.01822222415050577
565393,0.019275015379862794
655240,0.057249861041362954
878030,0.021293996126078865
979610,0.023320938314439113
770868,0.018743809978518447
786967,0.02725038938454558
267322,0.017823829489437962
539050,0.02482703912817891
246007,0.02238294253873882
229814,0.015603103160405312
304412,0.02934929674227482
746569,0.031247482874081224
473439,0.024702502279089083
444987,0.02132064197701553
169481,0.018196898089255776
173543,0.029548746537354745
902284,0.0253349567972581
667915,0.0290720394472984
544652,0.01947089522559461
863301,0.021545143521962642
255245,0.018722145583887094
209867,0.023150612855237302
233723,0.017365113282253014
140842,0.023346493839703695
292684,0.0583464708550945
229106,0.0223190264601508
125334,0.0295542969641971
456594,0.02165239795095288
589024,0.01936023584819518
878695,0.02077824894991295
829456,0.02198016871128792
318356,0.01937135330716111
459641,0.018643168645687762
920623,0.019256538578737614
438907,0.025989025475834794
256604,0.019029800596321225
413390,0.025576430080291687
526388,0.021916526190871883
949078,0.022241384925219362
851023,0.02508812665377994
291748,0.0184142591597555
866645,0.020995079951827148
132231,0.022779900737746214
568437,0.03005981187004732
472292,0.029327778089982458
124335,0.025811626720585918
614767,0.016444747796767765
743251,0.017796935035239127
546910,0.01504999976599434
247536,0.023588111044507518
884369,0.02135093847990369
787988,0.015466936715670968
574443,0.011926166749493133
188293,0.030129698390724286
280079,0.029325433037073804
218223,0.016501209879641855
844520,0.018655144291097804
654738,0.019796607604019217
649486,0.019108617844616854
319856,0.03165507549750823
217463,0.021752666294670982
301310,0.014329389326109537
614444,0.01432473973484218
386211,0.019193822636557285
950370,0.023404228313023964
724497,0.026883600198214622
473230,0.029608017378053093
589074,0.015414259622506539
319219,0.02029223260084379
841919,0.020885080388479436
134788,0.022449283692602632
149055,0.018920724149780164
308980,0.024372457725464595
239385,0.020857649114611986
613848,0.01384796248744319
378012,0.02837048185530852
998499,0.021903554055261433
808639,0.021128280363896402
634974,0.025743303406565846
138263,0.04362282034966251
605535,0.01644886376030772
367281,0.018594544308209185
432314,0.02376307696377422
713102,0.01586378173382755
194442,0.024639591310987648
525790,0.020929783794142422
390489,0.015553630206468001
112839,0.020265550605022744
206377,0.03321847296176921
747738,0.030358515929155255
129511,0.019511862253288215
671262,0.021975234067677814
539765,0.018165873138909324
917859,0.0191963355036344
986176,0.01721375226716781
323129,0.020072278314299155
401068,0.015966190369100283
544978,0.022676913938014236
223133,0.016175347193030466
343847,0.023094597331744807
328006,0.016882297947506605
989076,0.04129519677108232
367075,0.027596791962896116
529402,0.022743735277090865
890647,0.024669839986425735
958509,0.02560131006247224
548200,0.02194754459601728
922741,0.02368362495455966
366335,0.018828276299973145
874234,0.02331831647779006
626838,0.02266203892904501
323830,0.030316901539415
672243,0.020219287514965142
218514,0.024205883668108195
922076,0.014617938019396556
689873,0.01587020427726383
598600,0.017455668278917483
256254,0.017074792600316906
300285,0.019106388118768584
541579,0.025136558421297087
546930,0.027356840680488843
727226,0.0220544460003828
713780,0.021014229171080773
818300,0.01965558599057787
717482,0.024286215293521367
900668,0.015952302969970654
611525,0.018163852142785666
554476,0.030746644937712387
618663,0.019360734927064954
302696,0.025866048598062474
403432,0.018746134959907713
584853,0.01311132887615158
201623,0.05884792685102493
422218,0.02169793530450023
874685,0.06408190342515828
524571,0.013827781237649713
614423,0.02010890083949805
435738,0.01996657714922129
476868,0.02545657994850309
373483,0.017343951236631263
515673,0.048581188847448345
946291,0.021921313048982732
172728,0.020696199950315585
918938,0.025641736184872407
754734,0.020514099418932598
299916,0.017744115737114083
889045,0.019771633813872223
211106,0.02604820857566208
106442,0.021439662811216693
129244,0.019851339387265483
539140,0.020578920635849648
285460,0.017531038791394282
736120,0.01614277723489474
947831,0.016034819450283507
740030,0.02036058730764025
996433,0.028918678850519037
445985,0.02122269259012654
473998,0.024889036915722605
617921,0.016076360600465453
560254,0.025616595761749315
819761,0.016443511564057888
949143,0.014729884270875234
878794,0.016707342435066004
784733,0.018144005201815146
434170,0.022022058823230894
161533,0.029565363298003505
300353,0.022655678754698795
918814,0.03165035843475979
182386,0.009532847541828685
773209,0.02179943966410254
681057,0.020994054079504
207727,0.02022149885495258
824136,0.02776580469295188
507399,0.026100284978479885
218606,0.026916067942870655
593969,0.0220670733615439
800171,0.04685227707574222
697063,0.02310356367304303
118118,0.016150344676559698
110376,0.02213273159812793
585843,0.04319885027645098
717506,0.017570886788279155
141312,0.06069645334305594
986951,0.01691883993421253
540977,0.03074047068861058
589945,0.01648268585024866
275582,0.016455990095192292
113450,0.019535081228949407
494549,0.01603584507246495
753138,0.01817061820032066
884993,0.025213871162007198
247842,0.022970784215623843
810779,0.02197771597982823
772221,0.02065891604745218
279266,0.019116003802605513
182938,0.03095125377898677
582702,0.021354024216964775
877099,0.022598899374417707
451898,0.01697560156775569
386086,0.01611479956494558
457567,0.01644360100630506
946217,0.026616833423262546
333465,0.01888267636967158
915092,0.021246263810768183
586559,0.017697674679440854
121174,0.03188513679920034
861287,0.027407600133453027
213153,0.026381445598816194
132840,0.022551522798734108
651061,0.02240855777835813
671029,0.022002399810239773
227880,0.048821193636781925
921455,0.02017090269720308
421806,0.017438870498346377
856127,0.026202951352380523
373033,0.023688051941499304
803004,0.026492623634624218
371469,0.013731896065180459
891727,0.02515883477472498
193825,0.03195937636695914
969504,0.02291847584899673
769076,0.018595174690137224
282935,0.025635248945826604
707341,0.026913224122616566
284617,0.019356788502572934
314266,0.01804435412923697
823449,0.018794275146767098
884180,0.02126899497106708
729500,0.041729364910485456
429763,0.028496129525590778
327999,0.018666985519393678
751992,0.014617938019396556
136445,0.059053972073522726
490936,0.025077960400344716
111688,0.017025327924489304
706165,0.018597159524375368
494595,0.020386974053790977
110335,0.02745277091069219
187258,0.02352899782936673
887211,0.03061532426581791
319240,0.023358832760472185
733372,0.02301195290235878
842270,0.01684078125105235
900233,0.014180754566557785
979294,0.02792817922324304
679519,0.02117477780315308
447707,0.021376539289422215
307891,0.017856316715610172
629952,0.023021832178535116
447902,0.017986524647945035
920325,0.017997976292507732
953830,0.019774041890179214
464064,0.023684030495314902
495577,0.02031708496725344
525453,0.01819790084805808
400668,0.023943253970316283
522649,0.018968464107747714
162625,0.017952494605174243
945397,0.01944487335085879
774342,0.04199140012102514
653283,0.02392601978043464
191042,0.025148769107915595
621749,0.030642880543229573
256964,0.01660683088019433
174681,0.01773926388956788
137214,0.02568144373245701
247768,0.023669532598100635
576864,0.018355909379157778
569738,0.04979520338933039
580626,0.01919442852877193
607019,0.024971086882722395
803348,0.02335538741557333
188261,0.01353117681218565
166402,0.014679578470036293
946921,0.020508453020975353
676891,0.013979301608646168
988161,0.02209431877945348
338094,0.021134929091040183
304494,0.021524070189727167
295147,0.014503832772574013
854251,0.024752283540480584
124391,0.013920454732250582
605302,0.02767337542278922
724487,0.06080883696743535
964940,0.019246311221826344
532384,0.030188465654881196
417213,0.02280142449661594
210427,0.01670804343227517
171271,0.02566107507631286
288882,0.016183730292519957
622405,0.02492057169873099
962863,0.017140491692058085
545038,0.02853587708735171
959839,0.02101163652779225
110854,0.019547747773271507
357180,0.01670951053545872
292359,0.04674279132090913
633379,0.021914741576216045
717022,0.02068611066331139
484083,0.016452177827185034
434412,0.02011875581989088
730894,0.024466157745243952
997316,0.031056603749268517
775807,0.018404073063942542
818024,0.018982726427873565
235124,0.0268438482720795
328860,0.020618835373683926
823817,0.017362891888941103
284298,0.026294620040439233
795158,0.01629768106541518
297211,0.021894182886530257
660276,0.022094154894768656
482221,0.014582206209963006
876824,0.05827888701485631
215613,0.02507363510971071
239166,0.02138152608783661
806890,0.016706741067516663
688028,0.021354034259083145
765900,0.016872859684505217
521633,0.02460389949612469
271810,0.018484236477650073
986242,0.01983382554329091
209977,0.02613874840100014
602859,0.025332531017543097
884040,0.016443191134979863
552823,0.020807270903374486
983410,0.027934680167040853
836604,0.018819082569694393
839704,0.01849377348694199
234100,0.020037864444021534
643144,0.03883867734046372
595886,0.01588916851736565
406957,0.018497697942605695
897946,0.01932935285005671
955014,0.023333260763196924
417161,0.0202332325883749
349986,0.01961853317761828
277750,0.021566413550394906
348103,0.029350559896187785
380631,0.030240223526936703
644686,0.031096152342615997
962894,0.01960759640972192
916200,0.017068142422564093
563939,0.020917737872620367
342913,0.017784223761126088
106501,0.02066298582428805
272266,0.02002412704656117
516605,0.026677867134395614
932771,0.02259429519381907
461547,0.026857793408276175
921377,0.022813201150896228
241206,0.027130440792246528
557313,0.04685433674878867
167784,0.019938150023172882
247965,0.016293940198324478
161166,0.04181579642423783
161425,0.015745398907077487
420031,0.02580392926818492
996492,0.014991630932316244
395464,0.018094561918062694
129985,0.021892989689329057
734629,0.023046156927643977
536485,0.021779678054435224
405044,0.016445400209977028
514394,0.012841222854216112
562185,0.014334336542898238
610994,0.021960680796633856
534085,0.02525716899997228
113811,0.026539751718911046
794036,0.015293599832492344
564575,0.020921161590570087
378747,0.02196510391243197
538630,0.019552670606314587
894605,0.021965650406986607
684512,0.016706938603782737
641123,0.018973677171720566
665727,0.01256099673361137
348950,0.016614765121480097
763901,0.0209533495538852
739722,0.019007896073597704
300470,0.017704931957337793
913970,0.023631846889414332
686290,0.027050303982938822
283060,0.027834323917120596
824204,0.027713851634163778
122863,0.02763393922170343
495100,0.024328897206832043
522118,0.03084077594634136
172522,0.02478889363462577
318152,0.06127557483911076
796636,0.023450726241955135
202928,0.016291932458624626
278019,0.02037065844590376
864961,0.01797599356280874
756421,0.02854209502040504
482165,0.02275377816696581
204147,0.02091967384010102
513864,0.018928966781955728
729145,0.02295315046243042
929796,0.059082246607940966
709871,0.018426306950580274
686862,0.012489263138865229
329101,0.010126349051525232
621924,0.025611502324522292
790667,0.02928018076736512
332160,0.019087470505293934
439797,0.020974807387479408
589703,0.01649846745370633
613961,0.01942224036931633
920432,0.025957846045317978
846949,0.01811852672326527
630529,0.020906419560834142
708031,0.02811732146910585
850234,0.01964089082404675
768679,0.02094262747715327
226179,0.027432326731881434
711435,0.023757042335803173
432799,0.021832647990616034
479922,0.026205711023953054
386133,0.012840762686105546
105317,0.014793446246745612
994516,0.02427576457290149
681298,0.020093989493501437
901709,0.02769603173660211
898285,0.02081063835061043
708363,0.022908405814595204
432209,0.012724278875343565
481663,0.02178876852422786
907860,0.023222885876215474
667568,0.01960221557184907
322981,0.02737220881590826
242563,0.01946329345397403
964378,0.017055848263927642
854783,0.05950670026241976
991005,0.01748085577908176
993066,0.014109177384249107
836225,0.015327636257014565
839334,0.02067980517878834
519610,0.02226198391954532
433196,0.01580759041438371
251690,0.015272813048454245
661385,0.02141401288946732
485150,0.0260842699571871
645596,0.025688936971897884
237352,0.023106714690889783
686612,0.021839086373243853
415158,0.027641554715544907
843283,0.021004969640206008
691266,0.030466464992768477
925183,0.02046345364715366
683210,0.02001413308230226
900601,0.023698982687133056
545272,0.027964559603595358
179961,0.02504794694886954
844165,0.019388447061789382
760153,0.024809223147793262
252923,0.02735124642900548
901016,0.026552173003883118
131536,0.0227362394389121
246854,0.01688651012039561
301069,0.021059513305059598
666385,0.022099526675066962
683292,0.01736558167979184
524718,0.015025052855697342
225267,0.018135277818805914
381092,0.023784264733698088
820889,0.01827850417842519
807609,0.022214694956952274
282227,0.03341903311110181
801066,0.022992500053400183
317405,0.01975461491227597
723912,0.017699953456011778
711088,0.02836445478149435
476151,0.027558125065506492
407900,0.0284235360405349
772284,0.029856621631446062
301983,0.03168671730159887
637453,0.020825194030961943
500040,0.03115800108048347
549176,0.023560530973329056
951762,0.022132744461973535
801872,0.021263832577663108
672914,0.02552801444029929
655859,0.028568115805296047
730810,0.015092151001459114
216154,0.02167178828515789
403047,0.01547583898890655
664943,0.044260720644047166
861812,0.016566030493393172
698657,0.013414810023293084
571283,0.04939198557315429
665070,0.02385669166576108
383536,0.021780774903567307
980982,0.026238664568568187
158262,0.028468186656664788
882892,0.030446179727865626
171864,0.02027936403281517
477559,0.02455051978465917
571895,0.013169348547831068
400745,0.02825423734061279
100407,0.02013900205922946
802650,0.01891441427919244
545813,0.017319206728638854
641480,0.02048671292333929
699234,0.027013076873784285
348197,0.02262850837856084
821042,0.016384512225478477
680474,0.02286198792519361
636461,0.012963919890569206
211831,0.03396457117217743
684721,0.03524515904067933
260184,0.018337541169524258
873291,0.022194466647981245
259684,0.013885509570198394
163137,0.01745413560329679
278020,0.020137794124524717
368766,0.027899372456179627
327577,0.0208341751714552
953596,0.015993751597587383
815851,0.018703911870384473
343774,0.01581845949575998
916629,0.026623990174003923
164543,0.01408717445254333
661396,0.02154607835057934
936894,0.01487874451284492
517182,0.022997381788161037
850568,0.022258378495512536
604543,0.019513588400798004
401040,0.022212114584556224
372365,0.02260151478202212
868238,0.02824816687703335
731052,0.025360636105608913
115106,0.020200648707680204
443734,0.016443191134979863
159003,0.017968558162781666
931164,0.024124456796355834
903845,0.014548202803191176
130704,0.0229462714486883
679240,0.0223754956378072
612658,0.020984677551771164
895424,0.027186456480512263
986699,0.019486545469366262
901844,0.023834975074425058
592292,0.025728509907624764
584337,0.02626155320292472
276110,0.013416022790359748
618782,0.018865980641180963
990021,0.019709985743077016
103101,0.02057492129185158
249892,0.020448992495345847
929971,0.018721540256538872
659945,0.02021573405124057
877043,0.02238439528120752
481184,0.02167365408514755
887326,0.023776658420370987
216658,0.021855962983847704
883344,0.02137996766466644
866977,0.02005629023971428
406381,0.01887851161969522
366316,0.022062916162358462
661498,0.02511211555855283
790417,0.024259662712667454
852910,0.014865557083508342
840682,0.015891267468539444
876212,0.02183914956088584
786865,0.017344766827196163
350958,0.027322792333743642
834881,0.02111070356448352
535610,0.02819973399083429
316616,0.017381378389049955
231935,0.016449013152307915
691645,0.01643978609481086
488142,0.023766068945131384
917536,0.01730871615845508
646700,0.02003858864589664
892027,0.017509895613676378
420902,0.009965553171354929
362136,0.019315049254914837
618515,0.017993713356320353
585824,0.019247857466506438
794318,0.02522769543759409
530114,0.021282900645909385
601873,0.023549658007101747
799622,0.017608749885200104
457376,0.02713600741755431
229760,0.021007167616416918
537246,0.01872501622986402
403920,0.0212069136174115
878439,0.020771851977111302
771071,0.025665275085371402
987645,0.02345344788217894
235832,0.022667035604450787
359793,0.02162795431624431
443771,0.028545246963039273
851626,0.01961967975144905
195241,0.024580708417784966
405084,0.02747651717420538
903893,0.022238381795370726
895643,0.021050791124031402
182209,0.024832045964184445
869630,0.014618150324864113
584798,0.017522551394513485
128832,0.013045970167909383
413314,0.024743081235176653
648493,0.01467800289868744
242967,0.01645193805673169
650750,0.021862485371930893
685683,0.020872632999042056
733429,0.017222767714355162
409733,0.016720907498002195
140395,0.01626295619959189
734221,0.045303262396925906
862526,0.022592278450470637
242011,0.017334821054345504
426883,0.016447219305227707
431789,0.01834670964601454
691082,0.018889535886594602
633735,0.022005146056688112
248127,0.016443191134979863
467452,0.01880964994615983
690121,0.015817026963460892
133460,0.018893297107656918
158450,0.022615634553277413
582734,0.017142521902118953
955585,0.021527467202937817
918951,0.016021503212894053
676588,0.021310927369258
995339,0.02878176420499099
428105,0.02728668823765727
102229,0.017221976943164363
478339,0.01849855604550302
808270,0.01589778795170214
820623,0.020953457032710267
558149,0.029578701307409673
198702,0.016724480137253098
335198,0.038005763941216165
689025,0.014743384822574642
674930,0.014202279284228446
582599,0.013221614328415213
807782,0.020653048095362305
253593,0.021040048087451132
725291,0.01956950676268151
327394,0.020721321349237366
966301,0.024485452442169233
582141,0.018428132540054282
246350,0.028657323261835052
334046,0.020311512618404283
317744,0.014727539637147886
787367,0.018978961410604046
643763,0.020442502641661565
203732,0.025849298298811316
724795,0.027693112247605994
379905,0.02011233982585726
470216,0.018941839382342656
851471,0.019829792988948356
115503,0.030787702360342825
147395,0.02578993423630323
150841,0.01271912509019938
353706,0.02895281740236951
919217,0.02812306513524672
501883,0.026167829251895956
257055,0.01925273182009773
206916,0.019910459736613473
680021,0.019601524795028316
671865,0.02405985181215103
447557,0.026991336614095345
970192,0.016034819450283507
397631,0.023828540851148685
800219,0.02188915288675664
760879,0.023739744467486997
254817,0.01933909203678657
514515,0.016183730292519957
940438,0.01743643987166063
505968,0.025789752521271567
684181,0.025958375270382857
410728,0.02280911974332939
979098,0.0729823504590637
951595,0.02668006344442134
863998,0.021547153465552065
327613,0.016142042354580444
760017,0.020523307783716235
306810,0.021723312707165873
651293,0.017736366359544176
217136,0.020963090165791173
148852,0.013839421028163353
519161,0.016443191134979863
125622,0.013700246238875183
688993,0.019559529271660724
792355,0.02463664206997091
648339,0.05722404696736317
281819,0.02101312754294657
137932,0.02030506813870035
455116,0.01741032044274443
585642,0.013573871317665378
676268,0.026817561894422963
703495,0.020795178916191447
728185,0.01840594759054665
800886,0.020715620983956497
272631,0.06054527182971093
512322,0.030998874925087357
317982,0.014624025923500953
808435,0.019091355094149335
104631,0.02295351229638761
450512,0.0209092274991502
878392,0.017659533596466118
903471,0.018350723922612864
702156,0.021273633913843897
764252,0.022610638453329182
247595,0.022269190798005805
150893,0.018939951103752826
325194,0.02345653737471822
848136,0.017461308267779523
886569,0.016468812077951908
801655,0.017087950393782882
308814,0.01650289029631067
144435,0.019432142336433835
536745,0.020008744531075266
836550,0.02586500871608558
747723,0.02770747396528887
231998,0.0188263027579453
949036,0.021824790581554388
282542,0.019876103377615008
709271,0.02887995849609965
552670,0.03309318968385539
683538,0.018770081946505326
551660,0.013770068295918637
801616,0.016187018442347573
571330,0.0264085237658377
430742,0.019268195488575758
927030,0.019534582286222086
927518,0.0246402726121339
729274,0.018003338014703538
425060,0.02598175130999113
810696,0.02256370854828879
800512,0.023627980559463455
817816,0.017191018271295065
308712,0.019731226013393686
757281,0.012515439335545116
246227,0.02603221153534574
233841,0.025853821074406744
512279,0.02247628083917297
572207,0.016238522340375684
512531,0.029036729027531984
650765,0.02261594502208385
264333,0.021068203490889774
593345,0.013448646219148602
821841,0.019519195110449482
567983,0.019342475952626902
773734,0.01492818251417069
243904,0.028369740406255565
329316,0.02729457668946858
568330,0.015435274463160495
359670,0.013629577248678637
442224,0.01800940800894787
594524,0.02386938385742663
699447,0.03347369008109071
857213,0.024545155333821768
378601,0.02300006927905715
893504,0.03146230362839112
149965,0.021359380178051272
536089,0.021565537632003064
521828,0.028271642960100107
519632,0.019500134250465172
799729,0.02095890815671544
649728,0.016548181884709353
743004,0.05009644467888404
430463,0.02189373569323277
552741,0.01628692625320627
869291,0.018931560005487628
517756,0.025147755602752897
629802,0.02263145341116063
853895,0.025295706292795022
114362,0.03704586652147372
390215,0.021879962068784686
705375,0.02877837956643616
249691,0.0176486604480237
236300,0.027297036110748758
654755,0.021623715570314863
771363,0.021005332267848804
326207,0.014999185703645961
573635,0.020768431089712415
928118,0.017897783132000297
507862,0.017201980406181056
254743,0.018093822548185097
501919,0.02188927672199633
870884,0.016401878118641248
218799,0.03066299191478225
893401,0.015410147508167523
819645,0.018838798469420236
778283,0.024168233829620925
685446,0.013721690933663664
813343,0.02184003780077382
686407,0.020985658213730753
791861,0.022889302554381142
296702,0.02225096577571022
134739,0.017882827879392032
812377,0.019782310663867833
852090,0.020037296546883278
382204,0.021345399475350236
934061,0.022592765251307517
861277,0.016997839233321085
244247,0.023375798479990873
364059,0.029225973857208598
381404,0.022737138040868746
585002,0.01674986255050437
542027,0.020211151859304104
890167,0.02598497162320652
700124,0.01353881364283101
941937,0.022271738600202436
875669,0.0255193265721477
212414,0.02164554282663905
713043,0.02113397709205282
878621,0.02312537754610066
707751,0.048150980088134496
249553,0.020097967386574486
604101,0.021142663669374354
485287,0.013046503575783816
786328,0.015413496331440426
249386,0.017988437667384026
435973,0.022384687818640583
918995,0.017282260285919195
850485,0.018643909571624588
967951,0.02167427835521252
746734,0.03007187292102823
847335,0.028364661851515913
387042,0.023316982918068673
601574,0.01284293278985273
428618,0.023385355774682388
622938,0.01770134801221081
570857,0.020276091963720818
790318,0.020120459174787726
797944,0.023316982918068673
254569,0.022395519560173566
902080,0.022985508815268656
388439,0.021437578512013406
199157,0.020576269390907728
512432,0.03143793053770242
238372,0.029568782410421986
562711,0.04100796575762896
264118,0.01928101547596915
295380,0.017530627251936264
921403,0.020271671061117064
639252,0.021514134297926587
254340,0.01580548734234134
881870,0.022554622386839064
990990,0.016467895362705647
519881,0.019779434517848284
950237,0.0328577883797234
416921,0.012872923317956282
719807,0.027181327988431862
768012,0.02353190382189267
659339,0.018705319211709776
306838,0.014229413607679773
505471,0.020859428250247645
553521,0.011388746596412824
675380,0.020062651095685252
535205,0.016677757749177954
512665,0.025415328424313766
110356,0.01883159471752287
217467,0.018359130284674435
996547,0.016821069053502797
330002,0.032068967915733
210173,0.024311990829733433
984284,0.016444751079286248
515826,0.019073897107430543
775631,0.026525538590641343
688043,0.021186150819647368
313857,0.01764184864753489
359977,0.032018725550526754
776193,0.028317399131261876
959359,0.013066734068618488
679130,0.02000463289095405
426156,0.01757224020724969
469852,0.024911702503392336
449411,0.017662068296425398
345353,0.029024824610902226
331857,0.029214860507786353
175957,0.020848325433816477
303200,0.015066246425626012
832548,0.02164281829429606
262173,0.029106972292991647
849749,0.01907934326455817
313271,0.02563430075088087
565127,0.020150897410372667
885096,0.021829413928045584
469533,0.022628271492904344
842248,0.018055579891310528
210845,0.019819772612334734
627651,0.024375456890369098
941575,0.022237943274485115
242759,0.020056136003977394
259300,0.016721335757265466
316061,0.021898352232866354
821347,0.01921099453258191
719179,0.017909176539663382
524622,0.020437383126942273
747196,0.015444179000675295
866173,0.0198207181618664
128209,0.021441627122332035
868562,0.023620410153976878
839691,0.020097967386574486
568390,0.02061858200400634
543114,0.026062785257065815
732367,0.015887256650332027
606874,0.02446137091520258
902411,0.01590040233127209
531047,0.020261600383630906
359092,0.01852001075069146
364333,0.019226186010265583
630473,0.015791632614314145
329082,0.021816317297091468
421500,0.0198896176534784
156106,0.019606162691444405
755403,0.036882328807920695
651610,0.020338836517554717
128972,0.020454545116367205
981753,0.028642838110233573
303989,0.02332966708456611
342203,0.020473072118891277
487442,0.019194255635489637
374518,0.028957419479107318
220539,0.024632490308064452
579217,0.024075525213127325
757502,0.02798485418702697
179617,0.019239264783825323
754330,0.01842332163107089
521771,0.022242959374492725
368970,0.018704862936620683
669115,0.043413712904384706
562205,0.02761846475853585
235978,0.058420577323276525
685355,0.022251725695217456
673514,0.025575342769694653
463416,0.025825989130914315
278668,0.025494065999497287
997652,0.026042878315312993
892499,0.01934499676203592
784390,0.055104142389338646
561899,0.0265863932908094
837041,0.02081306303829048
235453,0.028594271689163026
898607,0.021568970490895654
587861,0.028509409232133995
704613,0.023469009684690855
305974,0.027352462191969927
327740,0.022657369707340044
137297,0.02784285554727997
655656,0.02138040290636164
826843,0.01885846514190851
756673,0.014201095858328941
139436,0.022066269829012976
997863,0.020741870157206608
484242,0.031091262514707587
770043,0.018423532660784156
118732,0.027159650754516637
283699,0.017303399665920614
661828,0.01423571930929359
427644,0.02975181204727336
398519,0.01968951869454655
969404,0.021811050152350266
835593,0.019577076361114415
727747,0.02068146145184903
970441,0.02025286912254911
453653,0.021988756222917523
385913,0.02288026407205537
597571,0.026728692726675794
237136,0.024501933270570774
850564,0.014050010441009932
741554,0.015141138639476696
489055,0.022682191113256037
130826,0.02611805951261365
206331,0.023741508420089246
236241,0.021832821356010248
817620,0.018915516525074835
590676,0.02900763328423597
294140,0.018388176503510423
664481,0.02124321782506267
471760,0.012903905658543737
176845,0.020788910751419587
958539,0.022986299412074473
422283,0.02194730041681318
669345,0.024600332454925253
256057,0.024223085795512668
692117,0.022582577011046084
951450,0.018303621134479062
169543,0.059933429748357726
916174,0.026264449942053066
368519,0.026626325129575086
991636,0.012570838687589287
666499,0.025853482829436013
810240,0.017048155126349277
657802,0.01794764095393002
198222,0.018864364110656968
562107,0.016789232962155898
470286,0.021216030670305794
375745,0.01941775709228139
468844,0.024111494130761253
814803,0.03250160851759395
711496,0.014180754566557785
348045,0.01835483188622346
852688,0.025585909382140528
872559,0.03264985244389214
221488,0.028965385030720874
788103,0.014408607461324843
509987,0.01773040338803584
414674,0.03946236423398725
949407,0.024520209278850295
752332,0.016443191134979863
473437,0.0183861816675852
873082,0.014182652016039151
686262,0.023468925546469604
613780,0.020451896133283104
412617,0.023623192363812984
168119,0.013827781237649713
776400,0.021315526316379882
490750,0.01904271844849919
746176,0.021532202191965236
877505,0.02878322660175098
356873,0.02173115200077841
824915,0.021327615169901545
989057,0.021300872288721424
332981,0.014314520543779324
478632,0.015029534725680735
473275,0.026886299753167957
967130,0.01971385767978454
439198,0.026646547240141757
403297,0.02751578820344875
244132,0.015169253697291434
503218,0.045355742369377956
238109,0.021741885305842947
649516,0.021288514174440668
773197,0.015928297239417938
128783,0.019836757528694588
356426,0.02719557541025671
960229,0.025090538601004284
722845,0.021708500736513987
793125,0.020033477316894033
167550,0.024750212131810702
719855,0.026741906254137207
688439,0.020926247391736496
147113,0.021698054850953417
591877,0.026131554971346557
438689,0.0262319506705513
211560,0.023524865220574967
227133,0.01828612589645601
478724,0.020413685224159553
282682,0.021423158225566362
107422,0.015171124838154809
523521,0.019601813345471338
416981,0.022539523274349924
298128,0.17922982318373082
571937,0.01648575277819731
681058,0.0160267430910521
283332,0.02285694673400567
968438,0.01940976021491742
975966,0.021350846535588185
208080,0.02297874745836004
569336,0.024917115688412553
581814,0.020758840804817165
593710,0.026710349110720247
259427,0.02357930780111161
109423,0.026261618145027605
943743,0.030788758912116305
711622,0.05656076125899312
596013,0.023847413687493428
311897,0.022072839856028616
215326,0.026339397558110048
773039,0.024637672301296282
875882,0.03172711654022901
326634,0.020097967386574486
860993,0.018898956205016384
452770,0.027156171266726276
322019,0.02259195915053822
836944,0.031096831395798604
627175,0.022336684117805712
378819,0.023048779178626914
759963,0.015708326798001923
422858,0.018951678954871355
580868,0.021489887400850213
718396,0.02169209722592495
648551,0.02822358949472368
630483,0.02606453054875623
883455,0.022383086951783305
254591,0.023658842737061203
607853,0.02542123133245114
646494,0.032738911303324805
841552,0.01431269768610787
423830,0.018057096984056966
821655,0.028315641003486856
163432,0.02810666391575554
360688,0.02671645522921992
504553,0.016183730292519957
412922,0.055476981492820765
743229,0.027902817501274844
169000,0.0279569641818752
766747,0.01835189978213982
565949,0.012928359115884708
796680,0.03070305634477786
753755,0.02115201033135041
674091,0.022719288665203955
207921,0.019170683759219966
147439,0.057661325346672
345939,0.02259436353139303
766994,0.02616063856473792
658849,0.020559811633842566
891910,0.022682691974990683
410871,0.027541225560438764
778345,0.02075857324245794
932671,0.026876445244732646
622989,0.02468260456792512
179176,0.021072734579312948
716617,0.01545144702234217
680848,0.021696317491653613
267182,0.014618910045215407
974166,0.021093518352395358
983004,0.018237310759985935
511873,0.021849000954954942
342518,0.014813802791061535
108853,0.028770558086313954
607728,0.018842826371013005
720091,0.022012075407253116
854970,0.017803088072119114
384554,0.02404886413453445
213970,0.01713337158173883
567440,0.01644341350636413
197669,0.016176050087616325
900578,0.016887173383478678
243303,0.018125928413377384
592406,0.022632414301859794
634063,0.013837163752105515
553391,0.021720896365481406
601455,0.01599350885850201
833091,0.02991474268921482
979675,0.02244957269128108
324677,0.023863709760697013
828120,0.02172706545606352
603886,0.012925551380825233
415384,0.013448776139985996
166398,0.022645724847929045
898689,0.020164173790155376
706256,0.021377587259964304
972880,0.02246023030795315
113692,0.022032977467173247
713053,0.02582861731019373
135631,0.02731074937478091
483482,0.023103978479701123
315126,0.021184528443611458
141395,0.024566170096711776
488824,0.01771907055576895
875957,0.016460889568477365
102507,0.013542273971269064
838930,0.02074208109988757
398711,0.02733841341712527
629368,0.02140250836419044
305328,0.016992592038832476
710943,0.020532905638761992
189020,0.028334483662963653
135220,0.010755421046266676
253320,0.019747615104648078
900556,0.02268991201010129
979865,0.013245035827514615
478309,0.024899197137463476
748049,0.019151438015207252
915943,0.018817759166080722
779238,0.0299245179397903
695490,0.020778584106175658
799144,0.022092927167698062
183217,0.024356131552156143
692440,0.046580638580833916
540521,0.025370668904021232
673146,0.1527849062986846
103501,0.02315440179302068
294973,0.022213606524899256
592207,0.017301130031241466
731322,0.01985597615444439
654386,0.01605564907630993
983081,0.030723454267784476
184014,0.027120767245849726
262617,0.021875099695932924
858688,0.024223046165578258
428712,0.018487629848026658
835316,0.026136847717379615
256962,0.01770688443948087
941354,0.0205212562336815
329529,0.022167025582631904
708802,0.019064432276539752
905327,0.019278557490215713
671294,0.013854836772216623
641103,0.027505338651331108
692905,0.016755827194495643
711213,0.05694706646664375
954034,0.019859061126070846
965367,0.02054359383013116
311763,0.015529984912171441
791186,0.02076707542014025
756176,0.019052230417437997
824831,0.023075095133307258
412362,0.056726131671240375
111701,0.02611763470219384
645829,0.017081375316587707
873644,0.043102975265356676
112073,0.023947283921318015
585257,0.022962413116895453
991682,0.04012178752754531
347812,0.030100756294855847
966250,0.018844271184056623
356389,0.025399776180234392
915969,0.025925189827632603
539725,0.019769006253535233
822227,0.022289483408345526
348689,0.01935733363051532
805875,0.056983445640494956
825393,0.015168032130329074
120542,0.02241296944003404
576514,0.01975766381904926
783267,0.017956382738938573
162767,0.024898847654173214
863541,0.020267284014414425
706598,0.021513433825399407
850476,0.01604836653963106
390424,0.016183730292519957
903771,0.01517001091914805
814194,0.017947427539464857
488943,0.014852679941111764
459860,0.027202126893225157
570350,0.024764055510950175
965314,0.022606784356426397
999122,0.014617938019396556
732949,0.020054069678824536
123426,0.023902277725926357
114797,0.026971128254802582
482679,0.020097967386574486
474787,0.02537687505694575
709169,0.01431714906908961
517859,0.03057185752437122
113274,0.05689426960977298
241717,0.019433518044823385
904222,0.022949121076140177
478586,0.022238897550874128
632936,0.01812404218078246
891834,0.02467017247025445
688277,0.026011521388200457
259169,0.02177939267012417
712960,0.013290138325872067
859541,0.014350264749880352
167049,0.02383859423160117
501905,0.017530460432864808
997930,0.021740822815387816
942550,0.014854933237443914
731997,0.023323005827185776
663349,0.029419903520593635
835540,0.023548683455645703
166096,0.06215598604220557
350041,0.01902490011224714
104061,0.019064321025423936
623129,0.020409785012565858
559465,0.022565329855612784
172698,0.027570947067249794
320563,0.014366698570801011
531883,0.017506634222548775
867956,0.014815427913891214
995958,0.016443191134979863
540132,0.020621301139154675
971207,0.024838358342011223
924924,0.01382785457638762
592710,0.02041856462932104
638902,0.021490141410652214
136086,0.020373267248409807
826389,0.017131458878849315
174391,0.02376440563336848
237168,0.02413701854337157
622780,0.02625955252261918
923180,0.016706741067516663
594973,0.016708511057666343
926933,0.06640142929680029
979968,0.032893169740306476
196918,0.04777594521721442
220165,0.018394045831723257
576957,0.03133217758578288
113868,0.01237171198938982
168464,0.017339971656776764
782336,0.022473095104450884
132596,0.013045970167909383
913308,0.016404249312866024
373150,0.024200512570792868
807832,0.01852021752029209
563291,0.027727540354230244
301758,0.025584673172878557
459837,0.020238212075591004
430427,0.017553118977902387
417266,0.017775434588022342
762975,0.014966892651491372
372982,0.02783898972358464
271774,0.019856551324788026
454830,0.030162474050284365
100986,0.01531115815979714
813120,0.02139138341759211
904055,0.024339339123289252
958566,0.023501837182277895
338402,0.02585864583702284
219325,0.02295280740802054
107458,0.013046171704056291
584694,0.017319170393966323
323304,0.028068564068858864
191636,0.028481499263454155
555063,0.018349482708878456
396206,0.027195716805761796
999673,0.02171613872315513
795901,0.021619323724724526
479596,0.02100746114764049
546236,0.030690140707489887
279642,0.020285621909970446
938983,0.030638110733150547
800565,0.019407247382156864
115163,0.056444602311313825
433776,0.017954464933252635
844091,0.031950816972264484
109678,0.03157685217008946
543460,0.016883247578078825
822618,0.023081897994737043
341734,0.015236581347163365
653392,0.02390512508386292
109138,0.021058712034854273
180029,0.014315731136439691
146399,0.021329357900176878
812497,0.01593097926669737
859987,0.032323790397447705
418939,0.02432491582243768
579447,0.028976289731841517
693472,0.022622378523006425
986913,0.02092634321989491
103385,0.021027167292402536
395782,0.0201958628231027
513393,0.022607771426795976
401311,0.01441642393633428
385404,0.022682531545626012
400247,0.049573672352322164
267017,0.015169793375124918
472689,0.020237076923598208
444903,0.01688993359812477
164818,0.021931286692666693
430108,0.01850438681252605
571062,0.016334001071441777
273239,0.0147538879816338
577554,0.016915521413070966
913661,0.0238181146308852
733748,0.02507006864018124
618844,0.023923296765980803
866115,0.018590321012642616
628857,0.030235342097606303
958309,0.02114027700933254
650356,0.030384834389706832
414640,0.020387352651335667
870822,0.02127338146683266
645411,0.024916629298992465
926359,0.02209070043826809
679103,0.051266587841794824
425875,0.018773912799402628
437836,0.023044834357908432
896929,0.018986199277937776
274522,0.019550322360344236
839314,0.02105184984928893
876673,0.014983748900232694
213946,0.021710072335292024
485261,0.021888647233302774
241026,0.016034819450283507
374760,0.029187482964062525
531159,0.01685626431086261
855794,0.0687668590838699
459670,0.023280146752308606
914236,0.017989618069232462
657329,0.027043448371811704
863433,0.017963052154301704
380195,0.02160807148403768
551633,0.0289401859608776
874591,0.02707058711524448
601879,0.0474025957599997
926275,0.02534582748682902
139605,0.016593618665662422
675532,0.02743916232127677
453606,0.014590174820938016
391892,0.021275732093047943
119468,0.02457214313820129
149538,0.030754084422761483
550840,0.022314272334702515
663333,0.02340648177146756
127565,0.01732411964503681
784779,0.017973091616706925
781236,0.014336298153114066
838108,0.017129069326829238
223363,0.022765489687509757
201740,0.022764956229815187
186302,0.013957104245234756
906042,0.025720150574056237
880772,0.025266291626047505
233476,0.022591790539545534
367214,0.01799544952307386
754007,0.021371882244857667
464608,0.0218536433585429
659852,0.06178218591434306
643493,0.013137433736288647
287531,0.01905278178369003
321829,0.016496537324350937
904079,0.015608507781691058
358849,0.01751321991979609
242624,0.025565841597019558
536344,0.01357567203555633
527471,0.029482512865258628
267944,0.01951754106047673
376257,0.017404075354123034
260716,0.016735440228149327
282339,0.016583167637181644
828319,0.05871887710332945
481804,0.023163074628978875
997117,0.02549595562504007
411213,0.023691815266595907
472733,0.026805692938602386
967805,0.019505591287929714
713432,0.028195319579371214
990378,0.018660845183056808
268187,0.028339855266681282
148477,0.02166012314929385
127227,0.05582475297251227
501766,0.02009167200722298
101279,0.030196474494188497
478373,0.020164922703572022
157152,0.020284198680467606
187542,0.019967687947543722
554323,0.014617938019396556
389017,0.014852674744441813
939288,0.02273529056569757
471942,0.023810699054192228
445359,0.027245835728977933
777808,0.024339661784747755
456910,0.02937870803721951
220525,0.01845302412846542
406813,0.02189229623260208
516989,0.018420643901696985
272687,0.02380849526689047
406951,0.017379483960094966
928226,0.027180917508578314
584176,0.020479999990121872
238857,0.014617938019396556
390871,0.017300821639002602
675131,0.021300034730993775
801073,0.026313370997774598
764462,0.022492944751610035
638783,0.029898576254369518
822380,0.037021056076463145
868132,0.021669775239693517
323510,0.025713143480802766
118466,0.013664866692944888
499296,0.02192699767846353
167570,0.01818599917376472
458889,0.015566209853157369
524897,0.02485529925324238
282923,0.026979319183049792
929888,0.023013850661702313
217401,0.02049153498144192
979262,0.022098196451343675
172181,0.028451145743005307
484255,0.01619501857954302
622654,0.02563565156484446
437378,0.020277047770007196
621475,0.02058693932628872
322612,0.025550344776197883
655888,0.01652613794478797
146112,0.02372387896624042
483072,0.048625196067419586
308432,0.015035880847224481
193067,0.018814966607266993
792032,0.027826833751458557
293998,0.021744982327846923
431157,0.01237171198938982
796708,0.03518844718976795
458022,0.020683244298526877
238730,0.019371027501308983
171818,0.016850851936909234
718447,0.01708515552180786
931448,0.01677799079052702
386255,0.022596012906413068
750954,0.029544558788272068
637961,0.029053944885176857
671033,0.01572811809321697
634131,0.025830952460065223
749019,0.025980534362684455
308097,0.028281035765792748
612901,0.026319829923067035
683273,0.0608421841799827
976430,0.028955384026019392
921928,0.02100649341331226
337017,0.019060088732903404
696926,0.016889940264331844
897501,0.01285882634483079
770746,0.02295158997507256
767731,0.016447043256049735
162591,0.019038707462798385
807517,0.02296843540103723
570820,0.029388158058877675
487190,0.06196870892471654
443129,0.019989277795537816
502339,0.01838100856289485
842071,0.02111591967665706
180917,0.016443191134979863
254661,0.013983444054441371
158152,0.0235355187575981
578390,0.030380443660315417
353681,0.019816616133646017
601241,0.030764495864048676
556241,0.029450199202474405
183922,0.01434973012152312
293116,0.017734516204725662
947092,0.016496281320245543
304796,0.029000062594347537
575580,0.02093460132608726
826572,0.024755121951050382
576433,0.022884124475440314
820004,0.013012257934985401
859560,0.02991033366195414
949930,0.019526012944256294
876797,0.020151242376380493
675485,0.01994861676082352
328537,0.024332450395163813
467608,0.019955749472824937
776355,0.020211150914546967
931429,0.01670687067438581
369980,0.0546914516889198
750513,0.020284012336038007
189374,0.025035540709502514
469832,0.020033559448222955
347510,0.013710521746919651
659887,0.021250649818573768
503788,0.017201980406181056
530198,0.028238970515472916
311439,0.0221593760526075
154468,0.020544000308241828
467251,0.021849058565044564
834801,0.01670705987718479
205639,0.02795485426036622
517374,0.020245031316279524
558640,0.020934240444719476
532532,0.04487078449359621
940312,0.01878487690669507
901067,0.01599350885850201
747826,0.018527334634027743
150978,0.019054604036195043
115213,0.014313622150225885
156442,0.023376312065968102
850198,0.02593596011510211
335993,0.022436301464890743
255147,0.024714057432233507
292857,0.022960193571260164
738441,0.043511921246405974
144177,0.01948694508280641
798088,0.02336291297040571
308037,0.013178548256695123
210330,0.01864402410965977
577578,0.016888554416908508
945208,0.02123021247758399
312170,0.013247571330697568
135873,0.013680629569524198
113616,0.026319871910845224
134440,0.026819243653102207
904211,0.021543651976631575
434224,0.027993183766549194
145760,0.01879457896338731
376144,0.022943770957197206
335683,0.021577428855739454
524593,0.017063883764338563
348945,0.017068142422564093
754370,0.021276581615441416
471309,0.022222429500175524
867105,0.023329377404972543
383042,0.02123870311625859
287875,0.023703529886671636
550595,0.019387648554615916
589320,0.017186114902850855
421595,0.019842848776040395
987430,0.027820518082444422
713186,0.033367781616990035
480904,0.03958464807070067
973542,0.06301612528139076
927989,0.06307241632719611
220045,0.02302205066499014
468261,0.019713305695794082
402523,0.020732594414374955
131694,0.024417755610673386
315678,0.017649976389623193
702672,0.015372972170116486
638041,0.01900580518661241
206446,0.013045970167909383
278684,0.015437907196560078
699586,0.02054709615590106
748179,0.028222061687151863
348818,0.020449768401702595
631389,0.021672377209288506
351160,0.02176408258499606
122538,0.02726151065379144
954717,0.022240962344783653
481043,0.016107285150459803
735643,0.03189876231323175
891237,0.017151097199289513
747803,0.01867141777065125
510571,0.024273091245788043
697156,0.02439780869713643
981795,0.015520391237395932
720088,0.02304668697733331
772194,0.024745782791201647
846083,0.018190991463397126
878806,0.058619865811798955
440814,0.021228616669560923
705356,0.027856200742904885
760841,0.017507164678075022
579466,0.023939785556561035
194177,0.016443191134979863
361109,0.06837579795754234
620674,0.024864115638287842
694190,0.022740140581944318
819244,0.015897815703848277
458785,0.02103131659998343
542792,0.02858078318505705
759429,0.027396019887304928
164903,0.014837859668351818
444135,0.02279530575163923
713784,0.019536890258902286
277032,0.022508525874560866
583669,0.017145239326773105
170085,0.024504736215522363
465850,0.015846320102970213
771167,0.016707265752226728
414953,0.030356215973431386
176381,0.01626807292008381
658413,0.024236721649156804
888713,0.018932095260829996
238295,0.018748078555676798
143544,0.022591790539545534
568014,0.02054370649414203
267699,0.023095918091858604
242158,0.016981728412505483
332436,0.028156258975699004
301773,0.020015161254764064
244515,0.026386498479513368
609869,0.043015855400998525
409427,0.027542667711015406
471755,0.009691273437597313
587755,0.016443204674112453
943017,0.022237503107302173
784480,0.021096009062718524
917179,0.01937389488545538
786192,0.024402212600081574
607666,0.02103191764973445
592316,0.061392551324945935
910665,0.01431269768610787
483158,0.02345025346506058
852308,0.02972226505622246
780189,0.026207515081173458
423507,0.029170606271936093
198883,0.016211030117585314
849496,0.023967203227865625
178839,0.019074024939516456
439994,0.014217450538681406
427861,0.02095330230946175
308747,0.0315989344368219
733622,0.017734227902336707
105418,0.017458142260313395
371822,0.02203505362931475
396271,0.016693928632900347
853139,0.016034819450283507
475744,0.034767204913491105
160866,0.016382139880062683
403405,0.018282874090524866
123623,0.024327953157751166
790104,0.0658144184236203
885706,0.0298476031787396
550034,0.01931229560175835
169009,0.025760565921494043
223620,0.022260535818666348
829094,0.02576798780598536
265624,0.021633540186931227
159266,0.028243601017747262
952657,0.007822632606799974
442018,0.014954024936308
455529,0.017516245437089142
799555,0.01994636019565043
774715,0.028004374242491827
412726,0.016707122806335815
444785,0.018623443061051074
575995,0.012655461278485478
176478,0.03215121733638566
405252,0.02640297819472421
288735,0.0196584353552144
957139,0.0647622800403
456835,0.0208719129539616
391373,0.02764183615069161
994708,0.021853995648900008
958495,0.01933254127916999
895089,0.019429766999969185
949899,0.03476970986241313
868473,0.017284473357231645
761638,0.019271080445168582
943945,0.023226222798985854
226275,0.027247736943183685
213629,0.019408073330273046
768200,0.027628175144093714
539794,0.024459938818051377
525284,0.06349045872605541
365598,0.023657864821686362
795688,0.018041389068987543
101233,0.016818380233247925
808938,0.018176864491537693
546892,0.019465843237473517
951112,0.016926475515313736
938642,0.019777008429732162
277421,0.01991889612901916
870242,0.016272955137304892
654736,0.01952258180839461
213314,0.028857142353602736
171211,0.018583771108836293
746481,0.022343047771110146
438795,0.029299826758896114
570581,0.01986598591069613
687659,0.019675934938571216
132805,0.01112341157392476
835772,0.01972063166343918
249699,0.026807458831779818
997035,0.023722544366654313
188906,0.028475367324649406
404225,0.016999705238411638
462554,0.02668989851088544
247028,0.019782330408173718
176813,0.015132345345897717
215925,0.019733289733933197
174151,0.019297001519112022
845617,0.023870674447797204
245548,0.022294148258301078
328608,0.023265756513402132
758891,0.02019559362438327
204747,0.016453151923163437
584979,0.025736070371828065
440476,0.016576254314505535
699963,0.021198726416202185
868254,0.03190255002448403
867065,0.01980627253293454
228779,0.014180754566557785
477477,0.02040061044463262
455581,0.021566558719080565
161194,0.030658137916099133
761895,0.01606964674122912
823391,0.01645286332942109
272179,0.027855436569058298
737334,0.02068645903359185
698964,0.0161436124759936
147695,0.026339140716303378
887246,0.01590291404372467
678499,0.031468284326427676
933691,0.019402468547196402
504576,0.030061999709950528
289392,0.021641935394384137
182989,0.02613019616360434
512221,0.023654773812979375
775379,0.018845523612334016
535966,0.021738719761736056
354960,0.01576909605712537
797966,0.019714866677375924
312845,0.016492765313826867
836666,0.024791837121639262
112352,0.015116091639720462
164525,0.014913945597039447
231672,0.026089947087495808
718697,0.025121339796523885
107270,0.0244745662482613
454569,0.0244882274792797
954216,0.019582926544523985
586263,0.016825924961262853
420544,0.03160659638811544
404152,0.02620430764858779
506818,0.021778940718794975
423071,0.022443013257664908
707293,0.02871040911924855
441612,0.026352483811075758
443532,0.014514292460578117
444164,0.019933684007406596
356925,0.0282498278649117
120621,0.026146377565449387
690900,0.026124714279292208
395569,0.020023920339392213
434177,0.02958197859135134
865537,0.02231223820575144
206091,0.016991865221298103
986868,0.014099935704899225
649341,0.015849006094805423
460099,0.022850536762176816
535629,0.01667200003724645
974023,0.0499125975150783
871137,0.023518656929924667
603257,0.018535030410383152
569819,0.031047845766559588
468081,0.02460440854759069
487681,0.015413793772299558
633271,0.018341260257478453
662092,0.020738664915712066
979222,0.02735141522815089
246635,0.02626389063842936
704993,0.025792043257840975
952879,0.019918486948652753
220090,0.013667278787483922
719082,0.02477662654000323
715453,0.022664238024789517
303193,0.03145574421092372
565229,0.022800183130916456
163221,0.024591940697889645
931090,0.01454761748925388
848409,0.022968803138093696
702481,0.025123298299231028
874747,0.028806726472107917
359231,0.013009463094225817
348827,0.015979174527659682
757376,0.02382927958676257
783624,0.01823406463238476
628314,0.026899839286462272
823524,0.016210733159003447
429219,0.03144058425234852
369507,0.01677840891134346
861619,0.02222855926210364
228924,0.025508099961419492
987713,0.01979103092565272
510415,0.019375648882391277
627757,0.018253376592387762
562122,0.045811425633953656
328720,0.020481243708435504
384459,0.03242805477421359
691381,0.031160457021871833
584467,0.028373845171951725
102421,0.019078895082814976
354634,0.0262587619908278
609421,0.019264240825227416
394051,0.027929174692022787
806490,0.021411671917089453
969497,0.015737590327902742
863820,0.021940324771385154
754888,0.015029534725680735
363707,0.02223766913427459
696204,0.020235553389016524
694592,0.025616667403282462
179545,0.0256697524194771
731381,0.01994395391235558
529496,0.027015497542618064
334746,0.0328673710736791
251773,0.02078652635307478
774959,0.01487531772298319
869920,0.02502132402329942
341079,0.027246267021437714
835080,0.025781088626444282
254920,0.01817351916219454
133297,0.017316781696986843
886327,0.018473866140990555
111295,0.02180712186529038
629772,0.014197626167638438
565035,0.02672317099851029
214586,0.02460221037781666
913011,0.019832895766675032
903118,0.01645607609583853
860128,0.016142153148573857
212261,0.02211263242368668
393864,0.020390227197671168
884280,0.021346720703441995
703857,0.018649769788187585
247167,0.01621420493437759
598290,0.024920684398412607
827464,0.013700246238875183
101043,0.026633268275563622
193657,0.030746205429062687
694667,0.0132562197177796
227522,0.04487452986752863
707589,0.01811505590998396
636914,0.017724756523107742
484679,0.021911076175623864
640361,0.019795758832935127
182841,0.02151072847139198
621206,0.01672420438633615
529951,0.017898777735376032
280696,0.021463996300190236
822722,0.027444337201895253
469024,0.023285851010797026
676186,0.022589673474590715
629512,0.023309093630536154
881500,0.021785277032770202
118996,0.024938936834211868
310974,0.020864610247038635
568822,0.019680582823282704
127633,0.022497745880609262
655102,0.020626898423010492
950011,0.020251325061153607
456184,0.029423135640252094
474774,0.02195271748797764
250332,0.017818572766649745
946920,0.03005901252627136
796686,0.029919799446107113
296922,0.018795502989034586
866657,0.03543896696775481
588866,0.0279161678894014
314588,0.02337726236710906
868811,0.02554104598457388
493028,0.020514790283662605
602588,0.016443191134979863
631331,0.027878498112242123
101122,0.02127943746981852
167827,0.025150996111369596
150955,0.018384490930310655
356414,0.015989134163324856
111444,0.018667966721307633
193324,0.02090518113263969
143102,0.022247214136025
984033,0.025307374993591487
558972,0.022738558132771234
493276,0.0437878038876368
157882,0.0631497907520631
644411,0.019117383146569553
737540,0.01423891513977503
124433,0.021864741175373785
212570,0.019531875648188597
698134,0.023768303535750386
485498,0.017902572972554223
253914,0.026927767263465654
390335,0.01700087428361257
685469,0.012930512422585997
445184,0.030758029340253182
661262,0.01914862095947055
172234,0.02199851784479661
884986,0.028769915643871324
492725,0.02425285647587656
744706,0.016767394382730456
150299,0.018604693210083786
642420,0.01867141777065125
924149,0.025204700304166997
572327,0.015734914771914396
359038,0.01921508377920557
223353,0.02046385909538641
784409,0.017876582289525808
657316,0.01794683579688678
589960,0.022050182763461806
519255,0.017994026217399057
198773,0.027529574771327923
591082,0.02295158997507256
145641,0.01754964478442131
710477,0.019585515512433895
375206,0.01941239342351045
535344,0.01899959943059078
260050,0.019224160388399643
786429,0.01670445624367228
602292,0.019797722123913477
477336,0.02151324435764436
725286,0.02632501663123578
435975,0.017387666713276673
417842,0.025475564322397275
681239,0.02076542313504389
451636,0.02302869296415029
946838,0.015372972170116486
187677,0.01725089659165047
160029,0.025173019440735633
764054,0.02254599169067805
772134,0.020526607545034364
635190,0.023659240874376323
467184,0.0166369803819879
796022,0.01932742218442501
389575,0.016078630693650946
239568,0.016562294877201553
332880,0.05118946145601246
475059,0.010293881243392198
684491,0.016495974779181057
692583,0.02002623599082818
640566,0.0289783826363021
471828,0.02059966166219273
775744,0.023880858750788273
451060,0.021702816754399498
975263,0.027877075336706986
283171,0.019312289387792798
654331,0.016004018625862454
820728,0.021229116218396772
719722,0.029703111723464137
693847,0.029501851707262026
797220,0.025547163973438324
257911,0.029771714441705316
188982,0.019731226013393686
635991,0.03264119652528509
376016,0.026516043125641882
982702,0.02871104671449603
844857,0.016573658658796654
912640,0.014202312247700176
598724,0.04608823088236482
616266,0.01688926969451897
164990,0.02244589399126114
948561,0.01996503587163749
529899,0.023624939265996882
166383,0.020495815742507487
585987,0.026667720537745115
343924,0.01618406109752449
483889,0.017000230143290513
300707,0.02609688438437869
343161,0.027803611328328783
692395,0.02297270714837832
499971,0.020010335852520125
493781,0.02055361851833324
971611,0.02491423215548195
237123,0.04132933535279311
705003,0.02090788044868246
118128,0.010126349051525232
390321,0.018719513707611272
614422,0.030118416039054102
739938,0.01987787817659472
356578,0.03690805638749435
824688,0.027312217474804626
687524,0.020788780121324898
488052,0.024211244123122172
627472,0.023864568242026065
904745,0.0183305451884256
356835,0.02538764332047656
817286,0.016445838859329015
964775,0.028096927009734915
172972,0.016383930364380406
984639,0.02607578577196474
230409,0.01902689074564106
565750,0.012944965717144204
435200,0.022511345143397962
371628,0.02589262727553009
306364,0.028790723903459874
967357,0.018114402065493182
950621,0.02557881916201317
233225,0.01695156012133235
402284,0.027319706510689646
109015,0.029481528820830757
264299,0.016443191134979863
937778,0.025973088677352252
480237,0.02448655968154361
611062,0.01943293888465441
799983,0.02185982105787637
113059,0.024283833755760792
240645,0.027632007193616543
790134,0.02177221304352665
641573,0.021229559881202113
130446,0.02119477318705207
816174,0.021184274372445445
868280,0.018920053789782454
796846,0.0211907859526519
408100,0.014244703562805555
287217,0.022554667135097867
619505,0.01686178492489775
378295,0.01921265230277851
480771,0.02078910993945292
591048,0.022452459698805938
745022,0.019728740028196683
892058,0.020473356423164207
336579,0.01531716163420042
230000,0.027997205283323258
759251,0.025574137652738412
294813,0.021317947123949327
349684,0.025123756010958787
486162,0.046157284806504245
172958,0.02587457109844717
105358,0.02390473538929048
839466,0.02213538049584072
443570,0.02503908325831327
989774,0.013885085903877437
766354,0.023379130306175906
557968,0.015102912553826833
676304,0.01902760235042766
966846,0.018857226570761484
213252,0.019278958458240573
143054,0.0245467739930605
621191,0.013820696675234168
296823,0.023345675990551124
696520,0.033671599058926
624063,0.024733241551082828
677657,0.023635323027120778
364407,0.01395713427011015
764999,0.023203914221191526
982534,0.027727248702229857
381958,0.018539344981320188
662065,0.021425346697647594
402912,0.03177457928386197
642640,0.023549291855507647
354660,0.02256770696926649
348542,0.016916968815369315
867082,0.015377286015625484
716686,0.020502327581738058
898339,0.013827781237649713
688996,0.027799658091684
349676,0.017772367579654898
969098,0.01696232814902213
630900,0.014882527636743893
604994,0.014180754566557785
809665,0.023671260637846303
727350,0.020990389413715078
958937,0.023096060558299953
733731,0.044962683684702624
994580,0.018108540187849086
191175,0.01952185267320277
277130,0.026688777802302135
975823,0.020949304154841406
515254,0.023677233554244406
559780,0.03293648630492562
758696,0.022444546179546207
148853,0.029964449682859797
383643,0.0175411943633362
665783,0.026678107935159207
846439,0.01872747059081013
143956,0.017422671351383784
856959,0.019106555294603523
605205,0.025060839593018466
443923,0.030302730949885944
553218,0.01785139480148237
474000,0.022031602691909506
379496,0.0175352804356808
649145,0.018128422323478693
730598,0.03212009395551305
386344,0.03258638475748283
325450,0.02109027785694572
590514,0.01891556972959436
859268,0.019252252122363776
823062,0.032441189913317875
289954,0.01677508536517367
332749,0.020418913626389378
105406,0.018931104674253567
368184,0.028454342111131483
879021,0.025066402272000795
656568,0.014580223657091431
553931,0.022605561929325158
789290,0.016142159594792867
736462,0.01859365581848598
603559,0.023316741927818418
737083,0.028722019448713693
750544,0.020518974875917428
327439,0.023955017550029416
761154,0.015544044416271639
280614,0.02134249278349593
408122,0.02190133329686212
162752,0.025669595690216308
567981,0.02046854768383171
911867,0.023321760559819285
194667,0.017420061798102425
596023,0.017179086429970288
862073,0.018785271919293627
349201,0.020093335195196002
202367,0.0247537072775131
665433,0.018781687254387856
787283,0.027414044397933865
259273,0.017969128994360248
752931,0.019881678080865765
168291,0.025560164093292332
689764,0.018801719415056244
179403,0.02042963399692173
772891,0.021077520741765374
366519,0.02850995815684579
863086,0.02789101683878184
114520,0.016443191134979863
305104,0.02090345678773436
840126,0.02587359265382083
408495,0.01560173052269543
379489,0.042175491910039095
588431,0.020473009838092356
354372,0.019657631964800023
236320,0.020516162393640017
693022,0.022753213748179447
279070,0.02400623942504542
251896,0.01938609996125418
201307,0.025801828397827218
441238,0.030219428377745463
793593,0.025472406435039858
512968,0.017700209099155064
233265,0.0227931505096007
220162,0.024012956231300547
818459,0.025723206225916184
310098,0.016191753434032917
476899,0.017081358632298115
956458,0.023635743171066148
281213,0.02724824903979835
917308,0.029247355033331077
534627,0.02415654044683154
973434,0.021575061040438038
716720,0.01492488079671239
785481,0.017319634427508612
673663,0.02015571274529584
588607,0.01691689659862732
810400,0.06033133823131426
403791,0.019554795009041163
638784,0.01775968260913341
204059,0.016825156756366786
578017,0.020459374211595938
772271,0.017771566306394634
835515,0.017024332054568322
305309,0.01751666647443871
717091,0.026240567412109506
420263,0.02174097696279295
435809,0.01237171198938982
755537,0.027905830980871137
606768,0.020754696432167857
797313,0.03126013631888342
315576,0.017068624207581644
644959,0.02568892361685595
706159,0.01625635232687563
138665,0.01866991278480243
133179,0.016443191134979863
609724,0.020003338485100636
408727,0.025580151914011997
621833,0.016913383564105034
309588,0.01813873808415137
436379,0.014430322520045065
871548,0.0157033962651573
518799,0.017317342465996553
828568,0.017699858487988256
195758,0.0599494929198105
882208,0.017542466790077517
880387,0.02330851071470105
834878,0.03308360551279491
980040,0.020097967386574486
891988,0.018024727268228846
539291,0.01855495573698684
658517,0.022677820512914403
711906,0.022232711912398073
638931,0.020546131517176217
547208,0.01192687226431175
387465,0.03193231473867826
934463,0.020325906777090952
199746,0.018161469613162517
205498,0.020636392371092115
217203,0.023627985850713677
394137,0.03020723796825624
736215,0.021714397375268937
995558,0.016292316260445094
283522,0.014483222355476392
622566,0.021317029025256826
513777,0.02893276975234997
662834,0.022918497583715843
681947,0.016124888013556972
384757,0.01599350885850201
814254,0.01849899903039948
314673,0.027695698345202847
109537,0.012720878289144925
425468,0.02052484670517316
703519,0.01668630005214306
824840,0.015707252084078343
805769,0.024085971045113758
353694,0.021273728187359765
979015,0.017803088072119114
342424,0.023892875917261625
503510,0.02016798917306541
539588,0.016598498606718904
124805,0.027297117341804872
457463,0.028766785230436454
225931,0.025889015661021888
985475,0.026094220785796405
557071,0.02022845559079699
168366,0.019930631267477083
797675,0.06358145362616437
416342,0.019796286139203232
871865,0.02252422015437531
196377,0.016443191134979863
368361,0.016605129204273962
521359,0.021147068106496934
495952,0.022870845046632393
539883,0.021101184971808417
356144,0.020107067147400497
252264,0.019312496420231424
635140,0.020104138424609064
862724,0.02963085792074664
916429,0.024961202453674648
981318,0.02087096663011352
789556,0.02659080424088466
120283,0.019081638661329354
997034,0.019415581059659882
551545,0.014020546238993155
274436,0.02995821249837866
299498,0.028464034886332232
842154,0.021909674884671788
134733,0.02174669205446989
977340,0.018084213063981516
562919,0.02670849124558659
378268,0.022810513123626298
692068,0.016711924445815873
821316,0.022721062035013517
731658,0.02354208220963973
533623,0.022468854744378607
207754,0.015454143852942945
329872,0.026824616957507166
274211,0.02160524356648583
594486,0.02042036875217078
822361,0.020493334979222965
532830,0.015395255676577714
992345,0.021325184674715114
733035,0.025002389746181162
279764,0.020002362715512607
446235,0.021736457120725628
640304,0.02322803889481115
699771,0.016707236996251196
877461,0.022648034481526982
446288,0.022018086937873195
782516,0.014733535967167102
360740,0.019255347648036103
873662,0.02595502187580814
993424,0.019032769513224475
990981,0.023538046440021852
336522,0.04270550911932477
313182,0.017442789422441447
830507,0.018541798629705845
975133,0.02747984485202721
612332,0.02178872389248503
180086,0.01875804757022132
816582,0.027153906539834516
902050,0.021895000504037105
939928,0.017523486549435956
162319,0.019811275804763297
489237,0.02764485660466552
431213,0.028567579205122335
573633,0.01895661251595663
256516,0.01537662049044648
723541,0.025368534566145073
907829,0.018833054395176237
970618,0.027512408413556847
478957,0.01924455582624184
970153,0.024894228379892813
788317,0.020912955063843164
622017,0.01788583708042413
807787,0.016717731572859437
333553,0.028612175209635087
526367,0.022304657256888984
509462,0.02312206867015233
239604,0.02788834798446787
329948,0.017074167577327607
562160,0.015711371241456683
839063,0.017377781979699018
740963,0.02151138006141319
901376,0.01740055324923026
125327,0.028420378274044113
490167,0.0196870360714695
223181,0.017617891641033653
959196,0.021645879690538227
765553,0.01857540016800873
930133,0.021493736106741084
912243,0.02135932898258671
985323,0.016711392113899885
406540,0.023395639160973633
561388,0.016707287840183
285994,0.01886950605332578
394446,0.01809183448996662
149047,0.020730921114029355
947942,0.017649327172573386
557896,0.01929574700025744
930042,0.018975692549213365
417966,0.018088165928310324
632310,0.02128159026097314
138052,0.016053904415960222
118741,0.020201000183437533
624167,0.020090744151078047
578593,0.018457028419965285
146274,0.019345169914381094
356237,0.016559348093923267
495596,0.010077117322471438
409118,0.029247165105470662
837297,0.01418126632127995
408764,0.023508199876764557
394015,0.016602290820636422
168282,0.028355817405430393
352205,0.020507470448289808
289727,0.02176886006501111
443826,0.020010736216666044
324654,0.01454260516201831
849595,0.025590264187759258
133388,0.021316141749562457
865094,0.015555929824643589
204653,0.02331744740920727
237239,0.024852905791171342
484635,0.02179674253188993
931097,0.020713852268671125
727513,0.018860737231874262
981761,0.027843264817925043
394199,0.018169449888664053
146344,0.024197459247974548
645410,0.023366621967028572
174782,0.02473433723029908
708234,0.01353894747206627
572983,0.01878252846864361
506070,0.04757136366372195
957489,0.025202440610596063
859708,0.019913888439282292
532277,0.02112791932357266
475211,0.0327705537864412
507495,0.015796143692981723
371870,0.026134981447331392
292903,0.023108021470548162
533596,0.031191334680772655
334278,0.015270778494370873
722448,0.019321407093532406
981891,0.01812379047275243
344048,0.013877423344904724
264511,0.027771314168192864
443078,0.022234125924618185
826256,0.019561037612422002
934235,0.024142911731734527
916290,0.02599226075281049
174275,0.02358947068850988
197123,0.017348749383551867
451996,0.060082433757446145
116932,0.01624343244781055
894109,0.06644548616132821
823717,0.027091607672096157
854768,0.016185739055846964
460636,0.021164971534768495
488178,0.020282377389906146
178015,0.019322611543074904
806799,0.028395077897107667
374430,0.022872071202628352
944276,0.05403016925937416
777257,0.019566735487692
997075,0.02757295661722066
336118,0.02542615969676442
754092,0.01580548734234134
659757,0.01992561971002571
749027,0.02442580028973947
895286,0.018710198516252295
520747,0.019039181904661327
154801,0.02019238082566099
777586,0.01738202779276814
929380,0.020364826626719047
644663,0.013290429080248491
940828,0.02422977317934382
223393,0.017803488197780798
871080,0.021464245924984658
253127,0.015887393091433128
841021,0.02161513575642176
871306,0.024916039586360968
516122,0.03313664306530719
919527,0.02235755233757766
211315,0.019736381654656486
680432,0.019337496004580755
944440,0.025530344454449648
486307,0.029379000222029453
227732,0.02340580970279118
371922,0.021566293434000974
239468,0.0278022366429668
172788,0.016514215213301563
206485,0.025141004060737042
542086,0.023788819568101836
782618,0.012925551380825233
467307,0.024284450158240836
921873,0.01929810950168045
370313,0.022128979485541926
359141,0.027403912631217393
841636,0.02147978111919981
330305,0.017068660202633073
173635,0.012487036296031505
323747,0.02556230870274435
165258,0.02047792196992059
787481,0.021278283739090863
889121,0.029367053873027127
653697,0.02987856046680438
200383,0.02188033178937393
946642,0.03198522627328579
338941,0.020706239889893986
411143,0.015518737946338512
740120,0.023313862679888983
550728,0.017182029991196893
385388,0.04285294992504751
166874,0.01878370469685275
146405,0.013414190586825699
626797,0.01819443849704073
665692,0.01829534957050778
