ID,Target_appetency
877149,2.7495775e-09
109603,0.031503927
560424,0.00095742714
386592,4.8891994e-05
857379,0.0080896
585547,0.20189442
425127,0.0010501841
797931,0.023414914
645884,6.037795e-06
110203,0.11874274
442587,0.0005151093
727292,0.033735637
804369,0.0010565952
111301,2.1091212e-11
312651,0.014644191
847734,9.942195e-06
314882,5.267177e-06
334969,2.2265905e-09
352618,0.022097094
794130,0.039545402
299927,0.03950886
222274,0.00037879968
758024,0.9922438
788327,0.0018576779
864688,0.084056914
119718,0.49806353
408280,0.04052968
367423,0.9007422
866442,2.5274505e-06
588827,7.165955e-05
565426,0.013289685
818878,2.0905872e-13
423898,0.00010374721
984183,0.0028929797
786575,3.711861e-05
317739,1.749528e-05
352289,0.08266651
761981,1.9891334e-06
622995,0.004678717
785973,0.04499711
254437,1.8105906e-05
181934,0.00015624287
753576,2.1960008e-12
331452,0.0062755435
501512,0.71545064
350695,4.919318e-06
190803,0.0010589879
886789,0.11896973
879273,0.0015096961
571363,0.046616483
829376,0.31665114
750366,0.041689873
879384,5.767741e-09
111801,0.0001554188
919841,0.0009988985
634021,0.009731311
764737,1.571657e-06
525234,0.0001981007
405136,0.06367142
574901,0.0002985411
400202,0.047828402
207417,0.9309736
787199,0.00067898823
402016,0.012174816
656801,1.16877645e-05
619661,0.051047172
734906,0.0076696663
973592,0.0030550724
813507,0.19181634
717943,0.00013785533
502097,3.214693e-12
719164,0.7104025
374254,0.0006403448
338221,6.852565e-08
964075,0.002485306
739351,0.28150165
336214,0.022499757
845705,8.9096286e-10
598404,1.2081277e-07
474513,0.8698518
497100,0.047599
324394,0.0020900578
983001,9.418236e-05
121496,2.4307525e-11
302244,0.006212943
290355,2.0591668e-05
520141,0.0074652173
274870,2.8482186e-06
640908,0.0018669954
436509,0.0022124199
811324,0.00017601441
909865,1.25284175e-11
210079,2.216279e-08
304879,0.00044821834
706351,0.0062350477
984129,0.004955065
817221,0.0013281021
530553,5.082282e-09
281492,0.00034928706
483107,0.00021460904
117774,0.0003461519
455381,0.0006608685
410322,2.2142062e-10
992173,0.037891943
255408,0.02131684
929343,8.076068e-08
112583,0.38762364
218649,1.3159536e-10
902661,0.9947094
871563,0.0029844563
864742,0.036300685
642542,0.97385955
547402,1.0013455e-08
303137,0.00027258412
693551,8.234228e-07
449998,0.73260736
699054,1.280321e-06
141939,7.374509e-08
687870,0.0055385963
141454,8.2915954e-05
665557,0.99432063
318524,0.00027489773
649593,0.14429632
180856,0.16899562
473885,2.4504507e-06
347593,0.08459547
607389,2.0053285e-05
115091,0.15193376
531983,0.0013599654
812622,9.883137e-07
759359,4.3610802e-05
359039,0.0059199217
290606,5.863236e-11
996775,0.00010602813
157672,0.4153559
367117,0.13962577
875623,0.00010205315
103522,2.910006e-06
686120,0.034810275
688459,0.99288195
759690,1.1968375e-05
861354,0.3651704
619332,0.00107339
894958,0.0032178191
275030,2.0840353e-08
756109,3.5601875e-08
836312,2.3900207e-06
913369,4.5742823e-09
238971,9.1853785e-08
975165,0.008534883
644027,0.5932987
378354,6.071877e-07
327015,0.42023167
480506,4.8711514e-05
835233,0.0016857013
589847,0.0022738478
117808,0.0022256388
700298,0.0023039673
292380,1.2631174e-09
935982,0.022260014
213079,1.8266564e-12
443235,0.1391716
990423,0.035975374
532264,0.0011479267
568766,0.005835218
871595,0.00010797034
154705,0.970332
968468,3.2142445e-06
979680,1.0566473e-12
728562,0.00039071092
119147,0.0022330051
771053,0.0033579692
433332,0.5303223
581326,0.021767331
793141,6.4060237e-06
952945,0.0047637643
641745,0.16715506
797286,2.8915702e-12
537046,0.029831382
234857,0.00056391367
165100,0.0010099413
221395,0.009799743
858546,1.1082763e-05
748967,0.00023098855
532105,0.030313311
764698,0.042558733
704796,3.1031464e-05
567903,0.00018374884
787541,0.001840357
125797,0.0021847717
898641,0.003102352
243795,0.0060856044
480992,5.4467802e-11
382276,2.0218588e-06
772593,2.4882325e-05
669499,1.154216e-07
571802,0.56732357
125594,0.0040246164
393363,0.16279812
885943,2.8277384e-06
836265,2.3392282e-05
704526,1.6813548e-06
230111,0.00055032904
477153,0.3604384
663986,0.0012875336
962564,0.620612
746261,0.010565678
351264,0.001483392
119021,0.00032235967
794707,9.017357e-09
116490,9.147262e-07
136921,1.7232591e-09
453127,0.00045918068
371985,0.0007411262
270598,6.953875e-05
531926,0.019807858
292404,1.8821082e-05
959733,0.3507889
925602,0.0019622825
724704,0.029862583
150282,3.3440995e-06
330112,6.9522765e-05
695583,7.1618565e-11
653776,0.026863094
923278,1.6083273e-08
875912,1.3368211e-12
580094,0.97262895
268243,0.00026868
162782,0.0101280315
648936,0.8271534
611249,0.0005291684
374540,0.007044574
939172,0.0023105654
835113,0.024727771
283850,0.003389883
665602,4.629133e-06
365708,0.011254368
931762,1.434393e-07
509137,1.9468096e-06
966306,0.004842589
230712,1.5158456e-08
543674,0.6938503
217003,5.7200683e-05
301652,0.003996051
177659,0.00010348843
363364,0.027150143
979115,0.0047947573
310977,0.0018987067
339539,0.00070468895
449694,3.607112e-07
756545,0.010001472
975052,6.3240876e-08
547416,0.0023700532
682990,0.00036222683
380700,0.0003299036
760484,0.00044116986
589231,0.0005327046
925935,0.13108476
782147,5.0126084e-07
433111,9.161194e-06
165086,0.003605607
541330,2.037911e-06
609900,0.9631415
166529,3.7787825e-06
622779,0.11208277
550509,0.02774918
978305,0.00011121137
411295,0.014542452
379781,0.9685453
877739,0.002259029
890856,0.054063585
448302,2.6446445e-10
106958,2.063686e-06
764785,0.11222386
500525,0.0014026413
621967,0.00010466247
573582,2.2413146e-06
505334,4.5839883e-07
418144,0.06873611
750749,2.8812208e-06
832967,0.023258485
732595,7.897549e-07
814705,2.8747389e-05
288605,6.2456496e-10
266990,0.004598143
142016,0.51758856
489454,0.23851363
176509,0.0010984656
350013,0.017191637
553657,0.013575775
224899,0.19864406
995553,0.072045155
466130,0.00015598087
890093,0.0050074114
793826,9.565826e-13
905113,0.99366796
742987,0.41378763
697769,2.6855982e-06
340599,2.5495172e-05
802241,1.414379e-09
754965,1.6594638e-06
316873,0.0017923904
650303,0.0014770686
956499,0.00148146
970583,0.0008010482
394998,0.9998472
420196,2.1558688e-12
145730,1.2538619e-06
538022,1.4512849e-06
694138,0.0015473416
383464,1.8657545e-10
493842,8.7406595e-05
132891,0.00052505353
963545,4.3310112e-07
296815,0.0018764811
702210,2.6855915e-09
351419,0.00011469055
231323,0.00032407825
287502,0.061535552
902096,1.3702184e-11
365650,0.00088286906
687570,1.323144e-06
640333,0.32064328
400673,1.0813956e-12
957857,0.00010037689
120551,7.596515e-05
808636,1.4726692e-07
364667,4.8738002e-05
667671,0.014909241
466716,0.00018556003
714118,8.292307e-05
194461,3.6796006e-09
578190,8.625039e-14
286361,2.0358351e-05
868147,1.704407e-10
343337,4.439498e-08
230993,5.532678e-07
720326,0.019887341
373093,1.0450944e-08
527285,0.0014236228
598937,0.00011931563
499209,0.78421694
172521,0.00030684425
624241,3.4549573e-06
610712,3.6432542e-05
907588,0.00022767203
305705,3.406408e-07
686960,0.001763097
553754,9.606201e-05
559579,3.3513754e-09
349196,0.00019576892
115575,0.045734428
602480,0.35377887
185877,1.6912598e-07
183038,0.00045933021
283952,0.0001616694
313345,2.8297807e-06
148901,0.0016664576
108006,0.048175324
121934,1.4895179e-05
991479,0.0014774648
664234,1.7165195e-07
565815,3.5756493e-05
704028,3.3851743e-06
824578,0.00032778393
532721,2.3298626e-06
600520,1.6972253e-07
945744,4.676529e-05
614781,0.0072995774
181226,4.3290915e-05
593690,0.0012454216
234794,0.00092104485
449189,0.00500606
453616,0.000715103
452231,7.517233e-05
790031,7.838859e-08
847176,0.00056676246
116882,0.009906246
287485,0.010408286
408327,5.554944e-06
175273,0.0013418354
896140,0.058491517
712451,0.01627172
437439,8.988184e-06
756262,5.714803e-10
887273,0.002638356
700566,0.07259464
989809,0.014009697
614651,0.0015463657
966020,5.0289636e-05
133516,0.057610173
374458,0.0037397793
632279,0.33818382
238069,0.014964367
349102,0.03125456
170028,2.0323359e-09
475618,6.5428874e-05
543547,0.4067948
303994,0.003151929
335538,5.7142856e-08
890423,4.3168398e-09
202800,1.7710016e-05
860599,0.0030531718
296910,1.5503927e-07
444626,0.0055205505
632961,0.93302727
515121,0.007913661
204858,0.0035193807
710826,6.808363e-05
869548,3.8371015e-11
766452,0.000585742
531437,1.3033552e-05
939799,0.00013275945
108790,4.905322e-15
314911,0.00073972985
126724,0.9110119
264503,0.8173676
919152,0.10815013
609381,9.839137e-10
561980,7.2621387e-10
930012,0.5962074
978536,4.075159e-05
697809,0.9967881
510356,0.00036346883
666857,0.03178898
311830,2.5683855e-06
438738,4.7905715e-09
633091,0.0025772455
190590,8.408166e-08
597161,1.667016e-09
468540,0.09396617
811133,2.397192e-07
632570,3.5622402e-06
893640,0.001230267
530953,0.99990624
607512,0.0062392424
117142,0.83947444
446964,0.22636989
704925,6.875463e-08
827489,0.00047592897
922217,0.00010386946
347987,0.00023771368
840973,0.12401403
878309,0.0319268
233557,0.04703659
503732,2.2878382e-13
312701,1.4489918e-09
536309,0.012463414
344080,9.278841e-05
662291,7.062689e-06
977673,0.030726604
712236,0.07638928
429289,0.008293598
368151,0.0001940362
744846,3.726694e-11
588316,0.00012604658
571967,2.2965585e-05
177018,0.00016227143
430130,0.011351141
334540,0.00014478655
385132,0.018681
762178,0.2834423
355589,0.00035684765
561860,1.4490676e-07
360605,3.1170508e-05
814690,0.0024715296
454885,0.00027362068
151025,7.8470175e-06
589137,0.5029296
283265,0.0036589943
976374,0.022585277
497082,0.38608316
336490,0.00016094497
387169,2.5182972e-05
586600,2.6117812e-07
919994,6.84065e-06
638047,7.514865e-09
746542,6.324114e-06
838267,6.931913e-06
389321,9.825709e-06
141364,0.00010486006
230418,0.00018498448
554528,1.6711573e-06
671985,2.316635e-09
679716,0.016200043
539967,0.40955505
646707,0.002224536
712589,9.514612e-11
179571,7.588484e-07
389120,4.5949197e-05
954253,8.055771e-09
516025,0.0049240477
294436,0.0097491555
747946,9.329456e-05
325976,0.010934836
974706,9.487219e-05
638292,0.051470958
288410,1.650552e-08
190521,0.017686026
665003,0.0015404829
916041,0.26862818
414593,0.25408554
606669,0.018526308
481587,2.8890295e-06
550969,0.0009531444
161130,0.00014990928
776625,0.013662097
474594,0.00045402502
219913,2.4603582e-06
867270,0.00075937895
357253,0.01704033
762075,2.3976727e-05
716241,1.2884293e-07
615201,0.45644477
312337,1.1443259e-06
731785,0.072509855
388514,0.0004197741
430109,1.7019446e-10
414162,0.002047631
898025,0.0004534988
674826,2.1540313e-06
914661,0.8544893
240875,0.023920473
960333,1.2180952e-12
893965,2.73029e-07
182240,0.02221951
303756,0.0044164616
214003,2.8409366e-05
172468,1.2501897e-07
210888,4.424853e-21
361234,0.44297543
112025,7.0024436e-07
939430,0.045661252
643321,0.013374431
478702,0.010397752
804573,1.0241837e-06
815391,1.5360463e-06
659182,0.00827726
609667,7.8266293e-10
986513,1.808916e-15
630928,0.0070429025
901291,1.3199237e-05
379833,1.3703612e-09
715234,3.2304789e-07
885745,2.4533345e-05
832318,0.008566783
685614,1.2280945e-05
600706,1.613938e-05
717976,0.0026152052
200129,0.00038774847
580462,0.00011584796
217885,0.0051967767
157944,2.142281e-08
907642,1.8824743e-05
148682,0.0024027124
796697,0.8278239
932438,0.07524948
537446,8.7827015e-05
836905,7.5745354e-22
814831,0.0057502086
488075,0.000119139855
475963,9.981974e-05
507637,0.028987586
387282,0.0006085087
142248,7.6014635e-07
300757,0.0007617097
426888,0.040852766
829915,1.4698866e-05
947408,0.04140724
592651,0.0006815478
465539,0.008920691
765956,0.5704902
758632,1.9884881e-05
317994,6.2860886e-06
150129,0.00023473262
657256,1.6459908e-05
711005,2.691993e-08
647037,0.0013474368
365453,5.958137e-11
448238,0.0052522356
531959,9.299554e-07
619956,0.001042382
901127,1.0222838e-06
494484,1.8939874e-13
679809,0.0007727341
280570,8.374327e-06
711554,3.038197e-07
998697,0.115245
675494,0.0030783624
303648,0.00029785308
876953,0.0079051405
255297,0.9182347
359745,1.11675704e-13
659955,0.54196155
663769,0.004906747
834167,0.014845492
852295,0.00436257
844733,1.77037e-05
307301,0.009383526
440445,0.00051508157
513637,0.082662806
566209,5.9110662e-05
148358,5.2756255e-05
938183,0.47464162
973620,5.5989472e-05
930234,1.10045136e-07
299228,2.2230363e-07
226527,0.006634588
314297,0.101321205
581997,0.0013355408
773658,5.597396e-15
985479,0.0009877736
299785,2.4944491e-08
301544,7.53345e-09
717725,8.102161e-11
655320,0.02614183
311487,2.0999616e-06
397308,0.002510236
861309,0.004861714
513104,0.00052686135
452736,0.043607444
849964,1.47563926e-08
257828,0.07445806
139212,0.01977083
235443,5.7633244e-15
222364,0.00017451722
987748,4.104276e-11
905224,0.007964895
513680,0.018359186
115424,0.015259223
761617,0.00913954
547318,0.035242703
799385,0.043188397
306911,1.7227627e-05
379548,0.8361826
546548,1.5415421e-06
296526,0.009859697
157683,0.0017471935
578166,0.0008865914
377840,0.022581672
357364,3.3363237e-06
393373,0.0019885236
724139,1.9219974e-06
918331,0.0057443376
841507,0.0001251172
151775,4.4520736e-08
318691,7.544248e-13
696721,2.3381242e-05
424418,0.0023107599
880029,0.0018802832
223617,9.2229775e-06
117946,0.0078724595
170647,0.00047082378
909096,0.07782288
533192,0.0008455692
367743,4.571254e-07
171809,9.389175e-11
276281,6.6400054e-05
191735,0.030583903
680425,0.00091577694
743853,0.0077990964
790966,8.416049e-05
585626,0.0042481674
255891,0.00070605264
665450,0.26018894
728010,0.06798439
973919,7.566663e-06
595916,0.2540022
935332,0.5314353
718428,4.1138308e-05
465958,0.049972698
431534,1.4873935e-09
995561,0.00027552934
703648,0.0009766471
337482,3.854768e-06
274841,0.083189785
426611,0.005090059
775892,3.6161457e-10
835467,0.04792755
850700,0.008738669
820617,3.0751332e-07
382934,0.00012394151
677321,0.0074842675
328956,7.845947e-06
376595,9.1426555e-09
348917,0.0189055
462756,0.0031916224
315729,0.0006104035
382182,0.021870952
638175,0.00016406091
171401,0.0005692914
271742,1.6930326e-08
225841,0.022163913
476562,3.7949463e-10
290867,0.0004965873
870648,0.0020344276
598218,0.75761086
454261,0.0009849614
846934,0.00015107133
205471,2.143773e-08
654808,0.007404114
531427,0.02829132
466767,0.026811669
271221,0.22109635
487277,0.027820349
855702,1.4127245e-07
608166,1.2351916e-06
175888,0.0074405684
420260,4.384364e-06
739771,0.00013229491
583157,0.00010019557
716124,4.77083e-09
968671,0.039470207
405775,0.17205201
751607,0.0037817678
607958,0.00011021771
464488,6.0638135e-28
996877,0.1867183
565338,0.002258383
108816,0.00026354694
801448,0.0035082728
752572,4.5855204e-15
766352,0.0011274875
498191,0.12780125
724445,0.00029624475
698913,4.7572635e-09
678175,0.0035965955
879993,0.20789056
627176,5.0100414e-08
681587,0.00033228198
854026,1.4889888e-09
655713,1.8252343e-06
677117,0.05166361
886901,0.00031975433
511347,2.6636928e-07
198535,0.695945
162312,0.00031177144
138165,0.0006661339
948839,0.00033906382
812270,6.6815206e-05
994935,2.8644653e-11
195888,0.00012304563
955058,7.23185e-11
772740,0.0024192869
488222,0.020982904
757614,0.99971765
421534,0.0006974589
531384,0.014408404
975072,0.0020623046
785996,4.8813245e-06
607639,0.017125795
740231,0.010978822
774534,8.5754015e-10
684904,1.8741477e-09
504955,0.013633575
584604,0.00016507444
947601,0.0
732783,0.34290552
514561,0.03587014
613334,9.630391e-06
708400,0.3621564
538336,0.019979775
869958,1.1148147e-08
317410,0.85561776
985403,1.4250736e-11
646238,0.038508903
617422,0.01261935
754273,0.0037302226
574323,3.672441e-06
114804,0.002898906
206722,3.538839e-06
728811,0.04895123
116681,3.4038482e-08
361824,0.012205199
993396,5.639009e-10
930518,0.9709784
336550,6.572705e-05
914659,0.0001529463
369860,0.0016578139
125692,2.0542886e-05
859354,0.8945341
172056,0.025803758
433977,1.1343309e-05
649667,3.7858673e-13
106922,0.00013829852
132543,0.00033391392
915063,0.00019254468
937006,3.7796149e-06
692769,5.913203e-05
953062,0.0035397068
476609,0.46375984
981311,0.000522594
725449,3.1939202e-05
367224,0.0020692528
423147,3.6516194e-06
816088,9.3892925e-07
362337,0.00026278972
829515,1.1933613e-05
267341,4.5706303e-12
459542,1.9818705e-13
369807,0.99973935
121699,9.063863e-06
801359,0.16003087
564951,0.0024053997
125514,0.00019853597
195763,1.4203802e-07
577848,0.0009011067
617490,8.203402e-12
926805,0.00014422629
280128,0.00015750265
778841,0.07360349
724922,8.068701e-05
350617,0.0043111285
211455,5.8445433e-08
678027,0.0023049386
144758,4.1646163e-07
601881,0.00038032405
963264,0.000739052
622920,2.9854252e-08
583386,0.0071328375
982969,0.0002016353
425907,2.0130205e-08
287507,3.9865823e-05
897283,0.00046845598
464252,0.016283233
763228,9.024777e-08
361639,0.015501844
324561,0.0004386521
647821,0.00666036
799470,0.2619718
797778,1.0967486e-05
277798,0.00073255604
718974,0.001382875
399957,9.978983e-07
464507,0.7441088
210216,0.00083374645
457272,2.1723562e-11
207132,0.00015863456
854234,0.0013158722
810270,0.00019521607
763594,5.5820263e-05
462850,6.715338e-05
653092,0.99623907
226316,0.004562684
224981,0.00057394174
198415,0.012801789
961651,0.0019316671
216875,0.00016812018
671850,2.4607314e-06
810473,0.9994105
534099,0.71048546
423275,0.00019838913
643142,0.8383696
664761,0.0025186914
597393,0.0142038325
977347,0.00055429415
629069,0.083999775
481324,2.1576508e-07
692746,0.056056734
863125,0.0004383628
121000,0.0012997765
888569,0.0060345777
763410,4.0155846e-06
272569,4.5255665e-06
108616,0.0021768233
417142,1.5733216e-06
898655,0.4531522
673555,0.0014887319
194366,0.00015502643
909429,1.1757457e-13
206874,1.3257016e-05
725526,0.0066070124
892232,0.34848037
319714,4.7062036e-05
737581,0.0007020473
632326,8.627807e-09
719554,0.00013365508
382162,0.00016413351
919757,8.410577e-05
712686,0.0791632
424035,0.0031001521
849317,0.0017959065
323426,1.1369615e-05
507276,0.0006113374
804550,0.00016032645
562694,0.0028862748
859242,8.1964965e-05
466237,0.0048808227
303873,0.0075309468
182330,0.009024747
779631,0.9777534
136101,0.002227196
239283,1.5091092e-05
445970,0.00034614894
890082,0.9402542
344655,1.15478635e-07
626288,0.00052615674
365092,0.0037335132
525270,0.007989945
248396,0.008956059
979931,0.0001781923
953518,0.9357627
733445,4.4282897e-09
167549,0.0025760715
288023,0.017591711
977163,2.9723413e-05
679618,0.0006727028
327369,0.10541096
975973,2.4068744e-10
902502,3.820479e-07
290432,0.0013876421
307907,0.32856688
641153,0.00026906372
550146,0.0044016
632605,5.017164e-09
766988,0.005728544
515415,1.6034766e-05
601006,0.55402803
438324,0.004543702
438208,0.0010045479
807223,0.022768328
622502,0.8443458
112632,0.00047345296
591780,1.7299048e-05
833323,8.0357455e-07
859387,0.06292369
578511,4.3003707e-09
664322,3.8334143e-05
398728,5.7936268e-06
346127,0.00022996363
219835,0.036262725
874191,1.7574775e-14
112111,8.573308e-10
312287,0.007593499
113732,0.01500375
865965,0.0865077
614922,0.0024549577
307934,0.0006500188
212979,3.720998e-05
258855,0.049224865
833023,0.011732719
752165,5.487174e-05
489129,1.5909196e-05
212064,0.10454638
426651,0.3036595
841397,0.0001490376
409941,0.98955685
551486,0.0014909464
524021,0.020586807
848220,0.0039344635
289710,2.0210727e-08
405209,3.2237274e-06
683567,0.005117064
869766,3.9795625e-05
913478,1.0750926e-05
167610,0.07546253
120864,0.02418544
336458,0.002152963
517131,0.09462292
721969,0.99817455
911013,0.99587345
450884,0.06306696
213333,0.47817868
931539,9.469051e-06
654377,2.002609e-05
494418,0.7524517
679745,2.521977e-07
589771,0.004687643
186540,0.75669974
755834,0.0021085897
991047,0.21767783
853664,0.00021330302
650375,6.754992e-08
475619,0.03840932
873626,0.0012839058
501176,5.5922833e-08
575644,0.0034617616
469373,5.1059722e-08
648421,9.46332e-05
856252,0.00038153736
801006,0.0017948048
172650,4.6733327e-05
205679,0.004240107
445368,0.0015417043
114722,1.0441239e-06
701474,0.036979456
867215,0.7432133
569590,3.164844e-06
142768,0.0006063585
837338,0.0010066177
340835,4.4040986e-05
284936,0.07128258
794327,0.00021249086
424600,1.7256126e-07
499550,1.5885597e-06
503362,1.0912356e-08
505993,9.453413e-12
800352,0.21434808
779125,0.003200175
426919,2.2721249e-14
833402,0.07294894
509245,2.1010362e-07
974717,2.1096648e-06
678840,0.0023516205
781804,0.012869876
397395,0.0077458336
488304,3.488099e-08
409872,0.22071004
102312,0.9842852
929830,3.6207197e-11
495637,1.2990121e-08
575314,4.925923e-05
665366,0.0017754905
684630,0.0087503
848046,6.1574104e-07
686457,0.005359327
312219,2.7983552e-07
587159,0.011718005
554545,7.625276e-09
826975,1.770464e-07
301871,7.1174253e-07
749754,0.0001189174
225726,0.00037553886
288147,5.299969e-09
748015,0.028985903
307389,0.9758722
403270,0.016203213
167520,0.014446181
480000,0.109302916
847783,0.268424
124249,1.5299216e-08
333767,0.027731987
585535,0.0052539855
552045,0.03238929
825714,7.2075794e-09
124307,3.9383318e-05
134486,0.090532176
120223,3.5589397e-07
203690,0.0033152825
370912,1.3337296e-07
373667,0.0013072537
433497,0.006829253
311334,2.6728825e-05
136523,7.36416e-06
689620,0.0008836266
741784,2.0010973e-06
206868,1.2229964e-05
446443,0.042961244
852672,0.0003327318
554468,0.0069274856
343815,0.0022761566
892563,0.0015373916
154615,0.00043900518
333850,0.49003914
539098,0.00028076826
297417,0.011236792
172852,2.2675216e-07
418262,0.041424047
814411,2.9929395e-06
663281,4.521796e-05
323985,0.39485738
387130,1.4093862e-09
461699,0.8342899
658977,0.013694983
633317,9.941749e-08
692897,0.2268519
793398,0.003657823
514989,1.9531193e-05
314892,0.03861254
730842,0.86872643
536829,0.0034518726
108095,0.00042517792
746240,4.446325e-06
495594,0.015232077
774559,0.00017913572
116386,1.1279626e-07
142414,6.08211e-06
404049,4.2714302e-05
569353,0.000373256
203404,3.890181e-15
674234,3.1562408e-07
220093,4.0349426e-09
138909,1.6194913e-09
752665,0.017104521
676216,0.0004438645
223552,0.0011898658
455875,4.0198945e-05
223928,0.0001165779
358208,0.043341104
501031,8.630791e-05
891326,0.00020920378
372765,0.0003020767
919235,0.0335067
937879,0.040123176
788062,0.004516421
161523,0.00010695404
834010,2.365689e-05
519302,0.0010987907
165287,0.000112587935
760184,0.00035902899
950078,0.019586286
402514,0.57055366
872757,0.0006358857
627574,0.00020946086
601712,0.006045929
892412,0.0004151307
708761,3.287792e-11
151988,0.37813258
482771,6.594722e-05
883007,0.0013446318
346369,0.0007435357
497255,2.6243376e-07
825335,2.2373499e-05
236089,0.019427823
497476,0.04565446
945915,8.609025e-05
873691,1.8256796e-14
861074,0.030623484
441676,0.0067580035
575459,1.7470506e-06
814378,0.0031000846
825183,0.025960093
972371,0.0008894242
562663,0.004118242
872394,0.10252168
127519,3.605372e-06
587073,2.4631585e-13
371696,3.7727725e-06
376549,1.4610998e-05
820830,6.88244e-05
421655,0.0007584052
167386,0.014694635
445502,0.00046414582
476149,0.0002446908
633782,9.151957e-05
492481,4.3997016e-08
894253,1.6540725e-05
758414,0.0014908067
541338,0.0055882023
483149,1.8100714e-12
100130,0.00015936927
634312,0.00069551676
912949,0.012525648
167262,0.018655416
412287,0.00481315
956757,0.012641816
592937,0.08768705
812141,0.6437908
737947,5.9687567e-12
285076,0.009470626
783270,0.032263905
279004,0.96513695
124822,5.6253953e-06
126681,5.9297e-07
721536,0.004996137
330907,5.8709444e-05
729689,0.01376242
275422,8.980095e-07
868720,7.549045e-07
673642,2.9544365e-06
749711,2.6028724e-06
112029,4.5781647e-07
271618,0.046521593
129716,0.005438174
306179,0.09150753
124393,0.0005516643
359967,1.7396456e-05
242939,2.517041e-12
244456,5.547843e-08
781230,6.042261e-07
737953,1.7574516e-32
731823,0.9748263
788424,0.0009120326
811646,0.0008301517
618815,0.011632765
236734,0.0670366
248179,0.0032450983
845244,0.064774156
103933,0.0003731905
755176,3.0587276e-07
141567,0.074311055
861689,0.0020482994
231455,0.0005888279
411977,0.0772963
678038,0.040788777
734909,1.7125299e-07
239615,0.011776512
549169,0.00042490542
483676,0.005011861
121379,0.001883506
263074,0.011904798
802623,8.553177e-05
613930,0.005768331
875462,0.99615526
137324,0.21665573
494874,0.95773363
475530,0.016534163
296747,2.1251722e-07
903949,0.342226
205123,2.0446953e-06
775565,0.0062321327
312341,0.017586706
590469,3.7129943e-05
210455,0.0070653777
129283,0.0024538531
676883,0.0012195434
553740,0.37928477
831028,0.0037495098
696913,0.0052664527
696940,0.0003354595
985781,0.004130642
631748,0.012059278
585618,0.0016433247
850026,0.0001653416
431439,0.0003060878
495334,0.93923193
618168,4.2717726e-05
261714,0.0006786427
736756,0.06226578
353383,1.5766918e-05
523054,0.006280383
573258,1.3271147e-06
291880,5.664622e-07
717667,1.8329124e-10
606671,0.16854788
699507,0.107054755
121433,0.00700918
947094,0.00012825511
920054,0.0006468688
840345,0.101449735
643100,0.6170802
163729,0.82916653
201647,0.0008233095
431857,0.50250936
226023,0.0038482668
731507,0.00014473661
271697,0.9901358
118126,9.576116e-14
605506,0.065203734
928953,5.068061e-05
840391,0.0010382738
323899,1.6492544e-05
962563,0.13384522
469922,0.0006544091
715505,0.005081561
112645,4.8542355e-05
445782,3.9414263e-06
167924,7.151723e-16
757122,0.0005179049
121188,0.08294273
111175,3.389754e-05
831381,0.010950442
554221,0.089899495
201771,0.00892325
376204,1.8801137e-08
142518,0.015194927
570205,0.005251419
454507,0.00040439662
504849,4.4748376e-07
566538,3.8564078e-05
320627,9.340929e-11
718400,0.05455248
719497,0.0041606906
941410,0.32258067
548567,0.13330293
837137,0.0068587796
554549,0.014945191
500949,0.060589384
732705,0.18783131
413378,0.85954535
974231,0.007505287
594905,0.017565902
966349,7.5811013e-06
555667,0.00045964535
966183,1.7204624e-06
488856,3.1431307e-06
553220,0.0010560035
709648,0.0003274713
515211,2.4340625e-07
332516,2.157827e-12
161101,0.8172067
215185,1.571673e-08
405986,0.98672646
900855,4.425063e-07
786197,0.0047437674
264183,0.30837944
319021,0.10487442
443503,0.00036639688
636962,0.005233271
255097,7.757847e-06
893930,0.0012068806
236469,0.0013143854
372423,1.4557494e-05
239421,0.7615509
144338,1.7381429e-06
766389,0.99963814
417033,0.0037944773
528138,9.370593e-06
927531,2.9773616e-08
723599,0.75214285
796536,0.20974733
792538,7.36119e-06
952419,0.00010192341
804715,0.00015827436
365622,0.041922443
669118,9.473824e-07
426709,0.003435734
548477,6.138122e-05
104881,3.3476244e-17
639061,0.0049609058
777417,7.159921e-10
219525,0.0147273345
860572,0.64014584
668385,0.10852758
473964,0.0017576946
117635,5.6348426e-07
739324,0.00019204651
647997,0.00010656626
122117,0.00010503681
309780,9.485388e-14
605854,0.09548608
210263,0.0017660089
350558,0.0009208552
780758,1.9432166e-08
750620,0.0012593272
892174,1.049866e-05
449101,0.06430733
615125,0.0005842711
175063,7.742614e-08
638606,1.9429888e-05
738743,0.012875608
482012,0.0027374367
452462,0.0010839909
633349,0.00013797566
923539,0.005356745
211391,0.0007555352
682666,8.32126e-09
626449,0.8782658
188905,0.9884097
867182,4.5869882e-07
851809,0.602926
266308,0.0024095662
838198,4.826531e-06
616825,0.00031300235
214931,1.3601323e-05
572154,0.00024634696
989055,0.0049630553
348846,0.57094914
569850,4.5493627e-09
777558,0.0026000848
107010,0.9989163
526107,0.0137379
107635,0.002032803
882567,1.8304605e-05
367026,0.0075159715
409741,0.00038227937
317346,8.5894346e-05
494714,0.0015607271
242773,8.3243955e-05
604827,1.0107076e-07
812219,0.00507904
150190,1.6502723e-06
888581,0.44656634
661903,3.6031472e-10
781433,0.01877251
468901,0.00040218816
534296,3.4237598e-08
758346,0.0009090499
653420,0.9608538
624794,0.00024533368
674345,7.845376e-09
344258,1.7649085e-05
167356,2.9445322e-12
450154,2.8549966e-05
476345,0.030701993
554912,0.0089744795
134879,6.373869e-05
674232,0.01258272
357771,9.529238e-06
918630,0.00030992483
941320,0.019105779
440169,1.7945791e-05
161587,3.016224e-07
932094,0.050145477
556000,1.0302751e-05
919114,4.511428e-06
925129,1.7521763e-06
331847,2.0839278e-05
199638,0.00061434606
690942,0.00038993068
644254,3.7712187e-05
163437,9.4899064e-05
416474,0.013475182
848859,0.0005606829
657549,0.022586623
418593,0.0011882947
143293,1.165055e-05
251296,0.0008403623
699235,0.003098517
475721,0.00013827662
565881,4.856918e-12
336264,8.099306e-05
895517,0.00029075038
887733,0.07944696
804901,1.1516256e-07
670914,0.005348525
960565,0.015799072
643464,1.2907019e-11
128874,0.00016141233
728817,0.0013072537
561025,0.00034590022
475582,0.001756717
184620,4.166012e-09
566502,0.0005358035
891652,0.00045370718
407356,0.640336
164347,0.00089879194
242809,0.0030265024
974875,5.827578e-07
830430,0.83618474
208715,0.004022834
634062,0.0016151005
184425,0.0017851178
140664,0.008030659
462857,9.153775e-12
479515,0.00014625127
843883,0.009833701
152212,0.00073976937
894449,0.010132258
764738,0.00021576788
177374,2.8217119e-05
962707,0.8172406
536792,4.1141477e-09
658854,0.0011899638
873246,0.27767372
427605,0.00052012916
765742,0.0008688365
979260,0.009149027
836736,0.0017552266
748399,0.00012546833
470735,2.031766e-09
397639,0.99904346
578987,0.0049693417
564847,2.383851e-07
673733,0.00018820561
941269,3.090502e-06
894172,4.1813695e-05
443037,0.15151088
452149,0.0008319394
271649,0.14393236
936111,1.09582215e-05
777645,0.0016372178
992255,0.0011227406
728919,0.25118864
469332,8.348751e-08
855837,1.7394475e-08
329973,0.036195308
991900,0.1625337
339242,2.075582e-08
330619,0.5112704
991287,2.3190605e-06
838331,0.009862612
969564,0.004235485
787519,8.116961e-08
630267,0.062878184
531787,1.3064164e-05
153541,9.698215e-06
780895,1.1094457e-06
754582,0.0011610559
967222,0.22540197
817742,0.009784232
108835,3.5608884e-06
502889,0.7573365
625854,0.09425974
836766,4.06051e-06
307202,0.0126051055
906272,0.0034583153
425952,0.10754358
754264,0.042160932
308900,0.0009310929
325035,0.8724252
779823,6.461226e-09
233015,0.45427844
154519,0.0010637322
799797,0.025285894
111747,0.0005260908
316650,2.9322275e-05
380177,0.023492275
905694,0.0149503155
679899,0.0033640966
904997,1.6818892e-09
530421,0.0017867764
880439,0.005448008
347010,0.98777455
238987,7.853267e-07
234626,0.012670477
137433,6.740782e-07
328425,0.98812395
243980,0.00021757136
590838,0.013347069
676395,2.4133204e-05
854615,0.034678053
577968,1.5217378e-08
507513,0.02608399
531875,1.7242199e-08
409373,0.13524339
320603,2.4035562e-05
389927,0.0024491586
581925,0.05290807
633176,3.730648e-11
883011,0.011919009
423965,3.738465e-05
120002,1.3179566e-06
552179,6.2663603e-06
900202,0.00086275564
960385,7.627925e-05
467774,0.50012064
601189,0.115651086
942623,0.00014385697
383947,1.04554365e-05
163172,0.008128194
814104,0.24967213
915676,0.052222867
361609,4.570112e-07
251534,0.1059013
805771,2.9100897e-07
201799,3.133093e-06
458880,0.0022679465
763167,6.4038864e-11
566267,0.08753048
493713,2.5212603e-07
297460,0.0066263434
798852,1.1064456e-11
793325,0.055324554
504466,0.003008488
591357,0.0003067009
577798,0.24866968
749976,2.7184368e-12
125590,0.048402704
135521,1.6585129e-06
460885,0.008447125
451607,0.0020135543
582423,0.050694324
100949,2.8211312e-07
481253,0.0047243247
219029,7.303129e-07
240050,0.022440203
775169,6.0514685e-06
718050,2.827673e-10
209714,5.0260198e-05
277086,3.725538e-06
257033,5.9270324e-08
497402,1.49867965e-05
154343,0.009656772
208351,0.020501617
820266,6.3992263e-07
106902,6.4506526e-07
430542,3.5307628e-09
868065,1.8835252e-06
700573,0.00227348
409405,1.1329297e-05
195908,2.2188404e-17
400077,3.375045e-05
379288,0.02623903
156400,0.0036712077
686194,1.3995875e-12
281489,0.06358027
666906,5.821583e-05
832819,0.0047584684
620623,0.96244663
327403,0.03469998
417874,1.7063398e-07
940059,4.127294e-06
996821,3.60591e-05
675683,7.329032e-09
860709,2.0819932e-08
217846,0.0012822219
262764,1.100321e-05
469402,0.013720001
638417,1.1158869e-08
535706,0.003928544
142006,0.0017918232
642532,0.0018999452
809091,0.29761177
889741,0.45956638
174188,1.38609075e-05
247644,1.2764139e-12
311130,4.513868e-06
777670,0.00033025478
859888,0.00025922546
335481,0.9662889
789495,0.056797653
455798,0.021966862
375944,0.48465335
908836,3.118249e-08
182978,0.0074664154
600649,0.56993157
233546,3.88231e-11
592099,0.0023589288
783029,0.022987356
280846,0.06513772
688597,0.00023299253
126138,0.15169112
875753,0.008483301
622454,0.002648806
840353,0.00038666802
219798,0.16134226
767458,3.8164912e-06
721307,1.9012982e-06
881659,0.008964582
494688,0.5843765
172652,0.00030341395
670720,0.9713469
964505,0.0030197736
813130,0.01119982
366795,1.4663068e-07
393751,1.049605e-06
100989,0.0002904437
288059,0.0013397282
104624,0.0022684678
395223,0.04794168
566807,7.175446e-05
250399,0.16004123
650903,0.0023398662
528591,0.007931215
542287,8.783843e-06
240059,9.544922e-05
838508,0.0029531955
320993,0.0011844898
694617,2.8413646e-05
163541,0.00011418661
559282,0.009487438
297020,0.011858026
837157,2.9581182e-14
844972,0.0001341946
712330,7.4565534e-05
257813,1.08804e-06
194621,0.0001265979
578123,3.0494028e-05
934504,0.073200785
651392,2.4392344e-05
273514,1.6978354e-06
616780,0.10710529
979647,0.0030304976
944148,1.7813274e-05
936057,2.5061361e-05
309542,0.00070354453
969523,1.1907117e-07
655906,0.00029839142
235156,4.221134e-06
580467,1.1771547e-05
280393,0.014884876
946389,0.0051195575
934380,4.4679586e-05
639888,0.008155816
700110,8.105213e-13
914167,3.9088885e-05
720417,7.260794e-07
351154,3.304786e-11
372563,3.6169022e-06
839679,0.17832328
574557,8.6392116e-11
569344,0.0008031432
457361,4.4632893e-06
836747,5.2455114e-05
304076,0.00010292804
752548,6.293912e-05
211048,0.002693151
233885,0.00010399672
774188,0.40039548
622840,3.290198e-09
732259,1.4663499e-05
784330,0.015998881
244377,0.0016552472
382459,8.919861e-11
414175,0.99858046
539262,0.0006901726
932727,0.010029874
826841,0.010492161
487963,0.025014354
764401,0.11251272
640037,4.722046e-05
458085,7.3769286e-07
750588,0.38087192
164295,0.0011579714
524661,0.00017448825
890740,0.9716544
222579,1.7608737e-06
911432,0.00013599743
229934,0.06102625
271151,0.021620207
881385,5.8971777e-06
648540,3.25461e-08
338749,0.00014113425
385646,1.9621646e-05
944312,0.011213907
468041,0.006997692
970988,1.5350345e-07
964475,0.3024412
493979,0.13728045
571939,5.974219e-05
330151,0.000116316514
988532,1.6674863e-06
504844,0.023611328
350525,0.00094500615
544158,2.8868346e-06
219003,1.4666008e-06
653567,0.04132568
434830,3.645241e-08
999470,7.046691e-07
307857,0.0052059838
640492,0.28980947
626948,7.2620096e-05
631790,1.2042052e-07
656017,0.0007121814
135145,0.0023116614
266815,4.3194406e-10
170180,0.8068031
236025,0.003930956
266442,0.0017442916
205406,0.001784427
454580,0.0057725487
913791,1.6200107e-05
232359,4.31428e-09
755306,0.0010232087
499321,1.7456783e-05
417229,1.0489666e-08
912580,2.3986653e-05
701275,0.0056696073
917328,0.0006564064
453804,0.015525126
681649,2.5994975e-08
458007,0.0070712343
180644,0.0035579992
247797,0.018761817
338110,0.59444666
235326,0.00012257825
921077,0.061630137
558865,0.00010457967
986364,0.0014230758
861236,0.0003726906
501494,1.9988475e-13
524188,0.0063521923
531420,0.8021873
800146,0.06625077
546853,0.028524028
888711,0.056446
142999,8.7496807e-07
140731,0.00048060567
350647,7.720461e-05
521837,1.2951846e-06
695478,0.003660215
872497,1.9704966e-07
353525,2.095626e-05
920479,0.00101863
374862,0.0001801441
730922,1.845633e-10
548013,0.0007988909
724881,7.5306666e-08
763706,0.0004648959
218380,0.0005858115
753685,1.3650232e-05
618201,0.001845996
625200,0.0076705697
210289,0.0056394003
258350,6.995722e-12
714818,0.004882921
371231,0.0062838425
133372,0.02889941
456722,4.482417e-11
979957,0.00083383976
684176,0.015305687
727863,6.870231e-05
448638,0.025726313
135645,0.0043873074
336872,0.00021145103
799609,8.2897944e-10
418206,0.86944544
136488,2.1292937e-12
731725,0.14210837
833232,0.019988686
509318,0.004493876
820991,2.560301e-05
383116,0.0021663215
679425,7.180126e-07
369990,9.973779e-06
866793,4.5984464e-07
587047,3.3644366e-07
458626,9.797009e-09
834015,1.2427486e-05
256541,1.1773619e-06
497883,8.301422e-05
977946,0.003644051
598859,1.879319e-05
995898,2.3581795e-10
645810,0.022448538
150847,0.0057004187
935134,1.4052885e-11
710296,5.0013005e-06
899222,0.15765776
213444,0.00050604687
221470,4.649285e-06
930640,2.8847815e-06
474153,1.7128647e-05
904387,0.010216237
485399,0.00091450743
122989,2.120714e-19
550117,0.8474949
933625,3.8315887e-10
465960,1.85045e-05
341377,2.5733725e-06
796920,0.00030867514
699859,0.012070053
646916,0.000104063976
863041,3.6245713e-13
622076,0.0027148305
913921,7.123412e-06
301040,2.2754715e-08
893975,9.67431e-05
361293,0.21152706
247601,0.00017239623
662368,0.002295366
379595,9.139028e-06
607183,0.0005418613
648307,7.0665845e-07
785891,0.006802059
440560,4.7502796e-10
923182,0.0049974695
903772,0.00021581787
524094,4.3020158e-05
576943,0.6530313
728615,0.00076890783
686805,2.4687705e-09
317562,2.7791855e-05
840744,0.7474015
444586,0.0050358325
370353,0.00015154686
390685,0.009725711
776046,1.4369191e-05
135241,0.067879885
356065,0.00017308719
467660,8.20858e-06
975959,4.793901e-06
171042,0.0013230968
771687,0.043047376
334238,5.416555e-06
838203,0.002623252
966165,0.008736463
609791,0.11231662
663003,2.7910366e-05
770206,0.0017200777
940249,5.498795e-06
997171,1.4279156e-05
257774,0.3660481
642103,0.99531794
659692,0.014293363
614677,0.00743691
781058,0.01679273
875500,7.355931e-14
706933,0.0001436726
205816,4.5784678e-11
752021,2.3608084e-07
195230,0.005180087
889019,0.001420809
166902,5.7389458e-05
890486,0.04757228
431335,0.0004309332
682894,0.8645394
881536,0.08619743
790971,5.463969e-05
486913,0.007954507
304685,0.00043567605
867780,0.00031489728
191036,4.4560275e-05
609518,0.9002808
914403,0.012261576
930399,0.00011380962
106933,1.7124989e-05
680616,0.023595208
110148,0.0021810313
531182,1.2997363e-07
965610,0.54926825
916977,0.00010251029
935871,0.0002369588
116849,3.6671736e-07
380432,0.06777192
571306,0.00028288123
412953,0.00057669973
812402,5.8114485e-05
180107,0.00013248628
869900,1.820343e-17
187554,0.00014270456
766805,0.018189631
960980,0.04918751
454269,0.07842374
991444,3.9069633e-07
327959,0.016017765
539447,0.002935312
272918,0.00058703026
871234,0.012157801
313671,0.00025893768
629936,2.8768206e-09
519519,2.3565192e-06
828511,0.00049945957
784083,0.00021992276
226421,3.9993242e-07
392258,1.345048e-07
116387,0.7386387
740981,0.00067986624
129233,1.8704131e-12
317792,0.37411252
184568,3.3781652e-07
416978,7.3731694e-06
791857,4.3520832e-13
124059,0.0006608206
952368,0.002121084
922861,5.69209e-06
579301,3.6661666e-07
378945,0.44509077
297177,0.04238257
323505,0.004129463
806582,0.00015014647
594037,0.0022320554
696443,1.3093611e-05
477489,9.2973874e-05
684143,0.0023800929
374613,0.002553486
729794,0.00021965955
937216,1.6787384e-06
171656,0.0109069655
842579,0.0009956469
306514,2.6822702e-08
625230,1.7202346e-13
381482,0.06866739
674637,1.5367614e-05
275575,0.006423201
685825,0.99961126
188747,1.6240722e-06
406129,0.00052655215
895684,4.0813822e-05
511564,0.003877455
923893,9.4235715e-05
551881,0.0030529336
911613,4.0181058e-10
740940,0.0001079859
981602,0.023988374
519707,0.9169566
887900,0.000112067806
620574,0.0012902129
598315,0.5056511
743199,0.00041561574
374499,0.98594946
418203,0.0011503745
443787,1.0067442e-07
983287,0.012542167
279482,0.00010815017
232520,1.35754455e-11
305013,0.011222173
454778,0.4898034
674164,0.006230273
199449,0.9964243
452823,2.89944e-12
363985,3.5610025e-08
944170,0.020130487
964149,0.00860232
342596,4.6304304e-08
838890,0.060388774
271182,1.2571301e-05
508081,0.99426687
220668,0.036313225
824487,0.16382451
575719,1.0628813e-08
213473,1.3791524e-05
391968,2.480379e-06
894358,1.0
474096,0.0034347675
102843,5.0731673e-05
802469,0.022630136
407381,0.008102766
774393,0.015947497
372664,2.7811575e-06
799304,3.905901e-06
160279,0.005786737
560752,2.2984756e-05
281394,0.009108957
972810,0.00013995892
109065,0.005889561
265043,4.9228423e-05
409021,1.9298349e-07
808434,0.0018668125
244997,0.0028134156
829800,1.2223192e-08
744038,2.9252786e-05
753261,8.843748e-06
701041,0.0009067325
730775,1.2912894e-09
300252,0.0014340511
603273,1.967013e-06
507696,0.00044922487
171810,1.6072889e-05
282457,0.0074747917
970206,1.1882536e-09
537372,0.0014019368
410716,6.8319656e-05
530937,0.00044006476
824791,0.105518565
259269,0.0502655
117368,9.570961e-06
610918,1.2170048e-10
875930,0.9850101
552109,0.0011651125
926040,0.006333443
565441,1.1952565e-05
888603,0.009153948
206363,0.00033288507
342484,0.08349867
493069,6.681412e-05
676829,0.0029427875
786917,0.0013526459
283409,0.0088546965
596303,0.0008243988
897744,9.359117e-06
111159,1.8997557e-08
825984,0.043636985
594348,0.00761949
113047,0.0003855564
546781,1.1095658e-09
493535,0.8957927
633028,0.0018005745
122816,0.0011976104
930831,0.0685058
909530,0.00029107492
969260,0.37410828
229503,0.0011039585
527505,0.0042003747
412984,5.5307974e-06
441472,0.007045851
560104,0.3712358
618792,1.2490076e-05
838219,0.3083116
558744,0.14202274
233960,0.041747272
807483,0.0012774458
770511,0.00013936443
933384,0.0063647856
348034,7.622732e-09
163085,0.0001079791
227945,1.5180504e-08
306708,6.7000884e-11
404505,0.00049175497
583404,0.0019761918
132247,2.6828418e-05
243996,6.017944e-09
105572,0.034845024
803768,2.6299652e-11
638493,0.0015573397
325116,0.0033201624
600089,0.0002531448
967081,3.8415463e-05
616112,0.14536472
467593,0.16897357
318294,3.2870964e-06
196187,0.6820295
744367,0.26662764
812325,0.079378776
458726,0.5795592
604889,0.0003608951
424515,0.0012762637
793614,7.8611596e-14
708563,3.0367935e-05
522865,9.302018e-06
907114,0.003949391
266751,1.7901927e-07
609966,0.53524745
445053,0.0062108175
633103,6.5959777e-10
725976,0.0062729595
434344,0.004526379
244897,1.957423e-08
275115,0.045936946
909999,6.5977592e-06
806331,5.7185247e-05
988455,4.3372065e-14
426960,0.10505777
821246,8.308574e-07
563529,5.0422845e-05
591968,1.4145786e-09
427400,0.004792969
392642,0.00010990171
516407,0.00023684496
752421,0.01574398
932747,0.0007419803
251555,0.04265923
486010,0.027364084
580432,2.435606e-05
941453,0.43041584
351429,0.0006467443
219508,0.00023421577
248945,0.002598914
977947,0.00010854565
888526,0.006769978
818402,0.005257106
827151,3.9933408e-08
481090,0.99976003
413716,0.048343625
301107,8.306378e-11
876207,0.94899327
308926,2.4836429e-05
298138,6.339794e-05
168839,7.641741e-06
620082,0.36425975
464406,1.4182606e-13
782537,0.98911864
286633,2.0657241e-08
111580,4.063273e-05
811056,0.0009381849
935481,1.4825003e-05
620158,1.1853603e-05
516623,0.0014517988
256896,1.2560677e-06
739472,6.0241064e-06
812149,0.00013430252
163746,4.0409686e-05
570187,7.1394834e-06
316209,0.0016319427
811684,3.4727553e-05
401841,0.003875564
439404,3.821528e-06
579058,4.9742207e-06
714654,4.2066866e-05
633679,0.0035298213
628565,6.415849e-05
552226,0.010406012
568711,0.0022667968
554162,0.05738792
968914,0.00082877965
586039,1.7791885e-10
694627,0.036909424
104137,2.2436703e-05
887440,2.4386158e-05
531958,8.837821e-06
406553,6.149207e-05
621821,0.16196862
648258,2.2862987e-06
905533,0.001077272
901128,0.001567858
216824,0.011176345
380610,0.94338226
263581,0.09433788
762527,0.0019057229
425139,7.590871e-09
967880,8.3855105e-07
712092,0.0026279434
660091,0.0061336923
851447,0.186893
872526,3.5813055e-06
235493,5.7496967e-12
696266,1.6983714e-06
833406,0.0028218348
491394,0.0031573991
757326,9.665937e-05
249726,4.733258e-05
195684,0.104635805
191742,0.0043906434
480420,0.017119313
370312,9.05379e-06
593128,0.000869671
337158,0.65614796
969614,0.01548236
826226,0.00055043004
672646,0.03501799
643065,8.271099e-09
733609,2.4015631e-05
853847,2.0335145e-17
223465,0.001450129
862392,2.11582e-05
857844,0.0062196064
147819,2.3269531e-05
429470,2.5335135e-08
580964,0.0104240235
553124,0.00037046554
657249,0.00022340888
501188,4.9240356e-07
194546,0.0018968623
555023,5.0218473e-06
737074,0.03698591
261812,0.00013534422
601153,0.89261454
146149,0.0018055849
292345,4.9357845e-06
195412,6.585767e-05
571263,3.8558818e-07
355841,2.8163997e-05
483467,0.00013849488
995380,0.00055272965
903096,2.5395828e-05
578990,0.18406963
393008,0.096250385
919483,0.0039724982
667236,0.06246198
121167,0.00032524666
863235,0.06921145
611875,1.0052723e-05
755313,0.00406716
983152,0.00033085226
903242,4.94807e-14
358172,0.0003811415
202086,4.0923573e-05
463840,3.2878766e-09
844014,0.003655115
496694,0.24703032
356157,7.502463e-09
150411,2.216956e-05
475690,0.0031093366
195103,1.371418e-08
160231,0.04620745
856761,0.00013111728
908460,3.9013366e-06
699232,0.000777316
977832,0.0027327503
260694,0.0007662369
848847,0.1585553
225787,5.2600876e-13
590957,0.8195159
574094,0.16195086
956196,1.0630788e-06
737998,0.0056054685
573414,0.061253436
675643,0.003658315
215667,3.8318568e-15
641891,6.2127e-05
505755,0.0003343822
520805,3.2596724e-06
674186,3.2683143e-08
910915,0.037931822
876498,0.0008979893
411675,0.00057740806
336950,0.00048255594
320934,2.9882834e-09
466467,2.187729e-06
552101,4.224732e-08
554678,0.8358272
212832,0.020457339
472761,3.4727314e-08
418035,0.21078688
293202,2.2709834e-05
985391,0.0007093432
454105,0.0020110647
219243,8.608705e-05
779907,0.00055124983
474374,1.7288672e-05
240217,0.012730598
301885,0.0036000656
246102,2.6794207e-05
405290,0.003663254
710754,1.3432124e-05
475763,0.64536
200661,0.3869644
571747,5.807163e-06
934402,6.3091115e-08
310884,0.0073298183
718267,0.12933797
270844,0.034551643
808921,2.9420085e-05
984089,5.034137e-10
885436,0.006230128
510955,6.999941e-05
477556,0.00039531698
405834,3.7738985e-25
353953,0.06999435
863241,5.999591e-05
148820,0.09032341
294470,7.952421e-12
927892,1.9540411e-10
330498,0.023394074
541107,0.00020107202
791293,8.0578855e-07
763138,0.098802276
621055,0.194822
338698,0.0032378586
146367,1.4456308e-05
719772,0.044632226
756204,1.02200515e-08
642702,0.00015206535
941321,0.0006347014
540682,0.3483045
335829,6.423331e-09
953968,2.13706e-09
662191,8.1270144e-08
890771,2.30479e-07
134811,7.619156e-09
970196,5.664777e-09
346133,0.1631035
317987,0.27619693
938083,8.207813e-09
551773,2.0890752e-06
814008,1.3676814e-25
208368,0.22381443
199144,1.5993184e-08
526064,0.0063094893
959070,0.05577543
265276,0.0011023328
955517,0.010968025
869051,0.00988148
836454,1.5336925e-06
978657,0.0013884314
906451,0.9565393
771461,0.015471672
538392,0.0013322138
189304,4.2157306e-05
305065,3.6273415e-11
152046,0.0066794516
132627,3.5976757e-09
312904,0.0015759607
142340,0.00470087
377185,0.09143473
861425,0.000281511
709880,0.11084251
635700,1.860213e-12
466413,4.053249e-08
568772,0.0059556467
339638,0.00284276
957651,0.028517798
201365,0.0034544866
153809,2.7850379e-06
887039,0.046721157
332783,4.9772084e-09
169793,1.0
689009,0.001857426
896888,1.4080472e-10
577372,0.015146875
492099,0.0029281168
917563,1.2041018e-11
868792,0.03686011
397085,0.9608023
707442,0.75587785
848737,9.462831e-06
666682,0.012055693
485105,0.012237793
903606,2.920196e-09
281080,0.01993989
784958,0.00025629366
769375,0.36646974
745736,5.7056684e-09
687063,2.2710688e-07
190905,8.723329e-06
282104,0.99953336
699537,0.02093635
413442,0.0032131134
299238,4.280948e-05
709968,2.0132518e-05
418744,0.0044117193
312002,1.1730107e-05
858619,0.00089621486
172688,1.2416401e-10
219711,2.5533083e-05
951407,0.00014818227
506830,2.9271258e-05
514310,0.007873675
260382,5.2347843e-07
615751,3.906434e-07
196029,3.7301986e-06
866889,0.010104023
934735,0.0061159986
992048,0.00036401217
976728,0.032561123
927528,0.0017817145
783492,0.021213753
340362,2.7138651e-06
714758,0.0035024947
340974,3.9010987e-14
626741,0.00016523192
522159,0.0009524495
728969,0.01667223
991044,0.19929077
855994,0.00017123681
971985,0.0019186
756562,0.008497904
696486,0.0010461884
329971,0.00670205
777374,0.00049590686
905339,0.0094835
967850,9.780245e-08
349981,0.029682113
997298,7.389068e-12
265502,2.3969818e-07
880617,5.3839854e-06
314472,0.0003878442
868900,0.0135606555
331325,0.25599158
217900,0.004847944
569913,7.605907e-11
201427,0.0015410036
790525,0.008452502
422398,0.93054235
522922,0.00013673809
485443,9.4260436e-08
133595,1.5893341e-09
136249,0.31635422
474195,5.182562e-06
738377,0.020777566
664901,0.13261427
835277,0.12523434
990504,8.2658016e-07
368687,1.2145554e-07
755000,0.00025122392
259260,0.00056653755
599030,1.2014743e-06
252396,0.015468992
847501,0.00031000198
520119,0.00030712143
787030,0.0072204
896381,2.0684996e-05
382032,6.2127e-05
606675,5.645515e-08
542224,3.184176e-05
914330,4.0825856e-08
713033,1.2397856e-09
840094,6.8912156e-09
317321,0.006366876
187475,5.6271885e-05
144947,0.22028795
634546,0.007711321
741736,3.1472339e-06
324400,4.4661632e-13
793368,1.449683e-06
562569,0.2758626
727057,0.0018366168
806649,1.0083714e-12
857719,0.00011589503
875222,5.301164e-05
207246,7.737708e-09
212863,0.0008794051
939945,0.20182358
558374,0.008644092
148783,0.008025409
502338,0.04187255
223926,0.018900331
495915,0.5046218
331335,0.019117856
434243,0.00081731373
773036,0.0009991474
192536,7.670656e-06
359624,0.05484617
707355,0.008093267
822080,1.31580655e-05
398787,0.009955657
625624,2.1290549e-05
302990,1.1950136e-08
335915,8.3197324e-14
346719,0.0009249036
806496,0.10617407
524349,0.0037340028
518538,0.0069912677
406310,0.06884007
225674,7.1837953e-06
572155,4.129144e-06
885605,0.61895716
996339,0.00022015143
102816,0.006198663
626612,8.361367e-06
803369,0.00016478145
475108,3.6467716e-07
549217,3.31658e-05
293893,0.035631035
755286,0.025338905
468792,1.976905e-06
252099,1.54772e-05
885024,0.9993295
392556,0.0062865466
377677,0.05836254
987648,3.3389045e-11
765817,3.3335168e-10
443139,0.018036075
272849,0.025200218
958336,2.852096e-05
631087,0.49073842
649161,0.007045711
910086,0.013270827
805954,1.9000596e-05
590896,0.038184192
507395,0.00024397402
152246,0.13932507
201193,0.9789477
780431,0.004964836
805697,0.0005082217
807432,0.0019916943
504718,3.5123415e-07
825256,0.002183194
612717,0.023784341
960020,2.0419058e-09
693625,0.0007703354
613522,0.0076226136
743221,9.797336e-07
241807,8.615167e-06
291451,6.610488e-05
222385,8.704538e-07
719344,1.9633813e-05
710109,0.35330385
508900,0.98937154
135302,1.2041634e-05
492139,0.08213492
123871,0.06352216
309682,1.1055971e-08
452949,0.00010940712
412924,1.3033003e-06
506358,9.466714e-11
519367,6.5686756e-05
412756,0.0025020111
160275,0.0012773328
305620,0.0027884555
647214,0.034242593
396787,0.0059651895
798987,1.4507531e-05
323974,0.0004247572
574322,0.0018685351
478302,0.315963
333755,6.394286e-06
828951,1.0387107e-09
152584,0.024018398
750689,8.5310165e-07
134978,1.951695e-05
865440,0.0012018707
774954,5.480072e-08
954335,0.0014603018
144566,0.0019290267
736550,0.014629686
357683,0.011958834
466317,7.0645913e-19
297201,2.2360999e-05
916084,0.0066373223
951663,0.0028439849
426272,0.8614348
822961,0.0012246502
675547,0.029510077
249092,1.0157802e-12
247369,0.0071988977
892948,7.0389135e-08
253501,0.00015470495
525662,5.188854e-05
412551,3.0574393e-13
505742,0.0017246191
880307,0.00018618886
773917,0.019625546
143524,0.0101004895
313247,3.5993376e-16
290591,0.048049387
766236,0.0013667815
214461,0.31109238
460605,0.00023753494
442758,0.022979964
573125,4.5710232e-07
720381,0.010776842
672491,6.058974e-11
377950,1.466143e-05
306558,8.047858e-10
122222,0.004124875
864808,0.03490734
947248,0.0062029795
171440,8.1333224e-07
569354,2.5664981e-09
659759,1.1985787e-09
983381,0.9441765
982509,0.01048941
494117,0.015568198
712813,0.016657867
690427,0.0011721947
181984,2.2591268e-05
962568,0.00058117224
488968,0.85014325
923727,6.5769007e-07
992771,0.0041399146
147147,6.255685e-06
638554,0.00041916288
699407,0.99130225
111499,0.0008214891
265239,0.0008691222
582078,8.814674e-06
139957,7.335674e-06
275562,4.7017473e-10
187972,1.6979997e-05
954065,0.008734135
485125,0.00072555733
532974,0.06331599
662911,0.0008775305
265509,0.12446693
399244,0.003936946
613658,0.00013886965
886002,0.038324192
586297,0.002978075
840064,0.0005440727
276308,0.47119412
550136,0.0042307074
458258,1.1377316e-06
166714,0.09994477
599764,3.6521214e-05
248573,0.00010334662
117112,0.0004996917
900717,0.04298639
313911,1.0305306e-05
869470,3.2914325e-14
298061,0.0045513296
114457,0.00049005885
543285,8.132906e-12
575867,8.2711274e-05
929665,0.0305505
592692,0.8713836
686813,0.002951663
712338,3.1710283e-06
573846,0.0015897205
539330,9.365254e-07
784759,0.18508764
778994,0.6166086
779353,0.0010045551
681847,8.3504315e-10
734871,0.0020470337
835326,0.009295264
484694,0.15788896
763086,1.6359598e-07
111782,4.3469247e-12
173390,0.012631321
225379,0.001837925
276893,5.7082025e-06
568006,4.6361133e-06
450373,0.026534883
159358,0.024907872
960649,0.030732384
632527,7.683409e-06
443946,0.004674101
739429,0.0007394997
503103,0.0003987962
199489,0.022346383
744253,4.8159214e-09
462168,0.0011067925
611127,0.028943384
831124,0.07297677
340983,0.0018692182
961868,0.55328566
559013,2.5892996e-07
449119,6.967956e-06
800461,0.3060418
486692,4.192119e-08
786501,3.7367583e-05
321381,0.00062006497
338805,1.3414466e-08
819814,0.9996509
853401,0.499735
155256,1.5385131e-08
497916,0.0012968788
915351,1.1180177e-07
151045,0.04826243
504447,8.54013e-05
617482,0.00020506632
330860,2.1284725e-09
307358,0.03700277
324507,4.387053e-06
279148,0.003582484
942255,0.523942
459532,2.5367459e-05
283134,4.228021e-08
190473,0.00014448536
480074,0.0010266878
182316,0.007803512
877404,0.007042116
877016,8.768717e-11
720828,1.1028894e-06
428276,0.122942045
657276,0.0001968133
259603,3.3620443e-05
383825,5.947083e-05
723928,0.11246786
885156,0.0001535255
507256,0.05015215
201506,2.3948888e-07
478342,0.00021717427
131136,0.39680177
655275,9.725591e-16
437658,0.0009913864
141109,0.0059468145
662385,0.0017561117
346637,0.00038512168
515765,0.00022186375
601327,0.00016203038
816131,0.02557999
762227,0.0004950756
670266,1.2035198e-07
235163,2.4551243e-06
319650,2.726528e-15
891565,0.09671556
954142,0.47231176
121144,0.0011111958
574985,9.5292904e-05
966747,0.0036941024
881898,0.003313515
893254,0.44163516
493209,1.7913088e-08
170635,2.0642667e-06
910630,0.08904116
831831,2.7866665e-06
237518,0.00012546247
241536,0.004915128
341697,0.06539589
824181,0.03157089
446365,6.958975e-09
912875,6.27636e-06
433561,0.0042332676
165456,2.7310107e-05
262587,6.738321e-05
606553,1.2841096e-05
838432,6.36388e-10
249461,0.59613967
583225,1.902061e-05
108761,7.041231e-10
225354,0.05365823
708768,0.6710701
446072,0.0007890843
145023,0.0022531587
587902,0.86889946
665354,0.0070822537
747569,8.458772e-08
175350,1.4473813e-05
267833,6.115491e-07
283434,1.0149365e-11
596733,0.013064597
760765,0.0107844705
644725,0.0029908393
765406,0.12727332
313948,0.00021490165
453905,0.00048187544
613750,6.118055e-05
351728,0.03099155
387631,3.350605e-11
859446,0.37272707
225555,1.2243147e-07
829488,0.00091639755
663325,0.0011573122
500278,1.6904802e-05
284461,2.2907313e-06
967455,0.0035481332
113343,1.4591395e-05
840110,0.11256435
951984,3.3360022e-06
349278,8.636403e-07
458349,0.008377264
388795,1.3386565e-06
284580,0.0062431046
835458,3.142688e-08
103088,0.11448707
993690,5.2120186e-10
741624,0.0005673067
790298,4.991666e-07
175711,0.2472299
543307,0.0005544022
313652,8.603343e-08
140404,3.4256784e-06
433901,0.9903544
674796,5.992579e-11
983110,0.25988963
299869,0.0134138465
737720,2.91536e-09
473084,0.6554925
183823,0.02334103
572285,2.9819535e-06
315138,0.0016779938
711369,0.0011948735
637335,0.006430457
577022,1.8550331e-08
425936,0.06187647
429893,2.5779194e-05
706332,2.590347e-06
113431,0.00091036694
371665,8.659647e-08
892453,0.029899187
801866,0.0009882542
801900,0.0067297043
804621,0.007623454
882439,0.0011536814
265594,7.0282063e-06
408929,7.980127e-06
828954,0.13290347
448596,3.0550182e-06
251457,0.010990782
102670,0.014888421
928363,0.011140325
129331,2.1583292e-06
566781,0.00081701163
892860,0.12723742
188334,0.0048428555
421354,0.00010868693
814859,0.004009119
162781,0.00086346536
815374,5.109917e-06
473924,5.611868e-07
541547,1.2118809e-05
160156,0.053789325
540416,0.49639836
283720,1.1903774e-08
435695,0.0062226728
577374,7.3189556e-05
374716,0.000129951
577731,0.007118984
962278,7.636098e-05
119492,0.01563697
936713,5.824456e-07
736846,5.5660297e-07
503705,0.00010557785
903830,0.002812169
140531,5.4597867e-06
892925,0.00056847127
279242,1.1237157e-05
674787,0.31212932
352423,0.012001781
648629,0.0105406195
765833,4.187611e-05
950538,8.823165e-09
571995,1.11692636e-07
697799,0.05714992
309226,0.010574825
847631,0.4328765
306858,0.0029831848
816416,2.4049226e-07
419324,1.955576e-07
417047,3.4631794e-16
307627,0.0074834134
895745,0.0006065664
825509,3.549056e-05
575503,2.0930138e-05
756328,5.942604e-05
992489,2.2762235e-06
957108,8.291035e-12
421588,0.17620276
705424,1.2554348e-07
237174,0.017787777
867802,1.5428938e-06
573174,0.0023966178
132899,2.6164304e-05
325292,8.258283e-06
771629,0.00014589707
683737,0.7156512
186929,0.76103187
276056,7.40826e-05
731169,0.0033504744
493793,2.4004234e-14
479921,0.064810686
276161,0.0018049112
152845,0.018156374
425423,2.1622775e-07
810977,9.368866e-08
875555,0.99996525
264647,0.86252517
415142,8.00097e-05
656665,0.00077503565
332856,1.3282516e-06
595325,4.881224e-05
474708,0.031704843
632436,0.00025218696
909095,0.002141981
720122,0.028745972
701032,0.00010461337
342133,0.010065303
534847,0.054372184
765143,0.21990636
933289,1.565467e-09
126014,0.0009729647
909055,0.004550663
360342,0.20193756
555269,0.0024743716
314490,0.96694356
476441,0.00031380283
841457,0.014217473
138828,1.108511e-05
135338,6.4787487e-06
757308,0.97986805
341586,0.00020757389
476975,2.194876e-05
350230,0.04491291
662614,0.030264167
916513,9.650059e-05
239391,3.493019e-05
727889,0.28502515
835395,0.0015899076
721046,0.0014039329
892249,0.9988745
944487,0.10088331
823918,0.000106001746
844060,2.1780363e-06
732033,1.034852e-05
403147,0.119896345
201867,0.00010852766
733320,0.0034118625
421083,3.439614e-05
684420,3.9344093e-05
684475,1.3969019e-05
980269,0.005712301
646081,0.21764499
502989,0.0054261405
932039,0.0074169654
428976,1.52141365e-05
294566,3.4649837e-08
275985,0.000108829016
281341,0.80763596
458256,1.6666806e-07
489704,0.0055237245
609373,0.0011074106
435052,0.0036983308
896658,0.00014318257
985549,0.0002032358
808324,2.2608208e-10
752360,6.695882e-08
986019,0.0003772218
659395,0.004428821
206059,0.20036711
354531,0.013449863
734146,0.94477785
600119,0.0005625603
269997,0.00039202458
670848,8.974924e-05
824260,0.9920219
265900,3.3154451e-10
236741,0.00011526989
784794,0.0007298796
547507,0.006652468
282088,0.00014372588
747941,1.3888076e-07
749274,0.33472064
919015,2.8216634e-08
677379,0.000982606
480754,0.006950499
977065,0.0009704101
540750,0.03008679
753842,0.51390123
130792,0.00013039984
917409,0.6608577
628625,0.557565
881519,0.0062721604
305947,0.38769326
104957,3.7464308e-06
143742,0.0066492236
871299,1.5121975e-06
822475,0.46870494
162322,0.08027841
887487,0.0424165
123788,0.96903056
687220,0.35005897
948068,0.06342151
410196,1.1807751e-05
208119,0.89502436
839055,1.1136097e-05
331229,0.10159244
887332,0.0004523816
773904,2.4074194e-05
642013,1.8374313e-14
341358,3.795834e-06
146619,0.0010331892
544004,0.0009739218
581820,0.03435109
479345,0.0012117438
287222,0.065945506
399161,8.4142275e-09
900561,3.125528e-05
659853,0.0074207154
622399,0.010158777
592071,0.001307258
875525,2.8937083e-10
557789,0.0042334083
635277,0.0006409942
437739,0.0072419043
528665,0.15147185
970396,2.0048298e-10
914300,0.9470586
718795,0.0035493202
435367,0.021109244
152225,2.3705597e-09
301318,3.735401e-09
524063,0.003797157
540089,0.0029815417
245100,1.7030522e-06
407233,0.572393
736613,2.7245624e-06
898517,0.0017622848
555519,0.0002808791
860719,7.068646e-08
428183,4.4674444e-08
394640,1.9789573e-10
524029,1.5008503e-07
729573,1.63615e-11
135739,3.7682203e-05
369124,0.99752426
278690,3.932076e-05
281431,0.023749879
519819,0.51493967
757388,0.002278515
760644,3.528657e-12
984158,0.0008193627
423752,0.051160477
572333,4.912731e-07
990421,0.1257864
350972,0.0009289573
630104,9.015603e-06
683462,1.1712781e-07
459866,0.0003559006
287805,0.000638715
139500,0.0024472533
482756,3.949751e-05
697457,0.0013035804
486177,0.0014895671
393002,0.0015294222
959988,4.863671e-06
260087,0.07116084
489657,0.9341044
790664,0.013341914
912566,0.016495144
410717,0.00092694326
966990,0.918923
718535,0.010541871
672001,0.0010692052
221350,0.4223587
930094,4.656805e-05
828648,0.8155552
445786,0.013838207
487217,0.0010098472
474127,1.3603039e-06
495578,1.5441212e-05
114103,8.948855e-13
346347,0.0066138576
197052,0.0018958568
290232,0.010992892
545009,0.0002345984
220853,0.10725297
472612,0.00045680572
755411,2.4926292e-06
720438,3.1347965e-05
398192,0.08778828
167176,0.0032718424
692846,0.005880266
836390,0.12123105
505698,4.5705816e-05
823829,2.2655229e-06
229795,5.6938313e-07
305984,5.529065e-07
435605,7.5652993e-06
604035,0.24748251
342573,0.5114471
646560,7.929708e-06
481583,0.00011045728
612171,0.00027969983
744875,1.4728892e-08
251291,0.0032703385
963981,0.00030843687
730845,0.03485395
517643,0.0017070172
927314,0.0014242263
161121,0.17032833
727361,0.012922363
128096,0.15017286
862251,3.4710203e-05
170030,0.004407696
276014,1.5365381e-10
660811,0.02175873
849355,0.0008232174
731797,0.95370495
262600,1.4177687e-06
598803,2.8720631e-08
173171,0.00019865432
895005,7.262093e-11
258283,4.436979e-10
797475,0.0006508442
820491,3.1021555e-05
762691,4.406224e-09
989635,0.0044153584
986703,0.35078654
535498,0.007745625
977710,7.608252e-07
556018,0.00062535715
496811,0.121287204
533302,0.10842299
663697,0.007768405
464041,0.0044289813
440684,0.92752755
609766,0.00017637428
631500,0.97996217
389448,0.0031211788
429619,0.0073198574
428229,0.45610198
293191,8.429262e-09
709092,1.5420846e-06
772116,0.013827473
966267,0.0026615495
804190,0.011903362
973035,1.0636133e-12
113415,2.1236997e-09
389803,0.9635338
561083,0.095465206
154283,0.028363299
100740,0.7680396
818131,0.0015535066
670131,3.108569e-06
328407,5.563214e-06
188180,0.05718904
514533,0.0011431739
792462,0.65679634
289525,0.00046107746
717352,2.4209262e-10
345973,7.899556e-08
543427,0.04553728
611669,1.525075e-10
537519,0.026098482
361528,2.6024028e-07
432589,0.13751137
229826,1.0063248e-17
246343,7.539773e-06
678887,0.8452121
202685,0.00035020916
194561,0.000114900715
639038,0.28922507
437968,0.9834598
101783,0.19582477
200997,3.2366555e-07
407564,0.03399458
248849,0.003992312
500023,3.7249331e-10
501465,4.908774e-05
479909,0.23326428
400472,0.108796775
871231,0.0027460624
866916,0.00058583915
811543,5.4998516e-05
917756,0.02431292
100216,0.0027199541
994149,0.0017021348
193824,5.300556e-06
684454,4.6965826e-05
465379,0.03538904
628169,5.979503e-07
516324,0.039965153
864099,0.009661727
463750,4.3129752e-05
442374,0.04089429
526363,0.93333703
516247,1.2815344e-05
127093,0.00026673535
903110,0.035355188
767293,3.4289073e-07
728990,9.899709e-11
494746,2.1223766e-08
694750,0.96543
818847,0.0016626549
694157,6.7229106e-05
354701,1.7739582e-08
819964,0.10652056
579912,1.070862e-06
983336,0.002363181
385344,0.0007260045
924956,0.15585539
815857,2.905904e-10
438850,0.06813712
587641,0.020141998
877486,0.00022369622
779089,0.00026201588
390534,1.0806781e-06
296156,0.003349116
963285,0.00060625793
836919,0.040756024
460136,0.107440546
723310,0.0038944932
448135,0.6848611
682342,2.8311301e-06
535415,0.014985848
413855,1.7804918e-05
736708,0.0017053805
348392,0.09879431
423156,0.7207895
313017,0.030413887
729578,9.990553e-07
816912,1.7286298e-05
389376,0.0017432524
988581,0.2889074
802659,5.9961134e-05
221968,3.4656775e-08
564498,0.00052413176
235817,0.0012116687
380660,0.07806112
640487,0.003622076
539245,2.1158878e-07
594073,0.19386129
427990,1.3165811e-05
169313,0.00043164816
463282,6.046292e-05
984516,0.00016544806
526171,0.00030794297
597982,0.049166005
801291,4.2181217e-08
637663,1.08663336e-07
746212,1.6615873e-05
396231,0.001661729
855230,0.00011995505
803054,7.1947135e-05
167213,0.00024910475
224675,6.386229e-10
410633,0.014976581
598903,0.033924244
927771,1.4929459e-11
160132,5.4105523e-05
542084,0.0023642303
748628,2.130848e-14
466801,0.9998191
754347,0.017238285
763757,6.82637e-07
149860,8.327246e-09
233763,0.008698933
577107,0.014348004
573035,0.037603203
365083,0.00085268274
667882,0.99811053
295169,0.0019443729
937558,0.553449
587170,2.0884458e-05
124834,0.024298966
602235,0.8308242
686533,0.0025915785
551872,0.025140397
809929,0.0022061812
271559,0.009767896
843545,0.00020848314
822371,2.3061011e-06
862985,0.10115611
441828,1.6171986e-08
180447,0.00026844215
432792,0.0024622304
600466,0.003467545
278005,0.0003015602
866993,0.99676186
572581,1.031174e-09
890477,0.00013379456
461159,0.0012953436
179266,0.00043647207
698480,3.4513892e-08
233091,2.3946743e-07
604776,0.002312842
340287,0.9425551
681237,7.318851e-08
905107,7.145376e-05
472237,0.00021388651
907290,0.30752632
231774,1.7583563e-05
844785,1.4083495e-08
511859,0.0152669195
340509,0.014086609
639590,0.03202757
473257,3.4046334e-05
264974,2.7914297e-08
158202,1.4146839e-06
753070,5.5962148e-05
440802,0.14566483
149700,4.7298877e-06
992126,0.0003081747
322959,0.98629016
375477,2.5514578e-06
704132,0.00051590824
225291,0.014236486
963890,0.9989246
707468,2.718318e-06
162514,0.047404516
820419,0.0042451853
561448,4.8471594e-07
365987,0.008607324
479502,0.050398666
849185,0.0004791248
622184,0.00038303703
347598,0.0005233343
437876,2.14589e-05
732477,0.0023947249
545684,0.0066764685
656426,6.3554817e-06
767875,0.00029646882
104618,1.6961751e-07
395088,5.409762e-09
442197,0.0072627123
145231,0.0005934021
162969,3.4920612e-07
817778,0.0006691614
769442,0.87078977
505063,0.0008660255
118320,3.0240607e-10
892042,6.5655175e-09
293627,0.0018976316
365241,0.007475665
824558,6.643964e-08
357565,0.002350948
705323,6.8229994e-08
805728,0.0208826
647263,0.030371103
210639,0.34397122
190978,2.5959737e-09
222533,0.004380354
344991,1.6372192e-05
547832,0.00047176584
676964,0.0048547424
418862,0.00025157843
940223,0.0011446635
843219,0.031322654
326533,2.4518415e-06
920192,0.025071662
592134,0.0033422937
586985,3.194188e-05
993566,0.002534805
393858,4.9569876e-06
977017,0.00011361217
793999,0.05889818
893203,0.0008585782
220960,0.021295281
283847,0.0013541159
168893,6.8058835e-05
162516,0.00012903183
683311,2.1336119e-07
611066,0.0032478566
880920,3.7694495e-05
382540,0.0029570623
182939,0.0006548047
598135,7.54716e-08
968587,0.00011583327
956907,0.000121297475
628855,2.4529388e-20
512593,0.034427755
750141,0.0003348093
352522,1.1234991e-14
191825,0.17400678
805557,4.5234945e-08
382949,0.03941148
609493,0.00011365259
834757,9.621541e-06
580332,6.1658575e-06
693345,0.0021611892
439489,2.3976684e-06
249605,0.84702325
381456,1.6727554e-09
989595,1.472951e-08
782963,0.24053013
520963,0.0950858
299237,1.4003298e-05
813167,8.888772e-05
161204,0.13085826
962354,0.17120752
786793,0.00021316131
104914,1.1146301e-07
979410,0.0032901962
246901,0.0017534939
374023,0.0004523124
149760,0.039704926
564896,0.41859463
470554,0.032407906
611067,0.00031262598
791611,1.179414e-06
835165,2.518641e-11
492600,0.006033268
550325,0.0008907324
512022,0.00013758586
896310,8.8159845e-07
518597,3.2967954e-08
966377,7.17781e-06
478145,8.359518e-09
626118,0.00060505496
823716,0.0012562555
244543,0.28671297
578618,6.391216e-05
184981,3.8652303e-13
954246,0.000117866475
760550,1.5187735e-06
287663,0.0026949216
690505,2.9341554e-06
508446,0.017069347
703463,0.97243685
568509,0.0001312171
881094,0.018209586
403359,2.1596024e-07
164268,5.0181304e-09
141656,0.018081864
962168,6.930968e-05
178182,0.009841223
845556,5.638843e-08
939487,2.1227639e-05
150630,0.047125533
504602,0.004310593
503730,0.029418843
735808,0.23369162
972111,3.1424608e-07
999442,6.500275e-05
128614,0.11117435
395827,0.045219086
532334,0.96257323
213655,1.2280826e-07
427061,3.9037222e-06
608453,0.0034229998
187187,0.005311122
730529,0.00064502016
998941,0.0068651917
623183,0.00033987194
180040,3.1597594e-06
856998,0.93480587
725624,0.018865129
969461,3.3883926e-12
449205,1.75895e-10
354448,0.38952863
846210,0.008481701
559698,0.017427135
697251,2.5240055e-07
791130,0.00035363375
872279,0.0014599556
129056,0.00019982798
542928,0.014886463
476237,0.91074514
846449,0.02041831
141479,4.238358e-06
757192,0.0023259826
872743,0.00042468938
866124,0.03231721
557119,1.2808576e-05
571725,0.0015399269
102349,1.6138683e-15
107318,9.4653165e-09
343195,0.05660505
849803,0.002778354
367910,0.0047238534
623669,0.008223873
945626,0.14103296
909602,0.029127385
393136,0.00095234066
303969,8.0915465e-12
329307,0.71773195
822089,0.00049698347
618697,0.8604894
981477,1.155096e-05
110288,5.141369e-07
740853,3.899273e-08
164635,0.07341958
457444,0.01233811
666082,0.004472157
486718,0.07477286
885665,0.19816107
436463,0.0008247524
529945,0.03332559
718806,1.3259635e-06
147859,0.00011527638
564828,0.06859011
232700,0.13782255
390434,7.628776e-05
787308,0.012001819
689275,0.0007593619
700580,0.017330041
654224,8.0713215e-07
734489,0.000987298
293256,3.864855e-09
562561,4.5517622e-06
990306,1.4990937e-06
751558,2.2011602e-05
647278,7.8504614e-10
452608,0.02812815
984666,0.0016713658
902002,5.524658e-05
357443,0.008719013
742469,0.18524878
257258,0.00017128795
149675,9.2715915e-08
616031,3.4154355e-06
659767,0.02351518
804066,0.02117893
516259,0.017013917
917889,1.68236e-05
958996,0.43589944
447872,0.0005772636
812912,2.7489983e-05
658220,0.01296831
261221,0.9990061
288512,1.1732322e-05
252513,7.8257335e-06
901331,0.9790629
888147,5.2511514e-05
988258,0.0014813232
136933,7.493339e-09
353848,3.470527e-05
298062,0.0002298983
601386,7.209651e-05
668790,0.1657417
507877,6.824378e-07
227450,0.15612671
589491,0.00127857
880744,3.5138762e-06
560860,5.509247e-09
638232,0.98166907
377058,0.07653053
311591,3.880172e-05
207633,0.00031409072
314905,0.0058861705
366105,0.0013864916
940572,2.3443845e-05
451074,0.00052905874
394876,0.002366861
429685,3.3271107e-08
330835,0.0015658507
865434,1.1317149e-14
184226,3.5771484e-09
303651,4.4031026e-06
294256,3.6938538e-13
798932,0.9980362
761989,0.0043708524
925085,0.004209203
405260,1.7511205e-05
902900,0.0003428735
923416,9.541246e-07
792095,0.031582154
760378,6.365017e-06
988900,0.0004974773
673215,5.6413023e-06
993882,7.045769e-05
324119,0.00846566
902930,8.371793e-05
316758,0.013817225
221949,0.0007469218
761128,2.2842982e-05
373408,0.0073046237
887840,0.010809813
985225,0.0033597697
525795,0.0026546323
283368,0.20299293
311144,0.00011021077
880873,0.70612276
956723,1.5990643e-06
871007,0.99850625
269931,0.0023384497
577539,0.5775347
633267,9.3423705e-06
704549,0.0026673786
276366,0.25091016
912458,5.683535e-05
649283,0.0065234164
880568,0.018047163
116675,0.49422693
231407,0.0043742484
804555,0.0010057522
282963,5.918162e-05
794678,7.649557e-06
270437,9.049201e-08
607600,0.0016510054
174887,0.0055905557
336796,0.06736428
306420,0.024686389
910008,2.1475547e-07
423047,1.3628136e-07
518133,1.33321025e-08
519220,0.00023006804
671770,0.017517088
914515,0.5698662
361817,6.418436e-07
217825,6.2634685e-06
752541,0.2295505
162657,0.08071433
999489,0.00011897673
320695,4.2250136e-12
867443,3.2644093e-05
527219,2.9814457e-05
757735,0.0043295077
231450,0.07014713
993602,0.4150767
410261,0.011493709
331195,0.0027428141
204769,0.037383165
849105,0.75914395
623532,1.0510473e-06
365664,0.97139287
611582,0.0015968841
687480,0.0017135538
303774,2.0031379e-05
240643,0.016930738
257826,0.17410573
668628,2.8300058e-09
241728,8.465954e-08
480382,0.025455609
866161,3.735845e-07
419934,0.023072267
961374,0.00016810754
616795,0.11105348
268824,3.4508015e-05
583252,0.06496396
328516,0.005511364
170496,0.008268962
710188,4.5707344e-05
266998,3.6550503e-08
464388,0.00718532
456287,1.0568066e-06
501637,0.041107573
688776,0.0007947796
372722,0.0006697989
623835,0.036013186
131324,2.7029508e-09
479676,0.0009294656
536899,0.002011742
995249,0.33060682
283976,2.8584278e-08
513920,1.040854e-06
204643,0.003488032
822200,1.4252156e-10
914900,6.8424174e-07
530230,1.0815134e-05
274323,0.18111755
994799,0.26637265
178716,0.0012260241
292966,0.98131377
731042,2.3918813e-06
682403,2.3088507e-08
184424,0.022042586
780898,2.107465e-06
900177,2.0052169e-13
324117,1.2434757e-06
290231,0.45657986
480249,0.023770953
584303,0.12478626
385080,0.7724664
622841,0.13111195
564700,0.0010968006
942633,0.00014388125
725008,0.004174986
943901,0.00026747872
432121,0.052586894
783998,3.635293e-05
388143,0.45419937
300609,2.682046e-06
590006,0.018741786
194021,0.13869621
854667,5.358739e-10
253960,2.173961e-05
778664,6.1678765e-12
698168,0.00018058885
505043,0.0025365178
725345,2.2492436e-06
890091,6.5419467e-06
906045,0.058874834
401584,0.9083029
975833,0.10915988
595766,4.8369806e-05
204475,0.029213926
142054,0.0061695063
164501,0.0021000127
983731,1.7895675e-06
229815,0.00018941142
681884,0.08571793
599796,2.3646733e-06
747903,3.1423333e-06
516576,0.0006438446
676655,9.1110145e-05
804740,0.0014688331
250499,0.0028511728
599054,0.50015366
638139,3.5625936e-07
883823,0.0023015123
317105,0.00026649845
340090,1.8202474e-05
181068,0.00063309015
452458,1.124199e-06
140848,0.00039414517
783314,0.7216081
227303,0.0054241153
730260,0.00018645143
396242,3.2178443e-07
462845,0.9896412
765456,2.1299626e-05
729255,6.2948952e-06
396038,0.90463614
135207,0.88613665
650761,4.2479303e-07
271443,0.50720525
985665,0.62457514
583353,1.1093637e-07
943152,0.47636753
978576,1.6412798e-14
525305,4.761551e-06
787528,0.025009934
109249,0.023264797
302052,0.00048653941
245653,0.000949579
245922,1.9187137e-06
111225,0.0003679893
459145,0.03552071
848583,0.0054846085
147793,3.1992913e-05
585865,0.6480888
301646,0.0065332297
908828,0.006032533
986830,4.474283e-07
796038,0.38532814
900241,0.0047708913
821039,2.7457814e-10
978883,0.99060905
225703,4.2651195e-06
962515,0.04267824
986741,0.000796122
680532,0.005513163
581681,0.0045528966
667880,0.990286
628561,0.00023146077
738705,0.012125971
115266,0.0021984742
503714,0.0037035192
471104,0.088744186
604239,0.0027489131
986240,1.13380985e-08
343324,0.013221925
990992,5.946304e-07
771805,0.010143447
888017,0.76883423
139994,3.4264607e-14
813135,0.0055809817
239180,0.31950504
846790,0.0069013797
417987,0.030194376
227749,9.069639e-07
999093,1.0532919e-18
647567,0.028007941
832635,0.024034705
190360,0.0012886986
258175,0.0023104937
564803,9.5899915e-05
348030,0.9800287
461891,1.874482e-11
345742,3.2843795e-06
649798,3.1809735e-10
861853,0.024760215
439152,0.0034574838
974441,2.332981e-05
246648,0.0025147558
445354,3.258857e-05
440719,1.7072776e-05
639250,2.2644494e-06
613528,0.0067463433
522852,0.003744942
580831,0.44870877
953920,0.017020496
443062,4.6694982e-08
913394,0.00067333464
671625,0.0025898044
770915,2.9392684e-05
962857,1.4177259e-12
113208,0.99854046
853229,2.6871488e-05
865991,0.12148918
862105,0.6061467
761350,8.342673e-05
368938,0.00028070188
974362,0.0032803656
513390,1.720209e-08
613261,0.00016271332
314746,0.10287985
746944,5.014057e-07
921326,0.00010670241
529443,0.28224513
577093,3.8013237e-09
525616,0.0016220153
636947,6.1784895e-06
903872,0.00019227223
370829,0.005695464
357549,0.0036165423
603316,0.044081435
144168,6.1804724e-07
763536,0.018949488
952386,0.0028538683
966550,0.00037075192
349795,1.0406417e-06
333988,5.185776e-07
542970,0.00016238705
896099,0.0037969134
182639,0.014528989
505722,0.016701616
409132,9.637066e-09
241610,3.571757e-12
499954,0.000525414
840339,8.667891e-05
726123,0.0279775
463851,1.4327281e-06
169303,0.0
932121,0.00070094323
104460,1.3420614e-05
648976,7.1624716e-05
233200,4.0460145e-06
659984,7.826614e-06
839922,0.35701627
984107,0.8681067
188360,4.1361795e-06
744263,0.024985949
581183,5.427358e-05
642033,2.5142492e-07
882695,4.184697e-12
747101,0.000122014855
954621,6.849573e-08
897553,0.0049441536
873558,2.1733666e-08
929518,0.0020202883
208698,4.710742e-10
701611,0.012966137
648398,3.3177614e-07
967511,0.016276177
268904,0.96247774
426257,0.0064461227
213567,0.00070911204
555128,0.018749755
293185,0.017022394
515564,0.011558369
802972,0.1789532
178648,0.00025020444
582172,0.7905036
608736,0.110612206
765903,0.94460565
566468,0.01737852
510451,0.000121299556
542412,6.2960116e-06
411796,5.2588493e-05
207204,0.00033865805
241547,1.0847158e-07
153814,0.36083466
499211,0.022254197
226712,6.0439766e-06
284606,0.005654002
920188,0.037882764
530383,0.98331964
974201,0.0045257327
544124,3.1138622e-06
634994,0.8085915
864115,0.0001344836
804972,1.2890979e-07
907919,0.0035251132
111463,0.0009162889
228889,0.0018572835
605524,1.0273043e-05
297627,1.1300787e-05
788457,0.008168895
657883,6.2546555e-05
618591,3.3613967e-05
421287,0.10560399
953871,1.4815051e-08
871220,1.3094236e-06
227528,2.3493023e-07
358460,0.013023834
952437,4.4030384e-07
824990,8.527923e-05
414291,9.65638e-10
828542,1.15003196e-07
601742,7.7581205e-08
735458,0.00039729226
363792,1.7602189e-06
715181,7.506029e-05
773114,0.0020965822
351827,0.006457683
443957,1.2368923e-09
508584,0.009382856
971615,0.000104904575
356056,3.5199357e-10
282556,0.057845928
763093,1.3290997e-08
346818,0.14521913
497140,0.026715852
138913,5.1866624e-05
863831,8.7042245e-06
905098,0.00013102479
898275,0.002974529
501020,1.389088e-08
431640,0.00023819444
815784,0.00032304483
301751,0.08188997
199291,0.00055438554
839999,0.14711429
226218,0.028877338
712841,0.90446216
805282,0.008195802
261568,9.396948e-06
185822,0.002532959
524432,0.00019750207
179755,6.520303e-05
524426,2.2299711e-05
803799,5.719584e-16
753258,3.0352416e-05
864408,0.0005700116
620652,1.3483024e-07
495260,0.0003142306
712848,2.2673599e-09
494486,0.06354695
920689,0.0032594102
226562,0.41563484
846268,1.5441536e-05
830392,0.5619067
576589,3.3647066e-05
980884,0.00017101884
378419,0.012766529
675738,0.0005815149
633195,8.56521e-06
745008,1.3742685e-05
196360,0.055911474
279686,0.12239548
287942,0.00028800007
865492,0.009758763
459508,0.17750575
366430,5.1634206e-06
731228,0.00058825454
730816,0.013698893
372459,0.0027663722
547811,1.5162038e-05
381120,0.014984792
343498,2.1106961e-21
899652,1.27374615e-05
976608,0.016372548
554540,0.007626362
548760,2.1339478e-05
958665,0.003401448
509352,9.407236e-07
758970,4.445053e-06
354921,6.462629e-10
478526,0.0065755174
624187,4.051142e-14
728122,0.2077996
635415,1.3197642e-10
532483,0.9991828
570714,0.011605782
746314,0.13424456
473128,1.8295917e-09
650207,0.0014004103
780073,0.036557633
932957,3.84689e-06
103480,4.151643e-06
390789,1.2695311e-30
595604,0.03494052
193110,0.02032846
642719,0.02414758
616472,0.021121074
975201,0.08247757
461877,0.002007392
873755,0.0014090483
869781,0.154385
471519,0.019579072
913464,6.645586e-05
526631,0.073002376
406694,2.9054746e-08
658562,0.4803494
234234,0.00018402938
915929,2.725174e-09
656335,0.0021560458
169221,0.036132567
367620,0.0020884313
455364,1.25158795e-05
875533,0.00015855985
945748,3.552063e-05
622339,1.0446439e-06
422313,0.00012535234
593137,0.003652509
813284,0.00030303755
443487,0.08597699
240107,0.0045998893
986146,7.39645e-05
691086,0.0065733474
828368,0.21797323
584151,0.0001371464
233501,0.14152184
161769,0.94436115
377090,8.677006e-06
324300,2.0615467e-09
609105,0.07030318
685685,0.00032496089
839970,0.9708333
951778,0.008396128
771804,2.1464283e-08
937405,1.18939e-06
401668,0.0003089522
832072,7.4983524e-07
216868,0.00013029619
459520,2.5443125e-08
528451,0.007143817
955819,0.0015997696
784942,0.94794506
303400,0.00010408352
383200,0.0009315073
144449,0.0060602822
188626,0.16575792
686910,0.021344526
720584,3.1817987e-10
573092,3.7822832e-07
329543,0.001233516
704651,0.20223597
594878,0.5095044
369911,0.0017565698
217326,4.0266023e-06
415428,4.2845822e-06
429406,1.0710913e-05
566340,2.4733557e-13
967554,0.0013889266
228280,0.0882854
405591,0.13046812
999337,0.00014254094
559323,0.122429214
306605,0.2460397
689107,0.029720737
882113,5.601611e-09
428929,9.224983e-13
922926,0.0059803356
912635,0.0007599125
254147,0.029726613
681179,2.1978477e-09
986893,0.0013699292
883959,5.811927e-06
276329,0.0002276386
612844,0.84581846
717239,1.5457787e-15
559095,2.4200438e-06
871194,0.003675251
155560,0.008109736
539144,1.1540113e-07
675382,1.1510656e-07
598436,1.0656811e-05
594694,4.5878257e-09
611750,1.1750042e-06
449014,0.0940665
882623,0.007471792
595874,0.37235865
981921,0.18705696
641788,2.6839546e-06
257874,0.00012117724
284781,0.0004789604
250605,0.0643868
461488,0.004108429
857205,1.3238142e-06
723264,5.375837e-05
596478,1.3306842e-13
626882,0.0015848615
647677,0.0015299772
729498,1.9061667e-05
533410,1.5347293e-08
478537,2.2823005e-07
496177,0.0023002664
338898,0.009832335
357551,0.0985352
305330,0.00012420179
702108,4.4165457e-14
882496,0.955903
972186,3.5360188e-06
742874,0.000118498356
101781,0.36977363
662655,0.0010576335
993862,0.0003216524
651191,2.0569778e-06
826823,0.02525909
552453,0.00324441
210073,0.4842397
204933,7.82873e-15
415254,6.391917e-05
311474,0.196821
912550,0.29392824
223893,4.895777e-06
735549,0.0004500143
581719,8.82794e-07
855793,3.310143e-05
621470,0.0016167607
835216,0.00023265224
367735,5.424564e-07
183726,2.0012182e-07
719038,0.04009019
874462,8.798797e-05
214062,0.005553142
392622,0.08391572
841687,0.008397271
804350,0.022358596
632628,0.00011880745
813326,1.205137e-07
498535,0.8248149
717191,0.00012354305
693462,7.4633617e-06
738676,0.006642685
491123,1.5356714e-07
747606,1.4832446e-07
532572,4.2122952e-05
567958,0.054809816
172118,8.40632e-07
340084,0.00014409723
246756,0.028769726
747605,0.027623218
159007,1.0115446e-07
498757,1.4189158e-06
112884,0.017976055
905816,5.898661e-05
937384,0.6312747
754541,2.1681018e-10
997693,0.23428133
210056,0.011622254
939250,2.4046087e-05
514707,0.0039014213
967457,1.8457882e-06
502049,0.00020556747
726895,0.0006997806
888064,0.00017341031
169140,0.0033474502
273562,0.0056575043
976776,0.00010614255
205127,9.649574e-07
275837,0.003021797
495803,0.012252708
230640,8.9400544e-07
177157,3.0808667e-05
898400,1.3995407e-05
574812,0.5216299
657509,1.8515444e-05
139377,6.808803e-06
915953,0.04537887
551394,0.7722536
945881,0.0033708736
889127,9.007115e-12
240806,1.3845485e-06
248734,0.0005337643
972530,0.007572625
897111,3.2264772e-05
315068,0.04296046
721963,0.002375224
558636,2.7545477e-07
630218,0.5273414
442881,0.0073940745
911295,0.536589
568157,0.0014859537
564003,0.0067527913
275557,2.608871e-05
253146,0.0014276026
669305,0.00032239815
314898,0.9999491
817091,8.695297e-06
851639,3.074645e-06
519187,0.0013151824
484451,0.001677109
313997,0.006760853
940046,0.0007219374
426653,1.4676675e-08
621965,0.9955701
597978,0.0069376915
294584,0.00052203174
312603,3.593464e-06
138914,0.18834762
106617,0.0011306194
961596,0.062355887
437973,0.0012760182
280118,3.0908808e-07
143542,0.16071835
423516,0.032605186
913941,0.0002043235
414307,0.0011290453
757271,1.2993979e-07
655382,0.32855237
738083,0.09771317
940799,0.0072322404
423232,0.00049612485
789277,2.4820003e-16
555079,1.0814392e-05
176150,8.404764e-09
811572,0.0025556597
132073,0.032350883
835859,6.2614174e-07
129908,0.99724203
581337,0.559569
424307,1.3130996e-07
158268,5.7726365e-06
274874,0.006599455
757599,2.982961e-07
172576,0.006746408
340006,1.0329501e-06
432100,9.352461e-06
757489,0.00013700237
875573,3.0044056e-09
606804,2.1496705e-06
484756,8.851436e-05
167692,6.454506e-06
664810,1.2387692e-09
991002,1.6542037e-06
565577,0.015794424
827178,4.3955965e-06
463897,0.030987276
114570,0.003144191
798368,0.004098724
953144,0.042319875
728382,2.8950863e-06
144620,0.041194946
396020,0.009826905
658659,0.00073543587
105970,0.003869479
839433,0.0019915162
473083,0.020281883
451409,0.14056848
892102,1.239123e-10
823870,1.6893607e-06
905782,2.7592576e-05
212494,0.6618737
653286,0.00037160135
409898,0.0004197327
792023,1.0139588e-06
442830,0.0006655026
533341,0.0003468787
223976,5.9541195e-05
924823,0.0018903231
506945,0.22699921
688885,0.021093339
317869,1.1454308e-06
359076,0.0021902898
958694,5.7737427e-05
167745,8.397811e-07
662684,0.0013216725
604579,0.004496693
134796,7.5404346e-06
244693,9.2626795e-09
172699,0.00022013337
742748,9.1087706e-08
323120,0.015178539
599303,0.026725676
125122,0.114135645
447377,7.57436e-05
297040,0.0015985164
827661,0.00077749975
601592,1.1968839e-06
223764,4.756625e-05
878984,2.0327406e-15
453175,0.010315279
548998,1.4134697e-07
560661,2.5706788e-07
745380,0.0008528989
905842,0.0007769709
657863,5.1537586e-06
966586,0.008045798
931112,0.007509042
385985,2.432024e-14
638660,0.00028235585
899273,1.2912047e-06
563084,0.30208385
293125,0.00045038253
957425,2.0985942e-06
593828,0.0009941928
450043,0.00050628907
637142,1.9502177e-05
501352,0.00013433045
800160,0.030415647
366673,0.0022475573
157435,0.005016212
299887,0.60137355
316697,5.9380498e-05
725917,3.813906e-05
365668,0.05020276
121394,0.53091854
567482,0.0015701731
120598,2.57554e-07
476334,0.5808998
910292,4.2869672e-07
592428,1.7822405e-06
422797,0.0002837827
357802,0.0031313866
170885,0.00012272781
689828,1.3092175e-05
637336,0.0050284285
459703,0.0005700923
509749,0.0011336536
276157,2.6028174e-05
706477,0.0009876982
251105,0.000116705036
298360,0.00043069702
839929,0.00044149504
262189,8.507525e-06
562240,0.0030302398
957802,0.0032601752
124591,1.5101136e-09
787238,8.573464e-08
659720,0.0002957202
849963,0.48762205
260884,0.00063958083
894395,0.00025193248
102182,0.42041972
955518,1.5745137e-07
953288,0.055355597
534358,9.9923604e-11
160361,0.00016130971
600177,0.7181909
329043,1.1836221e-07
657937,1.5525617e-05
571971,0.009865518
783744,4.897523e-06
959900,9.150454e-13
590410,6.9877724e-06
972803,0.0062048994
125396,0.00026528086
127313,0.00015194027
412463,0.08030645
563667,0.00038085054
819852,0.00092773093
214661,0.010046231
425140,3.5790315e-06
123879,0.9078582
151605,0.00044452757
233556,2.8406034e-14
290375,1.8027718e-05
626460,0.019977085
979603,0.00011703803
461487,2.288681e-05
525576,0.0031785106
779747,0.0014260253
974151,0.04096138
881426,0.0014168501
405716,0.5090226
945072,5.4869895e-07
742974,5.931711e-09
127095,0.12829633
621756,0.00030517112
560169,0.31779662
957193,0.0012831058
350338,0.010233108
384534,0.00081159594
430660,0.29182652
656100,0.0052055544
706339,4.7469053e-05
902783,1.2513547e-06
225449,8.0650466e-08
206237,2.7147993e-05
688482,0.0032263952
364361,0.00014053156
456329,2.3451626e-05
413000,5.0229872e-08
977002,0.002586055
762827,9.296571e-05
920738,1.0494957e-05
220171,0.0018809628
500069,6.140562e-08
493034,0.21585098
443404,3.4948584e-08
936534,7.019766e-06
963129,0.0022190937
325690,0.02642873
748768,0.0022431877
401790,0.0005308899
234093,0.00039984268
910130,0.11538811
539864,0.0015510876
646320,4.3404984e-06
895474,0.001513635
537956,4.132853e-08
569919,1.09500135e-07
382962,1.9877273e-09
997289,0.067946196
572135,0.0015990166
363380,0.019800615
467418,0.85217637
588095,0.15257911
636294,2.5568589e-08
440382,0.00086284656
799029,4.104693e-10
796486,0.0001345793
756243,0.13212003
648783,2.925852e-11
615973,1.794569e-05
845965,5.738631e-07
864995,0.08218403
625439,2.2351067e-05
842767,0.7897676
702454,0.0020218415
307832,4.3304512e-06
384079,0.0038533078
283402,2.9958066e-08
375565,0.0153161185
941153,1.6541753e-06
942715,9.857293e-12
471546,0.00064526306
698967,0.0075041256
715902,3.040141e-08
782806,0.0006480759
587846,5.716616e-09
900785,0.9997647
921376,0.00022827434
234586,0.98374313
167825,0.9966252
909418,2.4369504e-06
699853,0.00034619204
826253,0.004951041
399663,3.804645e-13
561022,2.0893802e-05
691893,4.0479068e-07
228775,0.030678198
491035,0.000815603
565996,4.7782358e-08
182665,1.7473161e-07
375278,0.0062781638
924751,0.00354874
124683,0.0002453129
215479,0.015847934
742275,2.1663613e-05
224105,0.004357569
708266,0.7714812
334820,0.018411322
925374,0.015953679
630043,0.000937011
458798,0.34041947
326492,1.7818377e-06
978312,0.16971056
888978,3.2892005e-06
641940,1.80218e-07
247600,0.00014063317
743258,2.5064785e-06
821580,0.005900985
337561,0.017824912
215436,3.720792e-05
452306,0.05662615
522430,0.0012513675
785783,1.3662957e-05
523560,0.0009028973
124571,0.92303956
815314,8.179437e-08
657589,8.821385e-06
362355,8.154958e-05
209313,0.00035647216
247249,0.0046618995
241477,4.0952797e-09
199245,1.5849582e-11
344505,1.348449e-05
287937,0.00033181664
703821,0.0010271173
301659,2.6813188e-08
622340,3.120703e-05
941082,0.073816285
730681,0.00061072566
299081,4.3524964e-05
705419,0.003354473
807696,7.359036e-05
681726,0.03222385
529446,6.714414e-06
714464,0.00046728124
382812,0.013061523
994873,0.00018860838
608787,1.7973963e-07
540142,2.386787e-10
253059,8.063525e-05
987995,3.1320124e-27
345144,0.121555746
421755,6.4566095e-08
402114,8.931021e-06
214968,1.7815407e-11
854697,0.09843905
790759,6.9928524e-06
479423,0.14091623
405600,0.013995319
693157,0.066945694
825152,1.5801347e-06
331861,5.3456857e-05
661648,1.2428778e-09
774313,3.6896305e-05
232957,0.0004052667
707620,0.039710768
975239,0.9109608
973415,0.02896466
525898,0.030245105
372490,3.945881e-09
431393,6.3041825e-06
481689,0.0005885319
940475,0.0059096436
770649,2.8114007e-06
266273,0.22063205
199420,0.31825018
364930,0.2862187
787806,0.0012554266
836105,0.002323515
628011,0.034633294
274076,0.0002351901
451676,0.116217054
385973,2.210918e-06
361492,0.8291697
867000,3.5673656e-12
254549,9.698232e-08
814289,0.00014241772
104919,0.00053393986
287113,8.639486e-12
174369,0.00025633298
861290,5.9700385e-05
991139,0.00145691
711460,0.0045374944
541382,5.2627104e-07
885029,0.00010886525
371109,4.576244e-07
874614,0.6165379
315824,3.6651738e-07
891480,0.00020260332
229082,0.35761628
317966,0.00010422128
768626,5.0727596e-07
695331,0.00010044133
307989,0.00033054262
356139,2.7562057e-06
967452,0.00019993109
439101,0.9763183
420237,1.0093521e-05
428491,9.28648e-05
119967,0.00010475632
104936,9.696935e-07
467050,4.6979762e-09
140632,0.0012031512
443510,1.0589247e-09
866462,2.0072632e-10
414700,8.863112e-08
865392,2.5749284e-07
386124,0.0050497567
998795,0.13318238
884553,0.00010653273
738210,0.00023045618
131961,0.019112652
878613,0.0019771305
470482,0.0030426565
444544,0.9126421
922992,0.049857125
112655,1.3770898e-06
777395,0.8498689
221111,5.235023e-14
196711,7.057732e-05
152767,2.2390445e-08
131886,0.12813771
710383,3.62548e-07
722727,0.008630018
713141,0.00051244907
402132,0.015428297
455320,0.031845443
726182,0.0013325817
833424,0.00044135156
221898,1.8158069e-06
840028,0.0055415626
423887,1.579566e-05
651158,2.4868105e-12
897096,7.1836985e-09
480157,0.12674811
781218,0.00059560227
988791,0.0069307038
732575,1.5017357e-05
313261,6.237194e-06
417489,0.9093282
263403,0.040839992
572599,8.396514e-05
562258,7.673465e-06
170286,9.749806e-17
800969,0.00120589
242458,1.14069e-06
798835,0.0001523199
431660,4.492157e-05
380252,0.017190855
187423,0.00024082397
908837,0.008368771
435712,7.002959e-05
220487,7.793441e-06
100425,0.0013371814
691369,7.182065e-10
272162,6.5021224e-05
648650,9.2652334e-07
867305,0.0002286355
651923,0.031005112
469732,0.0001522364
388626,5.071894e-07
718562,1.9533186e-06
815123,0.0019424103
226348,0.00042580155
644562,4.3225523e-08
277925,0.6156064
363909,0.059086155
103757,2.7256775e-07
231929,1.15787026e-10
439925,0.0035463837
140018,0.16618228
199757,1.9283415e-11
996068,0.00084267516
496806,0.00011485569
353735,4.3986023e-07
746004,0.9410341
858384,3.7273016e-09
256024,0.2111016
146397,0.0016958249
880001,4.260865e-07
916995,4.067472e-05
536894,0.00026530845
723254,0.0006673202
772076,0.00044380396
477816,0.00010682225
142797,0.0013248654
824763,0.0013415517
262666,7.610284e-05
338337,6.991202e-05
302883,4.6545065e-07
401821,2.6923299e-06
796705,0.10710975
876532,0.0028303894
685378,1.6679175e-07
923131,0.00060709234
204926,5.6060642e-05
536892,1.2560558e-10
619815,5.1527275e-07
216021,0.039181896
356563,0.13561803
128379,0.0037633001
923294,0.09627677
499607,0.004786766
475139,0.012078318
704530,0.00026150778
542871,1.0595904e-07
216412,0.00014627373
785559,0.020972934
780229,0.0011115378
873919,0.0037062208
401760,0.0005669127
605843,1.3179139e-06
129520,0.09121855
271498,0.028455254
937904,0.00025947246
227979,3.2060402e-06
298915,3.6024975e-08
253283,0.0054037445
302631,0.0010111748
493378,1.7403092e-05
279746,3.0550207e-05
381627,0.31142792
223591,0.0011296247
186828,0.8104757
771916,0.2964497
895729,0.08355802
385314,4.2079645e-08
514219,0.0030084336
510031,0.85917985
258728,2.2391216e-05
316108,0.0013595109
653932,3.1084568e-08
222770,7.959292e-09
814137,0.006032562
592242,2.5795598e-05
385879,1.4384124e-09
867075,0.0005591081
292198,0.00031332002
972263,0.106066704
132257,2.5140853e-08
659402,0.0028266422
962945,0.00036125912
243260,1.8747141e-07
992730,0.02518674
274027,1.4151063e-05
650738,0.989874
526654,3.706484e-05
104934,1.782534e-05
717630,7.634602e-06
497639,3.823181e-09
467177,0.00015323593
568875,9.255887e-06
123823,0.019983117
776436,0.012500372
250375,2.1752925e-05
174039,2.2960413e-11
399295,0.0003990445
988720,0.00060503284
835497,0.007019891
839113,0.9963784
888661,0.05472557
529492,0.0026707419
329611,0.29149747
805351,0.00010435334
596657,0.00055183994
218785,0.7825207
196769,0.6131002
803021,4.6937597e-08
282229,3.1930856e-05
422799,0.0014143196
996489,3.265633e-05
607699,0.04229066
931055,0.0058425195
390549,0.004559746
922809,0.00062629837
689924,4.624274e-07
255594,0.00085421075
344190,1.2250553e-07
368919,0.9997154
612147,2.0631612e-07
163513,2.7353306e-07
755719,0.12455939
272348,6.9575683e-09
141319,5.0057718e-08
333615,0.12903905
354467,0.002973104
892310,0.00041056157
921573,0.86195195
784808,0.292844
477997,0.014165784
470333,0.00409853
796915,5.2439075e-10
112947,0.06877531
311878,8.771035e-07
161278,0.426373
891919,0.12780511
966954,6.016679e-10
530064,0.0037284335
279935,0.058888085
944838,0.05248241
367198,0.0023635093
158658,1.4779384e-06
530812,6.442556e-05
843531,0.00029250872
917504,0.0015039424
162126,0.0013791602
911281,3.8323456e-08
620801,0.059659433
287782,0.12801228
666943,0.0066410773
750850,4.058734e-07
499338,0.16826731
251892,1.3334767e-05
547862,4.0710577e-07
847360,4.212705e-06
228947,3.7353677e-06
347374,0.0028373178
462469,9.864164e-18
818501,7.6140596e-12
518549,0.011537228
155061,0.08598795
125534,0.15202808
610964,0.10949939
144444,8.2966835e-08
133804,0.018074179
666711,5.621062e-06
691756,9.575607e-10
881143,1.1264508e-08
451295,7.0621377e-07
233117,3.375355e-06
761903,0.0008309958
743471,0.00049781834
767842,6.266261e-05
295398,0.002717039
351247,0.19259267
954940,1.0373787e-05
160535,0.018345254
177588,4.6113368e-05
936251,0.09396578
911684,0.055332933
635176,0.11696593
460559,0.89867437
450375,1.498597e-08
148174,1.27278e-07
266025,5.8146856e-09
103231,0.1540436
864868,1.909472e-07
584916,4.8866244e-08
316147,5.1260734e-08
207926,0.84362805
982324,1.8265869e-08
809177,0.00035614092
837770,0.033135653
498261,0.10302754
806512,0.00029946642
151290,3.7931306e-06
281339,0.86824805
498630,5.769245e-10
638428,0.00019966134
507206,1.2564494e-05
996949,7.486965e-06
768296,0.036779974
749619,5.1484072e-05
646216,0.0060580703
860812,0.0067196875
232672,3.549205e-06
456540,2.60083e-07
233673,0.81372553
612369,0.009740482
740506,7.3826384e-05
163680,0.007492571
827592,0.016176743
593043,0.49543238
287648,0.00022274423
134982,0.09972916
111612,0.0020816333
343453,1.0812497e-07
929269,6.526019e-06
334761,1.9646475e-06
211817,7.0653146e-09
988616,0.001929035
521158,0.9762885
338478,0.01676809
545623,0.003684144
647528,3.4714251e-09
923872,0.00067062373
683574,0.06264069
224661,0.05350577
807451,3.7435697e-07
248204,0.0050370987
876829,0.0001436715
378469,0.9923482
903698,0.00066140806
268644,0.016844241
907621,0.00018183375
592891,0.00014352743
339395,0.0030451356
100361,4.6812165e-06
256408,0.0757429
197646,5.5066004e-05
529448,0.00011535456
565289,6.5087384e-08
204135,0.006199535
124843,0.000115560426
188794,5.7086208e-08
288151,0.00011645391
347494,0.00012978233
886518,0.121809736
667277,0.51826096
467163,7.380547e-05
471920,6.441936e-05
321104,0.0002502092
780630,0.009989293
271445,3.753873e-08
644620,0.0025363178
348564,0.00030647294
561374,0.011695154
520459,4.7538646e-07
267626,0.02508943
482047,0.0129773775
758860,1.3389588e-05
511300,0.011302293
829119,7.6598226e-05
579147,0.000475123
675584,0.8390942
629046,1.8285144e-31
517385,0.011139616
575443,0.00011288411
639009,2.807941e-05
190242,0.00016689101
471331,0.021707805
476579,0.0011400279
592584,0.005950768
699100,0.0054102247
545102,0.5764572
221601,1.3367848e-05
618286,3.4479888e-07
716628,0.0030100902
153089,0.2506562
186947,0.036147654
570935,6.684287e-05
864507,1.8021792e-08
850078,3.8153285e-05
958813,0.020999946
572523,3.0084846e-05
446389,0.00010824385
281079,0.19561432
703610,0.001352975
915867,0.0004237922
563637,7.841569e-05
669095,0.5408672
440437,0.5709783
831154,0.02110652
951128,0.953391
573774,0.00077801256
501237,3.4866005e-07
435326,0.008856366
224646,0.00034818676
879863,3.1462194e-05
145330,0.00067367515
114338,6.5842887e-06
574798,8.239902e-10
312445,0.20734282
163843,0.02132259
695231,1.19802735e-05
511660,1.5073e-08
826319,9.446916e-17
616932,0.033163324
739113,2.7368642e-08
237249,0.0141222
853320,3.304457e-08
162212,0.9276349
334504,1.3386385e-06
421217,0.0038414053
148806,0.0062333797
920917,4.2834585e-09
343513,0.8075677
163952,5.605134e-05
534289,0.008021774
615462,0.008281864
703322,9.0880815e-07
114148,0.0009970802
669959,6.2280276e-05
579668,0.0001467872
916852,0.10416713
780421,0.0022208241
759556,8.740657e-07
736014,0.99966705
271833,1.288188e-05
831651,0.016758816
353004,0.25936538
516477,2.7647645e-06
435961,1.1518949e-05
185979,0.07073484
916428,0.002501385
815628,0.0044081896
654370,0.043230943
608428,1.9558353e-05
232120,0.00024333353
390621,0.007773417
503428,0.0006701577
857922,0.0001366363
251648,0.0010319655
529656,0.001715559
502115,1.0048902e-09
635152,0.0044070096
835662,9.914686e-07
444421,9.708458e-05
719020,7.4078074e-05
947996,0.22707468
810927,3.6614136e-12
405597,0.8680665
601188,1.6340823e-11
121577,0.010178388
298343,0.002835322
570057,0.0002522322
994681,0.0024123418
938324,0.0003267347
932528,0.008539606
941573,0.42752418
491487,1.9776762e-06
890319,0.18203217
623987,4.9752856e-05
326907,0.0013914118
591574,5.775515e-07
466020,7.4123973e-06
948972,0.9311501
573195,0.67459047
869158,0.06443379
298680,3.7244863e-06
201561,0.00036155028
187335,0.001891954
265761,0.9022502
634424,0.07349114
680562,0.0008278432
887187,0.002786462
585816,0.0016038906
142323,1.2723443e-07
788075,9.422577e-06
779753,0.00011271361
208063,0.1848618
687624,2.580785e-06
732411,1.3725407e-08
356254,0.0009651028
778812,0.019520376
423481,0.0011497696
888746,0.007502822
557835,0.004917053
663870,0.002449234
745816,7.4259538e-06
779455,1.161574e-06
350491,0.0017269013
265894,0.00010795079
304944,0.029471919
249335,2.2757507e-05
868206,4.773581e-06
352886,0.00043429976
428447,0.16159731
534620,5.266888e-07
789573,4.5105426e-05
103523,0.0016157897
321519,1.7893849e-06
477847,2.7037718e-08
100786,0.101103
877609,0.1711506
663244,2.2980197e-05
130505,3.0699877e-07
300751,0.007391394
358773,0.0052790754
826214,0.09559276
395714,0.09515882
756324,0.00036831762
109497,8.2421394e-07
476574,1.1603741e-08
472587,0.09897472
323266,0.004024953
859756,5.1239123e-05
714795,6.0559474e-11
842047,4.078896e-08
724513,1.855695e-06
819193,0.030111812
406678,9.028802e-06
318507,0.0018041735
584953,0.010630408
887960,1.1203423e-07
127642,0.7418441
317325,0.0014116504
565068,0.001307436
467602,0.0026748653
893244,0.00753187
598716,1.7994807e-05
491358,0.0014564645
203073,1.5232827e-08
997019,2.8382765e-09
938873,0.0053003565
974503,4.91732e-05
510405,0.0013601526
101364,1.8226792e-15
661587,7.9757814e-07
897673,3.3018954e-14
970946,4.2751765e-08
259242,2.1042932e-09
119915,1.4309198e-07
724771,0.10506229
128948,0.01048739
138740,3.061927e-09
765222,2.54803e-10
520223,0.0020073052
685003,0.021563418
641803,0.000118949836
264211,2.1741405e-13
834934,0.1546339
596477,0.78041863
234774,0.0011094052
780747,0.00020161184
495175,0.13924567
386498,0.00028993437
337983,0.96489054
516893,0.4502395
304313,0.00025640658
370225,8.796005e-11
673030,5.9338046e-09
927513,5.9902214e-07
913123,0.91217685
951124,0.009558442
460426,3.280497e-05
819168,1.684786e-05
381710,2.2171848e-06
163970,0.030152207
967500,8.923201e-05
126458,2.4142386e-07
911356,9.463185e-05
241239,2.2343134e-08
800842,4.6954313e-13
968457,0.0075797485
542290,2.56989e-05
532940,1.3965689e-05
943833,0.0017990156
314372,0.003097919
582318,0.00044391022
324490,2.5527872e-05
674023,6.6599874e-05
568643,5.196906e-07
233067,3.3161247e-12
796411,2.6484366e-07
859826,0.04895332
358181,2.0294412e-10
113162,6.694822e-07
940532,1.951945e-09
717608,0.00013473789
155840,0.09218873
586521,0.0010031072
717546,3.1165036e-05
171269,0.0018679705
515035,0.00018829822
742521,0.99047685
262068,0.00013144726
141949,0.9996038
568440,0.0026539129
249968,5.994576e-08
765238,0.0012832236
189282,9.594445e-08
368525,0.014921284
431627,0.001918399
173936,1.6843939e-12
854290,0.027692402
371443,0.004694946
211554,0.087311454
413961,0.007789015
823061,0.0121192625
347267,0.0053634667
843954,0.00055162195
399401,0.01495932
318397,0.00028092143
424024,0.03949986
975818,4.476196e-06
222882,1.1097359e-05
296095,0.994817
623565,3.77487e-14
263935,2.3265737e-05
737498,0.024348352
747203,8.588903e-11
520384,2.5312298e-07
529991,0.022685366
336676,0.00024974273
425330,0.022899121
529985,2.546146e-07
463828,0.0066525093
522210,5.2218194e-05
745253,0.0
560547,7.207003e-06
884489,0.036354814
996296,0.78269947
907803,0.0018025803
391576,0.0053129084
961348,0.51475424
367857,0.1125385
160698,0.022991952
936627,0.00016081487
751339,0.00047135405
440117,0.000235577
524479,0.0031493336
110862,0.00083368376
106061,0.013577365
469249,0.00016304287
959914,0.010083727
903223,1.0657172e-08
731871,0.7458005
610230,0.8266379
603014,1.763559e-05
859112,0.001074101
616611,0.08018202
345089,0.00023156959
161290,0.00012687585
473901,5.7943663e-07
677238,3.906605e-06
644683,3.3558007e-07
889348,2.5832326e-06
690673,0.00037963025
588559,9.116279e-12
511706,0.13117583
727565,0.9904734
557186,0.00054981175
870600,5.092813e-05
176192,0.4518746
311919,3.7947293e-10
781093,2.4836454e-06
745434,0.12342738
762237,4.347558e-06
599028,0.007952438
938110,5.7461936e-14
672093,0.00790884
384654,0.00087229186
264672,0.8182516
701833,1.331522e-17
581077,1.6732813e-05
576465,0.0011618531
335986,5.252484e-05
182020,0.006364514
625379,2.6343667e-05
777684,7.1123557e-16
716182,3.0670886e-05
784834,0.19549613
681943,0.00064156536
936063,0.0006258371
958765,0.02727993
977047,2.0235691e-05
848886,0.906845
669341,0.6272961
885290,1.48240415e-05
849281,7.996108e-11
435847,0.00030579
635031,0.9936327
182035,0.00033802423
280594,0.9991852
390010,0.009277597
878931,5.8437872e-05
597748,0.09869252
147761,6.3079715e-06
964264,0.3640673
977469,0.010160341
293732,0.028937366
941230,0.0017449694
454889,0.06822067
438959,9.2947004e-05
781006,0.9849936
239680,7.1731745e-05
726379,0.0051699406
779909,0.028147163
179274,0.00037076676
432506,0.0530797
841958,2.4826059e-05
648769,0.002720654
118033,8.763678e-06
918035,7.665407e-09
148491,0.01462858
537505,0.02133222
762455,2.9328125e-06
371523,0.06385375
562105,0.002551806
924627,8.015447e-09
437804,0.04389229
505248,1.641532e-12
251742,0.0064589772
724531,0.00095565827
693452,0.003325884
344099,0.008535997
649706,0.00035637646
905644,0.8564897
376343,3.8485974e-05
378162,2.304512e-16
402009,0.0009008431
720676,1.0503059e-06
750433,1.01839184e-07
992502,1.545062e-08
781049,0.011872813
812904,0.0033180441
825965,1.0799512e-07
365226,0.95284057
930712,1.221289e-05
209897,0.005044149
974072,1.4214474e-10
446358,1.8756151e-06
702161,0.023452938
891915,0.009078939
157976,1.0009845e-08
994471,0.00041936093
354002,0.06810751
443086,0.006735674
697675,0.035110485
496367,1.8605838e-10
308740,4.955925e-12
726270,4.606467e-05
874916,0.00096017
525347,0.0005336618
854555,1.4586223e-06
851667,0.0016134006
773548,0.004984176
624336,0.05533051
424508,0.9892343
266486,0.006458044
766637,2.3122887e-07
884219,0.0007351434
697901,2.1221176e-08
123751,4.1374358e-07
911156,0.9150969
239313,3.7196457e-09
643187,0.0029303425
818255,5.124626e-06
685487,0.018628072
312275,0.014185502
882817,0.0005193296
137995,2.1381013e-07
393310,3.7070782e-05
412970,0.06213619
642841,0.00378524
744931,0.89120346
780797,0.9923055
571128,4.9493405e-08
303300,0.00043346654
904266,0.009234421
134915,1.4721368e-05
178974,2.4232236e-09
593599,1.5894003e-10
304519,0.013965083
573374,0.75323707
138287,0.6858626
105717,5.972566e-06
128964,0.019475443
446007,0.7627356
252427,0.00010525086
873337,1.1873745e-09
618181,0.024763582
366626,7.940402e-12
871191,0.0011208106
110113,6.564997e-15
131116,0.00013312517
877767,0.025584307
796732,0.0064128656
665323,1.9145229e-07
234983,5.673674e-05
930060,0.013943799
368946,4.2309818e-08
179237,0.9212866
336615,0.0015301127
182713,0.04140404
732676,0.00026835027
868861,0.04499672
282334,0.3497881
359564,0.0056887064
732894,0.037983883
185349,4.041597e-05
231324,8.071537e-07
433824,0.04777705
347067,4.0083558e-17
751908,0.21409485
915872,0.00013847798
832143,1.285236e-07
859035,0.00068302045
723956,0.114707746
949378,8.164466e-05
297196,5.188796e-11
846974,0.0008002502
990659,0.006884752
712013,0.015538825
818379,0.00061042735
350405,0.00019173144
330549,0.00030448436
833065,0.0816762
512709,0.0074954657
475943,0.04229363
254056,0.0071051694
539146,0.050303284
683342,4.731079e-07
328007,0.0023135187
748062,0.0032391578
583142,0.0
174929,0.036181647
417299,0.6168581
151650,0.9990681
969880,0.9878708
108367,0.011418044
483705,5.1794247e-10
350716,0.0003953833
989804,4.6925224e-09
808225,0.019739142
303093,0.06595391
120800,0.19210464
767815,0.0013952194
406292,0.04644838
933237,0.9988664
317131,4.3410637e-05
624439,0.008126737
529702,3.415983e-09
249882,7.5449016e-06
122873,1.0169795e-05
550026,5.330167e-07
196499,0.0017517337
129380,0.015841791
711387,0.0004259497
803247,0.0006975111
628417,0.0011902805
239679,6.7964766e-06
772095,0.00024192402
606743,0.00019753599
911239,0.0004364244
359894,6.912452e-07
597207,8.6432664e-07
195309,0.0034593607
574787,0.00025387836
837391,5.801764e-05
118296,0.032751296
805579,0.17164482
843339,0.000477549
875908,0.006739701
966621,4.110114e-06
449996,0.00022773954
516734,0.0054723043
837494,4.76661e-05
990028,5.6161353e-10
309053,0.02268148
573877,6.5069645e-07
492598,6.162065e-09
418212,0.00014377265
286096,3.7679903e-05
557560,0.012721479
997185,4.601298e-08
863140,9.067134e-12
477647,0.05735989
994115,0.03216789
159625,8.582638e-09
547034,0.00021312658
666086,0.0016121475
485327,2.7616853e-10
297295,0.05225378
464625,0.8790704
564055,0.0036257263
113224,0.016201084
799471,1.0273376e-05
386347,0.03797122
939031,0.0010387162
408060,0.9285703
289888,2.6064836e-05
636589,7.072504e-08
456056,7.789325e-05
235843,0.003915203
667335,0.005786844
211582,0.00023527262
599953,0.99895334
857661,0.00026048452
148189,0.0007652081
414152,0.0020680951
673915,0.002086808
988759,0.4376918
210456,0.0060393903
847216,3.5950477e-06
974581,0.00010006457
645072,3.5963694e-05
916702,0.0010749245
596199,5.238179e-06
657985,0.011646412
726505,0.00035474516
738696,5.587256e-05
523401,0.0054492257
851017,7.5418274e-07
711924,8.181094e-06
780213,0.00018034845
869234,0.03830866
568275,0.030691873
901923,0.980166
415507,0.00584659
772445,3.070645e-06
970612,1.8381035e-11
867458,0.13935292
295866,0.0053288713
296047,3.931056e-05
107014,0.00091820146
943254,1.2185434e-06
263174,0.04663019
184601,1.0063677e-08
593010,1.7015688e-09
570297,1.6115883e-12
245883,3.5833472e-10
788065,1.6909493e-05
244744,0.00455572
235423,0.25816822
882573,0.00023654706
678738,0.008248318
531388,7.499712e-10
796973,6.2310637e-09
386389,5.082749e-08
716324,4.1901545e-11
998492,3.8936982e-06
383049,0.01729228
823814,5.5679275e-06
641980,0.033449695
278322,0.00030238388
239036,0.004956682
475851,5.6915076e-07
146675,0.0028046933
146938,0.000928468
964003,0.012017429
144214,9.1512176e-10
463707,0.00021132748
460007,0.07190109
901650,1.0208662e-05
758178,0.001097381
195384,2.1932078e-09
318792,0.17713998
210929,0.09414808
154811,0.0038547374
504683,5.5114866e-05
732742,0.13067323
388694,0.00030068087
939771,7.7416075e-07
217185,4.008059e-05
487988,0.08159108
114228,0.00074239157
351011,2.4230342e-09
205998,1.4279604e-11
484283,0.004773577
734011,0.036139097
879820,5.1379857e-06
656512,2.9795157e-07
146992,2.3261049e-10
473842,0.5504601
214674,0.009478467
936558,0.0401868
934206,0.00010692324
311788,6.376463e-06
611230,0.00019473476
936268,6.687028e-05
785877,0.0021967585
833851,2.5664078e-05
600497,0.006013866
947985,0.06164552
609189,0.014304507
517193,0.04316424
847595,0.029689854
750691,0.3927661
141313,0.00029833763
549120,0.9810527
538443,0.0004201372
363345,2.9979734e-07
329942,0.009069231
731299,0.09731382
774877,4.94329e-13
489664,0.00041559731
278386,0.19383065
619260,2.6379821e-05
289153,0.017611811
365278,2.6902535e-06
968854,6.351352e-05
282019,0.95085585
431341,0.0012742208
161071,0.9999843
447238,0.000106470885
303875,0.0008497499
984710,0.00019448333
782669,0.07229157
904167,0.5457024
444718,3.6103957e-06
425436,0.0006613404
901296,0.00018364446
641443,1.0722007e-06
330284,0.010478877
996116,0.0028269314
391330,0.059305698
151870,1.9052053e-05
396932,5.427756e-09
447204,0.9768638
327930,0.00024573613
156008,0.000985019
569483,2.123518e-06
658833,1.1171277e-13
180689,0.272675
573925,0.0017177672
660160,7.2473665e-07
561445,0.004794004
335279,1.9566001e-05
426615,0.0018747279
674280,4.6779965e-05
897294,1.7473305e-05
730946,2.4412017e-07
564944,0.0001837357
321190,0.028834613
394624,0.00071345095
644382,0.02141775
852496,0.02001653
423037,0.9949544
609284,0.023152044
633869,0.015867215
179969,0.0005976554
791037,0.012243939
358342,3.094623e-05
237189,0.9991316
834354,6.2004794e-08
589940,0.0003365809
501159,0.0016395529
218978,0.8133754
212671,0.010458511
506037,0.06645854
603573,3.1368003e-05
179394,0.004871535
413169,0.028044675
398500,1.862326e-07
936561,0.0069224257
839591,3.310033e-08
755787,0.06945647
659617,2.247344e-06
727456,1.3551842e-06
581111,0.00015400643
328533,0.92872226
598016,1.9493735e-05
424724,0.00019673316
510768,4.224383e-05
215206,0.008715272
518900,1.9744417e-09
365607,0.00025891792
303529,0.0014914534
270091,0.0012306144
372142,0.0019615223
630216,0.012286178
464226,4.163333e-14
283989,4.369942e-06
184327,6.489049e-10
847137,3.4509038e-05
377208,3.0158415e-07
943245,0.0009209807
843082,5.878261e-08
101713,0.026405836
566068,3.226022e-05
881024,0.1455828
348938,3.0643915e-10
791656,3.383425e-06
417452,2.426537e-07
507068,3.0062189e-05
473911,0.18648203
819235,0.9798352
127099,2.7480771e-06
974261,0.0033834195
420426,0.002511461
303331,0.017031724
772735,0.0009871824
529524,0.18459308
480270,0.00022326772
457887,0.0020136577
825322,4.436727e-06
755743,1.8964927e-09
996235,0.0003552027
654987,0.063801125
645557,1.9577536e-05
278082,0.025827633
905195,0.000101324535
853544,5.6743283e-05
286450,0.00037792805
980480,0.00067949505
766025,0.0007639644
126332,0.00023176218
109778,0.00010033938
633341,4.524599e-08
187420,0.0032451767
649020,7.8195924e-05
815387,0.0650627
696205,0.00015773156
309656,7.5033267e-06
571629,0.0021173349
401727,0.046512514
112216,2.7616118e-10
532911,0.036835115
955129,2.3970966e-05
755835,5.9632105e-10
651731,0.00016318176
718482,2.7637204e-06
376465,8.245368e-05
343244,3.308059e-15
841528,8.46917e-06
460817,4.090266e-06
762938,0.0119867325
818106,0.0007658271
971958,0.0010031502
980538,0.005164051
877521,0.00039793248
369610,0.00022404756
292124,0.031064263
158970,0.0009918517
323242,0.61401224
793026,0.006391732
893841,0.00028395397
756400,1.281486e-07
480464,2.2444503e-06
731268,0.0062085046
446859,0.35782933
168714,0.49501356
469376,0.0003979444
226637,0.8496561
434067,0.08055287
132189,0.026250983
454071,0.025413858
336861,0.021172823
328356,2.3357435e-10
260617,3.2749296e-05
729855,0.0022966953
420638,0.06433621
395314,1.4526063e-12
167728,0.7772083
866270,1.411069e-05
698963,3.0051235e-06
211873,0.0065733967
757395,2.904819e-07
392602,6.1324714e-09
568581,1.3098948e-08
892824,0.0007428664
866589,1.5677303e-11
895347,0.00035297917
585954,0.0017015515
818914,1.0444985e-08
132929,0.09506095
610331,0.002827965
632248,0.00076523103
586478,0.00948093
572501,7.0100246e-09
961834,3.6702768e-05
969167,0.96739167
670882,0.0019446968
168003,0.003404278
225168,8.611554e-05
883825,0.024401728
326493,0.0035699133
620987,1.4213851e-10
719354,5.2783707e-06
544308,4.082788e-08
182504,0.78100324
283707,0.0003083228
956356,3.797409e-06
671030,4.1300872e-08
584593,0.011953116
113527,0.43016
684862,0.0006133179
427117,0.00061034417
983986,3.5355272e-09
389024,0.8109325
572142,0.0028967704
504343,0.0030265686
758064,0.0010205499
473774,0.09030108
697080,6.050319e-13
227427,6.5009664e-10
548172,0.001752325
418692,0.00013681345
383428,0.011267826
933277,0.13370453
369768,0.04176125
629533,2.2884676e-12
244077,6.6129405e-06
868552,0.0013310786
661880,1.4804473e-10
423808,0.0016389975
525879,4.4300423e-06
484356,2.2047008e-16
644129,0.000109990826
948100,0.00022401231
190432,0.1599614
239845,4.932594e-06
690826,1.5150234e-10
335893,0.18972908
110518,0.14225245
952967,0.0073485114
272234,5.2357962e-05
737589,0.0005234041
134119,0.6846241
155968,0.00030549805
149581,0.0049229125
354576,0.00022636013
936926,0.036840525
665928,0.00434936
683618,0.00039381898
296985,0.031234106
366448,0.021323679
496567,0.00029997563
169414,1.3220175e-05
348416,0.00012925375
110319,0.12578161
685374,0.0018839801
807001,0.009753028
196459,0.024936972
826183,0.89609504
326037,0.043230813
143966,3.7956124e-10
562101,7.3406184e-08
979665,0.003669154
337025,1.7338687e-09
612519,6.2085535e-05
828098,0.00505764
680441,0.0025154136
959002,0.00017649792
918538,0.00012188496
902838,1.5109817e-08
388345,3.6120255e-05
832261,0.11748345
732775,0.06639266
280458,0.0042629014
901113,0.7689145
681456,8.0604725e-05
650409,6.860111e-08
282500,0.013009947
555360,2.2410613e-05
749409,8.0864305e-07
211069,2.9654696e-09
724122,5.9416097e-06
948473,1.2515211e-07
112987,0.0025196045
698161,0.010642621
235503,0.00014372822
986843,0.008986511
725554,5.3684943e-12
872648,0.10148428
997159,0.0003359918
300636,0.21859233
943544,0.38534024
431686,1.6101781e-08
260858,0.015272628
772551,0.09949516
983214,0.29975206
588406,0.0025825007
122905,9.5237374e-07
733877,1.7824263e-09
836710,0.00011554304
363010,2.41364e-07
463791,3.825063e-05
807758,0.51477575
785074,0.00018781533
968909,0.00020785096
935845,0.0007039678
609264,0.0009159885
712914,0.0021464762
705173,9.62591e-10
664742,0.11420309
419168,0.0001479129
880224,6.892609e-09
342429,2.2798415e-12
142512,2.2262017e-05
637343,0.0095985085
519655,0.0039159358
303990,0.00014325397
894520,0.010845404
699509,3.1952908e-08
636633,8.70604e-07
855530,0.0044091647
766561,0.05272971
139112,3.1405673e-07
596277,9.107637e-06
345096,0.0011584675
889118,6.8893416e-05
986087,1.6035561e-05
895183,1.5640821e-06
581463,2.6538425e-09
114322,0.9990502
795068,0.01536273
659581,0.00081162417
877854,8.524849e-05
495235,0.0053949635
158616,1.0852839e-13
722078,8.975655e-10
833314,2.1106086e-06
394532,0.004498529
606709,3.4587714e-07
107915,0.9998296
948668,8.41579e-06
962591,0.6254772
861239,0.008312531
854632,1.1298547e-06
375832,1.1592144e-09
844703,0.0046872604
837372,0.99905396
197651,4.3180375e-05
982512,1.0225539e-05
988983,7.0750783e-09
890214,2.7705394e-07
768988,0.036332846
917784,0.014216591
474989,0.042907137
188133,0.00015641758
883151,0.008708782
688633,0.0034699072
758022,0.087699704
245779,6.6761386e-05
336899,3.2263017e-06
935055,0.0038621747
127595,7.607817e-07
375710,0.115375206
352819,2.6902922e-05
260268,0.00038448445
789279,3.474276e-05
782675,1.8069386e-05
408694,1.5104541e-05
890669,1.4102123e-08
667919,6.6804664e-06
770773,7.070008e-08
654886,0.20106019
223376,0.26219222
359971,0.00773395
179381,3.341885e-08
762874,1.511704e-17
355874,6.6531135e-07
876570,3.691191e-06
970220,0.25067076
684115,0.0009169679
395153,1.7160302e-05
894762,3.3305473e-06
107084,0.039804257
489807,1.6963455e-05
572976,5.1231996e-12
417744,0.00088689604
672885,8.6635024e-05
726070,0.0070198677
765260,8.8744164e-05
630952,0.0014457688
880576,0.00015142959
203011,0.91349924
415285,0.04309915
788231,0.00057469954
807078,0.0005579439
805372,0.14301775
197179,6.2193446e-09
642458,0.04589976
859839,0.0032115208
949746,2.2318297e-12
787354,9.4597e-06
446307,3.4186518e-11
907090,1.2487194e-05
234666,0.0024159912
567820,0.01721155
588647,0.018344296
663601,0.58970207
260286,3.289401e-09
941925,0.0068151047
929188,0.0035783774
647387,0.9920986
788164,0.013662295
352767,0.0026250244
939537,9.528552e-07
793216,0.00068449485
725223,6.786451e-16
586397,0.0054286425
857035,1.0857715e-07
693248,0.032293297
348088,0.007901895
716448,0.017877923
483910,0.33485988
120822,1.1108465e-10
384325,0.9992602
558883,0.18589845
728168,0.0023426954
716184,1.4354073e-05
574962,5.00156e-13
296267,0.2918614
177016,1.6399193e-06
663053,3.3004392e-07
735859,0.0015639225
357857,0.64012337
170045,0.019016966
271809,0.099956535
966760,5.3854164e-05
639648,0.007835956
992247,0.8064965
263516,0.0014966676
676189,0.00024876936
579820,0.010627093
898371,4.1822915e-07
182460,0.038896944
109000,0.57161343
483057,7.9337315e-06
843576,5.9181733e-05
957252,4.793682e-06
175896,0.042969875
327198,0.010365203
956457,0.011759582
310682,0.056407925
543020,0.0063514584
276194,0.0077013513
983917,3.0047113e-07
801189,0.0016029632
339833,5.0183953e-06
974560,0.18904102
233861,0.00027958918
841244,1.4392864e-11
455130,0.00027426815
560739,0.002398816
489826,8.9487885e-06
838141,0.35331622
676365,0.00059583905
992706,0.7037027
842962,0.00029840818
525287,0.00044548453
948061,0.0034621824
829692,4.0931925e-05
510698,0.012868047
741382,1.9439303e-06
353602,0.9374213
723431,6.828246e-06
796795,7.7647106e-05
265400,0.13146046
939186,3.739887e-07
771816,3.3182969e-06
914672,0.0053332504
923366,0.0025103507
667793,6.959117e-14
219605,0.89031094
285273,6.5213408e-06
498172,3.2106786e-06
749408,0.004170256
606179,7.157808e-05
816653,0.001218924
385819,7.050629e-06
355464,0.0025924563
806415,0.0044731293
837320,0.0037655013
114381,0.00067999586
236203,0.0005944487
525545,0.0069698123
385703,3.0081575e-05
732328,2.9672306e-06
627710,0.07702816
566391,3.8969556e-05
933993,3.6473317e-05
934878,0.00021698984
706521,0.028684922
973412,0.1400072
790361,0.0032781928
892431,5.1943587e-08
431367,3.3652675e-10
775214,0.0026816512
514572,1.2593603e-08
837455,0.0006218475
702445,3.535202e-10
495494,7.6823645e-11
191173,0.0135436235
855938,0.00021919153
759349,0.04864123
244806,2.8290813e-05
299016,5.6736235e-07
193954,1.1243696e-05
264245,9.7911625e-09
968331,2.991999e-11
265580,0.00048924115
347655,6.0315375e-05
822206,0.000946341
349074,6.320213e-05
133036,0.9534853
698600,1.624768e-11
734747,2.2484552e-05
676742,3.3177093e-05
633418,4.5012324e-14
152907,0.0028682689
586360,0.025936656
720008,1.1994602e-07
142470,0.5767216
728789,0.000829156
459659,4.311635e-06
781647,0.13126615
944914,4.0249426e-09
510884,0.00046492135
582127,9.4286304e-07
810818,0.02173348
213148,1.9143251e-10
629059,2.6118402e-10
503789,6.04203e-08
879015,8.696027e-06
157626,0.00059837435
446602,7.142945e-07
505302,1.6070165e-10
578205,0.16809142
694717,2.8146512e-14
304331,0.008988907
546683,0.0038303053
297369,0.022636238
362981,0.040732328
684214,2.1574486e-05
779492,3.2563785e-05
505622,1.1082362e-08
451085,0.0076200776
739312,0.0007053105
153681,0.1258478
653864,0.0010295332
477944,8.049314e-06
417297,0.00041804079
656608,0.0005113983
331584,0.13424826
924252,7.0549966e-10
890637,4.8461687e-05
633011,0.014324851
362657,5.050473e-07
226848,0.019077152
113374,9.635892e-08
230633,5.10038e-06
231195,0.0243501
183786,0.0017205167
699757,1.3309317e-07
827210,0.0008883879
278505,2.2995741e-06
898728,0.004652592
415635,0.00084606203
160806,3.2890907e-06
796241,0.8649481
677340,0.011785316
899228,0.0041524814
613449,0.04017404
786648,0.016933652
700049,6.12915e-05
211797,1.2374454e-07
772368,7.011819e-08
232683,0.00058031676
354574,0.00012116233
100384,0.9796607
881887,4.719522e-09
345094,0.0147595415
745417,0.95908237
819210,0.0017927343
597651,0.0026450937
269146,0.034555696
612047,0.0014980322
944922,0.95556617
245556,3.0131587e-05
893290,0.003638235
958563,0.00016920397
466562,0.27223
449354,0.03048512
803156,0.27307853
440940,0.0014411914
300507,0.19050951
366349,0.31403264
874358,1.6989726e-11
648985,0.0019402207
941090,8.983607e-07
859225,0.22662014
734099,5.889854e-05
399941,0.004483704
637615,1.08048084e-11
482645,0.0011535122
299430,0.003506361
722594,2.0783272e-08
230609,0.0022014827
140309,0.0039705364
641696,0.0019585926
398876,1.78093e-05
791002,0.00041787463
342832,0.0037394702
639185,0.00043840255
827281,0.0007089989
618047,0.12044003
831140,0.05668931
708606,8.332798e-06
215236,6.460415e-05
998233,0.93963355
911785,0.09926651
294453,0.8627777
483978,0.13106209
867523,4.6747653e-07
642652,0.00014458376
939217,1.119702e-05
792691,0.0037546789
574743,0.49755135
428271,1.7961814e-07
119121,0.059403457
908092,0.0029677984
319195,1.4946405e-05
669780,4.1415027e-05
139105,1.0332052e-05
821062,0.0036722964
393551,0.026234321
186215,0.0001350985
171389,5.7496305e-07
208193,0.8411909
953551,0.006519005
792879,6.0124377e-05
920877,0.0003400307
612270,0.0032477658
799316,0.81920886
416597,0.9675014
323849,0.03287256
645907,0.00035087555
917065,1.1906385e-08
616907,0.27078402
541540,0.1106952
396062,0.003324487
424765,0.04386552
955982,0.81894785
777971,2.5576994e-06
837247,0.002814458
147994,1.693526e-09
923914,0.045078382
446498,0.075346224
101587,0.99682945
469473,3.275991e-08
508898,0.0014215452
696715,0.07041605
159545,0.0005271462
424109,1.4624925e-05
784676,0.023330044
578195,0.030465644
715231,0.0005030574
987805,0.0015146682
921870,5.162619e-07
116126,0.065514155
561728,0.0318473
852363,0.5251714
679196,0.036838
318151,0.0006028642
673364,0.00062102964
488507,0.0051065926
483577,5.2119693e-05
998162,0.0031491718
101934,0.0018692148
444368,0.0036900998
468036,0.0027603589
144333,0.0046161534
838056,0.00016288871
617753,0.008426238
318427,0.005860509
897155,0.00096878555
983839,2.1574135e-05
425820,1.370689e-11
431985,0.0030357623
513562,0.08771021
691722,0.0017491756
604260,0.008937955
202891,8.7613385e-05
339031,0.038942493
435141,0.0002892069
201891,0.010777479
887496,4.3854848e-06
224559,1.9111486e-09
257187,0.0007745222
133672,2.3576294e-11
555610,0.0043847626
745343,1.0788885e-08
408000,0.03582141
412319,8.675632e-16
929867,4.7823346e-06
652601,0.1914782
390622,1.0329096e-05
766197,0.0029837226
283251,0.032243356
911014,0.046211697
212093,0.033902083
567113,0.41067368
298623,0.00028700096
658732,0.024518302
347714,8.902585e-07
997499,0.00014488598
392415,4.726366e-10
141787,0.07484932
294894,0.016003883
126545,0.23010571
487401,0.72414947
296389,6.1211827e-09
330324,0.0018580308
988514,0.005709388
412254,0.00039525024
544835,9.486993e-06
352293,3.743677e-07
227621,0.00014684166
567711,0.9956568
993281,7.5672457e-10
458764,0.00088649173
915756,0.00089731714
735800,7.294042e-06
574296,0.045327894
446617,0.17799543
664543,0.0022819277
656769,1.1716639e-06
901321,1.2701484e-05
352294,0.004250007
727562,0.94070137
294035,1.0025324e-05
916748,1.9516968e-08
728780,1.8534596e-05
633595,3.4856898e-06
168765,0.0015007185
236941,0.7975184
472788,7.135347e-07
749570,0.43940353
504944,3.27712e-05
294992,4.252685e-05
760905,0.01567196
790602,4.7636036e-07
587728,0.025282094
722365,0.0024561281
398467,4.622312e-07
502468,0.00010737679
415022,0.020060835
598975,0.0022816055
439956,0.00012315549
706246,0.009878536
814074,3.6189693e-05
705791,0.0039141746
891794,0.55469614
168908,2.7545633e-07
562989,0.0010403572
237743,1.1597618e-05
961518,3.4477676e-10
843119,0.002485668
380196,4.584835e-05
530056,5.4684e-05
419778,6.0520197e-05
547038,2.3522778e-06
375119,0.00317323
743678,1.6667784e-05
660933,0.00018329108
920155,0.057241224
765015,0.0020797402
921229,0.0048321467
560619,0.0006136684
700388,0.6528518
587063,0.15184487
145820,0.07033758
250685,0.0020789662
820685,0.027025519
823164,2.924778e-13
607859,0.008239889
674842,3.7891354e-08
552687,9.750346e-05
135218,0.008138101
663536,0.005175393
172858,0.014811687
906797,0.020037005
882058,0.023598636
907960,0.002156281
930017,9.1937865e-05
714064,0.00070312637
357279,1.9065002e-08
149964,0.18143798
343903,7.6682714e-05
520624,0.05985214
773579,0.022918148
596676,1.8688495e-10
468657,0.0046453234
803805,0.0003607701
967742,0.07020599
242129,0.00012936139
555463,0.8506044
615573,0.0040973388
863708,6.214984e-08
929995,0.0047075255
386605,0.005150688
927107,0.04580879
730518,0.0016200877
244876,2.2976472e-05
115473,0.0055684648
846519,0.00072222156
662025,0.009825327
853390,6.816874e-05
466388,1.356059e-07
751032,0.00022382253
629532,0.001089678
620973,1.5239676e-06
829650,0.020096803
474672,0.0038323
184668,0.0002947446
867597,9.789167e-06
409596,0.054237217
804674,0.8154392
889989,0.0004940764
264370,0.15787236
873387,1.7750413e-08
613418,0.000348475
231836,0.44271356
462114,0.028572785
257528,3.8402093e-05
785446,0.015438092
746590,0.0027727368
821353,1.9030368e-09
648863,0.00023145304
595977,0.00013409177
888338,2.0966246e-07
341829,0.82848597
332750,2.9769537e-05
840957,0.020842936
955957,2.6621335e-19
259453,0.00027829933
367332,0.004314733
797654,0.00019448518
587533,1.7937034e-05
763291,0.00015460585
719713,0.0037713964
274843,0.000115744835
863103,0.07222676
361825,2.882131e-05
253479,5.0098843e-05
758480,0.054949496
852667,0.0024799283
470338,0.17840555
938915,2.4945982e-06
807840,1.8608723e-09
463168,0.026440691
640678,3.508672e-11
562230,1.4364637e-08
318124,0.008908314
259758,1.5805419e-07
554718,2.0517551e-05
823437,0.0025196166
141094,0.9505242
951420,0.001825578
596472,0.282358
201806,0.09419579
935069,2.6009613e-07
859218,0.00016251329
447643,0.0001408691
175039,0.00027042528
867633,9.615662e-23
523437,0.51732373
814258,2.9761095e-06
232585,1.259548e-05
557319,3.2924818e-05
705891,0.0033317711
785998,0.002106611
980362,0.24636745
377456,0.014592134
577986,1.3631822e-08
136987,0.7423395
436994,0.9865782
854154,7.253479e-12
266102,0.00020466042
423717,7.716916e-08
291558,0.023892552
272333,9.572797e-05
511359,0.009582053
577478,0.005938468
822433,0.00063436426
599340,0.050442986
826114,0.020781059
817432,0.64497447
853399,0.41441783
247089,0.00157691
772018,3.218168e-05
845626,0.9934587
930665,1.4477769e-08
573124,1.4646051e-12
172422,4.5065119e-07
342485,0.98682594
801411,0.984616
637399,0.00081547594
927521,0.0010670384
406379,1.6561863e-06
110084,5.618436e-06
586807,0.0026796756
102417,0.22381566
301851,0.00020438721
552818,0.0028670118
879733,0.0020702977
257438,3.1686574e-07
493375,0.10638569
823352,0.0033088159
483636,7.494704e-11
804150,5.257365e-05
902393,0.00035517226
680781,0.21364152
384393,3.8685005e-08
154110,0.3975141
805964,0.0010564664
456104,0.019157017
449342,0.0012357893
410466,2.993973e-08
488871,0.00054171146
764098,0.0012320005
676033,0.007933605
428203,1.872587e-05
421710,2.5396192e-08
598304,1.5470871e-09
735372,3.1000138e-08
903711,0.04825469
697491,0.024654962
151658,0.012352856
308002,0.059163332
721646,5.82113e-06
777303,0.00011018272
240389,0.264172
312799,9.228768e-09
574851,0.00199815
694183,0.001985545
549479,0.045235638
834872,0.0020535833
696954,1.0375544e-09
570770,1.5134065e-06
308958,0.6212063
421598,5.8708547e-08
907439,0.007068268
634332,0.13109526
288116,0.9991323
875720,0.20730726
773326,7.3438096e-05
240947,0.01388922
455933,2.7915686e-07
821473,2.9232291e-08
952606,0.01655039
955615,7.5428064e-10
492615,0.0013642774
721882,0.0017478564
295322,0.036142383
559240,8.667643e-05
163114,0.00025964793
441351,0.004308755
108615,2.2318722e-12
794420,0.00028336333
828555,1.1333194e-11
392655,0.012035396
964232,5.2253465e-05
674895,0.67710036
210672,0.00011794327
366341,1.029948e-05
645480,0.0064920294
689664,1.0
260205,0.013465163
198375,2.1434746e-08
673678,0.008701512
796383,6.713489e-13
741068,0.9126532
272229,0.0071325363
676922,0.41389373
545037,0.015595846
207004,0.00054666685
897760,0.0014585716
500202,4.4812265e-07
798996,0.0024567193
875584,0.33034074
980266,2.2784397e-10
401055,0.01538848
217464,6.1008384e-05
122825,0.11397733
570060,0.0008266095
327409,0.0026415978
738913,7.8775665e-05
629611,8.2155435e-07
667684,0.00071661273
788486,0.00014884984
728374,0.00087827706
519354,0.9599246
886473,1.4055718e-05
386610,5.192118e-09
989776,1.8119282e-10
984560,0.002282765
472479,0.009769193
858141,0.0036621979
707071,1.7674012e-10
128870,0.00023125873
312000,0.0031511814
471054,0.00013436785
225982,0.95404494
147310,0.00016909718
684590,6.7140155e-07
386965,0.004047858
950259,0.057255916
123487,0.017115187
311578,0.0060645626
851034,0.64278555
296957,0.044834387
566980,0.05027059
838902,0.0012637827
564687,0.020351237
774815,0.044838194
807862,0.00023374148
821276,0.00023786265
770130,0.1575186
342632,0.96646154
646128,0.8098051
228982,0.0021262132
708421,0.04906322
212734,0.057144895
730130,3.388417e-06
675285,0.013315283
548853,0.005438032
446796,0.0051753805
951415,0.0082859965
535892,0.00821655
880343,0.0013992452
622704,0.059155762
110776,0.8953047
885093,3.3451104e-09
629415,0.45940673
500981,2.2987146e-05
654597,0.02569557
789001,0.0020063042
934481,1.3231163e-10
430028,0.0066316817
487837,0.00014066079
394176,0.048724595
949270,0.001011697
604684,0.08366326
770999,3.1813255e-10
237569,9.050323e-08
415356,0.0041238666
669508,0.49829718
240335,9.4534895e-05
938256,1.5831345e-10
710698,1.9458761e-07
440279,3.827528e-06
739919,0.002419386
692044,0.0028560155
191288,0.00043525692
283762,9.65325e-06
145681,1.8346017e-14
913998,1.028489e-09
183866,0.00016031056
496195,0.64387906
305668,9.7916134e-05
950268,0.025846703
269749,0.007027034
339141,0.0012019979
969890,0.02766766
454337,1.5454945e-09
421547,0.011438116
753193,1.17045e-06
319841,5.0626943e-05
138848,2.7991239e-06
368765,5.1221e-06
777739,0.2637042
120020,1.5326062e-11
211653,0.3693042
782156,0.00043842467
584005,0.007557366
447742,0.07122813
646151,7.596328e-06
578794,0.0025062885
452491,0.00017588388
404276,0.0029676377
643777,0.0014585876
276532,0.2186383
418904,0.0030254293
324230,0.0027213437
592098,0.009950365
313560,7.1940946e-08
499220,0.9490892
337990,6.857828e-06
593192,0.11732478
294341,6.081271e-07
539501,0.007793239
686909,0.045677256
392483,2.784369e-05
779205,2.9275254e-08
177155,0.0026848787
783110,0.8681226
417494,9.271309e-12
400083,0.000113523805
412393,0.007832309
533971,1.2893528e-12
427920,2.5207946e-06
909824,3.7039986e-06
106298,0.99719334
683352,5.893135e-07
485478,9.695977e-05
189944,0.037727762
515134,1.07018925e-33
540222,3.775587e-08
679207,0.014020642
115572,0.9636111
851181,4.825104e-05
297470,0.03949647
200707,0.9277035
726983,5.1923234e-05
562136,0.002667056
161734,0.0016276946
603713,2.2388782e-05
455807,0.0019152983
273858,6.5975967e-19
533574,6.1092834e-07
524626,0.0059199436
786786,0.016382726
574133,1.0833259e-06
541775,0.0001768716
714759,0.4217034
878841,5.3031037e-09
730977,5.6790917e-12
596355,5.257646e-05
484305,0.00032464197
965475,9.669348e-05
453781,0.00043677565
865981,0.00014042815
923240,0.0013271443
482256,5.5937424e-09
182656,3.0476875e-05
439644,7.642484e-06
412357,4.6860644e-09
593241,0.016040003
161953,1.9151551e-09
143816,3.713643e-08
736692,0.031168053
159761,0.088753745
639760,0.24498948
691129,2.7160848e-15
431144,0.00090984546
722185,0.0002106696
935868,0.0009993755
995070,0.06354768
453343,0.00015001166
489023,0.0004738995
409281,0.0015874192
674831,0.9352971
129519,0.017577013
790322,7.0180675e-07
359915,1.7766195e-12
209716,1.7698056e-07
159060,1.6026897e-08
977276,0.11810948
929751,4.8489885e-05
317277,0.000566729
500902,1.990316e-07
837407,0.9357281
488679,5.1183456e-08
715013,2.1720958e-05
928058,0.01366069
118398,0.010508085
517659,0.00019018179
959751,2.3077464e-05
581379,4.9830896e-06
834040,0.9784405
772538,4.2940954e-08
743783,0.023356209
480001,0.0041029383
752151,3.2959342e-08
539428,9.986562e-06
574965,4.9726636e-09
731909,1.9139624e-07
699730,0.60209286
209944,0.04870198
267713,0.06598089
271286,0.0013729072
257118,0.0007965852
131485,2.0846373e-05
484043,4.0296898e-05
334965,0.10043112
177472,2.2172383e-12
476957,0.12125164
649363,0.005031238
800533,0.00023869345
809750,0.13231088
199048,0.0002885151
344195,0.00060288655
559870,4.1205294e-06
731921,0.061185546
511539,3.43002e-05
696799,0.38316822
290951,8.415479e-09
509586,3.49388e-07
701271,0.0018142996
871903,0.0008075436
113279,2.9632886e-08
897779,0.6871774
431467,9.025599e-09
162814,9.6814485e-09
706706,0.18060896
615232,7.2904845e-07
301258,0.008949298
845238,4.3719688e-20
688818,0.0031842766
988350,0.5029129
460710,0.007126393
317593,0.058809973
634436,0.0021586684
175429,0.078730255
575473,0.0065459777
195611,0.00077770575
437807,1.2060056e-05
829504,0.022321163
738162,1.9468425e-10
639349,0.000121448975
361838,0.09246297
915559,0.99972165
611488,0.0014560722
680815,0.003941054
429193,3.4303405e-06
384153,4.0074934e-05
459123,0.096322544
870521,2.5622674e-05
266591,6.6426466e-05
586995,1.2712678e-12
930608,1.1442404e-11
963936,0.010572464
894696,0.00080026995
440796,2.9662948e-17
944569,1.3275589e-05
549959,0.0020222582
161735,0.004242455
480894,0.008744024
435284,0.013937991
545744,0.00075391127
786128,0.007504005
205586,3.4098105e-10
223765,0.8824583
985090,1.8260032e-33
834734,0.0075686723
919192,0.0022224484
915547,0.026291957
778340,0.014623619
226440,3.1830285e-07
568948,0.00018280064
108013,8.406865e-05
415011,0.00036485487
708649,0.0020778072
699072,2.939779e-12
229420,0.9205655
715853,0.00433602
579074,0.002485117
189529,1.0327274e-05
518409,0.0035979762
265911,0.00049173855
962779,0.008416796
345254,0.027597921
872701,0.004594265
386737,2.6944639e-08
733381,0.0013465662
224211,8.4896435e-08
643230,0.3320665
558871,0.00020417433
102385,6.1471546e-05
800747,1.0067335e-05
162094,0.9796058
385621,0.00066159124
794592,5.8096214e-07
340099,0.9655186
118770,0.0019934543
803690,0.0010995038
848469,2.0945693e-06
604025,0.0022244998
913890,0.0017082015
691808,9.545028e-06
959872,1.3084811e-05
468734,2.8586828e-09
200733,5.1134807e-06
126457,0.059137914
750930,0.050363082
162367,0.0036312342
198028,0.0036781908
188954,0.016753843
198322,0.0024226846
953991,0.0812661
288052,0.12031084
123793,1.0004817e-05
901735,2.2581145e-05
747737,0.010195083
243050,1.5533853e-07
450031,0.013020269
619566,0.0033310805
772404,0.020997863
378603,1.416424e-05
549721,0.32890788
284576,3.6902412e-13
141337,4.5986366e-05
776733,0.48234078
744839,2.68325e-10
649770,0.038777422
166293,0.00367224
843638,0.0007351353
155948,4.724059e-07
964042,0.00054150634
804434,9.465728e-06
942200,3.825727e-05
927841,0.0032730522
299994,0.0055543925
290741,0.00022198498
254648,0.26769656
593013,0.018068044
534415,9.168465e-06
911344,0.0001334125
760161,0.00079382973
453131,0.075344086
298315,0.0016607407
285316,0.00022257799
983963,0.0012282805
755375,0.0086942995
340790,4.566282e-05
349055,1.2877794e-07
181636,0.010437215
603960,1.3150647e-11
601523,0.00016054277
886246,0.0035685112
911021,1.9941057e-05
108475,2.0246218e-06
971142,0.011802466
638194,0.0014162861
743999,0.99990577
851489,0.00021133594
738044,4.6289998e-08
689907,1.053961e-05
778297,9.209653e-06
873333,0.00035785622
460723,0.0014121312
165921,0.11847075
469538,0.014859342
259624,0.03856602
946021,1.27057365e-05
353306,0.0077438066
992172,0.001205778
450022,1.32866835e-05
261489,2.109764e-08
245642,0.021868566
649936,6.5475e-08
693436,1.7131896e-15
393299,2.3990774e-06
938634,1.8127387e-12
379413,0.00024552416
864068,0.55545557
596281,0.00054627773
973653,0.0023136572
830119,0.028803462
433474,0.06874409
102361,0.0030542037
180460,0.001945043
996390,0.00036881183
194539,2.313072e-05
371321,5.645326e-14
159296,0.47101378
426899,2.6399302e-12
426587,2.356664e-05
203318,0.085803084
293583,0.024208024
787775,7.607677e-11
575529,1.5564732e-12
534857,0.00030248018
218319,0.996766
985364,1.1658819e-05
361679,0.24984539
332752,3.72368e-06
463380,1.939194e-05
789023,2.798067e-07
198816,7.719477e-06
793469,0.0005151262
513827,1.6074062e-13
772240,0.0029454136
824250,3.5543977e-05
548860,0.0007426618
404653,3.5225126e-05
406176,9.75304e-10
768738,6.5646514e-06
329804,0.003291912
124512,2.3936585e-05
958345,0.08884961
408986,5.720468e-07
637310,0.047866076
904854,3.2047208e-08
863913,8.664942e-06
839249,0.016032735
814517,0.0014895628
547353,2.9403143e-05
824372,1.5148798e-05
685320,0.029627237
506968,6.2637135e-09
467042,0.0006891145
809891,0.00034260034
121357,0.07531472
907564,0.059734624
856297,4.252239e-05
134911,0.062414832
795856,0.0029757712
652722,4.412525e-16
223218,0.077797234
682474,8.169303e-05
758131,2.624252e-05
751965,1.2262287e-11
529437,1.8906952e-06
892181,9.482976e-05
503050,8.804849e-19
623650,0.26485175
891372,8.6408136e-10
690973,0.31720725
527326,0.01885806
964379,4.189159e-13
293135,0.00040925332
629473,0.13641097
689773,0.0019683093
891902,2.698967e-10
152169,3.333736e-16
309484,0.0005056546
444827,1.3756132e-18
299416,0.00088261854
197755,3.7166908e-19
579335,0.0048951055
397081,2.730429e-09
528007,0.0032705567
578491,0.04413129
870441,0.00086220587
215843,0.09450338
857698,0.0005598632
979751,0.014955015
959212,0.0030544738
379513,1.1669286e-11
905853,0.0031996516
158244,0.023011614
769891,9.842128e-07
824889,0.00013861721
614126,0.0007437461
953314,1.2019021e-05
284843,7.422814e-08
417253,0.29174057
761059,3.8203165e-05
394988,0.014704954
103123,0.009959215
452724,7.9222846e-05
893859,5.017319e-07
226523,3.1681742e-09
831623,0.0022174022
511292,0.07160523
134503,3.1553744e-05
845823,1.6106715e-06
687640,7.3986996e-08
225821,0.00014313929
596548,5.1214282e-17
716062,0.0004836123
290672,0.00046691837
181932,5.0893746e-06
848443,0.00845747
428265,0.09842043
612411,0.007041549
209194,0.0026353966
471212,1.1304442e-05
634622,3.690855e-05
574417,0.122022994
366221,0.0024372926
530067,1.0434552e-08
811346,4.7812056e-05
418291,3.0945662e-06
165121,2.9443694e-16
430239,0.0056489003
557011,0.016842978
807779,0.109828584
452959,0.0064998493
197587,0.0046968334
497790,0.5777068
889624,0.0024885542
850304,0.031517588
617001,0.0001782059
438500,3.331432e-10
590851,1.838105e-13
424539,0.027868764
550911,0.0047308
795475,0.15591815
536652,1.2745798e-05
118623,0.017637322
521569,8.3916784e-05
596672,0.9747907
281678,0.00012739118
841249,0.020780114
355225,1.14887025e-05
771846,4.9331533e-10
504169,0.05649427
648905,0.9982461
907767,0.00016772168
540646,0.90403014
531366,0.9988681
108146,7.9590245e-05
802969,0.0016015954
351490,0.0041243876
899466,0.005042971
739149,0.12426734
209424,0.0005143669
528516,0.00011661627
962781,8.819319e-05
574170,0.00022798199
233363,0.040377468
136469,3.6233345e-05
774292,0.00031234056
156873,8.279732e-06
690799,0.006181696
246190,3.0305752e-13
995026,0.03913329
943564,0.0010275304
744412,8.7809275e-07
766118,0.44561514
188729,0.0032588246
831434,8.0063717e-07
140660,0.9784278
300260,1.3185511e-05
880790,8.455426e-05
898861,7.79953e-05
549250,2.9723967e-08
799391,2.2819268e-06
100163,2.3104396e-09
937522,3.1243955e-05
738685,0.005996395
629538,0.00028208568
737338,6.936919e-05
439388,0.00012360161
192970,4.500131e-06
620654,0.00039498883
534194,0.00037459028
628722,0.99424523
738431,3.362212e-06
672808,1.1658452e-15
100963,8.464552e-06
801193,3.1008765e-12
838889,0.00026229682
712820,3.6524935e-07
899635,1.3519849e-07
754580,0.00035433823
966249,0.00031897725
268992,0.0003935718
604314,0.5368971
751872,4.692052e-05
272299,0.013178557
382556,0.90357506
645255,0.028304907
575538,5.0554867e-05
419238,0.056650605
667144,0.00022409266
357826,7.086993e-07
920114,1.1701928e-05
931605,0.17528719
766533,0.00092837913
714131,3.03074e-11
734709,0.30112457
835850,0.0057612904
298600,0.0074170292
905393,0.06938866
968881,1.1490256e-11
341741,0.017285896
318223,0.7232754
778644,0.00012367527
676919,0.0016484483
893997,9.5897994e-05
116501,9.2694565e-05
875339,0.17748047
383468,7.426452e-05
553679,0.00029534826
216322,0.0010080843
276443,0.7463701
458044,0.0006463752
682732,0.0005281732
848412,0.008946126
413579,3.7218335e-08
549867,0.0020299193
955280,0.06673964
580702,0.0062716696
960501,0.00011774987
516260,0.00018009532
424632,0.00073241093
208433,4.253989e-06
390516,0.022403877
566446,4.935764e-09
417171,0.0020698693
333932,0.0038905255
847793,7.2179544e-05
352425,0.0018029417
933376,5.726448e-13
470079,4.5340075e-06
544204,0.024141558
911911,0.0784736
339730,0.3730719
533745,0.54524237
644255,0.044259295
335883,1.5645297e-09
286725,8.256965e-05
302542,0.020154424
867006,0.016874805
920336,0.23920524
366289,0.020354807
648615,5.409867e-08
364328,0.08689107
870121,7.266731e-07
641964,0.00062648905
501574,0.0027193553
852570,4.307936e-05
395811,0.008768442
716373,0.98510355
695971,0.22098878
565479,1.1065959e-05
691586,0.20185913
776450,2.5616737e-06
305358,7.976291e-07
972713,9.1738457e-07
902328,0.033401236
536541,0.0024153295
692903,0.12004015
569135,0.16998416
576551,0.005272627
973602,5.9182345e-30
867210,0.13337639
737642,0.00074278994
996071,0.015250261
104989,0.967507
965614,2.5454096e-08
977608,7.4018715e-13
210059,6.9198522e-06
709629,1.6500074e-08
285829,8.81633e-06
243001,1.6849359e-06
622139,0.0009120622
405941,0.0006589995
450283,9.042331e-06
176340,0.060751416
588770,0.99386716
827915,0.0066576162
293948,0.0016156434
432062,0.038229544
310880,3.786336e-06
975130,1.6033622e-08
201803,1.7095586e-05
230746,9.75122e-05
116990,0.042987693
503916,0.0005340078
355154,4.911229e-11
762758,1.5327954e-12
606705,0.9544439
597062,6.1425906e-15
265928,2.4966648e-10
523413,0.010749012
904507,2.701401e-05
691469,0.021441398
107869,0.0055853627
367013,0.09710433
919203,0.004887242
365916,0.8665813
486970,0.007920821
968602,0.004101746
108716,0.01731294
458924,0.15476578
330684,1.3341767e-06
480016,0.007567652
407496,1.22159545e-05
187267,0.0025639301
407115,0.0010948266
966650,4.2842128e-08
500136,2.954711e-11
546710,3.0418748e-06
172029,5.423623e-07
867074,4.382665e-12
520432,0.0007821569
518750,0.018678956
528522,0.009513441
297067,0.00019132438
281900,0.7152394
830226,0.31663394
156717,1.4643038e-08
342869,0.012807008
709499,1.9932008e-06
383494,0.04802458
505933,0.0012884825
283668,0.0027226782
315276,0.005978559
751211,9.612909e-08
612277,0.19914505
469428,0.00070909614
152923,0.00088894676
693669,2.468653e-05
969524,0.25430292
357485,0.004848009
859755,0.05699827
426663,0.0052303425
876602,0.022125956
792117,0.0015444431
310913,0.75025415
548401,1.3497537e-05
335038,0.00041074023
690138,4.0451798e-11
865892,0.0024423038
906983,0.27312428
163908,0.0014073459
838869,0.00014979298
640198,2.558316e-07
661365,0.0025085316
558538,0.040850557
152901,2.3237022e-13
939509,0.04028692
312939,1.6514188e-07
974107,2.2947578e-08
940351,0.022281313
421029,0.00047611588
982068,1.6659599e-10
894712,0.0020062956
374137,8.596629e-05
442366,0.0043949373
416513,1.9116202e-07
765665,0.0004878999
332692,2.8573327e-06
876705,0.035456832
236512,0.001422286
594326,2.237367e-07
224303,5.241072e-06
696195,1.3453318e-06
628757,1.5586785e-07
770859,0.024144253
969980,0.017109485
114549,0.000121234
600581,1.9165597e-07
340933,4.3046384e-05
367581,0.003783739
920567,0.076938085
346023,0.019486897
688128,0.001760856
738498,0.040219054
486271,1.7983826e-05
436506,3.8358817e-06
182304,6.4740804e-09
704309,0.004841599
898001,8.769076e-13
829308,2.0568565e-05
514799,7.3624506e-07
199018,0.26801884
790011,1.159639e-05
611533,0.035477526
763206,3.1413744e-16
526008,3.0692823e-07
675808,0.0004741182
266336,5.5954995e-05
862256,0.17586704
794838,0.014557864
624101,0.06994327
420956,0.00017162274
790611,1.3550772e-10
742973,0.06857314
735989,1.8939168e-07
336762,0.5527451
291629,0.00078161963
202854,2.647641e-07
326892,0.00031093732
470218,0.017902885
978103,0.0013272415
214880,0.0030659914
896586,0.0004231102
989187,0.0084928125
404656,2.8270998e-07
972834,6.030117e-05
787936,0.00012284348
494815,0.00013150557
890070,0.0071736476
193735,0.99529743
975417,0.044429064
713887,0.1899055
847787,0.05772781
756653,6.922975e-05
418895,0.83612823
960303,0.005140594
455830,0.017080033
306339,0.000951751
719280,0.061873633
168064,0.033457596
378221,0.35386404
362148,5.344e-10
127285,2.205161e-06
974692,0.0038547006
200799,0.018749952
616387,0.5489944
577932,0.00025192887
753761,0.00034790556
455883,0.28700888
179315,0.00039941407
814231,0.00014144924
373856,0.0001501552
198180,2.1880282e-08
324097,0.00013655696
788794,8.352015e-12
424972,0.023537097
880182,0.52540016
109904,0.00010458964
671311,0.00594512
994785,0.042609807
178477,0.0037004396
695981,0.007239965
806775,1.3974803e-08
292830,0.07286902
721911,0.00096760713
950302,0.0014076092
696708,0.003920786
478901,1.7293753e-05
322103,0.0002224469
679623,3.8529336e-07
977279,0.0015953562
161259,0.011138635
907311,4.8825503e-05
761705,0.07410309
705738,0.003788264
983200,0.005990896
542678,0.97727764
548702,0.13398255
853840,4.4059925e-06
846557,0.00045228977
784375,0.017978376
502634,0.005719767
974449,1.6288872e-13
192847,2.8351336e-05
787171,3.946165e-06
835374,0.0074920994
825102,7.0664346e-06
144181,5.2427217e-06
616470,0.07394149
502997,0.004384001
302827,6.623151e-07
262324,0.38855854
123147,0.002727765
240155,0.071994975
582261,3.0167732e-10
635783,5.3858734e-05
642032,7.370466e-07
772807,0.29325992
424627,1.856885e-07
598817,0.006488669
779322,0.07765345
742926,0.023790682
480719,0.55629814
588325,0.0727659
877649,0.0020494326
783176,2.4332845e-05
265411,1.4466528e-09
988229,0.0007699703
707633,0.19143268
639765,0.0026728995
989789,0.01971576
700776,0.001500152
968738,3.861604e-06
663279,0.23134357
535481,0.10782223
569782,5.5465756e-05
576879,2.7063505e-09
699103,9.601632e-06
406513,2.6286047e-05
871579,1.0178622e-06
735954,4.740988e-06
617954,7.641358e-11
779609,0.3031425
951759,0.7085479
517464,1.8202995e-07
186261,3.9543332e-07
970795,0.00010217428
542455,0.0006717328
170499,0.002320646
568308,1.7220598e-05
736028,0.0007352586
678321,0.0014868123
602222,0.13960782
873272,0.007843945
228810,3.5302673e-07
248269,2.8842867e-05
618825,0.15111403
853476,0.034110844
624984,6.1723966e-07
826716,0.0058080116
649302,0.9737454
206669,1.1127274e-10
658348,8.7124994e-05
545444,0.00020187825
503155,4.865092e-13
176763,0.3903449
449071,0.9980136
286435,0.0015114365
236008,0.0003592776
510038,0.032213382
137537,0.00018084663
880822,0.000783319
764001,0.00045958554
522849,7.371307e-11
685112,0.00029315893
698957,3.0031204e-14
870492,0.0054653385
592109,0.21400295
821745,2.9733025e-09
979243,0.0001966906
222078,0.0018460355
938744,0.0011004043
525515,0.00037340957
383011,1.04413375e-05
844496,0.68600404
781892,2.7988925e-09
875922,3.622881e-07
172320,2.2746265e-06
551770,0.16345972
819561,3.8593475e-06
766295,0.0037680587
165348,5.2390074e-05
462043,0.00014305006
658792,6.049936e-10
672857,1.263984e-06
602528,7.98069e-06
389607,0.00076340506
683917,0.04206524
500071,3.411606e-10
288120,2.9701028e-05
401722,8.1322435e-11
323074,0.00527391
588546,1.7353742e-09
261872,0.13329826
536844,0.002271039
994317,1.0661375e-05
735251,9.285621e-06
590303,0.00054715713
515992,0.60323167
846162,0.017640378
446889,2.8074576e-09
810031,0.0008854471
130698,1.0562106e-07
317109,4.450614e-06
333252,0.0008609224
265395,0.02661143
360496,0.008605502
163471,2.038902e-12
796860,5.4318844e-10
181430,0.0001160804
781358,0.001027731
240517,0.002474652
953657,0.002702023
706149,6.5588506e-06
772878,0.07124354
990151,0.011929897
888909,7.893809e-06
666028,3.8228624e-08
867842,4.7616595e-06
387341,0.008095016
392275,0.012846768
932621,0.004486416
370375,0.00019414928
517076,0.11626453
999303,0.046703033
248270,0.26242924
658784,0.000812557
608479,5.801952e-05
708335,8.994012e-05
820665,7.875493e-05
721451,1.0044596e-06
320184,0.026649572
329298,5.7438743e-09
474611,0.2838799
960427,0.0037025763
254610,0.0035011068
201699,0.00065965933
623303,1.7896538e-05
402815,0.0017847405
913173,1.0163319e-05
823398,5.7121015e-06
173905,0.004308518
633369,0.0010362659
526672,0.00012603636
523446,0.01634285
882639,0.020394694
619854,0.006787932
941104,2.9978455e-09
166501,0.91377646
756439,2.2241682e-08
507902,0.0006148715
262956,0.035329152
375034,1.9538477e-06
599328,2.9770275e-05
139022,0.00069389667
715034,3.3499555e-07
593350,1.3429798e-06
783530,0.00018772601
259975,0.013689806
185497,0.54589856
482564,9.431462e-11
375568,1.6389416e-08
724670,0.0017987019
820752,0.99270606
603341,0.007867739
969919,7.229112e-06
781867,3.9943693e-08
751475,0.07239938
906651,0.013965332
852290,3.244203e-06
621271,0.00050794997
636843,0.18380235
169257,0.12706468
903980,0.5398115
329979,0.029203696
403756,1.482899e-05
386758,1.4578685e-06
718205,0.0049147927
774642,2.0979776e-05
568283,7.9277415e-06
617740,0.001360244
392971,2.7244736e-12
273297,0.009623371
109020,0.000522235
286995,5.0861832e-05
321963,0.00055187783
996645,0.027743425
282043,5.8055444e-05
520962,0.0008692386
806745,9.629027e-07
782881,0.029755317
720331,0.09718686
529129,7.0853966e-06
791699,0.0072221505
698540,0.03419184
206392,0.0009966224
547478,0.18919604
522764,0.086723745
850045,2.9776976e-07
542679,0.00014348447
543342,0.0024309997
843088,0.010416397
466028,0.2976694
997619,0.51804817
193445,0.87029475
828534,4.1523817e-05
475158,0.07553573
210956,0.00063776
729668,0.012217284
773170,6.276899e-06
369898,0.14102998
236019,0.00073848915
593680,0.009516825
727708,0.000806648
956254,0.007966723
647591,0.37527794
655289,6.734371e-06
193220,0.0018764937
644932,2.932433e-07
251595,3.1927142e-05
866245,0.14407282
407748,0.00084385637
392857,1.6779848e-07
698896,0.005559536
548742,3.779514e-08
554556,1.8873783e-05
109590,7.271858e-06
173050,0.93009377
492734,0.02333191
809617,0.0004529991
580548,0.07865161
243703,0.07641405
988773,0.97649956
570086,0.010937988
110911,1.3068133e-07
913829,0.0040442073
102570,0.00010480639
562130,4.1818566e-08
969215,2.3920563e-07
277024,1.556255e-14
604824,1.0586936e-11
805419,0.0003168753
512020,0.17477946
260130,0.0032622803
164809,5.920106e-07
793349,0.0057917484
233259,7.659176e-07
356006,0.017970901
198134,0.0013691102
724584,3.4597715e-13
337895,0.0061480254
878425,0.000106646665
384381,0.02286851
146253,1.4869149e-05
765947,4.0144862e-12
884423,1.4642731e-08
759354,3.00136e-06
518489,0.010033321
970306,2.886325e-06
620660,6.051742e-07
361328,1.0962584e-09
266098,2.5348677e-07
176511,0.010702691
787797,2.4539586e-06
981826,2.5746539e-11
294600,0.0015400897
559456,0.0014204194
442015,0.0005340871
526573,0.00726405
627282,0.002833788
939689,0.0044254963
489355,0.0003242955
125177,0.017229933
231369,7.311484e-08
825268,0.00030342204
495892,3.8094056e-11
602114,5.0281265e-15
420356,0.006264411
236818,0.24832517
768721,6.389601e-05
974802,0.000106124135
975582,0.05237572
381011,0.0018284129
626579,1.7874363e-05
166640,0.14097615
753569,0.22691008
805330,0.00039973442
749936,0.013905236
611741,0.00640369
913825,0.016463147
654309,0.0005584786
271571,1.7538897e-08
709387,0.0007623335
717799,0.01764418
350265,0.37056047
879659,0.0004773365
371587,0.006200255
973033,0.00050180114
313133,0.8600784
363148,0.0054978454
817743,0.0019391387
656838,0.0013813771
735625,2.9793669e-06
674459,0.014903074
114122,6.558267e-05
535613,0.024588887
649568,0.0023365694
636881,0.00013188092
473781,3.086308e-06
103265,0.4006391
659797,0.03655024
107852,0.004430613
623658,0.0020395457
459777,2.2771307e-11
226578,0.03380559
103333,0.01551328
833060,3.3497577e-07
245051,2.4750703e-08
855715,6.780079e-06
715548,3.9099286e-05
496891,0.49020487
785746,0.0017870329
468368,0.050406378
157423,2.297371e-05
536260,6.225549e-07
766180,0.60548306
555643,9.7310636e-05
647477,0.07146194
687490,0.0002468704
990756,0.0016474425
817868,0.011558167
737725,0.001955732
208804,8.801251e-06
611585,0.0025604134
918082,1.309974e-09
659905,0.0001261506
348899,0.0004331105
991694,1.0768448e-06
772810,3.5819703e-08
577796,0.014524656
100248,1.2473387e-05
862765,0.045070402
480060,3.75431e-07
531716,0.049336825
462976,1.7607306e-05
428596,1.225738e-05
917249,9.4476405e-07
530105,0.11311915
854842,0.11708875
323786,0.9832743
397630,0.0033266048
936411,0.0020856028
421386,0.47727013
727320,2.7645094e-05
786028,0.0004612806
725055,0.001168212
268256,3.0678493e-05
509016,5.888669e-10
300565,0.00010695128
266560,0.0015326223
981457,7.713189e-09
102872,5.8831058e-05
182159,0.0012301949
542014,0.00932321
757398,0.005420467
654119,0.9708
948550,3.7536583e-07
377633,0.4039074
748171,0.008047255
714576,0.0142122805
723974,0.6498771
972956,4.547356e-14
629113,0.23639652
813144,0.002073273
789860,0.0015584803
674967,0.021698391
828266,0.0013820718
932055,0.00022883285
483996,0.012636996
476313,0.0007420085
403459,0.17751126
277236,0.8223977
895886,0.37643847
507978,1.0956184e-05
191054,0.002251077
590004,1.770199e-07
528676,1.0016063e-05
362666,1.9872107e-10
948084,0.026899453
145541,0.00014061332
982579,0.001054923
527735,8.024128e-05
133555,0.0023293642
351348,2.3748091e-06
454015,0.94450796
773538,0.0003506568
755332,0.000118871714
687285,0.30744535
878453,1.3043655e-07
438350,0.00051440985
640014,0.005009025
426530,0.05312601
597470,0.13610387
813629,7.2037176e-09
660441,0.0030823865
706535,0.034531403
166929,0.25076842
471144,0.00072905724
307490,0.30268016
228726,3.8840703e-06
655091,4.792914e-06
266321,3.2900585e-05
846225,0.00017465356
139382,1.32994e-06
766681,3.4986897e-05
287512,3.945836e-09
319551,0.0014408635
771079,0.0004307837
742700,0.00062432716
500956,0.00032213726
382198,0.9999137
560368,0.24504197
627192,2.3453349e-05
729714,1.07119105e-08
610481,0.00034095682
465126,8.354105e-05
939800,7.002252e-05
757656,0.0031266655
303720,6.0798966e-10
562780,0.95904136
859012,0.0075711873
619728,2.479388e-09
975471,0.0011832358
970044,5.030231e-07
391295,0.06787769
848043,0.033334747
166957,0.0014336341
372675,0.0041913628
524519,4.3624863e-05
167742,0.000110780704
442303,0.008644337
881125,0.018822778
446513,3.5298942e-09
804088,0.0016157404
385665,0.76773477
563079,1.5634198e-05
515623,2.4154307e-08
953180,0.00012461997
325516,9.680825e-12
421797,2.5201057e-08
270298,0.06338827
324435,2.7397979e-13
768654,2.8127853e-09
380958,0.0026665425
627473,0.00022356103
724755,0.006594921
466254,0.8795551
787916,9.49848e-05
171470,4.4998433e-06
454757,0.031999364
176967,0.004198628
523498,0.013030389
946298,0.009782185
397172,0.12544805
865462,0.047493536
403167,0.0023720688
791076,1.7114213e-05
305429,3.873089e-05
594202,0.004993796
717071,2.040533e-05
750830,0.0012143175
850030,8.556096e-07
759996,0.001923107
889319,0.0023740218
979395,4.4592222e-11
740019,0.0012545737
409384,2.915384e-06
569646,0.00027986386
479212,9.638177e-05
295123,0.99526757
313971,0.9145538
198633,0.27081648
274599,0.043012984
125061,4.2808102e-10
614208,0.0003885462
134621,0.0015242216
806507,1.170425e-05
430698,1.5654804e-06
218933,0.016208308
399239,7.709375e-05
616847,0.00030208388
913226,1.2125571e-06
813027,0.00023233193
695228,0.5095116
931401,4.73116e-05
680809,0.13839084
856594,0.35365373
811488,0.007970277
312752,9.415676e-08
217038,9.3191426e-05
470322,0.5033283
456861,1.264285e-07
406985,0.15481915
979080,0.051437415
406092,0.027756916
292567,5.5800387e-09
249723,0.050629616
621180,0.010785087
840034,0.027386302
556209,6.248735e-07
596909,0.00038256007
936793,4.9549493e-05
800787,0.0034415084
477763,0.0035411436
735515,0.050997615
276408,0.002481206
104027,7.861519e-10
559137,0.00017690127
134165,6.17009e-07
367415,0.98529553
549833,9.553552e-06
494020,6.444677e-06
405862,7.39743e-07
211774,0.0039803204
692444,9.533438e-06
386312,0.012014101
678924,3.820258e-28
766620,0.021974094
819105,5.7731105e-17
970174,7.735233e-12
652766,1.2909378e-05
291139,0.019449804
100620,0.61175776
524248,0.01130103
254671,0.02275747
626648,0.24830645
105489,0.030098604
968647,0.006659306
199264,9.986952e-06
841639,0.0060833665
948256,0.18727219
439167,0.40662098
483856,0.040761985
211854,0.037833523
247589,0.0010711428
898836,2.7990782e-05
752966,3.8528986e-11
430513,0.00029250176
733856,0.00048811318
903622,0.0032477044
285497,2.6441538e-07
995946,0.2699644
656067,6.123424e-05
229953,0.5021065
259920,0.004500511
182190,2.1620644e-05
401855,0.0019940862
161405,0.007895734
576874,0.0031481963
894302,0.0018122368
400752,1.0602278e-06
345376,5.773269e-08
587981,1.7858819e-11
403545,3.8747992e-05
614937,2.1288377e-05
369351,4.3493394e-08
345425,2.719561e-09
728128,0.00014783634
908870,2.29792e-08
830315,0.010689149
409788,0.0010651675
600613,5.1734053e-09
631800,0.9875076
200039,0.0011845964
517684,4.383274e-05
494425,0.00012397935
456763,0.0068060355
445417,0.979381
907254,0.030345017
673919,1.3763743e-06
234484,0.015866628
489538,0.01694367
572091,0.0001845534
150116,0.16602126
425701,2.2806116e-08
293027,9.213621e-05
221359,8.7802557e-13
176831,0.0026758143
707533,0.06925825
850695,0.0007684009
599969,0.36057004
391040,0.00013316961
104566,0.19519265
446417,0.014740672
321425,3.7714597e-07
448946,0.004533634
996906,0.00048975094
902238,9.155045e-06
489415,0.005337456
892429,0.0017739513
440308,0.1372212
350521,4.8797046e-06
710985,2.5228528e-07
346965,3.624185e-05
913260,0.0002622843
777781,7.2249734e-10
519331,0.0029768888
344686,0.00036965113
362308,0.094479285
832177,7.762924e-06
209838,1.1998303e-08
909351,1.4586594e-05
257927,0.0013304537
215167,0.003516168
800698,0.00053135614
448854,4.635353e-06
410224,0.005549535
718280,0.05419393
749221,0.046164386
126718,0.0067789163
720288,3.283583e-05
841935,0.22394396
661556,4.7230364e-07
875784,0.8937441
468679,0.7407431
949675,0.0038132078
385634,2.1072153e-11
923591,4.88362e-06
791955,2.4721687e-12
331565,0.0001892457
823653,0.013312451
134901,0.00053661154
754699,0.00021646437
424046,4.4396006e-06
741407,0.00210797
134968,0.03257985
141404,0.04477499
166073,0.0001684191
684516,8.802993e-05
532190,0.7539979
307757,8.333489e-06
594841,5.5824312e-05
963576,0.0002405009
479751,3.999445e-05
540442,5.0085148e-11
233507,0.010588143
704977,1.8501867e-10
535644,0.09185168
306980,0.1294406
886121,0.0006223486
402477,0.024370348
855276,0.9665117
603253,2.0618063e-09
242894,0.023011357
813423,0.00015753914
381441,0.0031013903
166442,0.018759364
440274,4.721762e-05
963894,4.9546293e-06
968176,2.6829288e-05
668770,0.00030178137
750465,5.4529964e-11
222293,6.855172e-05
270515,0.0007234215
895228,1.1451774e-06
645147,0.050217584
762705,0.0036890986
612762,0.03737884
776520,0.39592507
488967,0.012398788
284517,0.0011614413
370256,0.0717304
775488,0.009109051
280475,0.37299526
221235,0.056132294
436910,0.99934846
969871,0.00030538967
683615,0.0016633959
659638,1.6876547e-05
357465,0.032854106
369628,0.0006441791
597059,0.00017019488
571564,0.8668256
993088,0.016072124
607074,2.2805928e-09
768146,1.9988375e-08
539767,2.069623e-07
876065,2.6111312e-07
200691,0.03586553
527396,0.005320403
730152,0.00932911
612745,0.0010970059
738846,4.1364627e-09
235719,0.0033147752
557363,0.00029500914
243041,6.56666e-08
512496,2.9822588e-05
870793,0.99888146
810511,0.00037981977
387543,1.2926753e-07
642681,0.031524874
976666,2.4358204e-07
768773,4.4551096e-10
677920,0.0026338806
879579,4.266511e-06
781366,0.045449436
676970,5.0224553e-05
476540,6.229442e-06
799417,4.9010275e-12
416098,2.9591245e-09
327936,0.00024364903
113326,0.00012292014
629691,0.037040662
515315,0.0035244261
265896,0.0023027267
665225,9.429751e-06
404078,0.3333018
140951,8.6719745e-05
372632,0.21685883
148476,0.99900514
532445,8.805999e-05
479768,0.0022978263
484352,6.7011274e-10
473910,0.4950197
533600,0.000291883
165140,0.29668975
392365,0.00020219498
234123,0.009191482
650048,0.002909463
726993,0.031054605
417264,9.458581e-06
689804,1.3666077e-09
700252,0.031427886
286502,1.4293898e-09
259215,7.448566e-05
397702,5.774982e-06
358392,0.048856158
251279,0.48656186
423011,0.013231471
775461,0.008716788
688293,0.01234312
316710,0.0585143
298372,0.00570663
720770,8.3262864e-07
950970,0.018982697
880407,0.42168453
699398,6.372469e-09
616533,0.972794
877809,4.1214803e-06
419481,1.8622549e-07
330505,4.36865e-06
105481,2.7308525e-07
732428,0.009679391
854118,0.06545097
440662,3.2341018e-06
402053,7.1549065e-11
530800,0.95439345
825266,4.2299136e-05
287884,0.000546341
333942,2.648416e-21
788386,0.010984305
939063,0.05795317
322443,0.002735802
974697,0.0012552208
148923,0.0039245286
728571,1.7418202e-05
866477,0.00017773549
174555,0.003414763
633360,4.978299e-05
588077,0.00088220986
774365,0.039052878
314796,3.0431057e-08
886435,0.03809197
608175,0.28656822
589351,0.0001336584
829640,0.00032076493
338323,2.0219735e-13
560153,0.0066382657
747792,1.2186272e-08
410910,2.1817848e-06
366531,6.856426e-11
333691,0.0009849371
266343,1.4095922e-05
992739,0.007046875
407321,0.0012162363
384178,3.9156956e-07
102933,5.842027e-11
571259,0.6217461
125930,0.5094315
527217,0.00011368499
758939,0.000115748364
449890,0.05593055
504327,0.007032823
217415,2.2940026e-10
347156,0.0040218974
539533,0.0045805383
107911,0.002565217
683097,0.14700519
401685,0.23889874
147779,9.087907e-05
838629,0.0006037241
524105,0.009151613
558494,0.9970447
282521,0.0008874844
533324,0.25578782
810650,0.016773243
599553,0.9407173
860258,0.0041192966
179419,0.00035222547
447809,0.0020664718
742217,2.2729073e-05
478037,0.00026319418
798913,0.057109572
507581,0.9855236
147738,5.6052045e-08
162609,0.26432148
333396,0.86091655
299401,8.8593315e-06
738915,0.010715679
707299,0.00062697206
984093,0.0350452
511486,0.0951765
932409,1.2518744e-07
242789,0.0010031549
356933,0.0066670263
550644,0.23080522
718235,0.00563045
128099,0.005052152
498814,0.0012743775
459295,0.00012372472
657290,9.338964e-05
719061,0.06106485
727466,0.98932654
496236,0.0047795707
628751,0.0015617663
568188,0.00071130943
402444,7.664106e-09
103676,3.5499226e-05
390567,1.8716268e-08
559163,0.13537164
705218,0.0011153318
419400,0.01647518
953477,6.5815126e-10
645609,2.1424005e-11
807548,1.5292704e-05
231093,0.00036284927
238105,0.049799293
433278,3.458343e-06
844240,0.008430402
815855,0.00014157554
956207,0.31148916
510781,0.0061681033
884130,5.570461e-06
718904,0.00011956198
655204,0.0018971206
242060,0.906495
234513,0.00016010084
405178,9.0002155e-05
832747,0.00013051156
453560,0.2558437
422429,0.83754045
537665,0.058570605
574375,0.00047128872
359752,0.00058952026
838769,9.948265e-06
413308,0.018561967
923300,0.0045371302
209309,0.057813823
705279,1.6053572e-12
526118,0.17402154
643973,2.8914547e-08
732508,0.00047156797
375641,0.019596417
611286,0.0006688556
286328,0.0035941082
411993,0.010293057
528084,1.0742072e-07
390645,6.985725e-11
171795,0.00014278309
663505,0.42330784
176349,0.007914358
818420,4.5428727e-11
733383,0.00025268446
750941,1.5285784e-10
215733,2.0515497e-05
566466,0.4540946
303602,0.014102086
802263,0.089130394
651076,0.00011486303
849968,1.1377306e-05
436868,0.00017986777
848091,0.0003069402
257373,9.864438e-08
699183,9.268449e-11
948827,1.929796e-06
959285,1.7970481e-06
734852,0.2661888
729694,6.904831e-05
842022,0.035904687
875825,5.1995234e-05
528349,0.0021519572
851117,2.120978e-06
730058,0.012022045
178485,0.0007131186
687979,0.00176294
973007,0.0015582131
546398,0.0013694792
876895,0.055605844
540395,0.03308578
379325,0.006501974
222686,0.24052216
820181,0.43004805
374154,0.022027519
543618,0.17159694
414840,0.04573244
715004,0.030597165
401593,1.1779526e-06
613855,2.3871399e-08
490571,0.0012288872
416727,0.00023197246
208077,6.54662e-10
785247,1.8215498e-05
868882,0.026549678
796109,0.0074309367
936917,0.14758213
861450,0.10165132
716580,0.01427796
513162,1.606495e-05
797984,3.1536387e-05
858210,2.7702092e-07
192989,0.013483787
372277,0.0024156556
673175,1.52884e-07
670992,0.83002484
265542,0.0031509672
942344,8.4926905e-06
895527,0.7897486
727988,0.0015309025
768552,3.298733e-05
686138,0.26545003
873434,2.4489846e-05
145961,0.005067814
646180,0.1610377
315517,0.0036087844
977330,0.0001716013
126459,0.008486743
316066,8.46464e-06
586859,5.2099116e-05
781347,0.958755
674364,0.031326275
341141,8.0678686e-10
678125,0.9952087
736780,0.10192408
476856,0.002953356
277650,0.021073429
255336,0.023156196
762870,0.014333911
604254,2.6061984e-06
357448,1.2543847e-10
552477,0.004753767
965379,2.0313505e-06
381162,7.765057e-06
705426,2.8639023e-15
780485,0.061090186
765724,3.6443856e-12
783454,1.526206e-11
808321,0.011735335
352168,3.0867803e-15
620245,2.5045488e-10
292410,1.0
153068,1.678301e-05
485384,0.061671197
582587,0.00938447
497195,1.36614435e-08
503179,0.039033502
757488,1.2745004e-06
887614,1.6211877e-06
782584,0.05878116
646487,2.9501112e-05
744860,7.4101536e-08
272692,2.7464402e-11
343614,0.00023289214
586815,2.1444614e-06
366922,1.3210345e-05
269673,1.7565933e-05
558216,0.40617213
263138,0.002401245
895669,4.0104063e-05
468865,4.9231385e-06
589317,0.03460737
863781,0.0005263062
395449,0.9947532
430754,0.54712856
252459,0.036458462
347968,0.010881912
686802,1.5903795e-05
852185,0.015813159
249455,0.000106208456
542140,2.9987206e-09
592191,0.0037186334
405945,7.0555525e-06
516268,7.0912927e-07
838274,0.000728655
216194,0.0009301095
490682,0.6997661
218816,2.4379924e-05
626714,0.005697395
520407,0.01617358
555966,7.392755e-05
215126,3.210819e-09
135114,0.14569412
792215,3.1531163e-06
228409,1.149939e-05
578049,0.11132288
905938,0.7597329
887933,1.9368097e-06
794777,0.0045020515
478887,0.0069192434
154043,3.307236e-06
134476,3.889675e-05
974957,2.959822e-05
986939,2.0823663e-06
681187,0.014911414
921940,7.390291e-09
215342,0.9988295
892324,0.008444524
449916,0.010958326
490013,0.35608998
944363,1.6784136e-07
109548,0.047309037
183728,0.011261492
279999,2.6443628e-25
994874,5.0386376e-08
222592,0.0001731415
695057,0.2554785
822100,0.69299483
137600,0.8110249
999809,0.00021977937
351790,0.13900936
319935,0.03525981
123566,0.0003460107
736992,0.007032416
375282,0.57868207
910149,0.07629306
341462,2.7287848e-08
172091,0.14170031
489447,0.009059865
980001,0.9744464
103171,0.019143512
451359,0.00390154
700484,1.2676142e-08
603089,1.9545965e-10
300013,0.10177737
720258,1.8488269e-08
500965,4.519367e-14
859368,0.00250376
154791,3.5817517e-05
993131,0.106000945
984048,1.5885033e-05
294049,2.2808347e-06
925653,1.2579388e-06
161046,1.3961157e-09
840382,0.01987909
402939,0.00015314054
120294,3.795394e-11
963538,4.421725e-12
238555,0.012633463
911111,4.3335478e-07
462583,0.0033507259
633236,0.8242455
239031,1.2935071e-05
586659,4.468714e-08
935068,2.348045e-10
595688,0.45417258
205771,0.027063876
527113,9.580479e-11
587059,0.92493355
768545,1.2998446e-06
503424,1.3718813e-05
486894,0.0005418235
474999,5.4951855e-05
341345,0.007861034
132299,8.218826e-09
957829,4.5817043e-09
138463,0.022141607
744890,0.00631496
834247,0.000111611575
131810,5.839423e-06
175070,1.3894973e-05
476448,2.5841143e-07
554063,0.04339697
436045,7.516102e-08
284831,0.007930319
671972,0.6437005
967595,0.19029498
838772,0.043035664
633450,0.00012843501
365470,0.011052775
735196,5.202236e-10
607973,1.7263825e-06
757600,0.054644298
508986,0.33603096
648290,0.9590017
994209,6.1879206e-08
384002,1.982017e-05
482677,0.002319335
606116,1.9828647e-07
246323,1.3380792e-07
335522,0.0005387296
242906,1.1207842e-05
939116,4.749559e-05
248383,8.1150014e-10
192177,0.023947375
839973,0.021475947
172485,8.424202e-12
155510,0.006049512
872183,1.6987018e-06
137714,2.4625118e-08
418136,7.220116e-05
863563,1.6334552e-12
634401,0.008381677
610879,0.00020917784
886878,0.96667606
790053,7.7490995e-08
529954,4.0697807e-07
975062,0.00064440636
154003,7.297031e-05
526935,0.052245595
273187,0.0020590082
264756,0.74811035
546121,0.08479886
469938,0.0077136857
616583,6.966056e-12
177852,0.00023732283
294958,3.4546364e-08
656753,0.0035824159
100815,2.740983e-05
834317,0.009631874
259289,6.315524e-07
891925,0.0017743311
259196,5.658985e-10
892614,2.7697502e-05
585998,0.00017115244
283961,0.0019940918
635276,1.0728369e-06
476769,2.9468135e-06
703930,0.00026839453
709512,0.00061212626
210231,0.06825812
388324,0.037318714
492168,1.8011084e-05
232749,0.079947576
306660,9.483894e-07
940590,0.08393983
446123,0.0014037592
549856,0.001494483
819711,4.2704596e-06
283072,1.8041465e-08
551736,0.045872107
814001,0.00069039373
447400,0.00053626485
751232,2.4745236e-07
527474,5.8419577e-08
792244,0.23415413
567220,2.4229835e-06
113246,7.077212e-06
115795,2.3302687e-07
512603,2.7301843e-09
779525,0.008040444
763504,0.0023019952
653428,0.03227049
126744,0.017689347
400344,2.7846238e-05
609243,0.7120203
304463,1.501055e-11
725153,1.5061727e-06
275051,0.9682915
680478,0.0019493196
592573,0.0678397
521758,0.09556919
170431,0.1791014
957136,0.0038966935
563381,0.0008101792
530356,0.036411446
578507,0.0016610933
602919,0.022729274
827196,0.0020125275
842226,0.31824043
397047,1.6430309e-10
805853,6.7948926e-09
845973,0.00017290129
991201,2.4998844e-05
461374,4.0116225e-05
892735,0.049864076
792467,0.40332484
880914,0.0080820285
205729,0.00011934078
779927,9.544386e-07
502467,0.0005994339
288442,0.000212999
908089,1.6263828e-08
851968,1.1123105e-05
767327,5.8957044e-06
395582,0.008445315
185535,0.0023796477
214083,0.16713513
131920,0.93174845
439608,1.8479967e-06
904904,0.00057930936
981543,0.0042604003
776099,0.032943644
115647,1.451553e-05
308852,0.13038416
179142,0.0054057413
584412,0.0066030007
708061,0.0002978812
717423,0.013855964
423298,4.3213655e-05
501834,0.015240933
132777,1.6096644e-09
154042,0.027572699
963203,0.00010348251
683673,0.15619098
439700,1.7303564e-06
830687,0.019047985
344948,6.1916985e-08
686386,0.08413608
992557,3.2586468e-06
858857,3.0548966e-10
342918,6.644078e-08
198717,2.7706047e-08
132656,4.098895e-05
577563,0.00048546903
248258,0.9987739
420946,0.03849218
948072,0.0027468393
346476,5.5873148e-08
904480,0.006734998
964044,1.7702165e-08
608847,0.9476376
736419,0.59559715
663594,0.0010273238
224804,0.005266001
553476,0.0054466706
976692,0.03649232
739657,0.33664018
128371,8.1976447e-07
322294,0.0005445419
144371,0.005242474
721006,5.1294364e-09
125456,0.0013121028
537672,0.020293035
171531,0.007750119
614091,0.08499091
467946,0.95284384
374122,0.0050609135
958584,2.6256535e-08
690259,0.02574077
743499,0.0006428022
354959,3.2689237e-05
355946,5.3860174e-05
111188,0.2151456
781796,0.06902461
349860,0.0042009708
365817,0.002167096
635728,0.00908581
105833,9.904264e-05
341592,6.1351445e-11
864398,0.15507014
866707,0.3909813
341653,9.720095e-06
871241,0.36829707
418765,0.043260112
896511,0.09560337
669391,0.98080146
969152,0.00019252283
540823,0.048184708
351183,6.931633e-09
606621,0.62781465
821642,0.00031512222
879815,0.11996226
536452,0.00033631033
815249,0.0020879267
631847,0.5645323
928257,0.46697244
591404,0.0056000864
397678,4.480742e-05
746778,0.048763577
699734,6.429343e-11
542040,0.008872021
374266,0.00036119492
184236,0.00015097497
240365,8.539909e-05
199614,9.154434e-13
116522,4.2133356e-06
622086,1.1812053e-05
754786,0.64218915
533209,2.759623e-05
750619,3.883911e-05
486105,5.5127365e-09
220572,0.0616433
885036,0.0027046714
661902,5.5710547e-08
998249,0.0010575006
154735,0.022271635
105215,2.7245417e-06
676011,0.7415843
832420,1.4668138e-12
247564,5.817472e-07
299149,0.021390438
708453,9.730854e-10
502314,8.38958e-09
365548,0.75909775
644946,1.1419903e-07
940277,0.00013256363
753820,0.30748937
395935,0.0009473929
944432,1.0122219e-06
741546,0.9890031
159297,0.5249278
142314,0.31146762
272042,0.0008089534
256238,0.0020039359
311342,0.0011959347
129538,0.00047864162
826829,0.794611
542748,0.04200478
858582,0.003908401
971218,0.045140292
763232,1.1893763e-06
336389,2.9038127e-08
996292,0.018403903
179680,8.0455075e-06
613502,0.18206449
798285,0.0026236337
255100,0.07253065
428027,0.015577305
414899,1.7679274e-06
442856,6.756859e-05
683463,0.00035709556
338300,0.00042365852
603149,1.6300699e-05
544466,0.007474038
561294,0.0009828074
465001,0.011758656
743430,1.2662559e-06
205720,1.24174476e-17
111802,0.0001512838
370354,0.0241552
409724,0.0464477
847454,0.0006037065
688677,0.04799716
787406,5.4194615e-08
413191,0.005774799
677425,0.017280227
598261,1.2893246e-10
619833,0.028286995
860760,0.00035830616
477674,0.00045103516
299865,0.9661032
784296,1.0654464e-05
221108,4.449112e-06
782966,1.4167e-10
302623,0.35430932
697760,1.6529542e-10
591928,5.347085e-08
767071,0.0007791515
938545,0.00017958894
660789,0.0042590336
794459,0.00034208415
901078,0.20083724
339818,0.48527285
880989,0.69564307
146109,7.5717304e-05
486224,0.058281504
396096,5.536196e-06
212001,3.7646748e-06
401213,6.5372673e-12
514084,0.001524658
853897,0.0036176664
721121,6.4736625e-05
986744,4.609244e-05
157339,0.008475977
378940,2.1198308e-05
797122,0.025178788
679980,0.0032054028
434496,2.672056e-06
252634,1.6349287e-09
669465,0.072539024
934672,0.0032549084
917841,9.9115285e-05
298190,0.16451073
612337,2.4037204e-08
173746,0.07775026
572603,0.0031599454
609372,0.0032289696
382238,0.8451875
440658,0.0015636918
822841,0.0075359456
610922,0.00031625808
627218,0.00053513463
896707,4.37945e-06
804591,7.2864363e-09
882678,0.0030505762
190414,4.6648995e-05
950148,3.827471e-05
460243,3.993728e-12
674690,0.99573696
214448,4.2508232e-12
333808,0.025832873
770803,0.00061029533
686836,0.017637257
467656,0.013466729
793342,6.927612e-05
938380,3.8996777e-06
743234,0.00055858854
304413,0.17528921
325964,8.128397e-11
902033,0.0005920282
558330,0.0009441444
836484,0.0010398626
409835,0.00023143362
884878,0.12426453
429767,9.168783e-16
142176,0.2942198
636106,0.026810952
672934,4.2686008e-07
607141,0.0005118869
610390,0.32289046
211804,1.0493686e-05
183202,5.487832e-07
405882,0.00034527888
125981,0.0020839295
210482,5.97989e-08
865775,0.0004071799
743295,0.024033591
929914,0.0063173273
579928,0.004493505
737349,0.5461801
113942,0.00017058774
735846,0.032775726
432821,1.9183139e-05
786688,0.073775224
491669,0.99908996
609982,0.1016058
985500,0.000115232295
455710,2.7873655e-06
202787,1.3737344e-06
615598,3.8460612e-08
116157,0.06115951
645999,0.034261614
337391,0.055443242
930758,2.256713e-05
447769,1.2941894e-06
853319,0.00053200586
170022,0.0009197784
685221,0.0005786995
144797,0.41823205
225269,0.006821589
928513,2.6568605e-07
987740,6.3785796e-11
419609,2.1889776e-10
667440,2.1949263e-06
366600,4.9202567e-06
872774,0.00012753437
406079,0.00017502716
155801,0.05438768
621582,2.280678e-06
270586,0.00015790595
434425,0.0027238838
931272,7.318011e-06
334011,0.0015922581
924870,9.000698e-06
133409,8.301287e-07
534791,0.0004005051
614716,0.88325447
444058,0.003868476
348478,3.9032912e-07
117313,0.001560968
387355,1.1192445e-07
770480,0.00026193695
901186,0.0041559394
692252,0.03537454
252504,0.893442
172303,8.887112e-06
425622,0.26285434
160661,1.7380108e-09
484903,0.001517068
703044,3.1279708e-08
761457,0.16286683
247910,0.7793652
335816,0.08350511
736537,4.6048362e-06
927230,0.0036705814
809132,0.1255059
249421,0.0006509015
901131,0.66559476
501587,1.6690935e-07
483515,1.1156653e-06
827515,0.0017661451
463235,0.49229747
602441,0.00025963705
912560,0.039903343
540049,2.3366825e-15
468731,3.1676816e-05
770437,0.00010613081
819303,0.088676065
520547,0.028918058
305139,0.00012521018
913426,4.256741e-06
365374,6.927538e-08
784538,6.363071e-05
833889,1.3997937e-11
819968,0.9674458
713682,1.5108935e-14
762399,0.002308101
879989,8.0207924e-11
807487,0.9907424
446364,0.010901452
477381,0.0033717165
906661,0.007563517
663248,0.00031929737
701192,7.200808e-07
550907,0.01941678
130306,0.009230801
973093,6.533822e-06
428707,6.9137386e-05
767910,0.0029430704
963137,0.022533346
561624,3.0023338e-07
529675,0.00016070911
302497,0.28476527
817505,0.0067182104
571976,0.000104553445
883834,0.018929558
975192,0.031492177
366768,0.0016030937
623030,4.9031687e-06
442835,0.0014324958
370367,0.0056115235
568483,9.074138e-06
729468,0.91513443
346898,7.384992e-06
370028,0.0005888397
114695,0.0027776526
845201,4.34037e-09
617653,0.006240307
112012,0.0022223862
389892,1.3291273e-06
636557,4.7608514e-06
192471,0.0024242972
896973,0.016472122
978606,0.0006608345
542147,0.00052692264
608152,2.4472998e-11
341890,0.010247456
458105,1.8213754e-08
187538,1.8200027e-17
105948,0.0011480951
687005,2.4582473e-06
284083,0.0008440244
377648,0.0071713594
156842,7.7791335e-23
926526,4.7284443e-06
601423,0.33895254
493016,4.6140027e-05
641676,1.9012015e-05
124678,0.0012456594
526992,0.9519625
950884,6.895859e-20
603683,0.1701695
762512,2.4791652e-07
213896,0.9982565
926424,0.0005075187
566467,1.4950497e-05
892991,0.6181421
192559,0.7467298
117729,0.58332336
897716,0.77587456
262705,3.5390349e-06
310204,1.1519397e-07
310990,0.86600906
844754,0.89509785
234818,1.9195755e-14
448824,0.13675843
513701,0.012795107
367800,5.12731e-05
577192,0.0030435263
367740,9.732087e-08
142482,0.99939156
257262,6.351159e-05
612313,0.0010761233
856739,0.6324012
262889,4.8305737e-05
633484,2.6880411e-09
462102,5.6743822e-08
394538,0.8752547
681856,0.00016402117
588313,4.124072e-12
645944,0.017986072
371406,0.00024061442
867738,0.006213379
274437,3.2127253e-05
723490,0.40902552
636391,1.109195e-14
762622,0.0026643153
538251,1.0295369e-13
345811,6.9103953e-07
158921,9.818571e-06
596589,7.9594486e-08
644471,0.02793409
764020,0.0047589242
618404,3.068225e-08
573971,0.0080464715
550600,0.0066097947
436444,7.428081e-05
125507,2.2474325e-10
111526,9.4034895e-08
583711,0.004640042
651301,0.0025196369
314067,0.00038546065
270062,3.568878e-06
252075,4.6300653e-13
337201,0.020690234
949514,0.12591171
441223,3.6645403e-10
449708,0.0153903095
776013,0.04821664
375811,3.5690128e-08
504636,0.39044908
525364,1.8974256e-06
786673,0.18418024
236267,0.04015832
170986,0.030698126
258188,3.2406748e-05
530149,0.00034513438
693752,0.00024362837
811471,0.0025433602
399248,2.9024063e-06
930957,3.154544e-11
398459,0.0037688462
515228,0.00054433075
856964,1.4746433e-05
867359,3.5415032e-05
663681,0.004096311
902988,1.492018e-07
339888,0.00012403159
766633,0.0013039664
701136,4.128594e-14
266950,8.528338e-05
868961,0.0001354301
455645,0.00028386302
844047,0.006480331
675475,0.7328465
208857,0.00051774556
183454,0.006107123
394095,0.75513333
565100,4.139509e-09
658132,0.0007413706
511979,5.3908015e-12
478533,0.00024611197
866213,0.0001758247
427305,0.001388885
737909,0.008890061
301645,0.9954574
139951,0.004313422
279823,1.351333e-06
342599,0.014119473
818735,0.98281914
128489,0.0008431241
538062,0.0023167985
654232,0.0037977232
702989,0.0043841945
146564,1.1969695e-06
966672,0.03710844
574485,0.02059479
536433,0.9994171
103161,0.02035764
144155,0.00023925124
966051,0.09822414
490358,0.09003098
113069,3.4416286e-07
909663,0.011468512
254593,0.0050223563
910075,9.0999373e-07
183096,0.9994686
309201,0.0047647576
951703,0.036481757
806647,0.10055834
922348,0.00022263319
710138,2.880375e-07
278097,0.14724235
198761,3.479283e-07
327953,0.0059257783
564462,0.0027160365
207410,5.2260047e-18
806498,5.193695e-08
452879,0.0016575496
797429,0.00018829822
865192,0.000425624
270615,5.0537754e-05
591464,1.488274e-05
501913,0.0016771768
636591,0.013814125
169534,9.514296e-07
564893,3.1377105e-08
557603,0.0018504182
173325,0.0017326484
947361,0.0025435286
101659,0.042135477
620497,1.0197415e-05
687935,0.027920224
161173,0.1386351
858763,0.001363854
104191,0.79280955
730915,0.2889988
187727,0.00016603341
377271,0.0010855854
443210,0.0057950383
998481,1.2461527e-06
893170,0.00037337738
863097,0.0028887845
877084,0.82425344
860021,4.0858237e-09
732068,2.780267e-05
644151,0.00023030968
625626,0.004747578
557638,0.0005236639
571704,0.88543826
647324,0.902937
441035,0.013266669
436709,2.6564835e-11
997381,0.035256494
396269,0.8950167
593093,0.07387122
760947,0.0005462114
578763,0.011295325
831088,2.2396428e-07
259896,0.006326934
245213,9.7571785e-08
775286,0.0036574446
409101,0.0005448875
876013,0.0035398144
420290,0.79146284
101870,0.000109479035
182001,0.33025637
442483,0.31090397
856619,6.73161e-06
791399,0.0032571289
460985,0.00025617832
867908,0.00027787485
603911,0.5269653
283611,0.0023800442
707537,0.50903046
276319,8.916859e-06
965418,2.6793307e-07
486478,9.046385e-07
294582,0.00092129107
893783,1.3890123e-05
183465,0.0019075614
428274,3.7912927e-05
168688,2.068054e-08
863411,0.033880692
635512,0.009825407
689787,0.00031784258
609198,0.009218702
792194,0.0017270105
113005,3.977396e-05
324186,1.6821488e-06
104751,0.11634001
915049,0.01367624
731527,0.99998635
494453,0.009185605
717236,0.0021241491
499846,1.4969365e-09
204622,4.6240057e-05
725088,0.002805871
542472,0.00038486804
832477,1.9010226e-06
136188,0.053520963
684051,3.948241e-05
182013,1.6467291e-07
132848,0.020810634
618616,8.304241e-07
796036,7.619361e-05
568855,0.00063158234
819921,0.75218576
295755,0.00081204623
765707,0.0021573706
231429,2.0824817e-08
841086,4.067057e-05
165275,3.7023073e-15
149688,1.2374255e-05
761984,2.992475e-05
906070,0.00011062056
347176,0.0045535793
404696,0.041667897
322762,0.00031964094
325983,1.0101526e-07
672187,5.4990016e-07
407289,0.34697482
174858,4.6358517e-05
614226,0.054353535
512942,2.3456772e-05
757366,7.260109e-08
839279,2.0083726e-07
914162,1.6297341e-05
835258,0.4527374
310852,0.0018504981
226000,1.6044633e-05
233231,0.0018675483
301835,5.91942e-11
417002,0.00032594666
622903,0.0015548415
146875,0.0006414627
116469,0.0005856353
578343,0.0138875535
356457,0.00072690105
665507,1.0906559e-06
928502,0.0014674105
485272,9.860737e-11
443473,1.7782977e-05
396092,0.003432447
903536,0.00084845297
613996,0.023859654
154225,5.2664473e-05
512181,0.0016731641
668867,0.00016644271
469774,0.00015919977
309549,0.0001764244
135100,3.7767793e-06
988262,1.3852582e-05
543975,0.00074621604
109516,8.227038e-07
443099,0.00117579
342025,0.06543955
274095,4.7005932e-09
528371,0.0006633591
114529,6.099986e-07
369955,0.0004590507
680642,3.4265297e-12
801159,0.0065562744
647226,0.0001821263
233735,9.2920395e-08
642014,3.7113284e-07
490930,3.6009376e-05
514972,0.011197818
344971,1.9865853e-05
470450,0.009876759
568403,0.76176065
619936,0.05021588
838453,0.1306964
905259,1.5901406e-06
844589,3.7595553e-05
139728,0.012131691
984837,0.0026323076
277222,0.012134113
922333,0.028649326
653105,0.015270483
502610,0.0006497345
127601,0.03832352
585658,0.0007519425
617591,0.41678324
970742,1.9915873e-05
636239,9.83997e-07
555086,0.009936264
825753,1.5332567e-05
178225,5.0099035e-05
990145,1.7798647e-09
107532,1.8428525e-05
776130,3.142915e-06
746335,0.033329863
635977,0.45071417
306593,0.0038655736
899374,0.07675795
741840,0.18711479
382928,0.18756573
205454,0.00074826076
912570,1.016191e-06
712555,0.2549776
135253,0.013745862
676708,1.3182254e-05
301437,1.811175e-10
400125,8.621955e-06
235602,0.00021363948
867725,0.03142363
268326,6.0932864e-05
696465,9.614155e-16
203205,9.802594e-21
624587,3.720366e-11
462742,1.4365705e-08
221761,0.0003874606
477509,0.017041016
918104,0.000152494
739942,0.00024928147
396165,0.9779783
972233,7.011498e-08
828712,4.7199296e-07
639638,1.9421346e-08
796426,0.028368972
438022,0.0048359088
228423,0.48566934
494176,7.713234e-09
224860,2.1430262e-06
374426,4.4060254e-08
812185,0.000107459244
340452,0.00034362348
270053,0.0002797417
596992,6.9562966e-06
910816,0.0018363459
330977,0.00015622037
222236,0.99978995
134300,2.759526e-05
900132,3.032039e-05
806761,0.01956049
611783,2.2271308e-12
743590,0.027754249
739988,0.06373492
331613,4.951278e-11
247126,0.03327351
194582,0.0026894906
280457,0.93158156
545329,0.9265983
419929,0.0042067133
845031,1.0697407e-09
618902,2.470987e-05
473835,0.0033274367
905453,0.001436534
505866,0.33431375
301584,4.646523e-08
280663,0.00064826454
532011,1.112249e-05
977389,0.018324455
954770,0.020707943
911403,4.661084e-18
209248,0.00022591831
584624,0.00092354754
814974,9.462176e-09
896400,0.08325647
116519,0.59439266
390791,0.0002618451
486551,0.027267683
750320,0.029683506
817650,0.0058998275
637303,0.14522687
153912,0.00043405866
442438,0.0385715
840576,0.1486554
257412,7.3577226e-06
599602,1.9242316e-07
385791,0.019332238
683878,0.00012569322
186493,0.0037248959
821114,0.040524166
242336,0.023603931
889398,1.7221207e-07
147870,1.8167982e-09
675160,1.7732448e-06
894726,0.0003316601
435365,1.3956085e-06
111045,0.008989854
272274,5.0437466e-05
520730,1.2027102e-06
356982,1.5049221e-06
832008,0.99190235
257423,0.0022995553
663023,0.69067246
730088,0.0036542795
667533,0.00011798184
360023,0.062887885
719487,0.0011806452
889608,0.0083595645
973081,0.0018975857
349833,0.026037062
647404,2.037835e-06
917104,3.4058044e-06
526500,0.99885213
174894,0.00018607828
259501,0.0015554525
339630,0.0031989352
378980,4.474582e-08
787296,1.7165603e-09
693624,0.64744794
136333,0.004683569
268539,0.0009426766
358040,1.6409592e-08
482426,1.8427647e-05
677516,0.03870947
840011,0.00025424513
842321,0.00016469034
157553,0.00080416293
890006,0.034570593
232307,0.02291244
103476,1.235719e-07
840840,3.276465e-06
930244,8.119867e-17
536232,0.003279022
347338,9.096265e-13
488576,0.0001617104
292820,0.055190645
438811,0.0010289712
572440,4.862331e-12
825397,0.0014323076
976690,0.0017972925
818452,2.3918898e-07
981950,0.000874931
428958,2.9061162e-09
337047,0.0083925165
337964,0.0040340405
329618,0.023060814
536573,0.11817226
934984,5.7857974e-06
850866,0.30557048
125643,0.08671997
831695,1.8862762e-09
241656,0.0047924304
619954,7.8391093e-07
731995,0.5839889
297578,6.7463836e-05
651854,0.0018227025
549050,0.09351523
753742,0.01254554
557250,0.13954465
594286,0.0047471095
162687,3.565914e-05
798287,5.9081096e-10
243671,0.00043615326
709100,0.93034184
441069,5.7198095e-06
626027,6.282273e-05
494993,0.0010628201
137819,0.0046440624
605586,0.0011014242
801092,1.4120396e-05
966122,0.00017446913
997412,0.056672167
142238,1.742563e-05
783150,0.032215815
495447,0.021894732
671265,3.3961385e-07
757987,0.0023074422
265237,2.047922e-11
648888,5.591481e-09
820962,0.0031275114
328131,0.0011011777
547355,6.1983606e-06
815591,0.00016659257
210070,5.7724767e-05
745477,0.0048360494
675309,1.21670425e-08
242530,8.890476e-05
240889,0.0005692078
999981,0.0017445616
572387,0.0030632857
329961,0.0003548876
747245,8.854002e-05
464972,0.026187642
765719,0.00029231468
810529,0.01736261
204346,0.0021645348
449648,0.028938541
361360,3.409273e-05
227774,0.00039008717
665860,0.0019173403
312450,2.1476174e-06
309308,0.00029888056
481810,0.9925529
420734,0.0080614425
832023,8.791944e-05
906867,0.0019924187
247387,0.110534355
709465,0.6104
704016,0.0024279787
801055,0.038303036
780112,2.1703137e-08
393262,0.00082134776
740364,7.9511956e-05
989687,0.023699457
867408,0.033768274
768753,0.03869194
846303,1.3863193e-08
177272,0.0010153654
164165,0.0004956085
614856,0.0031891975
711743,0.00052101637
668290,0.006658329
450227,1.3531358e-09
549800,0.15223669
880511,2.9691959e-15
811929,0.0043200133
234994,0.035342675
733849,0.00054064655
641442,0.017083867
842465,0.97514766
811569,3.7931813e-06
562018,0.00076037605
860801,0.99091184
816774,0.01063129
707953,1.7867547e-05
858024,7.3756587e-06
807352,0.001340586
152625,0.0013367931
438690,8.970055e-07
345127,0.090968564
570149,3.1160782e-06
912877,0.360536
231872,0.00015091295
312353,0.00014456623
104034,0.036256757
342323,0.00021065737
927791,0.00566609
102162,0.00060836057
305793,0.008962553
556160,0.0002794037
972255,0.0058580255
915954,0.00020711642
601269,0.045010578
628211,0.09185947
541166,0.029884426
308252,1.1649817e-05
716059,1.3857615e-12
629714,1.5294583e-07
833269,0.0005144562
106364,1.7984821e-05
424175,0.00046637282
185907,7.686142e-08
978186,2.4339623e-05
238344,0.0024838524
473238,0.0029158113
611274,0.049424503
380760,8.906559e-06
754420,4.2151838e-09
776757,5.871409e-10
442776,0.00037694414
236664,3.9942574e-06
227608,0.006997341
178188,1.1127793e-06
379874,0.011893804
164954,0.007989142
872156,0.006297715
518200,0.07327825
845074,3.512754e-06
405155,3.2966054e-06
820098,4.360573e-14
337628,0.9672066
702302,2.1900132e-14
312251,0.030091101
692923,0.010118265
718561,1.178873e-06
212780,0.00040767202
277110,0.13083178
959426,0.019407589
244209,2.5690067e-08
356326,8.835987e-08
837256,0.00018619452
104648,0.9814013
957306,0.0030702953
843104,4.977182e-12
183732,0.0033573722
427246,1.41429e-05
822760,0.9995997
606133,0.9669623
837432,0.007530127
427285,2.8204533e-06
527466,0.009191652
915083,0.0014359677
709164,0.5145513
297241,0.22526681
911302,0.12179021
688718,0.061872914
395386,2.6724156e-15
530451,0.00358511
320554,3.743375e-09
140126,0.043516472
322664,1.5551609e-06
725890,0.00013615677
484405,0.6680754
235046,0.00027040875
534319,0.6405541
203685,5.321098e-06
667912,0.0005289621
865087,0.0007057223
181338,0.34362295
602881,0.02994653
865328,0.007877445
213373,0.03821857
521358,6.746269e-06
658417,0.0042714663
769080,0.03293172
686400,4.169997e-05
738823,3.1950226e-08
197706,8.622864e-11
170484,0.94460946
508211,7.525589e-05
929805,0.0015793415
117211,2.7551317e-09
443059,0.00013148814
828788,0.010789417
684531,0.0069884774
114912,0.0332746
144488,0.03505594
589770,0.4814528
726000,0.005585201
585284,1.1373692e-05
547580,3.4690354e-06
753688,0.05047089
230278,0.0005360825
712651,0.0007005632
130092,0.0013879323
107214,0.029145129
899480,0.007434232
225106,1.462403e-08
992669,0.11094935
272600,3.2399516e-06
323014,0.16826834
479510,5.1482697e-05
976892,0.04141248
167615,1.4680254e-06
125341,0.024242941
831896,0.39306203
666812,4.1786143e-06
687884,4.8531107e-05
822698,0.5936464
657928,0.99993217
705649,0.00011800289
332101,0.0005177144
615922,2.2155675e-09
334128,0.00051180297
435199,0.94442666
673269,0.00062374905
242532,1.0217312e-05
707815,0.0035458799
643044,0.32769725
162461,1.7602606e-05
982603,1.6214603e-05
401056,0.0038132041
639342,4.057336e-10
934460,0.042877585
619606,0.9998286
779267,3.8137605e-05
763335,0.020160649
330925,0.0015116979
618243,0.0011092145
130272,0.39046773
663664,6.935021e-08
808828,2.9740565e-07
559333,6.165384e-07
891086,0.029214771
660805,0.9128142
323454,0.04042776
174554,0.00055138336
214345,0.000771172
734812,0.99104804
200348,0.00046907197
873336,1.40939e-07
839384,0.008162055
877355,0.00039693524
430431,1.4212151e-09
892022,1.2728061e-08
440867,0.34378716
262831,0.022817956
302686,0.020366795
965495,0.0017558358
358522,0.0035202606
403118,0.06913125
203187,4.726623e-05
552408,0.00037542323
664078,9.4766314e-05
554460,0.00090283074
520212,0.13445331
241417,0.0054721953
518374,0.00018112393
826605,0.19069418
128303,0.038625244
956617,0.82276535
247915,7.584816e-07
757109,0.03257413
398197,0.117599465
902074,0.86263996
561462,0.0017449775
118920,0.0013551068
688555,0.0026247695
127168,0.89433026
995276,1.4580224e-05
151905,3.15342e-06
144016,0.0028018039
609555,0.00015070703
910215,9.365995e-07
289366,0.7234564
171631,0.23033786
669001,0.99972767
580424,0.0068529593
292688,9.981146e-05
626311,0.8610432
399122,0.0010446839
823370,0.00028651516
408140,1.1175483e-08
364455,0.000102126156
528673,6.766027e-09
438859,2.9086306e-07
160971,0.023268087
866383,0.00017162373
685709,0.0022175983
667320,0.028643511
701127,0.028727314
917085,0.021761551
448286,2.7247203e-05
473644,3.3593305e-06
678561,4.340072e-09
455135,0.12527624
153339,3.4935372e-06
179293,0.0067990962
161705,1.4381695e-05
270295,0.12738906
945928,2.0743911e-07
921321,0.37973595
271077,2.8816162e-08
741134,4.7023685e-05
489514,0.9997334
624096,0.9146205
453540,3.916575e-05
546471,3.0858548e-06
309267,0.030136516
748120,0.00014210152
321545,0.9949566
788854,0.00043913198
380730,0.04525394
376046,0.02067085
443528,0.07735286
391065,8.097993e-05
843734,0.0022015087
589797,0.0007558161
675305,6.7570767e-09
155127,0.023320308
811274,0.0593194
859737,0.00022648038
850223,1.7696511e-05
444695,0.0010028249
183474,0.16725044
578435,0.0017985035
342144,4.2059506e-07
775990,3.2894163e-11
914340,0.002502336
624747,0.12454815
691165,0.7942899
320502,3.579737e-05
313546,0.99551934
539597,1.9374122e-07
145990,0.005553592
724285,2.8502188e-07
734504,1.7330462e-08
612813,0.00015507832
302316,1.7389968e-06
780474,0.012256245
462722,0.08071289
530938,0.0033480802
182231,0.0005339513
765132,2.948901e-11
765153,0.001972792
572727,1.9374934e-07
974651,0.42195383
248818,1.1968488e-05
947974,6.514354e-06
312201,0.00010057704
488085,3.0743224e-06
448565,0.038585663
462309,4.40758e-08
909415,0.017964207
926248,1.3751622e-10
992613,0.0024160466
965810,0.1358505
616014,5.4779734e-06
896643,0.0026053977
209292,4.8245015e-06
499042,2.57212e-08
516032,3.5692377e-05
221437,3.5816005e-16
900600,0.03324469
787281,0.0018534351
105164,0.0025599212
132427,1.6650433e-12
918958,5.347093e-09
285583,3.1937353e-09
809496,1.7955008e-10
204362,0.9202675
687122,0.16315202
831656,0.006315926
869175,0.00012260569
813714,7.0317746e-08
992944,0.0002904728
296000,2.5491914e-05
976146,5.407509e-14
637370,1.3121145e-07
705429,6.7926396e-07
360129,3.9996715e-07
848479,3.15045e-06
475908,0.14453615
952780,0.012297021
663561,1.1432547e-06
236206,0.01888168
294469,0.35874197
815503,4.3375502e-07
383675,1.5658143e-08
457682,9.716505e-07
934349,0.0019160742
395388,0.2294985
485430,0.024208782
910643,0.025165312
927930,9.929608e-05
106793,0.013428619
318518,0.0030091961
390513,0.2773359
912423,0.028137889
861057,3.418283e-07
304232,0.9966342
289453,0.25521004
145849,0.0814152
233269,5.7434388e-08
453165,0.8371945
416023,1.6108033e-10
154699,0.012235972
803907,4.1104745e-06
264603,0.0011927248
811073,5.9372314e-06
600521,4.8988218e-06
775017,2.9609739e-05
345910,0.96980476
735801,2.887953e-13
275533,2.8032964e-05
509983,1.140446e-09
546879,3.93023e-08
832814,1.6857181e-12
252070,0.0007209281
158473,0.00027496304
997322,4.777377e-05
398079,6.7959197e-12
619544,5.0145633e-08
112999,0.23982546
310957,6.0091807e-09
350264,1.1173829e-05
563763,2.839242e-07
597608,0.16735922
849334,0.0009337252
970628,2.3751245e-05
448175,0.0003492594
709167,0.0028634125
424126,5.302892e-06
510816,3.510851e-07
852146,3.7970974e-06
467046,0.001678025
467538,1.6685235e-06
217169,2.7450337e-13
517827,0.0013312588
688797,0.8925339
792366,1.6328671e-15
663230,6.535897e-27
907619,2.251714e-06
510478,0.012421322
807778,1.3756097e-08
867311,4.874746e-08
376251,0.0047519533
606009,0.00284143
109172,1.1288433e-05
368710,0.01638123
741414,0.002691018
655388,0.03505798
577213,3.824948e-06
730759,0.0045449696
866005,0.0010401881
867136,5.461641e-13
673627,2.4479976e-07
776133,0.0005860438
420796,0.00439452
324015,0.00022664908
305263,0.0033619262
576803,3.974895e-09
567393,0.99679756
840711,1.905345e-11
281466,0.039136667
743182,1.6270114e-06
102568,3.1193732e-08
965232,0.9523557
820515,1.4834095e-10
923673,1.1611531e-06
650105,7.5647984e-07
104764,0.00039816106
461426,0.0048209447
589879,0.13132815
127546,0.00027898952
642063,0.03177805
653552,0.00024647432
158957,0.00015975238
794199,0.0009817769
740196,0.72860336
283099,6.894028e-05
592680,5.8110018e-06
308231,0.0070871008
397843,3.128968e-07
561511,0.031078065
634594,0.0043527
375349,0.0009532229
773866,3.1396794e-06
206007,0.00018776968
828521,3.7166378e-06
524443,0.00019777438
289215,4.794675e-05
494087,0.00018340367
334399,0.0035667703
675999,0.002555186
103099,0.003936785
252758,4.9361418e-08
625696,0.14667782
972268,2.2599866e-05
365175,0.34250632
858451,5.0488474e-05
203253,8.8341636e-07
372925,7.0915994e-05
568387,5.5590806e-07
494954,3.0381707e-07
912341,3.282244e-06
361967,0.00012702245
547098,0.02579293
689446,0.0032681401
191678,2.6130997e-06
642791,5.4710463e-09
368640,0.80449384
798590,2.8878505e-06
466035,1.8568454e-12
840470,0.8635324
130267,4.730312e-06
974589,0.00017982059
419242,2.1014894e-13
303890,0.14707477
257060,0.0031065813
416296,0.6749517
300051,0.006328724
258000,0.00012241014
592443,2.151843e-05
933649,0.5284867
649105,0.9979213
973379,0.9996262
815540,1.6890002e-07
771865,0.00012646746
165962,0.9237455
927695,4.3807117e-06
500914,4.0551618e-06
796897,0.00036395754
603877,0.32969195
297073,0.051204946
131902,9.2856826e-05
456803,0.18947086
607180,0.0762103
604787,1.8805184e-05
717691,0.0007873597
607829,1.7312937e-10
424309,0.00167828
107702,2.3520375e-11
202583,3.8121073e-12
875402,0.001888307
117837,0.00023051508
309474,0.003350546
949257,0.03117136
391969,0.023099719
233677,7.0536757e-06
144685,0.16440478
739995,8.906058e-06
243380,0.024236485
389585,3.2575288e-12
921657,7.400846e-05
542434,0.0051872814
697483,0.014633013
542877,0.00010319988
645713,2.393704e-13
598526,0.02983777
399175,0.04823772
504621,1.157564e-05
430352,0.00017987566
478417,1.7149525e-14
804213,1.413249e-09
625519,0.0009540415
292723,0.017705578
565332,0.0048826407
616964,0.0003455296
720853,0.00016818417
545438,0.99994284
425344,0.04254405
462597,0.0012343753
928791,1.3895182e-06
290959,1.1109451e-05
161870,0.05297007
878407,4.4460315e-08
323599,0.034874223
727036,0.0006500826
978724,0.99991506
179113,2.0010091e-05
221705,3.0013689e-05
419273,0.0075930464
833976,0.002573665
251807,1.521984e-05
919618,6.533916e-06
659605,0.2058614
396125,0.40122145
636129,0.009224375
773053,0.0047285487
737240,0.01735094
550430,0.7120577
714433,0.10309195
346935,2.5247893e-10
536108,0.056627583
166351,0.0002582018
332575,0.9997192
453283,0.01085413
623127,0.004878225
789659,2.7841192e-05
390326,0.003142878
995966,7.744463e-05
223747,0.00019954468
451942,2.1152106e-05
710664,0.01974202
923507,0.041162565
855604,0.07329619
472147,0.0009977425
117287,0.34554535
725922,5.248719e-05
733394,0.000120018776
998055,0.059247725
308364,0.00011079485
400595,1.5099557e-05
285208,0.00034914873
947598,0.014816739
580572,2.0151536e-22
270758,0.104789406
862233,0.007254047
741884,8.2893355e-05
629864,5.323114e-05
909694,9.585153e-08
234993,0.00037939198
876993,0.0009119066
769489,0.0013171567
555825,0.012766462
716562,4.8131184e-05
247282,2.2375968e-12
309949,3.9866965e-05
307307,3.2991963e-07
860391,0.034046475
391606,5.268115e-05
509306,0.12151655
350671,0.010213162
666075,0.0063776267
366554,0.00450162
180775,0.10185775
310448,3.9639723e-05
209671,6.3439275e-06
317176,0.118567735
401437,0.00014206779
588899,0.014769509
550783,4.1834003e-10
894532,0.00035822898
689080,1.6459457e-07
268053,4.6079477e-15
535112,9.693509e-06
334341,2.1719261e-05
586298,0.0069504497
136911,0.64370775
928493,6.61098e-05
923363,7.723614e-05
838585,1.0949559e-06
301464,0.0053102653
312567,0.06557874
442195,0.0036806976
545666,0.00012347815
838533,0.0016942305
209786,0.0084736245
570998,7.362278e-05
538419,8.251306e-05
116546,5.417219e-08
616198,8.118287e-09
361744,0.00011097408
522071,1.1876912e-05
584740,0.00031836724
136814,0.014317434
134551,9.774853e-07
498560,0.033351164
293945,0.0028082193
611039,0.004887773
993241,0.102042586
994922,0.00025863716
319269,0.0011078148
275086,0.024457935
148921,0.0001267084
918445,0.0012453301
247548,2.9237057e-10
934325,0.0014414858
111289,0.96133596
269019,5.4871006e-08
863341,0.00093296525
351337,0.38940868
244259,2.668298e-05
981004,0.0013456523
500568,3.533471e-05
646475,0.0008412704
127723,0.010784074
351082,0.0025400321
849702,0.00016968366
424148,2.2532156e-06
551325,9.9904305e-08
234853,4.4435064e-06
936678,0.26745513
455594,0.007610385
683365,0.00013203127
507655,0.018190164
803065,0.00018078076
354317,0.00073199015
157704,0.030390952
817053,1.680693e-09
129756,0.0006412899
460146,0.0027599311
394731,0.005150126
478243,0.024228755
951391,5.7115386e-07
882250,0.8330064
330803,2.577522e-12
921819,1.26022815e-05
208931,0.0035653706
510330,0.00046622058
574000,0.002476134
843709,7.0455655e-11
714313,0.00037044683
582054,0.9711791
376449,1.2111841e-05
963558,6.0623397e-06
123546,0.0035196452
666791,1.5504738e-05
478371,0.0011478623
143873,0.18048665
521700,0.002417718
207178,0.018807493
711086,0.021162191
785000,0.24250785
876823,1.0437401e-07
931499,4.0492818e-05
197342,0.9940608
571698,5.3690032e-06
200775,0.00016835233
937224,0.0767242
852839,0.002378748
464186,0.0004924419
550329,8.190037e-08
616587,1.3468265e-10
491377,2.19736e-05
905217,2.7303292e-07
647091,0.00061580515
550494,0.00010473995
106219,0.0027458507
954638,2.669033e-06
245609,0.004740025
339629,0.07278753
448729,0.0015162613
663231,1.3217039e-10
631602,0.0030101778
128413,0.0016522934
589398,0.9971847
670143,2.8743793e-07
330606,0.16897176
932149,0.0030467093
521054,1.4731928e-05
669164,4.277501e-08
720495,0.00065079646
778206,0.0009361451
703430,1.9384172e-06
739985,0.00033002312
839202,1.9901236e-05
237899,8.820896e-07
949738,0.000494398
460808,0.13974287
859980,1.8141509e-05
116886,6.536409e-06
108498,0.0004142669
940256,3.964717e-06
301939,0.00011176226
998256,0.000193685
249215,2.0767222e-05
748157,0.5168518
675867,3.372831e-10
252619,0.0015362516
451279,0.0042938674
614927,8.6034255e-08
615432,0.0006553181
544297,0.060946822
643116,0.0094164405
772314,0.0019118222
113240,0.0019683328
930260,0.052437756
523527,0.011166964
288991,0.05161363
480564,0.003888331
674982,0.21409085
750643,0.00027342877
563189,0.013702657
601142,0.032700844
936457,4.5556146e-09
547668,0.018764919
413333,0.044510763
920776,0.0018884077
303152,0.021077562
245889,2.025183e-05
413188,0.047798093
210007,0.21915261
448113,0.16845126
744370,0.00056459825
770508,0.0034314427
180912,3.004476e-08
158598,0.007250662
461839,6.870305e-07
100121,0.99257445
248479,0.0065879645
857694,0.08651793
369167,0.0056623323
144053,0.0050671985
992929,3.795776e-06
329271,0.48993587
677182,8.990274e-09
882055,0.00029172917
880764,5.7492714e-05
427732,0.023742426
273943,0.02447206
795281,0.17425893
828955,0.2501088
564398,0.0017211146
941109,0.001142319
155237,0.009968834
105867,8.0161895e-05
197322,5.5719856e-06
375858,0.005364169
820318,0.003436335
134248,0.0001223987
153548,2.1295422e-05
472538,2.5276397e-05
546387,0.00082119094
555501,1.1819616e-07
306711,0.008785309
301867,0.0036136175
950588,0.023156157
709808,1.6073612e-08
933426,8.500238e-07
939046,0.0022094932
698263,0.5485529
399747,0.0003388533
487624,5.0004755e-06
336300,1.6135793e-07
325417,4.4580298e-07
739820,1.3240187e-06
595012,0.40820745
645208,0.011572661
677412,0.0005662827
854358,2.2894648e-05
993768,0.00033152162
369114,0.0037644568
682853,0.088201135
879801,1.1219071e-05
436915,0.060913257
541269,0.005837323
419261,3.402959e-05
396391,2.1554186e-05
333391,0.059973482
905281,4.4183203e-08
543539,5.56817e-10
543125,0.0022127132
569581,0.44103986
810230,0.00014006133
171619,0.00028222264
558731,1.8727407e-05
890106,0.039900362
149737,0.98995554
773283,0.0037116956
742958,2.8865217e-09
680417,0.08845579
405534,5.507822e-06
493280,0.00019862781
654322,0.00015748524
800502,0.10308228
394117,2.439913e-06
730704,8.495545e-05
753394,0.012844603
722920,4.2663237e-06
874796,0.0023102993
472198,9.560573e-05
911987,2.3212915e-10
613347,0.0003830323
183092,0.004276915
808979,0.18202844
437090,0.00054007693
943440,0.04580667
855208,0.0014225339
319979,1.881236e-05
909049,0.0069894404
860524,1.7365047e-11
599596,0.022109475
855274,7.1977745e-05
935593,0.00044544213
475771,0.00037605542
921530,0.70102155
991149,0.0069127
675184,3.898526e-17
841293,0.9988568
544462,0.96717083
659266,0.00060659664
847743,5.464653e-09
204052,0.16496488
986236,2.8330254e-05
289399,7.8286234e-08
518626,0.0002817352
761619,0.007931575
638623,0.0023472803
257121,0.018227404
625299,0.00026202787
584610,0.03899264
839348,0.11560232
831952,5.8077385e-06
127686,0.0007935336
646172,5.59424e-07
108192,3.7248607e-05
270112,0.00016998274
205441,2.4411457e-07
256189,0.00068913976
541603,3.7953916e-05
786425,1.337623e-14
655655,0.0004479288
347080,3.5037434e-07
373820,0.00030441012
126865,0.12573865
568459,0.9608412
105138,2.9681067e-05
723351,6.0964844e-08
612939,0.01304312
498241,0.0153217055
826987,0.003757723
565000,5.0678073e-10
999171,0.6871357
517009,0.000118509655
764861,0.38712493
911106,0.00314267
122304,9.84863e-12
386868,2.1099478e-13
774038,0.001168286
752347,0.031216891
599230,0.0003604299
905302,0.00022079382
648491,3.660339e-08
548638,0.0022434397
987394,6.362031e-11
505573,0.0016042327
504312,2.6496568e-07
130259,4.6703695e-05
157140,1.8233385e-09
883472,0.31948403
126881,0.0089654215
871709,5.0830834e-10
202189,2.9849534e-05
856528,4.4314356e-07
467739,0.7832338
652374,0.002058617
741132,8.629425e-06
381319,0.99188006
129154,0.0005290489
984475,0.0020067987
199487,1.1056266e-08
606081,1.7109416e-05
997345,0.00070298964
881796,3.4792887e-05
543025,0.07063231
234005,3.1646635e-14
465821,0.0004219363
679133,8.561808e-09
484132,0.00019442585
341020,0.004072872
245137,1.2486599e-07
127038,0.0019472555
345211,0.0063076806
357620,0.17183812
444391,9.316402e-09
574377,0.0011765037
181035,0.35516497
177455,0.01998408
603733,0.96192
792894,6.225267e-09
210442,0.0005564088
620601,0.0033853187
429713,2.5929907e-08
390466,0.0006500454
793813,9.40569e-06
185433,1.6636331e-09
150886,0.9613227
572754,0.15765296
880534,0.2186681
916822,0.007249337
223230,0.0008867642
365880,0.004463402
372393,0.35117674
443623,0.0005012705
494492,0.0024481358
774151,0.02091799
528612,3.5492118e-05
547957,0.0004966761
287004,0.007741096
450658,0.031069653
963557,0.0012616107
475325,0.001141415
641493,0.00011351017
177922,0.016337829
519061,0.0068500577
352366,0.00012914902
224191,0.0014458819
328538,0.0001009129
618834,0.13252604
725486,0.09649248
201930,0.0009418309
637212,0.00024339781
886330,0.00022047198
213834,0.037668128
535463,7.494602e-06
445676,0.0009322468
527552,3.338364e-05
474313,0.00035888696
915198,0.00096247613
910681,0.08992311
142013,3.6092024e-05
574493,0.05097204
794476,0.0011980176
180823,0.005099606
333340,0.00016198558
222484,0.00011022832
250927,0.015042706
916087,0.0012297842
558319,0.5214594
778033,0.00076223945
704629,8.6970033e-07
399633,1.1776836e-05
510742,3.7043164e-06
351198,0.0025584192
350005,0.0020224266
272174,4.0991494e-05
709199,0.0002619989
998179,1.643036e-05
783893,0.0004873881
222935,0.015465297
178365,0.11063135
690774,4.7888744e-08
556478,0.004152862
512794,0.0726432
514776,0.07393929
493985,0.0006204096
755695,0.0072695888
997409,2.9440874e-09
757500,6.0849074e-05
202965,0.06877157
308126,0.001177432
210101,0.013391343
342370,0.08753868
174966,4.914479e-07
205433,0.01778104
268862,1.6187612e-07
534656,0.00254385
564158,0.00015295536
347068,4.0256025e-05
821309,0.054483265
594117,1.6399088e-07
350059,1.392792e-07
110894,0.9490614
706391,0.00036730393
767657,1.6152556e-13
950280,0.05494848
448826,3.054677e-05
377606,0.045915212
102299,2.5418838e-06
240671,6.402552e-08
247382,2.1923144e-08
951789,8.489917e-07
547302,0.73730695
369222,4.893854e-07
571109,9.798749e-08
549105,0.000375507
845283,0.0003884742
938035,9.759125e-10
344585,0.06104898
295542,0.99959636
380311,1.0683939e-05
263374,0.20747949
353529,0.00530592
120982,1.111811e-05
760710,3.0292125e-05
230768,0.045624893
522626,1.8511932e-05
791000,0.01996848
410263,0.00045528138
331639,2.2498164e-06
591689,1.5088213e-05
686349,0.02841953
643970,7.1986585e-07
283542,0.9876201
453904,1.3613214e-06
587291,0.17555782
208510,4.7307267e-12
339036,9.987399e-09
849756,0.004717187
264210,3.1727093e-05
285512,9.930338e-09
616547,0.024077408
797943,0.017573522
833494,0.7357484
553202,0.032342855
785549,0.008409378
512715,0.20174834
828423,0.033122774
906182,0.0031589756
799483,0.21136028
872395,0.0227255
931899,2.211239e-14
974905,0.002262825
716781,3.2430708e-05
193237,0.005237222
519428,0.018071447
794738,8.633885e-12
611165,0.047000267
681931,0.009593478
977220,0.007948158
656927,0.000108637
941633,0.015358258
101309,5.4749435e-05
407468,3.282318e-05
718355,0.00060734904
561463,1.5734386e-13
165980,0.00029168188
494602,6.751675e-05
599378,0.009757048
895249,3.3799124e-15
985202,0.0039313813
918791,2.7268294e-07
141774,0.6971884
779291,0.00042580275
273221,0.0002730406
401866,1.6571053e-10
330202,0.0017467319
694217,4.6475607e-06
458846,3.6555284e-05
996490,5.1990472e-08
772017,0.01551996
566887,0.9571094
724384,0.026383655
787531,0.4013357
451838,0.001553329
802596,0.0019802493
516141,1.6868299e-06
744509,0.038717944
349235,6.7521067e-12
860008,6.792346e-05
575792,0.001910538
787945,0.0008111196
696538,0.0011160875
796545,0.34336257
754886,0.00030896516
333075,6.0803653e-05
279270,0.006530194
930765,0.0014666276
595343,4.380199e-05
580521,0.00019790739
709244,0.040083658
314443,3.0723274e-10
513549,0.000119935714
133093,0.0012084657
795993,8.9870355e-06
617725,0.00028175348
692578,7.466649e-12
561517,0.0014416595
874755,4.4724272e-10
851417,1.547946e-06
666119,0.00016619245
676950,1.0121659e-08
143836,1.491502e-12
736539,9.41795e-06
294622,0.0031716754
283586,3.4077147e-11
506821,0.10053163
540231,0.00012580355
690147,0.0061535314
616821,0.1703944
240672,0.0008710016
329284,1.17697304e-07
679548,0.0008893674
260089,2.2117827e-06
877675,0.24584906
731925,2.2809938e-05
572052,5.345749e-08
176852,0.0027990176
175271,5.174836e-09
772096,0.006124781
511206,0.00013618624
136363,4.9301754e-16
485383,0.053059738
388317,0.0013267266
115832,0.34057274
790897,6.6534253e-06
691831,0.019281108
921183,8.858701e-08
950748,0.013544471
776565,0.04026359
219758,0.00074744364
291441,0.0007370447
312612,0.00024773783
300142,0.07188707
105131,0.00078636664
280492,0.00014881151
935472,4.688353e-05
399796,4.920331e-05
757694,2.7085878e-06
284028,5.413387e-08
816461,4.186883e-09
382262,0.07454591
636715,1.1142282e-15
320737,0.016732922
495414,0.00080601603
855390,0.0061532985
189170,0.006174517
436398,3.7121392e-06
882788,3.8113008e-08
573847,0.82678646
579341,0.004619987
571729,0.82231826
889490,0.00016539726
867819,4.206085e-05
967074,4.8421407e-05
127504,2.5190851e-05
413861,2.0508182e-07
475245,2.783267e-13
408936,7.259199e-06
858247,0.04227842
856992,1.400881e-06
354616,0.20440549
447824,0.0015960085
884163,5.3898038e-08
120316,0.00022290123
530824,1.1013301e-09
553072,0.00043363767
996887,0.0001712262
397361,0.0034354923
881116,3.4591774e-06
289891,0.01772165
776056,3.220726e-05
926013,0.9964777
561167,0.011788227
500372,0.00279053
954433,0.00025032135
683821,0.012149895
939908,5.413271e-09
551201,6.03953e-08
589516,1.0607749e-06
394605,3.6219901e-06
123826,0.00015433454
605581,0.0023461059
714183,9.854018e-09
512728,0.028257685
216373,0.0024274925
844201,1.2121212e-05
323525,0.0032747514
800640,0.28564382
547555,4.457806e-06
409642,5.828096e-10
510906,7.21155e-10
694774,4.0667264e-10
368099,5.1119282e-11
758222,0.036651418
961329,1.933145e-07
892769,0.0057622464
176309,0.06713376
949268,0.00048288863
271078,4.6662403e-06
761400,0.4640392
742283,0.001409933
665859,0.9966857
815579,0.0033332119
272890,5.2889945e-12
134458,8.2916216e-08
134960,0.4405655
604956,5.178581e-07
368851,9.761593e-12
236401,0.051538043
882275,0.10634198
946364,5.029037e-07
239007,0.023941012
786335,1.5628684e-06
533058,2.2567301e-05
321298,0.00083355705
117224,3.0315563e-05
737555,1.6298181e-05
821308,0.10174681
204236,3.4308956e-10
233087,0.0015988256
680828,1.1275232e-06
649198,0.0012525492
669699,1.6882213e-05
690592,0.0004513694
721086,0.00033104283
254351,0.09382718
510500,0.09339096
579399,0.007474936
962222,0.6186452
771820,0.00037375878
556794,0.0029063856
243833,0.18004265
294761,0.006180102
749331,0.030653816
962968,0.00023566822
949128,0.03901099
661609,0.003074104
944154,0.002386871
164311,0.052032016
512763,0.0023863418
207260,1.5958589e-06
638188,0.00012249374
446809,9.915511e-06
814817,1.1411187e-06
719893,0.6741129
378501,1.1409129e-05
553511,0.0028859044
411455,1.6482932e-08
479899,0.0005946375
141770,0.00023315744
521144,0.10176108
136917,0.20098616
266272,0.00018652735
340717,0.00036538692
343484,0.01653344
143804,0.0006327609
567962,0.005126248
257130,1.0931e-05
718378,2.271562e-10
874613,0.00036298714
571540,0.011858461
851507,0.00012265224
227156,0.0016854455
399137,6.200212e-05
532262,2.8484083e-08
392643,5.606599e-05
416368,0.00010729
292915,0.0003900552
848854,0.0010531883
315239,0.0072506377
411197,0.003426199
895468,2.711835e-11
486738,0.012703311
399322,0.00020245172
883949,6.112105e-17
519092,0.00015075316
252895,0.0062986193
336332,0.011429256
507244,3.872764e-07
663809,0.013747776
509955,0.5783458
282613,3.3526605e-06
524771,0.0020313591
213804,0.002702146
590870,0.017030686
356258,2.175179e-08
666144,0.48401946
647649,2.5872017e-05
694705,0.05895676
479067,0.525607
954427,2.2040464e-05
896238,7.1062516e-09
498643,7.093907e-15
533552,1.1396885e-06
924394,7.175567e-08
107819,0.00016454436
359011,0.00038019253
522652,4.5967863e-05
817710,0.11744466
751958,0.0011209751
759806,8.458322e-06
393671,0.12795411
589972,0.0020857917
973916,0.8639314
187811,1.2093814e-08
123535,0.021624831
499530,2.1497617e-07
624803,2.2640586e-06
933773,0.0027790954
688232,0.007382471
568741,0.0010311828
153713,0.009913198
240114,0.005605458
300954,0.0006189933
211043,0.00049027096
633613,0.24349762
242360,0.002677216
959065,0.079759434
704714,0.0037134592
825179,9.4921305e-08
898856,0.0026952112
300147,0.06558429
256410,0.0053164554
307176,0.024180885
493554,0.02185195
214274,1.5233749e-09
311367,0.017113462
627774,0.095362864
694055,0.009156977
930877,0.012338883
644148,0.00035249928
176440,0.043522604
570503,1.9598327e-05
540914,0.00049967074
514716,0.001732278
523045,7.5266296e-05
778071,0.45274693
681503,0.0016278713
240907,0.0062128757
425211,0.00048082633
545946,0.0440903
648406,0.9391246
479074,2.1524937e-05
805804,9.7101765e-15
293150,0.36379498
108104,0.0062990286
740583,0.00028218844
670291,0.00081846805
680058,0.038454257
410092,7.101913e-05
187526,0.0045885528
320161,0.0012569197
567831,0.0079480605
667185,3.6704343e-05
674642,0.05337552
637919,0.014822894
528766,2.829932e-07
161244,0.0015187396
180083,0.006933665
947815,3.2892707e-08
507282,0.69758093
853207,3.906668e-06
431766,3.5237018e-11
870524,0.0029171868
252584,0.84013796
388189,0.048756838
984750,0.0041501164
635196,0.52676946
152776,2.7200035e-06
267049,1.1676973e-06
535448,4.4950343e-07
285806,0.00037355
100817,0.0043351166
765899,1.4375332e-05
321101,0.0063297194
780582,4.848199e-08
337019,0.0034811522
898667,0.00059962814
768306,0.0003890748
867618,1.0279873e-05
287402,0.00040643068
756654,8.261418e-13
599706,0.0023743468
242042,0.00033290408
403108,0.0070759323
858634,6.171428e-09
525714,2.3557193e-06
377358,0.006891412
646982,1.0109716e-06
288247,0.0015791031
968793,0.8546927
571053,3.9080815e-19
552716,0.17265557
654901,0.23565117
596179,0.00022772847
617806,0.00031898395
153296,0.0003137684
311280,0.001995989
229270,0.79774404
833070,0.0014030961
213871,0.02978878
815668,0.000121925645
867598,0.055546336
604986,0.022893788
605968,0.18480377
479872,0.00031128703
637664,0.0018537104
336697,4.996241e-09
990851,0.60858214
672410,0.00056344894
230637,5.924291e-14
616873,0.026411954
960448,0.00067341386
113357,0.0001512567
238616,9.2348347e-07
814525,8.5697335e-05
806477,0.37469372
380627,8.039809e-06
586793,0.001277584
834538,3.5842922e-09
515452,0.0012033862
421548,0.9945923
687229,0.32876793
380527,0.40145776
331002,0.036745362
213302,0.07641903
411231,0.0013941149
284889,2.0022932e-17
650080,0.00032690424
539975,0.00015659217
290075,1.5037308e-08
472365,0.0005082725
495894,0.0028040681
176419,0.0001551681
729641,1.6657644e-08
931241,0.98214316
925126,0.9666048
872854,0.0012048308
580602,0.0005331828
938807,2.0531607e-07
276120,0.0034437876
310052,0.21829444
159805,0.03314511
380818,0.0019409612
642127,6.443175e-08
403963,0.042614855
794982,0.004290301
600910,0.0032673078
244524,0.96964914
555424,1.6148334e-06
569892,0.0027752998
935415,2.8531815e-05
334111,0.0028600541
814772,0.23264025
238013,0.0015492375
601296,0.004028921
346298,0.0068570655
716507,0.00016595588
106294,1.2188386e-06
535557,1.2904375e-09
631160,1.1815598e-06
684427,0.0006877331
685053,1.2571988e-06
636712,6.89323e-07
279509,0.023764797
976657,2.5005218e-09
479724,0.00045619518
974253,7.559878e-09
877648,0.01548542
980243,0.00090458425
502207,0.9950315
772783,0.0016896693
257165,0.00183308
687844,4.4975988e-07
576552,2.461521e-08
794463,0.003406626
660055,0.0021565435
693798,0.035335395
629823,0.005892661
871915,0.058821656
201575,3.4170142e-08
536175,0.00020240889
995703,0.008843308
758049,0.0033346936
853153,6.55873e-10
525464,0.07370887
190852,0.004116877
539351,0.00014861257
142730,3.244432e-06
816889,0.043109167
301032,1.4140877e-06
133881,0.00016217072
980503,0.0006811971
793852,0.0012331917
319501,4.558026e-06
983912,0.012064909
881708,0.016879339
619538,0.00018961381
301003,0.08742424
792431,4.934468e-11
587335,0.002739072
556214,2.629683e-05
968216,4.925937e-05
648696,0.00027359667
162240,2.5060814e-07
644216,0.021821685
283554,0.00017553708
501431,0.00279759
281085,0.0003789071
626568,0.0060256235
722268,5.833364e-05
945041,1.944075e-06
267631,0.27018353
806358,0.13460585
181680,0.0007708013
393324,7.8417e-08
452790,0.00709227
847157,3.19646e-06
798603,5.5406595e-06
959318,2.2312865e-06
474539,8.350644e-07
829957,0.00026100012
614441,1.0852878e-05
623537,7.097355e-07
395170,7.6645565e-06
926280,1.3451328e-05
950465,0.9777389
357078,0.0036666025
179233,0.09246888
187365,0.9922461
518074,1.9193799e-08
661689,0.9576121
434401,0.004046471
555813,0.0005028412
489842,0.032092106
529056,0.00012806716
915048,0.015881242
346114,0.027702333
138504,0.006568946
628038,0.017275095
896065,0.00018979741
483411,0.031211264
213501,4.484391e-06
716901,0.0092696985
735331,1.0576313e-12
198807,0.12140712
320266,0.0012603279
924953,1.6848688e-09
661566,1.7025088e-05
794437,0.9158471
543693,4.5433226e-06
759433,0.010966236
576267,0.34479606
335732,0.0001849896
899559,0.10620439
325477,1.2953923e-08
111778,2.0054257e-11
843672,0.00032188708
192749,0.0001003654
535160,0.00061312853
727658,3.213461e-05
227454,0.78371847
356643,0.006428169
681794,0.025370678
905457,1.952788e-07
284752,7.465462e-05
875115,0.0004795392
602600,0.029367052
631621,0.0038880338
441396,0.7895834
841591,5.52122e-08
769383,3.983812e-06
473504,5.1510742e-05
384368,0.00028752242
492407,0.001488393
667127,0.046763137
226309,0.0028987266
639865,0.09992783
677532,0.00037746193
377332,0.04304992
738207,0.15963125
450026,0.000325882
169731,7.8056075e-07
515216,0.30434707
972980,2.8401092e-11
284042,3.920895e-05
122512,1.11357785e-08
518365,5.3130584e-08
505896,0.0015763667
324220,6.602927e-06
140950,5.6065455e-05
893022,1.0477956e-05
248570,0.002248844
918572,0.000106925276
892250,1.4616727e-05
431921,0.01313883
395263,0.0013727621
799019,6.6257606e-05
786950,1.0072963e-05
291824,0.020679146
922620,0.0018976225
794956,2.3192919e-05
498797,4.1104876e-08
255330,2.1514636e-05
779791,1.929824e-05
695585,1.0710453e-05
157465,0.17693186
171694,3.3168194e-06
807671,0.81772363
673458,0.0005874078
808495,9.1613644e-10
384824,1.0423804e-09
234114,0.23660676
257487,0.009168236
797145,0.00014262238
366640,7.714889e-11
295374,0.003650903
331620,0.003104181
245332,0.00041955445
153063,0.010084003
225169,4.8916418e-06
626109,4.7332674e-06
509687,3.1370495e-10
956540,1.9723516e-06
572653,0.98959035
281342,0.011684595
636540,2.9961423e-13
110876,0.95313376
964135,0.6735321
794814,0.0002363151
442463,1.5013843e-06
423730,1.666337e-06
664115,0.0070443302
528304,6.786241e-13
463565,0.0002008237
421329,0.00049330393
878433,1.38948135e-05
651429,1.3994686e-10
526109,0.031089367
378953,0.2739109
194636,0.0025931161
674203,1.7090697e-05
112394,0.0006594416
504717,0.0018915363
354539,0.00018889595
100451,9.679697e-08
323996,0.0005909919
821724,5.2174768e-11
675955,4.611806e-08
142000,2.3112511e-06
740813,4.218216e-05
682762,0.0009941554
628288,2.1853908e-09
511600,0.9937601
708907,9.297651e-10
969129,1.8523126e-06
592282,0.6749152
717393,0.00034078263
444344,0.0010160261
467877,0.23380494
606234,0.0010563672
581520,0.00010317449
782425,0.010310448
656058,5.4405406e-05
825994,0.3169548
118976,1.23520225e-08
190588,0.00031134757
518656,0.00092455203
746645,1.6419897e-05
722717,0.0033107668
820345,0.02760604
297262,0.0112017635
575650,8.110967e-09
617368,0.81671154
432290,0.15000679
784468,1.6889364e-05
653846,0.13838798
664496,0.9429051
167920,0.5182588
845342,0.004500917
573501,0.052998353
366411,0.23200588
598927,1.7945908e-07
134622,1.837607e-06
673731,9.318588e-09
493327,0.0003880484
951670,0.0018927897
202456,7.303978e-05
337462,0.02154983
500542,8.689867e-06
560961,0.00055542454
366945,0.0017679392
544013,0.33472824
390735,1.6141826e-07
313276,5.7165533e-08
727183,0.0005338681
401644,9.6879914e-05
889236,0.085181564
365893,0.010521996
597969,0.0012863458
100805,0.089122035
776040,0.001157053
237694,5.581216e-07
481502,0.030538497
418846,2.9985513e-15
513344,1.1098188e-11
257338,0.0036824658
714793,0.0010183544
373985,0.0625219
583686,5.154494e-09
131427,0.006757126
477854,1.1638672e-06
345896,0.002372623
290906,0.0005310751
278516,1.0564257e-06
562994,1.2781293e-05
641830,0.1611728
906454,6.9405585e-05
144844,0.08578618
709215,0.004634073
468382,0.16748612
401000,3.3074883e-09
452970,0.00011901406
537639,0.0057547414
741820,0.00035591572
650637,8.3312725e-06
109625,1.4917285e-10
978486,5.5436963e-08
375545,1.0244739e-05
414191,0.0010138507
208006,4.1199115e-09
419640,0.00897621
832136,7.5348853e-06
364679,1.7893704e-05
400502,0.011827841
264710,0.01248037
157978,4.9771504e-13
728038,0.2671924
943002,0.36800167
687653,0.09561247
722543,0.042269126
341128,1.104956e-06
499442,0.0024905673
328441,1.15517026e-10
961132,6.3163876e-05
451975,0.0033899473
200560,6.125044e-06
435731,2.4257917e-05
958056,0.03215657
440340,1.7289167e-05
916691,0.013199262
389160,0.00078815507
852335,0.0002191725
331272,1.2557797e-07
586089,0.94390565
492513,8.241658e-11
158380,0.0005376186
722186,0.9979716
660523,0.0023216577
518889,0.2400606
230772,3.4503898e-07
229059,5.79377e-14
194623,0.22410706
841384,0.0012242724
302820,0.0011130489
649597,0.0023399754
544281,2.5433881e-05
125436,1.867337e-12
175570,0.007897804
487544,0.017542133
743100,3.302535e-08
514430,0.6227516
289868,0.010189646
560721,3.6335618e-10
104779,0.00018812236
909148,0.0022197866
111873,2.7162765e-11
941384,0.0012165786
208966,5.2453015e-06
502009,1.2202232e-11
427717,0.9200691
372666,0.7354572
902925,0.0007840911
443600,2.0847647e-10
914707,1.0775598e-06
876329,0.00012826954
136292,4.5932174e-07
695951,1.1190496e-06
563206,2.667719e-08
930484,0.020914417
821694,5.4596003e-09
650553,1.5889516e-05
357993,3.6494967e-09
760434,5.5119995e-06
395810,3.0569918e-08
716343,0.036037777
648591,1.1227451e-06
906148,0.001558657
785839,0.022995826
285690,0.0034290825
777015,0.0033222078
614564,0.00023168598
550407,0.027750442
620117,0.0016592834
584855,0.061557114
537528,2.7394599e-08
541277,0.08318785
172668,1.115575e-05
288987,0.012260899
404615,0.00030351232
393507,0.0043275594
984395,4.8901118e-08
431311,0.06704031
294903,0.26133528
836493,9.381127e-05
495586,1.3682649e-07
316184,0.00093115773
146956,0.00012629344
532389,2.2099273e-06
846976,5.17702e-08
202155,8.7972893e-07
294007,0.00943018
109013,0.00018663214
633219,3.7449304e-06
767286,0.000534418
785294,0.011221957
464094,9.034254e-11
964782,2.3480575e-06
198902,0.038564023
495134,6.984689e-07
371323,0.08074506
289534,0.99966735
960900,0.0014229188
940011,0.12851758
534374,0.012541094
987360,1.9030148e-07
496044,0.24835789
428076,0.00033105008
273092,0.0005910765
287801,0.021590497
725229,0.00023214679
861831,0.026827324
855774,1.0143945e-07
425763,0.019682366
978518,0.09181632
259557,0.010045254
638200,4.7093407e-10
217267,0.0009769353
298113,1.2598221e-07
399906,8.6165187e-07
900778,0.04257716
355864,0.70681006
437674,0.011501064
686989,0.0024449471
186718,0.0011127096
896940,0.0020657787
752468,0.010268875
717007,0.054426856
985022,2.181483e-06
981321,1.5703999e-11
930495,0.028200952
619357,0.040397447
184830,0.9315648
581765,0.031210542
533773,9.0377443e-07
352076,0.0031371997
672060,1.876795e-09
691814,1.2134248e-06
412908,4.2409923e-08
407969,0.81617206
387937,0.00013210747
492541,8.7380344e-05
290377,2.335887e-13
775226,0.0032479523
304283,6.546533e-05
164481,0.9209558
693935,4.1274888e-07
253463,1.8257299e-12
175865,4.223063e-06
546974,0.011695766
120587,8.789103e-09
656223,0.021078458
106359,0.0058707017
603640,5.078515e-07
317174,0.0013522834
749601,0.014571461
264847,0.0016399807
812287,0.06429469
815282,6.119643e-05
174022,0.0011351341
765590,0.0002739412
174588,0.00013450207
732720,0.0029574067
460693,0.0037087838
549534,0.0016253701
498069,5.517376e-07
179781,0.00051546417
773184,0.005876527
621039,4.2349075e-06
688487,0.00024923205
197812,2.9358712e-06
879142,0.053280685
986010,5.111706e-18
192782,0.21573848
815497,0.21239042
740609,0.0023572259
482440,0.8541845
918332,0.0009141719
103236,0.00494758
193060,4.572288e-06
721635,0.0010194004
638716,0.00074123143
261810,1.5384272e-05
252103,1.6803493e-05
210788,0.61599314
129722,0.010901792
628230,1.7124789e-06
930288,8.472012e-08
215231,0.0020308122
528962,0.110445805
909935,6.5270855e-09
638094,6.122805e-05
104182,0.0003816401
881176,0.00041249636
377965,0.023100628
789754,0.00069512014
153217,0.34537914
759795,2.265041e-06
435473,0.0039005545
673533,0.9962324
257824,0.0017680266
208024,0.00029483734
711218,0.0035101653
928503,0.08832855
810483,0.000108391345
959910,0.0017655912
781740,0.0017896132
594536,1.7415533e-07
482130,0.00077423546
360154,0.030991279
223078,2.447494e-06
952544,0.0022026026
498573,0.02164716
430205,0.0007913083
134614,2.363386e-09
523429,3.960436e-07
438266,0.00043362053
899836,1.7998215e-06
203746,0.17027837
758664,0.00039242767
462681,1.3948155e-06
162336,0.123916775
698042,1.1846286e-16
420272,0.0011374819
169968,0.0010108203
648115,1.0362628e-13
707792,5.0140045e-07
281077,1.0741876e-05
289780,0.0154416375
372819,0.0011907909
934811,0.580496
490161,0.024277294
601883,0.0044574076
241725,0.00092170236
882328,0.014002652
686743,0.035473652
897567,1.2700002e-06
173432,2.2628117e-05
227670,0.09248796
446011,0.049471077
537596,0.012644924
101198,0.02747023
535055,9.6100586e-05
319514,0.008527002
563504,0.0010697151
455427,0.028424837
287435,0.011057436
923046,0.21226454
259380,2.029688e-05
693687,7.7044575e-07
990061,8.445194e-17
242098,1.0
170804,3.7459704e-05
295576,3.0202878e-05
419340,0.09096506
928525,1.4136469e-05
802725,5.5386973e-08
128295,0.0705145
991981,0.9311155
718191,0.6591127
659138,0.03261985
120965,0.0043521775
130284,0.43229687
172048,0.012005659
369846,0.024649562
817355,0.0005354936
921482,0.0012158898
900976,0.010419578
821184,0.13656124
673516,0.005804646
343502,1.3029289e-05
466839,0.0004823081
573201,7.943816e-06
794373,2.8880107e-05
349851,1.7368438e-06
553543,0.0062967013
375117,0.3142212
648200,6.7140168e-06
285509,0.009981073
269880,1.2596749e-08
136172,0.04715893
805334,0.00018105435
968109,0.0006406006
180521,5.957458e-07
442101,4.3564873e-05
211076,0.04809548
148338,1.55506e-05
106199,0.033813126
281044,7.951042e-08
498840,3.4383454e-05
267326,0.004051029
973735,0.00048252696
164015,0.0040433165
559891,0.00054654106
844954,0.43373847
365331,2.6817672e-06
280796,0.28339693
691089,0.014015515
882111,0.653314
935914,1.0518426e-10
213123,0.017984632
209892,5.301183e-06
597281,6.069433e-14
820142,0.0014269734
952460,0.026820399
878933,0.00041242715
277078,0.0316268
667156,0.105647534
967111,0.0001010798
848742,2.7937605e-25
706529,0.74071383
949658,5.9313684e-06
517650,0.00035543746
168124,0.00011488341
952467,5.017541e-11
722115,3.2246122e-11
960419,0.35354346
495277,1.0527052e-11
652215,0.9845863
303854,0.010597758
702347,1.3631536e-08
231989,0.015768938
755836,6.3621e-08
556046,0.017889593
931444,1.3048755e-07
971374,0.00022227367
745371,0.0002750548
115455,0.042379662
347001,0.007689769
522995,4.349534e-05
340852,1.5104291e-07
680899,0.21777427
996632,5.1248266e-05
794191,0.043265656
973159,4.6035274e-07
579211,0.0009830386
365324,0.015484074
422685,0.0003512482
895358,0.00028196897
464309,0.0070150294
213529,0.010409647
408654,0.0001399576
159073,5.519028e-09
870333,6.207437e-08
181154,4.057336e-06
986141,3.1749096e-07
536544,2.5014673e-08
165149,4.008942e-05
949057,2.9039345e-08
690132,5.6601346e-16
738845,7.037243e-10
532680,0.0025203703
532139,3.926865e-12
825200,0.00031031037
292875,7.2137687e-09
717056,9.731233e-08
562440,0.02787071
582419,0.00011048984
366930,0.36331087
454745,0.00048968365
669237,4.746978e-08
850044,1.7033855e-07
865058,0.018092653
393364,0.029244468
823937,0.42804897
814955,0.16570912
700462,0.000580626
954773,0.001188065
984706,2.0590724e-05
858694,0.0004962798
114046,0.89758855
598207,1.5214685e-11
335346,0.96310335
636386,0.0016491798
451314,0.03353741
714420,1.02240115e-07
276901,0.00016860307
907075,1.5341988e-05
290491,9.327109e-05
887133,0.014813106
931875,0.91181016
705508,5.743917e-05
806430,0.0056036822
608413,3.1114144e-17
384290,0.8313174
142924,4.801166e-07
551419,1.8392448e-07
238394,0.000624017
876892,4.6046094e-05
404102,1.748963e-11
386004,0.13638137
251421,0.0013485928
849107,0.0006855341
881575,0.0049486267
554387,0.050412193
427471,0.00049078907
699632,3.2841287e-09
149657,4.5268047e-05
690970,0.05802343
289709,0.030833201
737278,0.0076747667
638930,0.04187826
429991,7.273148e-06
530259,0.0034341963
325478,1.6276621e-05
540702,0.00014174709
437015,0.008327819
535635,0.020844024
113014,0.035057448
943600,0.0004596033
222703,0.9993957
800189,0.019881245
241187,0.0018333695
411200,0.14410147
597824,0.11284888
371035,0.00015362714
948813,2.4964693e-18
750857,3.572684e-05
744906,0.043396957
615604,0.00031436695
807031,0.99298596
311083,0.0041530696
223931,9.518702e-06
534537,0.34747267
476431,7.3256095e-05
824942,0.006788864
311666,0.006630959
553106,0.00255133
538779,0.62425536
585028,8.593692e-06
284332,9.651671e-07
576821,1.416266e-06
663483,0.014540574
500128,1.00898376e-07
844183,0.027190022
110996,1.6781793e-05
359555,0.0076424633
291428,3.8560214e-07
222150,0.008547602
111153,1.2586837e-07
860614,1.4567446e-10
329793,0.5241864
752062,0.008373612
715913,0.021881191
811450,0.0063665016
703165,4.622983e-06
586419,3.6005788e-06
767612,0.006396656
593515,2.4754594e-14
787233,0.0010283559
900451,0.00016912945
171161,0.0022279168
866031,1.0166884e-10
900457,1.1654224e-08
427085,0.00024349205
395667,0.0034910496
845771,0.035077296
542186,0.0035453725
752727,0.97436893
629878,2.6671198e-15
759697,0.007586707
319415,0.0028184366
973901,0.0065472648
804815,0.00018142296
130046,7.604046e-05
475128,6.3667693e-10
433733,0.00013915305
638169,9.727408e-09
157473,0.03876549
672494,2.9237199e-06
782109,0.999779
346074,0.0010934985
509831,0.0015135745
536836,0.023435012
405754,0.0055365483
599765,0.002423332
616018,6.6937123e-06
689740,0.0005209719
349803,0.00017803842
859443,0.025148217
945351,0.005276287
686361,1.1761638e-05
524128,0.0024607857
180477,0.017022178
827809,0.01989827
157291,0.0010865281
571474,0.0011639544
606442,0.0017133581
378342,0.006996255
912197,0.108959675
420209,0.00012009078
723023,0.0046774466
693943,5.131188e-09
937162,0.00012256292
745109,0.016322494
278473,5.359835e-05
559636,1.6121271e-30
445496,0.0048142835
640727,0.0057174815
327260,0.99755365
325842,4.3551168e-07
523747,0.016249951
556157,1.86592e-05
120238,0.14611037
589174,5.268164e-07
812982,1.9592253e-06
926373,0.000254271
843309,7.015859e-07
629115,8.864923e-15
513401,0.024763707
649864,1.7134887e-05
835553,2.922245e-10
543497,2.5478548e-05
629884,9.269502e-09
383534,0.051635526
727296,9.5606825e-05
906306,0.25592145
191696,0.05977596
274363,0.0011801982
721084,0.011223868
750025,1.677396e-07
943402,7.184976e-07
863184,9.622578e-06
460291,3.2915774e-05
156141,0.013903705
377172,0.07846583
169485,5.220088e-07
756093,0.00021226164
388050,0.042331453
543509,0.34408787
100177,6.543207e-06
566293,0.0023926483
456862,2.5290961e-05
966965,0.00091147836
580841,1.2333245e-05
474671,0.0017036103
444690,9.5179916e-05
809979,0.008298062
455557,4.1646884e-19
658215,1.2382625e-05
351141,0.06882973
856004,0.90471274
333480,0.0001305169
281255,2.7937265e-11
396370,0.0011487188
527606,0.9999851
932023,0.0054695574
293749,1.665612e-05
486253,3.118516e-05
923112,0.0015621805
686328,0.101428896
946182,0.06236589
369511,9.515294e-07
653354,0.33939844
644101,0.008794005
127524,2.2659309e-15
825242,4.1838195e-08
797591,9.0701185e-10
400618,0.02392718
134868,2.7731914e-05
643907,1.0267258e-07
391307,0.03572279
176626,0.5513314
668727,0.00094292185
650325,0.0055296314
663750,0.7969043
119793,0.009227915
350984,0.00014662005
195543,1.8066989e-07
479813,0.19300775
349521,3.827734e-05
549370,1.2362937e-12
735086,0.07903826
572086,6.739767e-12
977142,0.0023138993
171287,3.719969e-05
755181,0.0026738478
243836,0.015022551
163654,0.00019273882
577132,0.2740075
938751,0.00041718746
736705,6.2378457e-23
934862,3.203971e-06
849379,0.11962197
401943,0.00024847352
540053,2.1687094e-06
857467,0.9923167
801639,0.00092861534
809148,0.0137028685
130427,2.2440856e-05
168275,0.0028270856
809552,5.3300137e-10
424659,7.537267e-05
884189,0.021829823
183794,0.63684464
455308,0.00022668517
955981,0.0002635492
600585,2.8908074e-05
690123,0.50635
419020,0.015918517
352417,2.0166735e-07
801353,2.601254e-05
454861,1.7209103e-06
196482,0.012647371
509867,8.724741e-11
964852,0.011473334
901782,0.89825886
451718,0.6099335
437125,1.2026829e-05
789126,0.954202
733838,1.2180426e-05
148395,3.605283e-11
389495,1.3140623e-06
935679,0.0072077056
370914,1.3734882e-06
559928,1.441201e-11
456038,3.0803784e-07
301853,9.84324e-12
954425,0.06412465
353959,4.2867283e-05
880327,0.045666512
366661,6.2043355e-08
218003,0.022969859
807202,0.00025043785
305089,1.1640732e-05
233112,0.0007560214
997988,0.001742807
504931,2.5775924e-05
799550,8.123718e-06
692930,0.043160673
116798,8.0918227e-07
778756,0.08500087
106280,3.51624e-05
654000,0.5100248
692833,0.0004304428
976867,0.118544646
581680,0.0028709662
245182,0.028340504
936933,2.8498516e-07
250079,0.00048193996
983101,5.1284737e-06
282476,0.08374067
853860,0.004245905
588418,0.0028522038
221585,0.00045366614
842178,3.4230495e-06
751500,0.0007562851
405325,6.6113346e-09
704786,6.14522e-05
467247,2.2800928e-09
721110,1.3829979e-06
404070,0.009739499
120126,0.036553737
771132,0.07774421
592193,0.00041236109
945848,0.5363239
696438,0.74985135
687341,0.03640232
303770,1.7352015e-06
193847,0.002459935
267981,0.00025608478
778359,0.0017272596
952490,0.0006335936
968976,0.13709651
603981,0.00061812607
345992,0.00046660964
885731,6.7505863e-07
435725,0.0013881049
631768,0.0612038
672472,1.2765575e-08
459684,0.99699616
324102,0.00037851813
223741,5.501404e-05
392715,7.0930106e-08
392547,1.6604994e-07
157494,6.0558176e-07
559544,0.035563216
158214,0.05073228
436451,0.6419765
754994,0.9652979
464126,0.03156915
898816,1.0446477e-05
186723,2.3722704e-08
739249,0.0005109249
407480,0.03625273
846937,0.5390954
954476,0.005604198
415050,0.0013929071
475783,0.2421832
193273,0.0038800917
153483,5.157908e-06
251909,9.52403e-08
349755,1.981179e-09
621094,4.993242e-12
825725,0.00052125385
612383,8.7554486e-07
130262,4.3125917e-07
413981,1.09797e-09
519767,1.277993e-07
800197,0.00094234257
891753,0.00021044815
689441,0.0034712197
466945,0.9927103
778867,6.5341313e-18
336754,0.00288188
180260,1.7549196e-07
355573,0.012795732
923742,0.00039845836
355345,0.00037897777
143715,0.043771494
760586,0.99935466
789285,0.22451508
297041,8.479892e-05
948665,0.017403021
855432,0.35434085
293518,0.074294314
752358,1.2953996e-06
991591,2.0381444e-08
742876,0.0005196676
455118,0.0054995506
135580,0.0012231201
109330,3.2014407e-07
284754,4.5858487e-05
580108,0.012766024
148939,0.034008387
806739,0.0010343731
502292,6.4050902e-09
607655,0.037199512
462946,0.012504646
914653,0.0002890564
277322,4.4125907e-09
470298,0.4349536
229454,9.589621e-15
264378,0.004079314
690247,0.002005907
920968,1.10327355e-05
532205,0.0004293752
330854,8.7858304e-10
590517,0.02612847
513727,0.0015335478
196264,0.98681945
526113,0.0005147011
355634,0.0023568335
300359,0.032445356
732644,3.3562876e-05
341249,0.0001420518
895083,0.02208458
768479,0.00027011015
448227,1.7660997e-07
578370,0.002713189
973760,0.22793978
466260,5.7239567e-06
523176,0.0028478173
297559,0.014715997
876436,0.015771935
304527,0.07479202
613012,0.00014016326
710662,0.0004025209
956575,0.015773246
981176,0.9999889
352046,3.2147372e-07
404147,1.3050492e-05
923761,0.40903544
311161,0.0009199485
750459,0.029422954
269050,2.735721e-05
183525,0.0018451456
958158,0.97203946
683262,0.87715626
416232,0.0004083254
907025,0.0055960086
641304,6.2019225e-08
775345,0.9919108
647967,0.00029602088
504186,2.6400696e-06
309434,0.006384508
446139,0.08461434
933492,1.747685e-12
454386,0.0041715177
322139,2.9410827e-05
135089,0.0009567938
997916,2.8988907e-06
576445,0.96992916
320657,2.7249885e-06
353887,8.556783e-05
658637,9.868945e-06
668769,0.024287779
784657,4.793608e-08
268645,2.4962102e-08
394649,0.98187006
320412,0.91810393
383958,5.4788875e-06
558095,0.006222256
929041,0.08780903
370537,0.8036185
235366,0.9574718
311546,0.04495534
989654,0.022713335
145970,9.0927606e-05
996706,0.3519079
288050,1.7899896e-09
107237,3.434329e-08
595018,4.845666e-06
439134,0.0
904342,0.00034125763
667606,0.000999146
106597,1.0861638e-05
621171,7.948287e-07
346267,0.00042449616
606106,2.456787e-13
109376,0.00023252738
873641,8.4512496e-05
577015,5.4629673e-08
812810,0.014494823
370319,0.0018698083
988993,1.5100142e-11
210566,2.6369332e-10
778963,6.8941053e-10
793636,0.012834716
285927,5.3810717e-16
138925,0.011440499
355981,0.20429206
879466,0.20729244
386286,0.00013526515
275878,0.007114169
372282,0.033607986
111859,0.0018697869
808743,1.0260678e-08
245790,0.0002141424
292568,0.003136441
150191,0.00013117232
430913,0.80521846
834277,6.378551e-05
691118,1.3902154e-06
628050,4.9330258e-05
738346,3.3738314e-07
940843,2.884619e-06
885810,5.480698e-07
739506,0.00018268441
225788,1.1949602e-05
190135,0.0046156994
951239,0.010366089
901967,0.0015794677
159039,0.00059449184
517426,0.089148246
254645,0.003512713
416802,2.6722573e-06
863788,0.0013501291
396943,0.010114635
790436,0.0020615533
434266,0.83652574
847722,8.706233e-16
143434,0.0019891304
634060,0.0021429146
739811,0.00010169643
891391,3.5145767e-06
918934,0.0051350957
602978,2.9131827e-06
295568,1.1743339e-09
247332,4.52422e-06
561489,0.0013307745
918000,0.053536925
499831,2.429114e-07
977854,0.00021564077
807205,0.0013660665
463137,5.4925345e-05
807979,0.9870674
418932,0.00010587467
887994,0.46312088
916809,0.00024687086
631198,8.774934e-07
382992,9.990487e-05
414864,3.434583e-13
368310,0.00014764602
734922,8.811029e-08
917029,7.23357e-08
312258,1.3583101e-09
357258,0.014913795
301446,0.864816
972648,0.0014690701
528534,1.6276167e-06
353440,7.0802105e-07
440247,0.008076769
684385,3.8323913e-11
592883,0.000102582155
306834,0.00019118488
942319,0.00087120326
288849,0.017782938
825364,0.83120227
980569,0.0025312405
521565,0.025372984
342168,0.6910337
226998,2.0369147e-07
741957,0.0016922203
760253,1.4794891e-05
674966,1.226589e-07
483296,0.013198136
141654,0.2868674
298388,1.0913313e-05
595242,8.633837e-08
259872,0.9979695
522233,0.28006637
505179,9.725898e-06
229887,2.7404418e-05
112130,0.00036928238
920115,2.586141e-05
981338,2.829392e-06
813991,1.2021499e-17
568667,4.0553267e-09
660902,0.00092772784
633943,0.0007873868
403438,0.12513846
369429,0.14141479
223224,1.8052522e-07
711942,0.0010980048
686817,9.2245625e-07
773226,0.14276122
354644,0.007420147
971579,0.00039801953
864676,0.07397614
774111,0.005678364
789065,0.065026805
895092,0.004034802
400152,0.034908634
833017,0.99999994
133012,3.741079e-05
488108,1.7780897e-06
234206,0.0020270708
680713,0.003450951
963344,1.8963568e-07
202126,1.3965867e-07
757579,0.04654753
553465,0.00012772238
412381,0.006565312
989603,0.99855804
734066,8.152589e-06
766616,2.1812696e-08
267806,5.8206634e-10
541971,7.0507704e-06
704197,0.0009961587
582997,5.5051303e-05
721619,0.0002610997
975741,3.551635e-08
721499,2.2422166e-06
177501,1.3862289e-09
389184,0.005608172
262765,0.00034601812
242638,0.00011745137
989619,1.3717236e-09
846419,0.00016963303
576966,0.29910138
213157,0.028163893
461207,3.6814835e-12
966281,0.68161714
925460,0.00034455053
899024,2.566641e-12
502726,0.095505774
616370,4.458941e-06
866502,2.8133045e-05
271676,0.0062006013
575318,2.9001816e-08
646250,1.7572887e-05
733424,0.006011127
319123,1.8177307e-05
460435,8.975693e-09
525594,0.054925986
712668,0.001012315
194983,0.0059954748
653642,1.9615247e-05
212770,0.90336025
212048,1.233955e-05
804767,1.8645504e-05
533269,5.635015e-12
468134,0.6116599
575044,7.742015e-06
220962,4.5251252e-07
889772,0.0007905576
338212,0.000326527
755561,0.0007153569
269506,0.21077597
242298,0.19459416
712273,2.5282305e-05
694709,0.01046211
582745,0.00025949947
330685,0.00038370694
341947,0.01408441
124769,7.5853796e-07
458043,0.0015894157
404996,0.001893252
680043,0.0040783957
591819,2.295806e-10
388547,0.000247359
977227,0.00019095569
291446,0.0002812811
360810,1.1550154e-07
623836,0.5470745
669536,1.2928225e-16
348170,0.79377306
102955,0.0007481984
395114,1.2385216e-06
517430,4.9409693e-10
551791,0.00074729987
448636,0.007239234
217254,0.0024309289
651138,0.00062432897
483821,5.840074e-07
774078,0.0029172394
108015,0.0008010956
216461,0.0044365632
829261,0.00062945706
529738,1.7919594e-05
281515,0.00037832907
874040,0.00015058953
277735,0.9162925
784588,0.0032951569
306036,0.0009600231
894383,0.013723423
628917,1.1998446e-07
441694,0.93842244
446581,0.00043444178
888283,0.0043857414
187352,1.4543706e-22
749707,1.7942164e-05
935244,0.05179235
692946,0.0064111035
206481,0.0018238722
430258,0.015734673
223901,6.275932e-05
863605,7.8879847e-10
755982,2.1633497e-08
883617,6.193651e-06
921433,0.0034946315
424544,0.12522744
820905,1.1724002e-09
775933,0.019950228
157517,7.1783325e-07
677721,0.0010661853
317025,0.014075606
251416,6.2791382e-06
314141,2.9087992e-06
672172,6.5185716e-18
836403,0.6896882
483669,3.2624517e-05
370054,0.00028711866
803954,0.1682408
324133,4.8666966e-06
236033,1.6290674e-05
275017,3.0925352e-05
903520,2.4299304e-06
311298,4.816361e-13
930468,0.0015110042
270426,0.002919322
255049,5.498095e-10
726942,0.00032555938
144477,0.030972643
412191,2.3845843e-14
605294,0.0021731723
761465,0.026842885
847374,0.001485595
266733,0.008962901
618964,0.0037086606
523952,0.41878113
206628,0.6197301
966187,0.00014608722
229627,3.3853766e-07
201089,6.490267e-08
325825,0.012424932
658836,0.005571383
819092,1.1087425e-05
210415,9.5097545e-05
961415,5.43166e-05
574598,8.656392e-05
729339,6.00998e-07
751402,0.016156608
434377,0.0047734007
383175,0.16547787
538362,0.0003435046
598814,0.015406553
955948,0.0014712359
909120,0.005997271
698544,0.012399155
969645,6.632923e-07
101410,4.481222e-10
744124,0.04982515
837685,0.037117947
872641,0.00030464295
218418,0.00020836013
775894,8.8537236e-05
530627,0.42166576
987830,0.0027000373
130496,0.035314333
960589,7.006125e-05
497945,0.30732387
172959,0.0022396327
174644,0.00060512655
991627,0.013240078
613413,0.0054912134
315968,0.0008523676
800300,0.00019317411
974104,0.015704563
313717,1.35701885e-05
468950,0.0066406154
461346,2.9105024e-10
955988,0.0009096373
689979,0.0055069206
651563,6.538268e-11
129665,0.034873556
249387,0.16382688
510271,1.4654162e-07
526505,1.5705407e-11
761846,0.22276478
504071,1.4032571e-06
805309,2.6305008e-08
887721,0.06843397
759272,0.00030905945
908587,0.029828338
362252,0.0019418048
100118,1.7368272e-10
125366,0.008513299
107066,0.9711261
690107,1.3720062e-09
716549,0.006136879
799048,1.2801618e-07
271441,2.6694774e-10
195745,0.9719191
582912,0.018859537
992192,0.03318624
989552,0.001696122
162055,3.9001756e-05
145334,0.00075388106
451716,1.8782391e-06
472970,1.49091775e-05
308561,8.907356e-09
335168,0.002229692
107490,0.00025431855
839190,0.028047109
372782,0.14932129
636560,0.00023386543
471559,0.03171821
954068,0.0019633754
120211,3.490909e-07
495119,0.9022308
328174,0.016781129
558010,0.0004989402
129518,0.19103679
998455,1.9830645e-06
577659,0.9656541
839053,0.047325138
303619,0.0007021407
298256,0.00565626
752486,0.00020913336
727568,1.2384698e-19
445190,3.3360026e-05
155887,8.9288585e-07
108686,6.54797e-06
986562,0.9999997
591210,4.542196e-06
739284,0.0071686576
291866,0.0011452411
588350,0.00015228795
581746,3.8115874e-10
696654,0.9970824
673161,0.0021143286
355222,0.0020796866
686056,7.83305e-06
897195,2.384602e-05
241971,2.4944127e-06
709646,3.2450066e-07
161486,0.0042032255
450941,0.024109717
784918,1.3351285e-09
675979,1.4506613e-10
671279,0.003950387
937919,1.6496759e-06
958254,0.5096508
548492,0.0034249066
977686,0.12686434
163886,0.007271922
252787,1.6460756e-06
127951,0.0026324175
641138,0.02801549
874698,0.01121018
578292,8.993651e-05
311873,0.011957205
431255,0.009035286
182227,0.14308797
817459,1.3429033e-08
341872,2.1785745e-06
781296,0.867026
941975,9.481296e-05
603913,5.1980303e-10
833951,2.9415023e-07
741399,0.07853832
777413,0.9808782
877206,0.0007340016
691546,9.962015e-05
285498,0.006321669
934026,0.041415982
247058,8.9879e-07
806536,2.345255e-07
607736,0.012415123
828688,1.6632723e-05
558017,0.0016718424
192645,3.0692743e-05
830962,6.169207e-07
377623,1.9176381e-08
572695,0.0050545405
256990,1.9896604e-05
570983,7.758358e-08
410355,0.041782804
828365,5.065957e-07
389167,3.2458178e-09
164859,3.4391537e-08
247940,7.1987015e-05
403991,6.141713e-11
260867,2.0431066e-06
551705,0.004036199
727365,1.5017838e-06
742828,0.8997776
799160,0.03598299
863214,1.1856398e-07
294005,5.2720512e-09
709402,6.34844e-07
661888,0.12494265
207243,0.00035288747
741553,3.484356e-05
263279,0.019485991
319108,0.0018649413
150996,0.99800926
464997,0.009582932
151388,0.0022675605
201490,0.0042113625
944130,0.14813562
515748,0.09457564
192954,0.10777492
532629,0.011142942
261127,0.035027254
631931,0.004248866
414244,1.1748755e-10
939026,0.00026838813
190711,2.0210055e-07
625537,3.1528425e-06
197125,2.6300591e-05
864161,5.280994e-06
325313,6.973624e-05
937114,0.0011237678
432206,1.1752321e-05
543828,0.021207971
807230,8.461771e-07
675244,1.8430759e-06
805468,0.1651495
945850,0.016205812
657253,9.8484945e-09
717850,0.00050950435
146746,7.222287e-10
872864,5.2284377e-10
640010,1.1050545e-09
687547,4.6543732e-08
870359,0.21407944
767167,0.0013898528
779068,0.18124418
206753,0.0033140222
648305,0.13432755
871510,0.0009591062
495872,0.030023698
503206,0.9211307
801773,1.0032861e-05
681658,4.5239008e-06
450156,2.6347273e-09
129398,1.0308367e-07
305795,0.013245114
567384,0.030124027
387523,0.98700565
710370,0.9850976
228717,0.106903195
684392,2.5115226e-06
538741,8.944257e-11
362453,0.18044834
818637,8.1753505e-08
295932,0.03298351
948731,0.000101868995
736898,0.0067576547
808623,4.2482566e-06
411568,0.009154735
299832,0.0039361045
252503,0.00012470425
726981,7.7321045e-07
648916,2.5429274e-05
578750,0.000282069
406968,0.22434443
474011,8.953246e-05
149615,9.1661534e-10
383544,1.6482263e-09
935081,4.439478e-06
795212,8.903216e-08
666755,0.008286965
403824,0.00014534153
148743,2.046699e-06
140649,8.707225e-17
808005,0.05596745
353063,0.015815793
865779,0.05228026
305642,2.2530946e-09
215804,1.0405361e-11
160677,1.1080648e-06
230775,0.011171134
436341,0.00015928877
850678,1.5217902e-08
485714,0.038034927
175129,0.015702374
653512,1.7591036e-07
531172,0.10937052
860193,0.007890674
701632,0.17705554
976883,0.0040990906
218667,0.0011057608
502707,0.00012096678
173502,0.091606915
164881,6.159019e-05
687442,0.0014366934
850220,0.000119517405
471566,0.00017050935
910451,0.015754173
314456,0.9594891
139654,0.0024102514
810459,0.002553129
974882,0.0043083215
275920,0.0003386246
697805,0.00024721262
975485,0.00062238297
595420,8.09531e-09
962646,0.0006904977
425020,0.0001703592
975581,0.00018917066
437211,0.24817398
489437,0.0005759444
957537,0.03318763
144975,0.048756275
652617,0.00057874445
438490,0.00029457602
766002,0.0077995686
758654,0.00040131973
391144,1.3119205e-07
949225,0.0003737317
559915,0.0001781821
443124,0.001503774
524447,1.3218948e-07
815606,0.00042373704
137337,1.0187385e-05
414905,3.1384406e-08
846290,0.0001656127
198849,0.031503942
491947,0.00014994231
615109,0.06888324
911305,0.0030928454
737003,0.0042514647
869453,0.21003775
348639,0.01866001
595076,0.0007666745
271370,0.0056003626
217692,0.66292727
836508,1.4287343e-05
215459,2.3370815e-06
906779,9.953241e-05
987920,6.2018046e-07
484376,0.13118681
969996,1.0760281e-05
931897,0.0027086767
116216,0.006564311
428729,5.2515684e-06
319135,0.040318813
563476,0.0040137423
104055,1.2374425e-06
385378,0.06070746
531492,0.67954457
651489,0.005093426
304193,1.6682577e-06
493179,0.0006313846
822149,0.053132918
881825,0.95982826
284860,2.8637708e-06
417199,0.026299356
167720,0.0714545
643015,2.7607155e-05
183425,0.97224116
247447,0.31811517
603921,0.17691681
395587,4.4603194e-06
719735,0.59686303
992873,0.0007857439
188934,0.00090061955
380264,0.13747881
164341,1.9637025e-11
180392,1.711213e-08
311492,0.00016422838
942880,0.8286212
216713,9.794692e-09
554440,1.754447e-05
777177,0.009874586
328483,0.035710916
746312,0.0028544408
431232,0.00051246793
445922,0.0004919769
698120,0.14260572
637528,0.21026172
386137,5.151039e-11
184575,0.008017665
116221,0.031955726
349259,0.025983922
941685,8.678477e-05
413807,3.364454e-06
831017,0.019380966
765582,9.920286e-09
344284,0.00018972503
700917,0.00023061047
572259,0.0053730244
619134,0.023957351
914688,1.0984216e-11
199784,0.0014660285
983392,0.08862213
256084,0.029139789
724743,0.00042687368
667063,0.00627428
780386,2.845333e-07
677659,0.037341885
175457,0.00035744658
877664,0.08425107
644189,0.0009945575
420476,4.2116526e-06
528700,0.0025411197
534416,0.013828501
351389,0.00038870441
121042,0.0011200863
395209,9.053621e-12
500878,0.058404792
783870,6.447952e-10
662822,0.51999176
153564,0.008522836
336142,6.120682e-05
589748,0.014299277
691917,0.7023848
430132,0.48218402
746359,0.298991
852383,9.567109e-12
771297,5.1283903e-05
762741,0.000558337
893315,0.0059191897
842003,6.4083333e-06
964690,0.0009758905
721942,0.03720503
506632,0.000273276
953755,0.9825721
705477,3.101744e-10
321102,0.0003118211
288384,0.056286603
707534,2.5163936e-07
965242,0.13980748
187915,0.04288938
694156,2.1718378e-07
194576,7.807053e-06
847605,4.631202e-14
124647,0.05218132
359081,0.05980536
882070,0.00022874342
961821,2.5138754e-11
987356,1.5170119e-07
959693,1.519495e-06
178005,0.010317579
914993,1.343738e-09
975266,2.8598079e-06
208347,0.0003701547
536791,4.228193e-06
313171,7.3776275e-05
118206,9.8649835e-08
895589,0.33582264
550425,3.960202e-05
712882,5.9123654e-08
908138,0.2794794
325144,0.0002201653
950177,0.011877759
451223,7.559365e-05
824729,0.8517277
777159,0.97198516
765549,3.0919338e-09
817314,0.088924445
342994,1.4521456e-05
939034,4.955263e-08
391873,5.0073668e-05
644602,8.9678646e-11
468002,0.0022574165
668597,0.008716236
326114,0.8412484
249362,0.15142696
533312,0.00051480223
834646,3.789749e-05
957603,0.007191238
895891,0.005727417
618688,0.12517802
727665,7.353908e-05
796314,0.9616407
155575,0.045734428
275903,0.0017558726
656073,0.0057260487
319901,0.0010930456
869239,1.6005702e-11
814210,9.585041e-07
237576,2.6001357e-05
628765,5.0017156e-06
837266,0.0002808213
164752,2.0724652e-07
339046,0.0076026204
495630,0.040721048
758878,0.13506304
114088,0.3227274
183342,0.0009130273
471552,0.005784421
138992,0.081130065
418199,0.02669739
376207,3.454984e-09
904001,0.21435992
608444,0.30998698
885033,0.028259262
219544,0.00038985463
512851,0.0011331376
936552,0.048943557
109316,5.121284e-06
919504,0.20969401
365113,0.00041086122
728085,0.12268722
140038,0.00014336029
606632,0.031261276
878765,0.015758684
360015,0.1344786
947406,0.035917886
871174,2.9812868e-13
635383,0.00080656883
642602,1.3467412e-05
999999,0.016034909
241153,0.00093153695
953006,0.9788048
900021,0.0035571184
613159,0.0006930927
352540,0.8596434
837246,6.8105046e-06
500693,8.5582806e-17
170093,0.013215096
690815,3.2360547e-06
353018,0.000897684
395073,1.4540673e-08
781146,0.0022665488
480605,0.026985163
175787,0.00592162
781974,4.3364392e-13
689192,0.1318116
426627,5.7689158e-05
515653,0.00027534657
463693,0.00158645
763068,0.00018980517
902604,3.3772575e-11
550008,1.9594756e-06
783988,0.011876416
963646,1.1903404e-07
948823,0.0003417991
243559,6.252365e-08
171106,0.010032904
895326,0.0020958995
744144,2.0290087e-09
557487,2.5474368e-05
996961,0.00074354204
820531,0.00010540765
613724,8.3654294e-30
989710,7.088124e-05
902061,0.7701829
712800,0.0007246359
867702,0.48303837
946085,0.0014023167
537340,0.010671685
759160,0.0066576535
671737,0.00019434077
678733,0.017881935
206240,2.3839034e-13
173770,0.002103533
954924,0.14884178
473690,0.12624817
921519,0.010014304
194266,0.0036417593
559229,0.003264396
378917,1.7869429e-06
863562,0.14287141
764339,0.9596663
908333,2.0932837e-14
699705,4.065246e-05
762951,0.0015250593
365872,0.8972915
475656,0.82892954
400910,0.0058353734
826781,0.008606673
328980,0.08865322
385937,2.2731492e-09
199194,0.10948247
147537,0.0003352677
175283,0.9771908
541790,2.5572263e-06
807437,2.4020485e-11
926686,0.078626536
520789,4.210507e-09
964348,2.5502018e-07
542399,1.7077774e-07
199922,0.6430016
971000,0.0032995653
562656,0.0004420935
192009,0.0012261583
224462,2.3429392e-11
743789,1.4007116e-05
915554,5.6051686e-06
425141,0.10552567
293488,0.014293813
610164,4.966224e-06
331968,4.1143625e-08
110346,0.0008256188
522857,0.000118002215
800859,6.5218132e-06
849930,1.2248641e-06
479886,8.931996e-05
234243,0.0006968902
929737,3.367859e-05
444219,8.023034e-05
857916,0.00041370158
398225,3.415111e-05
283333,0.0009119953
878738,0.18496343
782930,3.9503303e-07
287479,2.381678e-08
588052,0.023026189
716879,0.4380292
329571,6.5564165e-10
481745,0.00013157392
777236,0.24595556
897605,4.967248e-10
276365,6.6128523e-06
400999,7.754981e-09
595022,2.3579296e-05
680068,6.600914e-09
604759,3.9074086e-05
428918,0.012656306
901886,0.36480477
999246,0.00014912686
477097,0.028544428
217858,1.6038175e-05
696867,0.004293933
269639,0.09584166
553121,2.0569056e-05
870673,1.0666729e-06
517788,0.029952716
547325,0.0036816315
505815,0.024043005
215551,1.5945567e-06
625868,0.0008295125
481631,0.0012267715
789763,0.006415406
154605,0.038133442
812316,0.4444748
598327,0.0013380884
587186,0.031943846
841145,0.0127198985
832984,0.035037298
389108,0.47391868
146920,0.0005194672
694037,0.84107405
292779,3.3569242e-07
385275,0.00032674777
844779,2.737947e-05
187846,0.06898566
607907,0.0046639293
599961,0.012477014
394223,0.00028553372
117657,1.3531949e-05
222190,0.00031124873
273100,0.0001673544
735103,4.710505e-05
771838,3.5206572e-08
892190,0.5202439
654700,6.913218e-05
232293,0.00012240688
501972,0.0046192002
917147,1.7298927e-06
347503,0.000103254126
467263,5.700045e-09
256349,0.0057906774
274611,0.0004098846
897676,0.00019356703
169013,5.629416e-09
146490,0.0032318821
209594,5.2007217e-06
932317,1.5257214e-09
713335,7.3402896e-07
527625,0.00016685775
203677,2.2702913e-07
810911,0.049994323
682675,0.23549311
356150,1.9420965e-09
212222,1.4243484e-05
884686,1.5491776e-05
849748,0.0051450147
645051,0.9637633
822284,6.974245e-07
270161,0.0024404807
369144,0.2065375
987669,8.461701e-05
563572,0.00073411065
431914,7.683072e-06
672468,0.68236685
156861,1.9689737e-09
392408,0.018678188
140223,0.0014771818
577451,0.04292741
822645,1.730188e-06
706199,4.4324504e-05
130617,0.95461583
497268,0.00070256065
171611,0.10765721
267138,5.563331e-06
192877,6.649878e-05
944871,1.0271428e-08
790816,3.3257388e-09
224060,3.0957765e-06
482097,0.0012970875
118991,0.086276814
839835,1.2253454e-05
603964,0.00043989447
105210,0.0009720753
250544,0.0055894163
973513,1.8135073e-05
972821,0.0017864837
743130,0.24504872
260011,0.00050621765
494542,3.6110157e-11
598143,2.029177e-05
701987,1.27267015e-08
866255,0.042174898
113875,0.029716747
409547,3.2036685e-06
314347,0.00039335355
300289,5.0792915e-15
474975,0.15919316
956399,4.4685472e-10
645447,0.00016225285
342841,0.004321929
876922,2.5376445e-07
300876,5.196308e-13
499686,0.0023272196
191191,2.8896846e-12
880140,0.186404
158707,0.74392414
354381,2.7104693e-07
385321,1.8819926e-09
772456,0.011959685
411743,0.0052025747
355807,0.00023027476
806843,0.7149172
517209,3.9685153e-07
413011,5.839176e-18
294451,6.172847e-06
492454,0.00010390314
683194,0.5262606
400694,0.0001871616
863906,0.02483478
575298,7.4252406e-05
488914,1.6815376e-06
849314,0.01124057
572323,7.5858457e-06
724030,0.00039803243
314492,0.3797003
791468,0.0016492472
133982,0.01511553
168736,0.012378495
675445,0.05379027
859408,0.080415405
973595,2.7742599e-05
417593,1.635345e-11
582290,0.99237025
420266,0.022762183
154439,1.35968485e-05
867951,0.0011082909
289659,1.9725307e-05
630158,0.012596578
501101,0.010264504
864891,0.15337287
107926,1.262671e-10
375306,0.1638911
826500,0.026963105
507494,5.101956e-10
538780,2.7165143e-07
996766,0.79458255
449450,0.2833445
694423,2.761674e-05
972049,0.0023223115
433408,0.00030515977
658374,7.688034e-06
211912,0.00026049447
652053,0.00091957254
229294,0.0697594
181798,4.3546472e-10
862280,2.9946932e-05
835351,0.001723667
844534,4.9910327e-06
190122,8.789719e-10
295709,1.2586697e-06
395192,4.70395e-12
445598,0.0010562039
691781,2.4811809e-05
728468,0.14882392
252223,0.0006578628
493453,6.839351e-05
920942,0.25423628
217715,0.00013441642
762352,0.00015077487
294070,0.0011939495
344471,0.026433323
641544,0.95697546
537131,0.006276079
751824,0.02447502
549860,1.9607134e-07
913940,9.125996e-05
849048,0.025281005
319276,0.0008769182
124339,0.000804614
392135,2.5955893e-05
875914,5.1628604e-07
290261,0.007830186
820304,4.5439495e-07
615601,0.6198566
611317,3.303148e-06
335764,6.752396e-05
316394,0.033293195
595015,2.6120226e-05
760388,0.0009004501
758240,1.0220108e-06
231959,2.8261607e-05
585221,0.000115644
989389,0.0009910526
230958,0.004175283
494736,0.043046802
332925,0.000843833
210386,1.3719376e-05
775340,2.9594817e-08
443991,0.16411608
195463,0.0001313553
776560,0.006407715
474156,0.007948124
342186,2.8797407e-05
543536,0.008407187
526520,9.105689e-05
590201,4.0895948e-06
841140,0.00012492182
305764,0.00014929332
670881,0.00016406467
287841,0.0018329036
671676,5.448967e-06
254618,0.0008619319
211956,0.0070269806
395410,0.08074779
161801,0.9997462
193055,0.0013435897
290101,1.250306e-06
588649,0.0031686
333404,6.2490224e-05
169912,0.0026908899
638948,0.025391577
365467,0.09460478
476567,0.0115764355
390881,1.3432023e-05
333950,1.0351714e-11
856790,0.06201333
146892,1.6743977e-07
418045,0.00037125256
118407,0.000121340396
179164,0.00025320728
634819,0.00026756545
630352,0.03900289
193820,0.00059579336
554683,0.029423553
669717,0.005264837
765032,0.00012503943
955038,0.0063774786
480320,0.2524293
161540,4.6796737e-05
542498,0.113699004
780324,0.4183979
752100,3.7285022e-06
252750,0.0013373458
716456,5.1051384e-06
323780,0.0013273504
783392,0.031725187
673084,0.08860719
671993,0.017469684
299894,2.1965534e-06
339611,0.99973756
395095,6.7350996e-09
909766,0.008172733
306178,0.00787834
859222,0.7752888
749495,0.06309852
451277,1.5113847e-05
160736,0.00061725656
502630,2.6548333e-18
428800,0.00039434436
747692,0.07249129
630024,0.026624728
291188,0.04085267
169271,0.0032142499
221328,5.231212e-25
293342,0.056509838
720493,0.017629938
885247,0.9096305
410176,9.5343516e-05
229549,9.839183e-06
160141,8.123531e-05
232469,0.0036327958
615233,1.3708473e-09
198489,0.28964695
961517,0.00020407312
839266,0.0126843965
268360,0.0011695224
900539,0.09517779
307968,0.022478323
101787,0.00018354588
151322,1.8192686e-07
499348,0.004679108
445363,0.00039783248
209979,0.9540168
340369,0.00806637
415299,0.001488464
107665,0.0003168759
653958,4.5024542e-05
414169,1.9428907e-07
380800,1.8700857e-07
560287,0.007370485
530314,1.6793581e-06
563057,7.963986e-06
734460,0.0026469778
772973,2.455427e-05
487066,0.06816462
480653,0.007814217
307123,0.1504256
593972,0.39739648
842389,0.6687189
972410,1.730569e-08
587104,0.039009754
868046,5.0388296e-12
864536,6.9764142e-12
649926,3.1869747e-09
758156,0.008289876
233807,0.008623786
801363,8.039832e-06
389129,0.7283524
226952,0.32277873
445414,0.0059051774
361875,0.60795426
671318,0.00033177363
748643,0.13777183
513720,0.00046725993
364929,2.554894e-05
204799,0.081345685
417336,3.4057322e-07
699325,4.1662115e-06
707803,7.8046774e-05
730653,1.8745732e-09
377452,0.08806226
771714,0.016659833
258118,0.9631206
516289,2.3321089e-08
133238,1.0761415e-06
985480,0.00016375115
422128,0.0005979403
722669,0.00086289464
594784,8.87974e-09
435226,2.2194692e-05
414736,9.935169e-07
784159,0.27493536
470586,1.0514131e-05
129603,0.34176192
842629,0.0035805677
793077,0.0017465332
151763,0.0029104734
655686,0.80264044
635350,0.03116318
515676,0.01867883
107525,0.0010413656
544845,6.226004e-24
996343,0.057017796
988693,1.3110794e-06
211921,0.08319466
705427,0.004147929
788565,0.047720548
622294,0.003264247
838148,0.014934482
295522,4.476213e-06
697432,5.7712626e-09
697553,0.02054659
866288,0.0021763511
690989,5.602778e-12
521696,3.8933575e-08
155085,0.02769149
376827,0.0001413136
749194,9.149671e-05
445481,0.00029633654
676202,0.000115235816
623345,4.640569e-09
802108,4.469703e-07
104734,1.0181608e-07
331485,0.007846678
690868,0.01192612
372160,0.0046172533
379143,2.3413085e-07
204131,3.787798e-12
605097,0.0011288335
281961,9.981918e-12
461019,6.233919e-16
367922,4.0964056e-05
363731,0.009409193
368527,3.1924116e-18
854344,0.067722306
838031,0.12119513
802280,9.144351e-05
871754,0.31334567
809363,0.00023759835
304062,0.00018505135
459193,0.005081105
460534,0.00022579794
426243,0.004875584
387757,1.590953e-05
721965,0.0008029186
523386,0.004568494
567799,0.021808473
526575,4.6722157e-08
124439,5.3416723e-08
430294,0.00012375611
833732,0.00042967862
366103,0.002485876
403667,7.5149496e-06
130387,5.5273418e-08
603503,5.1934558e-06
702714,0.0005720703
161138,3.812724e-05
116946,0.012963617
835954,0.0007230166
721505,0.027954647
682923,2.945437e-08
505845,0.0137017025
809043,0.0010101319
424837,0.055509437
167612,0.00051254703
727108,6.9973953e-06
370321,0.009533358
938440,6.721238e-05
515312,0.0034638909
456936,7.9869415e-06
347501,0.004215548
914317,0.89539635
916839,2.5052083e-10
698829,1.8590676e-08
463974,2.4106474e-05
260321,0.0016518859
125820,4.4755723e-08
173440,8.757279e-06
256771,0.019225499
276119,0.0001092393
311725,0.0066761207
757343,1.3533836e-09
782417,0.0060097994
115665,0.7971207
842190,0.23049283
273694,0.016941646
493002,0.99903226
680841,1.2009213e-10
577391,0.05820883
366534,4.8237007e-07
997343,0.010113166
581913,3.3132341e-09
813788,0.005068752
156136,6.9476766e-05
891882,0.00810385
400598,4.108652e-06
262219,4.898051e-06
989207,0.0498418
729844,0.0007795603
769452,2.017023e-06
634982,1.2112869e-06
419714,3.4368175e-06
523613,0.21375291
451604,3.0292546e-11
398057,0.6454911
908844,2.6810012e-16
154662,2.7252376e-08
762129,0.00054701034
781169,0.21450578
979866,2.3899387e-05
838608,0.10355757
864622,8.02752e-05
590341,0.0007519675
164820,1.9964716e-07
348394,0.088064134
257363,0.013771458
391431,1.5868003e-06
699573,6.1349166e-09
586620,4.005394e-15
243014,0.016990947
283795,0.00027641022
337829,4.1433904e-07
336710,0.06714379
739133,0.00794747
644108,0.51955855
752954,4.8012008e-09
580477,0.08021408
194320,0.059310038
609709,0.0010274921
593077,0.21804953
626226,6.2726863e-06
548286,0.088187695
677436,2.0151726e-11
850197,0.9604235
343809,0.0004345878
738447,0.004653197
143469,0.004926189
181920,0.00027442037
872315,7.171161e-08
526079,0.01779386
693717,0.0010310654
676251,6.685873e-05
730551,0.0016019059
290288,5.7642086e-05
932230,0.0031969151
915757,0.0025028156
588331,8.4549146e-07
259141,0.0007031665
844384,5.379835e-07
216587,0.015969167
615710,0.026769243
699655,0.9200569
629043,4.805784e-08
441863,1.2450677e-05
559200,0.017860776
717995,0.00082792126
755883,0.00022977997
245610,8.982972e-09
158516,4.847718e-06
302247,8.612258e-08
677488,0.00079353584
695318,0.036586042
321083,0.00013898993
151921,0.00030110253
640250,0.000107823624
378452,0.03586027
951002,0.0002663232
240142,1.3042386e-07
628439,0.0075157117
699200,3.1256146e-05
316276,8.9915096e-07
345701,0.0038055175
610243,0.00025481952
652667,7.1762627e-09
576293,0.0014176443
935034,0.37463847
539483,2.8471048e-08
498220,1.40487355e-05
725630,3.957725e-05
890010,9.111182e-06
315474,0.02085706
810000,7.424271e-05
644248,0.26461056
945529,0.16744535
997170,1.9349393e-08
285378,0.0006529974
869440,0.0014713866
375908,0.40633047
441537,0.98957783
935210,3.2457548e-10
925631,5.7247757e-06
712911,3.4261376e-08
252009,0.001263418
815111,0.036067437
441950,0.7949629
458951,0.001837653
478108,0.07468749
463345,0.0009768067
830317,0.0034693466
376235,0.009074307
816262,0.00044191774
126709,4.1883297e-05
984259,0.006270559
151342,3.0825e-05
321855,8.956165e-06
681940,1.7239311e-06
472939,1.1891759e-05
980259,0.00019077916
156599,2.0525792e-07
130279,0.9933091
397381,4.2925414e-05
688900,0.3488753
956283,2.5357396e-05
851855,2.2850667e-26
757672,1.2327739e-07
615885,0.17424075
281502,9.708523e-08
425499,0.00048925565
163868,0.0001963082
726074,6.954379e-05
216991,0.0116326865
173203,3.9195174e-07
173988,1.0359333e-05
209121,0.4188127
205742,3.8607564e-10
691911,1.6479122e-07
862884,0.00014721726
734613,9.034266e-05
578811,0.031653196
198857,0.0024501826
639451,6.548893e-05
603419,0.043672923
644779,0.014908367
559178,1.9684904e-08
492148,0.00017556235
620779,0.5667094
573605,3.1917863e-13
717645,3.104041e-07
483597,0.0032496494
430957,5.545459e-06
777793,2.5922264e-10
980482,0.3252344
361591,1.0939656e-05
282280,0.008843028
474222,4.150018e-08
231162,0.94618326
257690,0.0031889991
110979,0.011028024
945453,1.5000361e-07
846345,1.5010942e-12
763480,0.0013782567
416176,0.010262572
642143,1.103263e-05
533427,0.04177749
311600,0.00872641
751371,0.1730951
635575,0.00097380864
915506,0.009229999
590412,7.2678534e-07
583569,6.1239402e-06
654617,1.6858115e-08
564472,0.00045252437
404213,0.07755448
369611,0.027559072
751220,9.349299e-05
205784,0.00062825513
178734,8.8243945e-09
818388,1.22205665e-05
342715,0.0001658932
866910,0.003485949
191401,2.1976648e-08
344240,0.009734284
509232,0.0002184744
870582,0.010770693
435790,0.0012935511
749725,0.08163297
314444,0.37101892
700886,0.06692773
673184,0.00047117553
271890,0.0011295493
353998,4.1290737e-06
578334,0.03656584
826372,0.0006287065
116810,1.2045973e-06
600316,0.023198878
234157,0.011027592
438882,4.6488236e-07
588953,0.0034923872
199036,1.8381369e-09
495527,1.3354852e-06
281799,2.143285e-09
242837,0.025987055
415454,0.0013713887
411853,0.32229683
553235,8.967359e-09
131720,1.5996897e-09
785873,1.4683902e-05
464900,0.8687203
714638,0.17740588
544679,1.8217323e-05
118925,0.9882174
338784,0.017164541
311184,0.009276376
593781,0.00013701791
895971,0.45733678
901694,1.5492296e-07
232238,0.5104029
101882,0.00024640476
605514,1.1862363e-06
709844,0.0019451225
477157,7.6617296e-05
647383,0.011638917
732059,0.0002821266
422356,3.9113846e-07
452604,0.00046505078
644503,9.222991e-05
381342,6.1951637e-06
543883,4.4519333e-05
361162,0.9782247
416531,0.00013024575
215643,0.35842186
460744,0.055077903
633892,0.0032099306
726002,0.016577367
589396,2.2214652e-10
645082,0.00080440205
333669,1.2015477e-06
192491,0.0045735426
982389,0.0017692357
465914,0.0060751867
330303,0.0040020873
318900,0.00012938828
892383,0.11027327
844167,0.3579708
524977,0.11479555
950130,0.0074739708
404830,2.5406387e-14
184041,6.093102e-07
881612,0.017967958
681232,2.3903785e-06
230654,0.0030616743
212382,2.2781895e-05
528807,0.017079143
157245,0.0007982365
962297,0.011832559
488490,0.0008321848
618281,0.102039844
595106,0.013733319
589380,2.750117e-06
500630,6.3887032e-06
281003,0.041988146
724014,0.00041860627
656612,0.08820399
560612,6.4674504e-07
156183,1.1245658e-05
151802,0.02002071
656432,8.659857e-09
165154,0.0016274783
220603,0.16363297
610723,1.7992234e-05
329601,3.0665348e-07
592521,1.5711006e-05
912795,0.0023334546
531089,0.39638114
528232,4.5996323e-05
803561,2.3973893e-05
148108,6.0875187e-05
615616,0.0020516708
263048,4.3034198e-11
589038,0.0006842007
564475,0.100200005
714528,1.3019804e-13
463629,3.179289e-06
237181,0.9537972
317729,0.0032407946
961780,3.1517597e-05
796081,0.00096999365
709778,0.0143177435
585096,0.15944298
333598,0.8082476
378062,0.005449546
973655,0.0003606291
586671,0.08659731
777907,2.252737e-10
656308,0.0005553388
697767,2.8530162e-10
946253,4.4418666e-06
424636,0.00045027563
315298,0.00026820422
685871,0.0084045725
320251,0.01348607
364676,0.00021181667
233518,5.022676e-06
374632,0.9860785
235558,0.03175291
515112,0.003432064
630671,3.655107e-06
838315,0.012050474
167305,6.734974e-08
612886,7.0789763e-10
378027,8.578617e-06
673418,0.0024144712
277981,0.018216304
213650,5.97708e-07
854495,2.0253992e-05
402434,0.00057804404
957261,0.5736037
304080,0.05218677
765642,4.825619e-05
765278,3.0167184e-05
812181,6.185681e-11
436525,0.0013324155
671147,0.5675931
419114,3.2200318e-05
689700,4.1675477e-05
219705,0.0652329
325573,0.07306833
638084,0.033877898
717884,0.3097923
928094,4.434615e-08
837832,0.00010035383
591338,0.0040066834
744551,1.4338608e-15
695289,0.02889518
748661,1.026436e-07
841333,0.00021695117
232642,0.57568264
632412,0.0005111039
471491,3.4648199e-06
869246,1.9327432e-07
940456,1.0315349e-11
286515,0.008230845
634682,0.9999396
789080,1.4197632e-05
871861,0.00076674717
938832,2.6150738e-07
588445,0.009191652
568621,0.003854884
222701,0.002250457
416865,0.0008012108
854775,0.00012187996
502908,0.00022215502
901085,0.9683294
358466,0.0134593565
650292,0.14931716
295811,0.010223148
949992,0.0036312065
558390,0.02305563
505944,0.0015864981
211725,0.04221053
698021,0.02499409
179977,0.0042423503
364922,1.9884351e-14
845659,6.7943876e-13
562187,0.04607377
445589,2.9669798e-07
974439,0.00046131178
303715,0.00073809124
183445,0.66374606
482299,0.036426198
584360,0.020228734
489669,6.864906e-05
221648,0.009139409
293096,0.16583928
928099,7.3718824e-05
963869,0.0020838769
616524,0.002615556
603900,0.0013752012
368716,2.6369404e-16
394458,0.5317569
468314,0.027276346
747439,9.552308e-07
424426,0.00011250208
695722,0.17476259
833826,7.023469e-06
235356,0.0014217335
640509,0.005291052
861915,1.9890711e-08
323222,0.40736717
129649,0.00024647667
467549,0.9428833
520970,0.0001009538
600021,0.07908203
662538,9.366627e-06
108872,4.1798387e-05
365179,0.02286605
372511,2.9341576e-05
150982,0.7171148
984058,0.09784491
643864,0.0008826639
124153,0.0025110722
917812,0.00471368
545477,4.8568622e-06
570797,0.7709007
794112,2.069802e-05
986258,1.9219981e-09
783962,5.974771e-12
573620,3.588478e-06
571479,0.99974513
404716,0.006526458
282332,0.03414109
813313,1.2037817e-09
421405,4.045783e-06
813806,0.077191025
160597,0.18619522
108644,0.0022555913
135514,0.00076502695
884190,0.00015083498
131012,0.55262643
946322,0.99916124
161213,0.79000247
870144,0.028707797
758076,0.8996154
451157,0.005435567
992015,2.9284677e-09
460169,0.007849788
531771,0.002986369
986750,0.0017744326
682912,1.6642941e-08
831774,5.8677542e-05
901329,0.011472729
952363,0.07924068
132289,0.00072183553
851932,8.05893e-06
715764,0.010487064
257481,0.03955187
209079,0.0015797002
341010,0.39388746
282961,0.9887294
103670,0.011180614
943527,0.14528926
453594,5.380147e-09
178345,0.14270756
165821,0.0014087135
833261,1.0481953e-22
129664,1.0003605e-05
479673,3.7537804e-05
144646,3.7615348e-05
163017,0.0006728965
409703,0.029206509
694345,0.15856183
777597,0.002240059
619908,7.307769e-05
561280,0.0029327453
394743,0.021115087
227596,3.3403066e-05
426367,0.9953921
407939,0.004964412
444051,0.0001621551
169828,0.0015635503
713666,8.311996e-09
193612,0.5221472
735316,0.006526279
479306,0.04475078
360219,0.0012146317
114042,0.026741056
615205,0.0010558431
556370,0.00029551104
340036,0.00230836
142904,0.0019110916
880416,1.4631806e-07
530487,7.704084e-10
939178,0.35314238
907631,0.9232955
960259,7.419197e-05
325566,7.450051e-05
559438,2.6288418e-11
810570,0.00027692775
264630,0.0016073739
621123,0.1903344
251228,0.038487867
262497,0.021514535
417774,0.00049421657
793689,0.0185274
957379,6.752698e-08
993912,0.00023100463
485770,0.00069339294
245771,4.2306277e-05
781698,0.0013986276
102116,1.0386775e-06
740045,0.012696607
888702,5.9928487e-05
206089,2.875802e-06
693372,1.624109e-10
320792,0.0007669488
859143,0.052950315
676725,2.3726834e-06
355519,0.004321334
664979,6.8337577e-06
463507,0.006410672
761502,0.9914218
804754,0.02010653
281913,0.00062115275
595293,0.018395653
348408,0.000559228
415658,0.035559483
496299,0.013412936
543393,2.5098599e-23
583790,0.46790034
512102,0.038313825
668238,6.8356687e-10
824808,8.756925e-09
740871,0.9102454
766754,4.604372e-11
268560,5.095573e-05
998500,7.852246e-05
845489,1.0186061e-06
912377,0.0004419148
649954,1.511184e-11
257226,7.93978e-06
372766,1.2391034e-07
816442,0.0005617515
764466,0.00023673863
151138,0.057972856
809062,2.006324e-08
605057,4.972713e-07
130873,0.14660293
109760,2.3607265e-05
980490,0.0011019806
708182,0.006147346
218517,3.4558751e-12
272133,0.00012767357
556797,0.005444579
837479,0.00089863734
775395,0.0230517
172217,0.0057908674
118852,6.511024e-07
559234,0.00981535
100410,0.0036949904
790504,0.00026516302
279084,1.2182344e-06
705377,0.00091635913
554931,9.348743e-06
283157,0.98937154
807897,9.392923e-10
864881,0.019305686
571941,0.00082952593
314026,0.0016190128
595727,0.0062321983
894030,0.0002501474
124791,1.3701186e-08
634764,3.8646696e-05
436692,5.5277026e-11
855167,0.032554552
163673,0.00097372883
471639,0.0004588274
482406,0.0023956716
604457,0.0042339023
591660,0.009674497
528729,0.3962451
741104,2.0618388e-06
712719,0.005936948
851830,0.015685653
262029,0.0064668343
680447,0.00023483338
759243,1.7085316e-07
109855,0.00041460452
205246,7.080756e-06
794298,0.011715359
897290,1.9894176e-05
843404,0.0052703586
460765,0.0001576359
715160,0.0016761458
432831,5.6494056e-05
823357,0.009677416
860543,4.521666e-08
353964,5.7484995e-09
919495,9.624809e-06
308540,8.462937e-06
460424,0.051205616
474624,0.0048536365
164477,0.5158875
682611,2.2516483e-08
245633,6.4783315e-05
270055,0.0007526335
600057,0.0003300829
564628,1.1484913e-05
688446,4.592624e-05
979164,9.6029675e-05
269768,1.0601337e-06
885915,2.489609e-13
540191,4.739876e-08
769273,1.0020887e-06
343730,0.0004950381
774207,8.3598425e-05
368229,6.2771924e-06
613536,0.15340848
118517,3.7370613e-09
197871,0.018902767
708130,0.0039936737
714889,0.004676952
228533,0.21328454
669993,0.000521819
951537,0.9768718
654313,1.808285e-05
899396,0.028013142
284837,0.013838897
736252,1.8744566e-07
380469,0.0025102098
804671,0.0003488613
675973,3.2606945e-11
768931,0.0003525472
538198,0.039316926
196505,5.0132805e-09
969077,0.14018227
337696,0.056665797
687901,0.015106844
938803,3.923743e-12
202011,7.141125e-05
200167,0.0002980056
804521,2.8196897e-07
159436,1.0168757e-08
985848,3.435769e-05
399234,0.008430594
409765,7.8865077e-07
976563,0.11973606
853412,0.046605665
957348,0.0013284001
215429,3.4553426e-07
782159,9.4486495e-07
680892,0.0019291257
610716,1.1638967e-07
667090,0.0003251109
163057,0.29465616
798173,4.015768e-05
421125,5.893534e-05
419236,0.9970146
701349,0.03023667
166381,0.4475519
755203,1.0197661e-07
825321,0.0021609373
917055,0.055942133
921914,0.6008142
509673,0.0030350033
391539,7.11652e-06
730428,2.991487e-10
321240,0.02320527
399465,0.0005051745
745661,9.473887e-07
309050,0.00012211008
280377,2.4389111e-08
335842,0.00031410813
576326,0.0020100886
106475,4.9336093e-05
733188,0.0005472729
166736,0.0009710602
274866,0.0005944205
360616,0.039676353
501435,0.0023060113
912538,0.046372116
350129,1.5063342e-05
962846,6.5134795e-05
706599,0.06000471
961578,0.18293399
757905,0.004492622
519391,0.00018951549
570055,5.5898035e-05
323028,0.05096971
986317,0.00034693725
594237,0.00018320547
280839,0.00016594607
420932,2.6487119e-06
138148,4.9247024e-06
618009,0.0022265266
583375,0.00043718016
297552,6.3040714e-12
192021,7.666352e-07
774558,0.023708139
255684,1.7439379e-05
833203,0.01224251
968342,0.04921665
560916,0.00032042994
538402,7.2003274e-07
897346,0.0017708644
216141,1.0290684e-08
909107,0.22911936
676143,0.0038748998
807091,0.014321527
338579,0.00077117677
197773,0.19291726
631239,0.0019329895
995416,0.0011590597
459288,0.009955059
980924,0.016341463
683996,3.0004212e-06
581507,0.11334582
911493,0.00085983815
326348,0.00431221
987000,4.1520075e-06
895502,5.6188092e-08
801919,0.026643911
417785,0.001350641
388074,2.886455e-05
928312,9.471409e-05
323008,0.0017617934
544288,0.18261746
551426,0.00076944655
722646,0.42063838
975207,0.028188862
346853,5.556555e-05
199201,2.1321861e-05
324976,0.0005058342
952088,0.012472003
950276,9.946919e-10
607838,3.7390707e-06
598709,1.5332077e-12
680727,0.028723106
753596,0.47418836
640005,0.0003562562
155416,0.0034406877
336971,0.09942848
907327,4.602717e-13
754349,0.02308106
345165,0.7039882
222129,0.00020166935
712428,5.4528694e-08
123337,0.00019959584
973699,1.9718964e-06
341441,0.01047812
827527,0.00081320154
587368,0.000211424
669241,0.027371949
690351,0.015572174
510160,0.0088609215
319735,4.3112922e-07
622636,0.99865264
429895,0.1087659
342149,3.226905e-06
636065,3.970897e-08
356522,0.0010204619
712811,0.00018926809
271219,0.3934305
391308,3.0247613e-06
933793,0.00014621277
260626,0.001496461
312037,3.3228443e-06
526934,0.9085029
294351,0.0005242159
377624,0.024579642
663608,0.58700883
347045,0.00546009
197890,0.00023462254
893155,5.2770345e-05
198215,9.46506e-06
801783,0.0014072607
474482,0.0010889372
204708,0.00021551724
385522,5.759939e-05
661891,0.00020784324
545703,9.93368e-05
366036,2.0039684e-07
256469,0.16126692
480648,0.0001232704
887379,0.009653366
978488,0.9166818
607965,0.01307669
608833,0.018300788
539825,2.6019761e-05
226922,0.0056007765
806887,0.00020295929
841016,0.0014266403
854578,0.0015711787
688840,0.0002622793
113018,0.0005647837
564807,3.8326235e-08
398009,2.8022218e-06
538287,1.143066e-05
106549,3.1901084e-08
459353,2.3228162e-09
898518,9.8437304e-05
389393,6.9787435e-12
584359,0.00261795
674140,0.00039509466
780952,1.5822897e-13
268618,7.867502e-11
349334,0.24092992
949167,0.0003628484
682004,2.4709336e-12
950225,1.7625434e-05
395270,3.0494614e-06
859439,0.04577103
270498,1.1783303e-12
890149,0.005550722
686024,0.34115666
935097,3.9613005e-06
842316,4.067708e-05
881151,8.6397916e-14
341867,0.024128195
140448,2.2979468e-07
473060,0.0074651367
493389,1.9010027e-08
908127,1.5135152e-05
844670,0.000118310694
427652,2.3435715e-07
496792,0.0025432731
490434,0.00027012738
326992,6.772013e-07
613314,6.8736404e-06
432107,0.00032842834
594651,0.011663523
968008,0.36798963
998282,8.5875516e-05
400515,0.77320725
361266,0.024805322
728176,0.00011600217
687139,3.0335374e-05
265358,0.0058932253
654681,5.9275525e-08
878940,0.0030640957
752210,9.326816e-05
463681,0.0033503212
583958,0.22418462
548398,0.0036682333
392175,0.01096031
517366,0.000598699
954957,0.022242835
833557,0.000120851255
623098,2.0734373e-05
204326,2.3944806e-09
845198,0.028209819
984384,1.1130601e-07
151971,3.8459406e-05
374951,0.979823
386493,8.222229e-05
235748,0.21069567
495493,0.0041517015
160940,0.00024804132
463591,1.49544185e-05
195992,1.552501e-06
690273,6.783504e-05
714288,1.1943685e-06
190171,1.8153531e-06
240978,0.0424295
184694,0.0002062053
984004,0.006983641
601476,0.93301916
411945,0.0010216988
136487,0.0021238693
158263,2.4643155e-05
506764,2.1571152e-05
192875,0.0026888547
807143,0.003628037
306883,0.00039416619
391620,0.6578074
228323,2.5509133e-05
596596,2.6324858e-05
105598,0.008443334
779225,7.5733255e-06
155976,0.0009969762
242781,1.92158e-07
590720,0.20360099
245977,1.9275634e-05
212653,0.0003442949
731922,0.0032608076
721056,0.9779143
177079,0.00024213447
861869,0.7845365
730043,0.0043887366
242005,0.00013489998
980835,0.00047659446
953829,1.3954053e-05
972172,0.029165654
197371,2.2422757e-05
659514,2.620491e-07
397418,3.9546237e-08
801405,0.00013388084
322023,1.0881012e-06
592783,0.0018850925
114661,0.008493113
123200,7.4822537e-06
366376,0.0004786245
545796,3.3495365e-08
560110,2.1896514e-05
258874,0.88582516
189574,0.00013627145
231762,0.0035252804
187670,6.947716e-05
950651,1.0680719e-05
643467,1.581028e-05
866847,0.03882488
220609,0.53455424
270491,7.32275e-15
250391,0.00010710681
770650,0.00017240953
370166,0.012616267
963686,0.0005697121
101737,0.00015957578
674705,4.926647e-06
381857,3.157354e-08
612343,1.3280476e-05
305826,0.00014593589
778329,0.059394926
536609,0.0006122394
813438,0.16797176
928925,3.4951416e-05
598026,0.0027137245
740934,0.087735206
417772,0.0013138254
855998,0.020246636
845277,0.0032449623
896894,0.5229345
716877,0.0036644938
366931,5.385649e-06
922934,0.0053179404
970440,7.4201664e-05
772763,0.005959939
110926,0.060240883
459956,6.0973198e-05
655188,0.0020342518
668303,9.9979974e-05
621984,2.0372703e-07
449023,0.114228144
634846,1.6245136e-06
149766,0.036065508
817327,0.01596554
268660,1.4724738e-15
525474,5.5030305e-05
347765,0.00094099366
354338,0.0026140586
129121,5.5960547e-05
176861,0.00037322557
977307,0.00022582011
421418,4.3187282e-07
135478,0.00020562472
666915,0.897373
333354,3.442052e-07
966275,0.00028656403
925185,8.926938e-05
555475,0.007955899
943207,0.0027250422
292710,0.00026909966
641242,8.417646e-05
240314,0.99276745
447471,0.15197857
925774,0.007662386
347386,0.0009990652
434965,0.0019609737
281244,4.1910946e-05
178171,0.0011650188
691084,9.205952e-12
168724,0.00081098906
224520,0.0008526413
385911,2.008619e-10
166963,3.9699682e-14
608532,2.654729e-05
737955,0.5229162
849961,0.0036134645
704241,0.01455142
433978,1.0386439e-06
915668,0.01272593
924690,0.028268391
308822,0.0027301253
410234,0.000862304
434386,0.005290222
803723,8.8008116e-13
926241,0.05486814
490055,0.53801656
155175,0.0015555775
518161,0.06812453
341187,0.0014291288
581477,2.9317465e-05
634162,0.00011010961
754619,1.8898333e-10
243386,0.0017055656
156007,0.001785235
967893,0.020700661
246805,0.55870533
303103,7.077845e-09
690898,0.03679254
659817,6.983346e-05
608911,0.0036406384
269097,0.0915514
861216,7.745169e-06
691355,0.002853906
136672,0.006175737
203475,0.0023037985
100218,0.0005692786
132387,0.002374468
831225,9.580855e-07
533879,0.028040212
360827,0.0033928452
737332,1.6369663e-09
156198,0.00083298614
674192,0.022620272
254567,0.0050103795
493653,0.0015804281
297906,2.1162664e-06
653992,0.8714174
535233,0.12809691
557553,0.009532564
185005,0.04852929
758312,0.012750361
373779,0.0024628819
557046,0.9997625
717260,0.00025569517
748782,3.395323e-11
201066,7.1669883e-09
990081,0.00042917568
248222,0.48910838
321571,0.003058365
734459,1.249366e-17
353454,0.8515431
683217,0.0002559918
750420,0.00045020334
611393,0.07256335
950265,2.7454864e-06
245925,0.040576853
215646,3.189295e-06
104062,0.077273905
293215,6.1073064e-05
588255,2.6424183e-05
724459,0.005012339
783186,0.001276257
534079,1.1090841e-05
139506,0.00023813745
350281,2.6813504e-07
440492,0.00016608584
901928,0.12233854
736385,1.9822743e-05
344161,0.16991587
336009,0.8560088
851716,0.008901618
295162,0.00084303983
775727,0.0009454934
490396,0.12740983
724688,0.19808239
890696,2.4870135e-09
556135,0.029821424
279095,0.0016679647
985065,4.786149e-07
834096,4.3354803e-06
540491,0.9236058
151376,0.008724835
523702,0.0026486502
436894,0.025012374
195958,9.980211e-06
243454,0.13519849
719685,0.00062330544
427309,3.952618e-05
635820,0.00017044644
200676,0.0002336156
722478,0.30692494
639064,0.00034850888
754749,0.00063388527
124885,2.9305224e-05
136322,4.158861e-05
358620,0.13789152
993737,0.007947824
731554,2.4345705e-05
222368,2.2811102e-07
655400,0.03675655
245445,0.0061476585
380554,0.00018342727
989585,0.97602737
370578,4.070091e-07
948638,0.0024329836
371662,3.252235e-05
756760,0.047230944
398356,0.0005092191
413197,0.04273812
522284,0.30050567
733886,7.672755e-05
821213,0.00129969
199855,4.0625167e-14
231396,0.0006208477
917801,9.05779e-05
282830,0.0016806808
920116,0.0002977963
659941,0.0018673224
609722,2.5361025e-05
680925,0.000551831
239369,0.3191239
104283,0.0046356814
793913,0.43559277
569978,0.00014662942
876842,0.0010121597
653051,1.9559637e-08
283725,0.0015866478
421569,0.0062418533
492161,5.0594275e-09
496944,8.5571077e-07
188136,0.017652398
987251,0.006862715
242364,0.09312743
612961,0.00055696775
359202,0.019019041
550836,0.26555124
993226,0.0045882436
346292,0.015463576
259410,0.000764315
461973,1.2173913e-08
951253,0.9999814
727469,0.1289057
313752,1.3734876e-05
102728,1.2333554e-10
938393,9.3361564e-07
215316,0.1859208
966252,0.01967891
593962,0.0180315
754909,0.002054021
245411,0.0076367045
206314,3.0342004e-10
279727,0.9993168
878008,0.000111695255
650771,0.00818887
910752,0.0047533386
250879,0.21263014
711391,0.8248101
854475,0.5211414
646464,0.06671407
448071,0.0002530198
771953,1.714575e-08
697798,4.0103723e-06
443900,0.110446
752127,0.016994134
400550,0.00925508
298000,7.9289165e-08
559674,0.0014437436
756940,0.00016303027
466209,1.9769276e-10
864013,3.1155174e-05
848575,0.00013794174
441721,2.3238017e-07
653874,0.0007586093
553934,0.3252482
817013,0.00061575824
449045,4.7637564e-05
756819,0.006175117
138470,0.03131656
308799,0.0070996406
478363,0.20719102
368415,2.6624255e-07
949627,0.0011255633
214166,8.5943926e-11
250832,0.004292249
595537,0.038010772
602626,0.00786471
179924,6.382921e-05
281856,0.00010209937
821332,0.00071228045
554755,4.251874e-05
950211,1.320712e-05
647455,0.0028923908
850987,2.820588e-07
191821,0.00019870019
212271,0.015439383
595071,9.141499e-05
899237,0.33340237
755613,0.015041725
314311,0.033589248
271865,0.00282766
348473,4.1775937e-11
995490,3.3328405e-07
545460,0.00012683556
950514,0.029611206
983870,0.00347616
675299,8.511292e-05
616254,1.3615074e-10
312544,0.066709235
313873,0.0017582009
524686,0.005252826
473280,0.0003475838
309117,0.005599069
969175,4.0069083e-22
918137,0.96486783
228794,0.9670844
593124,2.1894811e-08
707125,1.0707639e-06
732081,0.002850852
241453,0.0005770884
285375,0.100321315
980128,0.0020683587
683945,0.029588524
966540,0.0016344844
637776,0.00015532946
249620,3.8282656e-06
269928,5.446933e-07
637624,1.1440454e-06
753235,0.19460416
993426,0.0008458005
746950,0.020630648
532615,1.406945e-05
371425,7.563712e-06
738046,1.7886559e-12
522370,0.05432492
741557,0.03774157
243283,2.435375e-06
369681,0.0696295
381644,0.00034058632
797452,8.0912827e-07
730376,0.0009551371
594044,0.007375465
427879,0.0002558688
843275,0.0047306586
309044,0.004715007
998097,0.002315396
696437,0.0001385509
592975,5.009096e-05
902781,4.4940452e-06
370153,0.00014363628
254362,0.10446617
145242,0.00086355145
811667,0.014559299
928437,2.0493533e-06
355312,0.008332286
382381,0.486947
287563,0.031538706
853394,0.16802068
226098,1.3395568e-06
117087,0.006561376
166379,0.0011240541
737568,2.3230861e-07
797326,1.3468824e-07
326054,0.0071117315
185164,0.068469
440139,4.7261274e-06
259888,0.99493587
240220,0.00078047795
524542,6.9325745e-07
462018,1.2428351e-05
353527,0.21520098
443022,0.013720661
580370,0.27448457
760973,0.0032754238
235296,0.001630756
873999,7.3505903e-06
418446,3.2679948e-09
785860,0.10972633
939496,2.079945e-05
827394,2.9354092e-08
765049,0.016645843
652671,0.066750385
129251,0.5720273
573650,1.10433875e-05
384138,0.00077558466
648671,0.0018762453
167455,0.07630824
445233,0.0012159044
965109,7.8957213e-10
629620,1.956641e-06
878655,7.566678e-05
408347,0.013982179
883727,4.946811e-08
106146,0.40005028
133423,0.015111519
937643,0.57290995
662740,0.00026415547
596468,0.0013643736
724388,0.13671589
565676,0.026233627
559470,0.12370923
910191,1.7597647e-07
532584,5.278745e-08
300971,4.3247104e-09
805863,0.9254834
941089,0.1497285
412242,4.6385009e-07
966019,0.00023719479
284414,0.039544344
829617,0.0020356684
390075,0.00088065356
138489,3.0263482e-05
621383,0.00025130654
215713,5.849824e-06
522784,0.00056177046
416849,1.540886e-08
111173,7.5519206e-06
957504,0.00038457706
392920,6.065608e-12
913388,0.094697475
889119,0.010494756
602142,0.003120845
341659,0.013819545
969513,0.0069658104
420659,2.6109364e-08
810514,0.05924397
582400,1.282669e-05
911735,0.0016193489
515447,1.05053275e-07
445577,0.00424499
748029,0.5589694
271854,5.885182e-07
577287,0.9999975
292960,2.6355492e-06
214198,8.493563e-08
220408,0.059578177
964191,0.9998108
806949,4.2419815e-06
570181,0.0014452644
498047,0.33973375
266674,0.00012573229
343666,0.23377648
634169,8.2107814e-05
942184,0.00063599186
173898,1.1168939e-05
430262,3.667478e-06
599326,0.10258597
151274,5.0760464e-05
772111,2.5026452e-09
418453,0.055280536
598714,0.0392268
515712,2.5310978e-09
350818,0.040653605
390962,0.0012608466
129838,1.7226815e-12
637082,0.0009659101
794920,0.00042424613
696488,3.2187426e-08
875233,0.0008165777
507632,3.431579e-08
821594,7.5967177e-10
561376,0.9999507
489733,3.2557402e-08
898431,0.00044100586
243020,3.8418795e-05
127502,0.00046222517
526264,0.03155025
534560,1.0138756e-06
696000,0.003970412
203550,0.0133655
855836,1.4409927e-10
488050,0.00032641433
551946,8.038841e-05
389918,9.212075e-05
761451,0.97557783
294617,7.407257e-08
755615,0.016134106
876908,0.0003716743
385037,0.017273078
386273,0.00074726745
824733,0.0108510265
617741,6.610784e-06
540181,0.004769929
701903,9.203251e-05
329151,2.1280007e-10
461543,2.49085e-08
904959,0.01249796
560341,0.011145937
143759,5.6634406e-05
630883,0.05012742
844995,0.00025365796
875322,0.00019097718
693128,0.013855195
932003,0.00011744319
781428,0.97753984
880018,3.0634284e-05
427985,0.7560291
402970,2.1575618e-10
500822,5.539328e-06
844711,0.019456577
642636,1.6026144e-05
285618,0.86139965
628813,0.0008590475
459368,0.003635971
193641,1.687676e-10
343660,6.201491e-07
336822,0.022412756
555859,0.0013380859
825203,0.009745248
659236,0.00030227433
457379,4.4493217e-16
537557,0.324439
119658,0.0013847866
725028,2.208227e-05
456129,0.003209354
362026,3.7570563e-10
544393,0.026458573
956841,0.19101678
184535,0.9989321
820492,3.544666e-05
945437,0.029145777
138228,9.580742e-06
310576,0.003206585
437893,0.021765223
517314,5.734068e-07
610818,0.0018509016
437129,1.0308681e-07
927393,0.216083
464606,3.3544165e-06
423199,0.056646664
813262,0.97742826
490370,1.6338686e-06
942024,1.3819e-08
758920,8.459764e-05
687600,0.00014155784
111930,0.0052734395
790617,0.022020027
712947,6.3064526e-08
860414,0.43987203
238130,7.918992e-06
817259,0.015305966
366572,8.464401e-09
593274,0.085172325
112340,0.00013293466
214545,0.0032805963
336364,0.002615374
829500,0.0023734402
765754,5.2061863e-05
264802,0.0019748397
479571,7.982516e-07
775196,0.015696414
417447,0.040919703
804499,0.0070312074
371191,0.0005101358
358228,0.010486875
899951,0.00014248211
884550,0.032461125
453577,0.0008204381
945485,0.0012768949
764636,0.019832117
137197,0.18930502
361779,8.450468e-06
613089,0.02775748
621681,0.020461332
871523,0.00017407465
414948,7.065944e-07
470547,0.0035184394
835724,0.05449395
910362,0.0005560422
277065,0.0030706895
501784,0.14691302
618987,5.1729135e-06
732738,1.5407266e-05
341532,5.58207e-06
585694,0.030060314
427283,0.0015299473
908255,1.3867875e-12
189733,1.0658783e-05
249846,0.020317981
992523,0.99738866
390866,6.4098735e-06
909320,0.36359084
685932,0.0014108073
638250,0.03339311
773813,0.00010683478
829312,0.028608529
320807,0.036338054
922077,2.7676344e-07
483153,2.4541515e-08
419546,0.0075367223
995893,0.15372849
372449,0.0003092879
541064,0.0048930286
797851,0.99966383
904471,6.513207e-09
460015,0.5395115
316671,0.0018901108
375135,0.06888389
324626,7.836023e-07
622829,0.09412108
165996,0.012735634
258513,1.6643091e-09
481153,1.2479645e-11
858957,4.410212e-07
363099,3.7614056e-05
447088,0.07217051
122993,1.1396153e-09
314024,0.9174258
824614,8.0106524e-08
894181,0.038302016
544345,0.022027468
387650,0.0012422275
660232,0.00056425313
304982,0.17290816
571005,8.8921176e-08
389214,4.7475343e-05
368960,0.021335836
795111,0.0024240168
148554,3.7391706e-06
925254,0.00024032533
585767,6.001578e-08
480986,6.602604e-08
731481,0.003863505
935395,0.008281022
191336,7.953335e-05
230544,3.0458166e-06
389075,0.0079513965
848644,4.376594e-06
807825,0.4091096
896434,0.000717655
167373,0.017641736
441698,0.0012961131
524915,0.9063016
631262,0.025491657
982809,0.00073962973
826758,0.0002667252
414753,3.5437044e-12
150318,9.231025e-05
526680,3.4257569e-06
644792,0.0011181072
543442,0.00025618367
999397,0.0028568183
667383,0.005816932
308498,0.00025657797
578459,3.3184037e-07
906594,0.005561266
569476,0.010269292
193691,1.0520611e-05
765417,0.027739193
487564,2.5228761e-05
978302,3.1665447e-08
931024,0.113578
401446,0.00012793997
113075,1.8661484e-07
380594,1.4846733e-05
479744,0.10091628
859804,0.0004013209
965840,1.6736262e-06
568024,6.1971136e-06
260584,0.0035721026
522456,0.007858956
509376,4.2495126e-06
904514,1.1352789e-05
586141,0.000591372
599276,0.010878171
427376,0.013523963
148493,0.004796444
662766,0.0064820936
555532,0.0006260233
424900,0.02400298
638625,7.950627e-05
594175,0.00011662583
374034,0.33751836
817504,0.0002964824
438285,0.0035414936
415047,7.9406734e-16
950862,0.0090244785
722525,1.1884979e-05
289706,1.3588347e-11
833129,2.9979794e-05
771801,0.002050679
504413,0.010686577
799228,3.7613726e-10
122095,0.47140917
647138,0.0007035486
987829,0.0061442824
959728,0.16407524
590293,7.810784e-05
335757,3.4107093e-06
102468,0.80582094
556588,0.009477813
845409,4.2826305e-05
523673,0.0008077705
289789,0.8174486
798189,1.6107962e-11
737496,0.0043371776
226959,2.2511595e-11
608231,0.038921278
554295,0.00049749296
837451,1.3772201e-10
187833,7.287004e-05
889632,0.00020258091
940021,8.510045e-07
897571,0.8346871
356204,1.5821262e-10
678171,8.699332e-05
800372,0.0008991444
947425,0.006804198
790506,0.0017445348
971073,0.009581628
231158,0.002719945
531141,0.06888809
911449,1.1446919e-08
526196,0.049758673
408959,0.076569386
286407,0.0004883715
803090,1.5419342e-10
866389,1.6682848e-06
494345,8.6910586e-07
602165,0.024542293
610028,0.07623007
353579,0.0015323055
675099,0.12509292
269404,0.007643046
258042,6.6181776e-05
276167,5.3968712e-08
954712,0.0013159066
904257,0.0022573217
464301,0.413057
702660,9.2013026e-05
247312,9.5964396e-08
559978,0.0013655138
877544,0.09620025
770189,0.00019276273
371706,0.076024085
247169,1.0151431e-06
290192,0.046452623
876959,0.83089715
480490,2.3527423e-06
586104,0.0003801396
170208,0.00013975648
842220,0.03215809
693902,0.0054415762
834267,0.006520358
248989,0.029647978
386386,0.07228055
490810,0.00016976669
795393,3.2249628e-07
477823,0.0067558913
687131,0.00064728793
682532,0.007633872
329344,0.00088616577
403341,0.43025765
674227,0.0010651696
555765,0.069001466
463209,0.00858118
955297,0.035798892
931862,1.32518675e-11
579525,1.820027e-13
847293,3.6791505e-07
728205,0.839832
918300,2.659878e-09
998138,0.0
945911,0.60397446
469782,0.40634555
593682,5.650073e-06
136774,8.011521e-06
558633,0.010330259
907420,0.013255775
405484,0.29085577
791267,1.1571512e-09
899066,0.0070075863
353145,0.0039894977
498356,0.024218628
495789,0.0017213213
997540,1.4674187e-05
288316,5.3350846e-07
402357,6.978533e-05
346643,0.046833247
560377,8.2209436e-07
424106,0.0009595421
327633,7.452929e-05
978033,0.00026782756
743645,5.683926e-06
675219,5.8193706e-08
708600,0.009372827
421836,0.0007366051
772812,0.9528788
674304,0.015990207
341671,0.015498483
166675,0.0036624938
210247,0.031588063
763766,0.55018014
149328,0.018679729
421952,0.024790984
160328,0.06936396
513460,0.04296773
129852,5.2332815e-08
354226,8.905589e-13
677476,0.0103024505
957293,0.013000662
899383,0.006531967
777166,5.991803e-05
827736,0.00018581623
921002,1.7234595e-05
216711,1.8660838e-08
466357,4.2331667e-05
265944,4.4956055e-17
643703,0.0015715415
315051,8.226817e-06
108356,0.0004043504
564633,0.0002736512
452809,0.0036079735
998569,0.0003081142
751707,0.00249077
189177,1.3488233e-07
209857,0.02219515
942962,9.732131e-07
431535,4.7579783e-06
484870,0.0026350468
797420,4.7514486e-06
871938,0.005904482
724500,0.004689748
186278,8.962284e-05
324395,0.017541
978484,0.0012051935
939865,2.7407873e-08
401772,2.7285376e-05
306607,1.0208331e-05
121097,0.003717111
224389,9.227482e-06
191049,0.008383231
278798,0.009602066
967560,0.8878845
816965,0.5515686
923603,0.14570309
761699,0.0009015103
376476,0.0005455917
876524,2.4091548e-08
508165,0.002908686
101839,0.9067256
907683,0.0002559515
435385,2.6241569e-05
429807,0.8953477
395596,3.1434713e-09
437544,1.7226551e-12
271230,5.943653e-11
658624,0.9841552
612523,0.0023317235
863124,2.9284637e-08
135105,0.0009738504
315213,0.0002220932
242785,0.08815757
424125,0.08957508
845911,0.0013107538
129507,0.0015851484
454009,0.003847181
372253,8.400261e-05
594220,0.009736522
185735,9.927734e-07
631446,0.33047208
209240,0.35616618
748884,2.6910467e-13
386177,3.2915445e-06
188957,0.004873569
988918,0.024915762
770473,0.9757938
897937,0.9286856
304017,0.35339937
342072,6.715786e-05
327317,0.0009409322
119470,8.4536896e-20
383599,0.008254096
468807,2.403262e-08
847943,0.39544582
796870,4.9855234e-06
135057,1.464064e-07
638134,0.0011826239
265527,9.224985e-07
384394,0.7677253
178068,0.00017766483
459884,0.9329243
519942,7.107143e-05
530664,0.007381035
384500,0.0016900789
914885,2.0315852e-08
897247,0.19131166
401125,0.99996024
261416,0.000360076
359554,4.7327663e-05
454450,0.999392
344279,5.4731976e-07
117833,0.05267658
475347,1.5335785e-09
662645,1.5123984e-05
285998,0.061566375
360995,0.0109182475
448733,0.7493216
880449,0.057526547
115498,3.7787853e-05
157952,3.1356518e-05
189373,1.3040067e-05
743416,0.0007733352
964492,0.56111777
637337,0.01870881
178584,3.593262e-06
290264,0.0004899061
556381,0.00024190602
719716,0.00035071935
856170,0.26448268
479686,0.073630415
654521,0.017270084
938594,0.1439839
861174,0.018019112
513952,0.038271345
219217,2.8701568e-16
480624,0.0014560869
601980,1.4671175e-10
493351,0.09397953
238838,0.0007377365
346230,0.004062908
587198,0.51346505
659319,0.027394306
707199,0.00038907144
156303,0.00010626145
536993,1.8536243e-13
591163,0.012897492
695218,2.5501297e-06
969085,0.009452207
308804,6.602676e-05
950668,6.168522e-06
985814,3.3796636e-07
214285,1.5727215e-09
691623,1.9457148e-05
131592,0.007541568
565048,5.09579e-06
831861,0.011892666
502963,2.5594116e-07
770736,2.353237e-05
218077,0.9765396
637416,0.00655253
268591,3.2950213e-06
841326,0.0008014689
621244,0.030018853
754183,0.00019101068
571604,0.010396524
846605,9.650694e-05
742851,1.0642484e-12
357661,1.4160959e-05
194865,0.006901301
272397,5.951064e-10
859364,2.8910804e-07
727203,0.013769516
230425,0.015973108
963688,0.015904808
197301,0.96580607
557323,2.2796162e-07
598003,0.0080199335
809127,8.630917e-09
777477,6.230108e-06
957782,0.00031477935
437718,4.42777e-15
977253,0.0029928575
594622,1.3992667e-09
339060,0.48928484
584652,0.0002380378
909893,2.9875815e-07
559395,0.051496547
335841,0.00011658402
545624,0.00035356684
518695,0.048202798
246011,0.991325
574201,8.271682e-06
542458,0.00018512901
674685,2.273425e-06
612539,0.094940215
588754,0.93742
552726,0.002169288
591732,0.0031889235
933532,0.00985229
174491,1.0375855e-05
570302,0.8506131
607171,0.08473292
660330,0.008888419
226711,0.017802522
291431,1.6289739e-06
189145,0.96609855
821261,0.19390589
757732,9.158494e-11
954270,0.08229463
591782,0.002909801
582206,0.010589307
456281,1.2907886e-06
449033,0.00510504
185830,3.696662e-06
152721,7.173323e-07
139320,4.811709e-07
295976,0.08751891
257465,2.2340503e-06
782265,8.1085033e-10
764040,0.00018419705
134871,0.14295375
390189,3.8611808e-05
870083,5.8157976e-08
556181,0.00017204843
227953,6.923893e-05
883150,5.4616845e-07
922524,0.00023982038
503875,1.0072772e-13
962559,9.6332826e-08
796074,0.013773602
514575,0.00010371071
985051,7.226368e-13
865729,0.0001331502
786576,0.00042793137
988495,0.81758755
547534,0.6448581
255219,0.00673258
713069,3.6649602e-05
766613,0.003409496
408133,0.021187453
897762,0.15165097
446621,0.0022811072
516441,0.14223303
789054,7.7443843e-07
532862,0.0052380124
205442,0.01105092
994573,3.082762e-11
460718,3.0924965e-15
859263,3.9969287e-05
416989,0.0072948528
117113,0.0027633216
853845,0.0029856935
111119,0.009956409
145113,0.27706915
734268,0.95548725
581598,1.5947341e-08
364550,0.015875518
683659,7.0958116e-08
110869,2.4195428e-09
444387,1.2828366e-05
334021,0.073847815
818780,0.002392391
157480,3.9172903e-08
725473,2.3229295e-06
307915,0.014623988
591171,5.102424e-07
863500,0.0040488215
960531,2.445458e-10
904235,0.019311622
377470,0.00021258672
246943,8.322895e-05
778174,0.0011924106
193085,1.7134754e-06
864637,1.5000504e-11
332713,0.0013538562
827872,1.4476161e-09
882368,0.00010194247
216329,0.009733889
853752,0.8271761
346635,0.019764382
588676,2.1312224e-05
559275,0.070428275
570246,0.00023984874
768524,0.022871366
963556,5.7775374e-05
822308,0.28642687
449242,0.0025618554
302402,1.16104875e-05
474839,0.00010894011
970622,0.6711045
671867,1.4005662e-05
324492,0.00056388107
688646,0.0015969077
819456,4.3841035e-07
778586,0.013958067
250196,0.0001720622
785238,0.0009985908
110815,0.004974787
711223,1.4363509e-06
536526,0.03513744
571652,3.4216396e-06
508966,1.3937934e-08
786443,7.2263094e-05
285093,0.012220824
130993,1.5145415e-13
847960,1.5575743e-09
924351,0.06348738
266696,0.0033779347
125872,2.9298097e-05
262464,0.0039574103
244887,0.009851433
537599,0.0007349924
705544,3.4625167e-10
287454,2.7048303e-11
205557,0.00048071408
961205,0.0007941509
274334,0.012971295
243975,7.737777e-07
659492,0.08256639
473263,0.11415213
234826,1.763117e-06
196819,0.85547596
356479,0.00023870666
501251,0.051989105
476165,0.00021275665
609886,0.008009107
164334,0.39850587
427289,0.08033631
284553,5.919934e-05
923093,4.6482475e-07
624265,0.0070731686
895106,0.00061040116
511418,0.13497394
458138,1.464025e-07
564002,0.16866851
699645,0.0022099675
998685,1.8816998e-07
694071,0.0014039209
492638,9.594548e-06
872338,0.006288722
774140,0.038675096
732121,0.0009215175
624824,0.20047964
896008,2.2818096e-05
843096,0.00040203924
262790,0.0001966124
553469,1.16003214e-10
470764,1.2062834e-07
368323,0.00082145503
340029,0.0014679648
244400,0.0009005145
768883,0.014757754
100266,0.00036550887
498054,0.00025436393
514823,1.1802788e-07
622533,0.0050967713
805715,0.16191265
350008,1.9049362e-09
975562,2.695212e-06
143581,0.00057745236
475423,1.6770099e-10
889215,4.7025864e-08
202900,9.2492905e-05
670253,5.805828e-06
946899,6.5297485e-05
713883,0.0074774055
310779,1.01970875e-13
699735,0.0056058276
645716,9.227693e-06
279082,7.309072e-07
994963,1.037077e-05
411923,3.974928e-07
898455,0.07068787
140069,0.2239914
468046,0.22459611
156502,0.00017546228
807748,0.023959553
738834,0.09609079
413956,3.4785753e-05
621838,1.9704764e-09
918593,1.4276025e-09
415309,4.1879857e-06
567287,0.022720337
403435,1.9726488e-10
434055,2.6806287e-12
902729,0.011113997
785742,0.0001779422
223301,0.00043246406
749793,0.0014351215
741716,1.3273424e-05
758140,0.000113437556
844854,0.02414502
506408,1.2226987e-07
369107,0.9399619
732749,0.012707109
293763,0.00043925465
943508,0.7979583
315758,0.15571472
321506,0.0004678602
630455,0.02200419
944339,0.41489986
778300,0.038917676
731419,4.966229e-08
145701,8.9286195e-06
364527,4.566118e-06
942678,0.0006949013
896830,4.5838264e-10
578568,1.1565157e-09
179694,0.86504227
520263,1.0610581e-12
647881,8.8904435e-06
982787,0.020724649
478986,0.00016145404
738219,0.0002986259
393350,4.3193306e-15
151752,4.810889e-13
995362,0.0031414337
571475,0.015230617
708188,0.011254681
165194,0.00012581673
710052,0.00055220403
794599,0.010116507
268056,0.107325725
209859,3.0059588e-09
331131,7.675236e-05
343549,0.006381236
611198,3.295821e-08
811105,3.8978457e-15
802513,0.020621808
287983,0.00013067121
815463,0.20517017
290644,3.7868708e-07
120849,9.605089e-07
220327,0.39407474
170927,0.003456173
514985,3.3960728e-08
155505,0.0028700477
193009,0.007382136
273928,0.00201043
621427,9.562619e-08
337053,0.00078388717
455499,1.17040265e-07
532914,0.1481596
648348,6.024789e-05
240089,0.00029186465
667706,0.0066750515
616801,0.009662279
640335,1.6073598e-10
799366,0.00697146
349437,1.903242e-05
576838,1.4550999e-07
225845,0.0021700931
637936,5.600755e-06
128289,0.0023004077
430921,3.6689157e-06
140710,0.03298512
419770,0.00025119493
314954,6.079644e-09
226593,0.050501633
324057,3.1038405e-24
579172,0.041371096
521314,8.710882e-07
710253,2.630922e-05
350683,0.0030208963
194589,1.3232374e-06
818309,1.8856083e-06
204583,3.8050216e-06
362102,0.0005807373
134085,1.926032e-12
581120,5.3767413e-09
918738,0.00018620233
267053,1.3248599e-06
465172,0.02529236
396440,0.023187684
797550,0.98697686
485545,6.0562143e-06
314834,6.194545e-08
843049,4.6828703e-05
351674,0.0007358078
368719,1.0
945987,8.453878e-05
474157,1.2032386e-07
729787,0.00051310676
351286,0.051070668
918645,6.699522e-07
940889,0.0056932773
186211,0.0036267324
469318,1.333925e-08
445413,0.022799
536970,0.037781388
760349,1.2804256e-11
938897,0.034947015
388717,4.8102866e-08
798041,1.12508125e-07
330666,0.00015027051
648859,3.3446346e-11
640807,1.2024134e-05
115615,1.0078334e-08
874603,3.9217608e-07
911015,3.513763e-05
529814,5.588391e-05
679748,0.29332045
932466,0.18687499
321599,0.004337278
762446,0.00032252294
349611,1.0038411e-15
303330,3.992758e-07
696529,0.019561313
492621,0.0030780495
857459,8.318737e-05
636670,0.00011021046
957033,0.009367989
611813,0.008230833
758650,0.00013447372
764079,2.1837923e-08
890338,0.00017567303
725316,6.920895e-08
594802,5.518858e-06
316554,0.00012449468
677780,0.06963284
457157,0.000266358
966364,0.001575266
632911,3.8143862e-05
909650,0.00067051547
718325,0.001111926
131704,0.004028508
427146,5.526461e-10
623342,0.0014136705
120187,0.21295951
684256,3.7684462e-14
776718,9.69381e-09
763119,0.0025922898
792797,7.163742e-05
657771,9.56597e-06
207350,0.054286253
329862,1.5853951e-06
953911,1.3824735e-05
703665,0.0009982251
264068,0.04163363
865590,0.020266611
163188,7.2493544e-06
443453,0.17967153
404145,0.0013426023
563423,0.030415367
271301,1.4127025e-08
915343,4.4293063e-08
957375,0.05476325
803922,1.9608716e-12
274308,0.0053138714
350782,5.527382e-05
830548,0.00042221977
332204,0.00016148268
281816,0.09892264
676290,5.7052307e-06
958675,0.11197346
474859,0.0040310156
975756,6.807026e-05
550225,1.371769e-07
623689,4.3732132e-07
868252,2.2804757e-06
934038,3.476005e-05
625999,0.8605056
785855,0.0007270327
591343,0.13082446
264609,0.0008308612
203814,2.664882e-06
860772,0.014421504
204961,0.0002151444
502001,5.408195e-07
411890,0.0053916643
971393,0.03015069
954440,0.00012840195
637783,0.94859475
659659,2.88498e-13
228118,2.9784073e-15
167336,0.0004939194
210627,2.3404557e-07
636050,0.10392541
660856,0.005684263
661584,5.247082e-09
992077,0.16807005
565004,0.021452181
742376,0.6459281
882380,0.852819
798698,0.00014588899
456245,1.6822898e-06
345592,0.0299674
493090,0.009269869
761067,0.24231513
732276,7.726717e-10
471091,0.047846343
521843,0.20209953
686082,0.11322781
577223,0.008093286
705202,8.320759e-06
859716,1.8809238e-05
628553,0.74625933
977573,0.00058183644
898282,8.9385514e-13
614851,0.00015735673
904617,0.0073478296
879967,0.0
307508,0.00028909495
457773,1.9695435e-06
959659,0.31946778
310904,0.95132434
963816,0.9945793
933772,1.02214535e-05
513264,2.139867e-12
381699,0.13949575
913614,0.00073985395
884471,0.013762512
230394,2.7615154e-06
782869,0.05422893
527050,2.008079e-10
335484,7.788255e-06
361425,0.55142266
510139,0.0088857515
522473,0.00043806667
848103,0.0217374
874371,0.026338875
434008,0.005997808
439951,1.55053e-05
965292,0.6828519
814145,0.0045712027
592341,0.0019189325
262699,0.7974904
598640,9.792413e-07
802176,0.00068544433
662710,0.7447591
198647,0.9473838
704128,0.0042320034
606548,0.010265283
881896,8.267302e-05
335705,0.21935974
762198,6.321892e-08
177118,0.19162786
209676,0.0029615615
850652,0.055030562
157309,0.0009132648
816244,9.49236e-17
806478,6.9041835e-06
772256,0.08682692
556490,0.00016916219
605897,0.06915677
274455,9.1389865e-07
887370,0.00015597879
456534,0.0005007042
956075,0.27278504
600417,0.0008300374
944149,4.554468e-09
282376,6.9693715e-06
632972,0.11277624
647840,1.3408378e-08
469375,1.3114357e-06
867695,2.8710138e-14
358783,2.4829656e-05
963116,0.00467055
750044,0.0011060085
247208,0.00037291797
924035,2.5407382e-05
126368,0.0010523619
674932,0.0023293495
943263,0.9561396
122956,0.0057691843
975100,1.7196868e-05
564920,1.008264e-05
391692,0.004270949
761112,0.23881134
172093,0.018970631
344475,0.5763906
880210,0.006722279
499048,0.0020138142
432938,0.0010295106
503354,1.778582e-09
742632,0.037811033
510358,0.0010373257
618854,0.050148968
845801,0.010139157
396525,0.010647965
879578,0.0031170833
465074,5.3125204e-05
413090,0.005844703
940738,3.939484e-07
940940,0.003842792
754828,3.0765503e-05
722612,0.06616147
677091,0.02612757
892226,7.0212e-05
244485,0.8865523
541411,2.8976442e-06
578603,5.55828e-07
107801,0.8528788
288387,0.16672508
225749,0.08274333
172617,0.028315067
206660,0.014704643
990933,5.0741362e-09
413786,2.0250265e-05
289122,0.14383608
195218,6.3733096e-05
311738,0.23646058
384602,8.575587e-07
793965,2.6734788e-09
927921,9.067416e-05
942293,0.0037859466
753226,0.12840073
921705,0.00024008371
712788,0.0027831355
286953,0.003616448
491672,0.00227287
494985,7.8875094e-16
607614,0.86549616
918150,0.43027386
109688,0.032670278
819028,0.007653649
621259,0.00050654274
145064,8.477847e-08
355459,4.933262e-06
559101,8.2995165e-08
318488,5.3761327e-14
253173,4.423764e-05
878859,0.00086623634
727135,0.0004597433
458346,0.0013579581
924488,0.007845638
284929,1.7339046e-06
301562,0.009730195
390958,0.008234143
502856,5.4113602e-06
813816,0.00040331885
636190,0.0007729027
109752,0.90026104
604486,0.34399143
188716,0.18137558
897560,1.8285599e-12
622108,0.0003103293
625625,0.017562652
195527,0.0010299495
100377,7.0949535e-10
679492,0.0052592163
467368,1.6508816e-06
216084,0.9493852
632947,0.004329871
537068,7.392455e-11
881226,0.07559592
385984,1.4118551e-05
816276,9.8035825e-06
364198,2.4688083e-05
172865,7.007482e-10
576904,0.13640569
530376,3.2927196e-14
190307,1.0139264e-07
281674,3.1182248e-05
757312,0.0009670505
450863,2.3561953e-11
500673,0.0027156542
696826,0.0016984391
688032,0.022399496
192133,2.5031082e-09
402867,1.6116386e-05
492832,0.0042069796
994084,3.511184e-05
988311,0.002859524
797990,2.432469e-06
707949,1.4934394e-05
229792,0.90299463
601096,3.383162e-05
407643,0.07680635
687533,0.10989613
778609,0.0316739
828021,0.017569456
699856,0.7359177
248518,0.0057631535
847854,0.047307927
929007,0.0009517913
359526,0.064062454
258571,0.001387173
868460,8.3926307e-07
305754,0.5061352
341696,1.5881396e-05
789706,0.9998698
817995,1.717575e-10
654767,2.2439168e-09
461685,0.021819625
515638,1.0176269e-07
749838,4.4084474e-05
516546,0.0007803901
951052,1.6250655e-11
574280,0.9982174
466327,0.00010023399
139316,1.11535075e-08
163043,0.9981499
177547,0.0031836303
997443,0.93150175
572019,0.0027608566
299660,0.003751379
617521,0.01844152
803712,0.18147708
896167,0.0020512296
551131,3.8248512e-05
637905,0.10158781
363298,1.0283794e-12
231062,0.0007007058
418748,1.8598e-06
309287,0.8156114
123819,0.10197723
400703,0.0015109596
636952,0.009312282
593855,0.0030091717
823254,0.55326355
851967,0.057825208
356505,1.6498838e-05
532944,0.0006907668
517450,0.00031860798
464889,0.29104742
696292,0.002066694
924428,2.9546463e-13
142514,3.1533148e-06
231871,0.00063322444
221611,9.4078e-11
922821,0.06656275
223584,7.764706e-07
845132,0.0012461542
540350,0.1420382
608105,8.0665006e-05
266099,0.02192736
815409,0.0021134336
333928,1.5419831e-06
571908,0.0025834762
825351,5.487296e-13
976163,0.027233178
861097,0.0014888744
793001,0.0014417989
170083,0.86779296
126992,0.004407517
367880,7.0798163e-09
705395,0.00014175614
812869,9.872002e-07
306031,0.0070291865
770393,0.005215817
820241,2.8349078e-07
812978,0.0009057645
938929,2.0037418e-05
237722,0.0005556912
126957,0.011717083
619170,1.2919946e-05
860171,0.86963654
917551,5.442091e-06
743446,0.0674052
213998,1.6703317e-10
951162,8.9472116e-05
489466,4.8037688e-05
600974,0.016711049
164232,0.028647706
485022,0.0074247173
624684,0.000100849116
473482,0.036255155
609038,0.00033395246
702171,0.000288055
782495,9.476838e-06
818570,0.23490138
421983,0.016543351
996014,6.676406e-05
934979,0.9241223
769086,0.004390923
216342,0.6265347
615286,4.980344e-06
405874,0.00031106896
949385,0.053089797
760820,8.306426e-05
612651,3.3856477e-07
852188,0.9695407
790178,6.323716e-06
242756,0.0022116737
577003,0.00039862288
312269,0.007505806
859884,5.569818e-05
816267,0.00014378072
162905,0.0009543298
117719,0.0011798396
967907,0.00040500425
798880,0.08806682
339207,1.6798622e-05
871733,3.0925466e-07
611529,0.90751964
474244,7.877362e-06
868034,0.045671422
536495,0.025995933
842325,4.5453064e-08
181668,1.7093099e-10
554885,1.2401026e-09
708080,0.00013236217
449349,0.08324865
814796,2.710578e-07
793394,0.024712784
114641,8.26416e-06
917694,0.0006347244
325301,1.6549376e-11
875010,0.0027198961
366747,0.02596081
207346,2.7761602e-05
174382,0.00063570275
985910,0.0016217189
642914,0.35712802
733925,0.009725679
829126,0.000117928765
104373,0.0011794452
255127,0.00010831922
845898,0.017247705
708414,0.03886634
233160,1.8204732e-05
425996,0.8126627
474240,2.0003796e-05
143130,0.014194221
753955,1.1200059e-09
627856,8.182932e-08
456592,3.7687988e-07
575726,1.4324292e-29
493488,0.4432014
303160,0.00020496408
736250,0.011613591
535457,2.23375e-06
468209,8.952094e-05
329554,0.1391377
327263,1.4978796e-05
169757,0.6259004
764081,0.99865407
521435,1.6960923e-06
278709,0.010452443
576492,0.99460816
716915,5.3828124e-14
178356,9.070435e-07
884600,2.7818222e-14
440073,1.2170774e-09
602796,0.13488513
365962,3.2333503e-08
923886,0.027809072
944698,3.9263766e-09
438771,4.6416576e-13
678877,3.656533e-07
838877,0.012208271
799594,0.0005441401
834290,0.015126054
868325,1.5007988e-06
266657,0.0019615467
475704,5.1005196e-09
967884,2.0171397e-05
126178,0.041735113
309003,0.00012196066
240937,0.03225321
656529,0.02393719
351952,0.02380354
354126,0.1324646
484300,2.978469e-06
484144,0.0012088461
775582,2.0030291e-05
634619,5.4154364e-10
637046,4.650353e-12
539273,0.17415245
676543,1.9211542e-14
530195,9.000569e-06
568620,1.5603976e-11
410197,5.6307745e-05
233171,0.0046136035
716374,0.021299707
388374,0.00032779676
967371,4.413988e-09
897632,0.018621966
178009,0.04680503
751110,1.4892203e-07
560354,0.91871333
746705,0.0022154786
975696,4.8725933e-14
420842,0.0063046482
791190,0.0010052118
502724,0.090464346
543850,0.044398952
587072,0.0029025134
210602,0.9967475
996118,0.0001606535
907068,5.3289725e-12
888414,0.0068285707
432802,7.283558e-05
942480,0.9515103
859818,0.0005952374
273395,4.23548e-05
925199,2.567027e-05
161210,0.0018396301
228060,1.5193658e-15
919487,0.0012719395
911301,0.26001918
888749,0.32638845
565631,8.813255e-10
153110,0.725111
942309,2.2819262e-07
874541,1.9292775e-05
536585,0.0112956455
528312,0.0021132815
380334,0.0026002345
246482,0.0022247497
438307,0.004112325
808056,0.012237516
962329,0.00013151762
642187,8.6831045e-05
956315,0.76102984
745492,0.95172787
906640,0.00047632697
433552,0.0016972997
355039,0.046374418
403807,8.848167e-11
910551,0.0012140286
289700,0.0020250247
577427,5.7793284e-05
255783,5.347161e-10
596157,0.0004214346
701074,0.00617351
299068,6.4122935e-07
605375,6.741728e-05
878957,2.0740552e-11
973797,9.0173735e-09
530718,0.012797022
280528,0.00901203
796532,0.003877059
423410,0.002950818
155544,0.5797607
208672,3.9760384e-05
191253,0.0070514847
173894,1.032696e-06
437991,6.983522e-06
513406,0.0052227243
569691,6.9579933e-09
555019,0.97377867
169747,4.4275154e-07
631473,0.27234513
496588,0.019276615
474908,5.5087068e-05
792730,7.2536066e-05
272031,3.2007788e-09
972589,1.3148251e-13
333969,7.6239834e-05
570257,0.00017557775
364815,7.0151634e-07
491062,1.0343912e-05
683720,4.4753673e-08
626342,0.02692265
496858,0.0007335932
759371,4.4152287e-08
127037,9.476324e-05
635481,0.00032968257
718056,4.2973948e-06
418825,0.40489033
707635,1.3366629e-08
144103,0.00010374127
298002,0.005690673
832474,0.013917992
439530,0.0011763972
269497,0.2073547
302694,2.3826471e-05
578419,0.06267545
758914,1.7895918e-07
486965,0.0062805023
274497,7.367409e-07
872033,6.5321154e-05
633203,0.022997629
264180,4.0747083e-05
659278,1.1318606e-05
380137,2.2228027e-08
645687,0.0011546841
307715,2.330764e-05
615763,4.3851846e-11
417407,9.500101e-06
555936,0.012608404
165080,0.000119972545
433233,0.03954178
316556,0.033695728
278645,9.341475e-05
620069,0.0063891797
137668,2.969702e-10
307662,4.5624127e-10
609237,0.0055076466
663863,0.0036885852
994399,0.0028067427
761307,0.23144667
170735,0.010019203
338230,3.1849346e-08
457537,8.877116e-05
627551,1.3372656e-06
743340,0.20304847
840542,0.011202303
318259,0.0060208337
135786,2.5319823e-05
914755,0.98642385
437053,9.8733435e-12
126145,0.0038468302
713212,0.4448025
272902,3.8365877e-07
348890,3.8382493e-07
607313,0.0017225205
198291,7.3320653e-06
560562,0.00017002488
363433,2.241752e-07
712472,0.0037366163
612173,0.00035451664
934848,0.42947882
584758,0.00046493887
672335,0.015741667
244561,4.5975517e-07
661401,1.8072193e-07
337884,0.001985784
470444,0.92262065
861500,3.3711876e-05
367900,8.0752674e-05
923155,0.007704202
215279,0.0017011733
922961,0.012997836
437314,0.0060291
880006,0.0006283802
244601,0.0028482014
527429,8.673267e-06
177086,0.005205271
895325,0.9629329
628971,0.05651189
461179,0.003409548
342059,0.028235713
290176,2.6606172e-14
498816,0.0748143
260705,0.0008128556
652119,0.002776302
438772,0.003776599
791043,0.00038832458
455679,0.00021260009
579418,0.078966044
944267,0.4665144
516066,0.023110764
532215,6.25475e-12
200797,2.633091e-12
146734,0.00023228939
746801,2.857244e-05
808189,5.462479e-05
726275,4.398453e-11
856748,0.00032771804
484316,3.01875e-06
618770,4.24368e-15
910573,0.0015250884
365254,0.14131095
892888,0.0023056702
389923,2.0678074e-06
953521,1.407243e-05
372720,2.0019277e-06
608061,0.14956468
379855,5.034745e-09
333006,1.1459883e-10
193207,0.064601
525675,0.048816845
222521,1.2686766e-11
762720,4.079141e-05
551961,0.785335
180913,3.8572574e-07
669533,0.0056526195
603751,1.3853999e-07
809613,0.9999892
151936,0.59464645
955770,0.0057082293
746230,2.2746464e-05
988166,0.00023803758
322179,0.00013584162
522877,0.38283542
520489,0.00013380783
168048,0.0070337583
757235,0.00069033745
696801,2.8745458e-08
253140,0.0040976694
502671,0.00016927707
132023,2.6618249e-05
540414,0.29805338
837068,0.89518535
826972,9.2862604e-07
639392,0.018721202
545066,0.22030102
254187,0.03181523
508776,8.31468e-08
353731,2.6329554e-08
454599,9.0192654e-13
865279,1.8206599e-08
550685,0.030112883
399515,8.268161e-14
687501,0.0007562617
320795,0.0007959062
402800,0.0016702022
116814,1.2997226e-13
493449,0.000150817
952251,0.0019244025
689021,0.027439417
846995,0.0016776671
270032,0.004421765
933348,4.6603873e-07
579378,0.00029445585
787372,5.6921914e-07
310962,2.4622925e-06
674866,0.012891406
433307,0.00013095947
313968,0.43802193
302549,9.16984e-05
270089,0.002473636
775634,0.55945283
942945,5.567099e-05
472872,1.055244e-15
168603,9.098894e-05
626631,0.0017709004
632137,9.790661e-05
351923,0.0010662813
700708,0.012090015
703989,1.0086622e-08
493915,0.021722423
159396,9.942699e-12
992920,0.004350944
903253,0.1603257
467705,8.726117e-06
631226,0.03920803
373585,0.0001144168
510684,2.37724e-07
859722,9.3518756e-05
205650,1.2093295e-05
802700,2.1182248e-06
219720,2.293468e-06
569206,6.6149225e-11
131455,0.002094787
603022,0.00807221
210662,0.0007420633
123322,2.0719092e-06
974307,0.2784554
342694,0.004429021
878517,3.470759e-07
735007,1.4134946e-05
922401,0.00038074746
583381,1.1330395e-07
260562,0.0006425689
662734,9.828989e-06
428403,0.0027748013
415136,9.715091e-10
504382,0.023855291
810372,0.0007472803
557765,1.5166053e-06
251218,1.0417569e-08
816907,4.99856e-05
932323,0.0007507045
554819,0.06515558
369229,4.2551677e-05
833533,0.05435321
950551,0.48001593
884693,0.058496326
156350,0.0032413846
161841,1.3441031e-05
868533,4.7481735e-06
698705,5.483872e-10
970865,3.3788227e-05
748325,0.012107473
524667,0.00015509488
189269,4.585621e-09
219808,0.0028346346
896366,5.075126e-07
713215,8.669472e-14
638743,0.0008552989
232692,6.4953224e-06
847077,5.3127133e-05
306236,0.00039328868
872844,9.625136e-05
922496,1.1595785e-06
138556,0.0012787819
791707,0.014221843
663695,0.00016703764
217247,0.026116755
796592,0.0020729385
918887,0.019359583
911292,0.00039581922
249592,0.0054942667
688141,0.0014880459
519621,0.0002134304
155573,0.029724585
176907,2.5798838e-07
815686,1.1568928e-13
219704,0.4759028
622890,1.8861565e-05
760203,5.275003e-11
834476,0.012162348
197090,3.4422887e-05
606688,0.032333076
280854,5.800023e-06
182468,0.16712274
875141,0.032840908
627429,0.04703823
486984,7.139839e-08
967029,0.0040548504
295159,0.03574726
528686,0.49333656
456622,0.21603638
164146,0.9982573
371728,2.0082728e-08
846378,2.0321457e-13
207684,2.7440117e-14
529638,1.0803195e-06
452034,0.36517644
827159,0.014926298
819742,0.004667337
333878,0.23481035
915878,0.06593615
929237,0.00015953789
868744,0.0993038
175425,0.003344073
385933,2.7566973e-06
739453,0.0099869985
580005,9.212312e-05
476819,6.120827e-11
553256,5.5254024e-08
623852,0.081145905
937407,0.003873481
577704,0.0016617877
313838,0.14333114
268291,0.0032165681
630970,3.0864594e-05
355320,6.0973105e-07
903182,0.043419227
912990,0.000933477
767760,5.5702152e-08
204166,0.009010694
400157,0.0010886072
108760,5.73901e-06
817545,0.0060299803
194716,3.695959e-05
384260,0.02304801
403409,0.2691138
685141,0.017600842
690148,1.6819806e-07
361421,0.029622568
518314,0.01071891
166205,1.9446078e-11
872298,0.0022029486
902347,0.010969216
173423,0.22103313
318959,0.00010982304
853795,0.008300692
235042,2.9967437e-06
227626,1.3995982e-08
388945,0.00076743355
546439,8.305245e-09
475483,0.00022890988
156603,3.5144326e-06
626336,0.117586374
917242,0.00010818131
536321,0.03544345
619672,0.016742496
575569,0.98698896
956678,6.0432074e-05
660493,0.03775041
882517,1.8352747e-09
833409,0.017268864
930100,0.1856394
900444,3.5849636e-05
225011,0.9791736
125642,1.4626909e-07
974330,4.0152221e-07
872705,9.099753e-05
469365,2.2035807e-10
521908,2.1141789e-08
879489,0.0020023952
259461,0.00025770822
837989,1.476472e-06
966841,0.021014273
264407,0.307435
948263,0.0030410865
885468,0.0013956784
961673,2.9109114e-07
107634,2.4185026e-06
257946,0.024042528
915801,0.0125596
499556,0.12359831
299181,0.057245627
220544,3.3651304e-05
405582,0.23081213
977209,5.707379e-16
752314,0.022034084
868246,2.9044503e-07
176638,0.07838616
942756,0.00011071163
407549,0.5445715
722881,0.01306584
833856,5.961621e-09
972222,3.29909e-09
978826,2.2015738e-05
887897,4.3674772e-05
715369,5.80471e-06
292618,0.011839652
215398,1.0131994e-07
477141,0.000136099
870777,5.2475327e-05
531157,5.6958693e-06
572119,0.34798276
264983,0.0021127919
451956,0.17497833
239315,0.0003899195
858939,2.2880436e-06
927742,0.026519464
292069,5.6493715e-08
868703,1.8899561e-06
538852,2.2772694e-07
988348,2.0158827e-06
232487,2.307738e-06
257220,0.06455839
470208,0.0005896585
663511,0.00095397973
794663,0.0011995821
387860,0.054201223
113489,2.2131515e-05
114319,5.867501e-14
821648,8.804692e-07
809784,0.665761
119036,0.18607597
331537,3.7951366e-09
232099,0.021555942
935238,0.0020161238
871521,1.1145125e-06
979589,0.08662721
410425,4.5592504e-05
947158,0.00016023661
583690,0.0015002807
239883,0.0044167503
433660,3.3416763e-05
507917,3.5702724e-05
493553,0.021919984
481271,0.034612056
421936,0.00081289466
106213,0.00016883538
552325,1.06743955e-05
493087,6.7751155e-10
543664,0.03529725
703491,0.0026827843
646193,8.5547515e-05
234379,0.00061168015
238261,0.2271349
249208,0.010003854
740362,0.037337728
803176,0.0008876645
310128,8.3635176e-05
747541,0.00017434506
612892,4.2801776e-07
922352,0.003070135
578375,0.0055164103
284148,0.008629353
858722,2.2514898e-07
890291,6.377421e-08
812435,1.1025529e-10
109297,0.011801622
353321,0.0070377127
697747,0.06220991
544556,1.2497166e-05
230350,0.10868424
329446,1.3403443e-08
572586,0.193917
603280,7.50807e-10
240226,3.6517308e-06
121319,0.06565651
981459,1.4621456e-07
562065,7.4788915e-07
417986,0.10878867
955702,2.4569233e-09
840780,6.3860874e-08
206501,3.6217592e-05
660864,0.002869011
569326,0.0016714797
174566,0.0058767213
987469,0.061815146
199862,3.1999048e-10
577662,0.99986655
962569,0.13915786
979180,2.7687038e-06
782096,3.5489587e-09
181880,0.8680433
397366,0.00074349844
838360,0.00017090226
182609,2.8804301e-05
640199,8.448029e-13
600414,6.932706e-05
406987,0.94539064
307716,0.9220286
919191,2.4261477e-05
326624,0.0002923824
229545,0.0012701593
935182,0.16107069
156972,0.009062747
116400,1.2394869e-06
692782,5.8613995e-07
529863,0.00018482405
594918,2.2222383e-16
354057,0.001193064
974091,5.3788728e-05
149941,0.25176468
519435,0.0002142817
945116,0.03813543
448573,0.001976815
810461,0.0020562655
231264,0.035200905
908038,0.048100896
744149,4.833105e-11
824198,0.032786448
307003,2.0091613e-06
297223,0.0011036446
998424,3.3989565e-08
842566,0.101429306
199422,0.018849945
649532,0.067311995
213472,0.029981785
578773,0.00018234385
736418,5.905467e-12
711771,1.1135808e-06
767865,0.0004690896
939685,0.7198878
397472,6.9994824e-13
761794,0.0029833822
396657,1.6387643e-05
452447,1.8174256e-05
466355,0.00068814313
380790,0.00036998308
231897,0.0035259572
203013,9.161002e-06
620202,0.00904494
240231,1.2359652e-07
843478,0.65008944
483254,0.0036085562
554355,0.06853911
100114,6.990769e-05
748673,9.98009e-05
942572,2.7448386e-05
661062,0.07006726
234910,0.046744652
196491,9.455642e-06
150882,0.051512174
931219,2.8853927e-05
429305,2.9680981e-05
332480,0.0023552845
798982,3.190763e-05
276036,0.0029089544
335639,3.520908e-05
307246,0.027048985
570573,4.8389697e-06
524748,0.015879283
823582,0.6597846
753467,0.003632689
911623,0.0013489783
545742,0.001964813
810224,7.7659235e-05
927581,0.85498875
989505,0.009317193
798693,0.79643863
961749,0.0002705826
283820,0.0015800566
639172,0.020075992
425742,0.00017513182
404945,0.005247676
771527,0.021153517
953896,1.4711125e-07
746521,0.432329
884277,1.3381445e-05
921896,1.7875609e-05
384240,0.00034212935
390201,0.0055141714
712373,0.0021606474
254140,0.0043592495
581163,0.0019525012
694004,3.741479e-05
692921,0.023893451
337150,6.0173356e-13
743335,5.419889e-05
251248,1.9214174e-11
971008,0.0056470204
317973,0.022638274
620225,0.07569194
562480,2.3285424e-05
989070,0.0024739737
252430,0.21889809
506400,0.23021169
684140,0.0006954551
130637,2.211706e-07
151402,4.3429067e-05
731556,0.00067540084
912408,2.5187087e-06
186878,8.86218e-05
508870,5.2734237e-11
824316,7.563561e-05
843619,0.00014130553
619705,0.0006500238
692136,0.0017522364
919750,0.64922094
145865,5.8603655e-14
990496,3.970003e-08
720690,0.01769041
655386,0.0012028832
401792,0.0001444782
113660,0.5828016
228175,0.0024543786
604797,3.3100855e-06
922283,1.693625e-05
945316,2.6018548e-11
287584,0.00017145983
939481,0.0017037569
583610,0.051762126
594673,0.007965653
527090,1.1046304e-06
323311,0.01671582
532560,0.006356425
453623,0.0013231612
204624,4.5672597e-15
909005,0.0012136919
194575,9.9593805e-08
478043,2.169822e-11
158484,0.1407362
240385,7.162561e-06
206318,0.0117414035
116284,0.00021334087
964029,0.99528974
556909,0.00015981239
421571,3.776124e-07
296611,0.0006714874
228751,0.02715522
355682,8.761489e-06
811206,0.00014179698
177020,3.1321958e-09
514663,0.00029911488
471851,0.0044173044
853624,0.011150595
167461,8.600288e-07
246289,0.9992361
188061,0.00041765143
764977,0.013943675
781771,0.0036622714
768119,5.172792e-05
456518,0.00021067483
180215,0.0012213733
829710,0.0028845996
621391,1.0859698e-06
906293,2.5775802e-05
956273,1.7453137e-06
224347,0.015421967
581833,0.0002412611
171848,0.00029371955
837887,2.3969133e-07
285612,2.4004756e-09
651960,0.28546074
233128,0.09368109
972673,0.9911407
617871,2.1300439e-05
624400,5.61404e-09
908312,0.07213055
469542,0.010321352
477686,3.7235665e-07
797880,1.1454351e-05
534932,0.0048951055
916368,0.03581927
391715,0.011545013
261920,0.00083273416
461263,0.002767301
441245,0.0013883752
549955,3.432836e-08
583531,0.00019193668
593895,0.004840538
599615,0.0002509505
333410,4.0922245e-05
393039,6.5456754e-20
280194,0.0031122821
993920,1.0895095e-08
992461,0.4656931
437489,0.0014548858
172184,0.00011844751
582705,9.103129e-05
937455,2.9305505e-10
490118,6.557179e-10
617978,0.23922555
706739,5.6033446e-08
926605,0.25111192
828440,1.926442e-06
612028,0.009220288
807336,0.0944898
106003,8.245376e-05
292194,3.753358e-05
853238,0.09178551
849115,0.068596385
704728,0.0023424323
488294,1.8652175e-06
237251,0.0074697384
336824,0.004094063
708517,0.0051694578
214231,2.5188747e-09
146266,0.93796754
734670,3.5176177e-07
124185,0.15541175
294607,0.61908495
220059,2.6519297e-06
959075,0.03787293
393661,3.3243283e-05
626038,0.0010514486
485251,1.0742739e-09
277774,1.1353006e-05
276879,1.5767178e-06
512188,2.4404406e-07
203304,3.1230313e-05
326433,4.581234e-05
208623,0.0005867528
576619,5.5274018e-06
936183,7.4466902e-06
139056,0.0038697568
889659,0.6376232
912076,0.9946577
970111,3.130157e-05
595043,0.99785006
436301,0.080807514
166443,0.0024822108
575575,0.40151098
811942,0.9038211
778514,0.03315787
246630,0.0020415168
589830,0.0008184902
276262,5.376795e-12
462364,2.723757e-06
646636,1.4025989e-06
848063,1.0894359e-05
190799,4.58443e-07
851320,0.0012588109
991378,1.0131712e-05
114073,0.027307274
763755,1.0224889e-07
384223,2.2966339e-10
924034,0.15635946
876499,0.0010533299
332578,2.414593e-07
592909,2.7530166e-19
301872,8.256097e-12
128564,0.44370747
744295,0.025187263
970759,0.00030266217
775680,0.00093811605
183916,0.1176471
335095,0.0015379699
260972,0.09511114
138591,8.953444e-10
277147,0.00018226528
414921,1.5561309e-05
773353,0.00013335705
380898,0.0014161392
763274,0.006045352
567866,0.9985772
277269,0.017719898
996647,8.029042e-05
990234,4.9749062e-05
493943,0.011888699
337375,1.0060186e-07
731635,0.06967877
955302,0.024275064
348042,0.0016907451
132867,0.017188996
463342,0.001179448
274975,0.03270086
661791,0.0075818542
702516,9.548846e-15
946812,3.351582e-07
410655,5.838356e-05
366427,5.466387e-05
321542,0.0006293464
382421,9.927821e-08
105512,2.7787476e-06
554337,0.015185204
477788,1.976973e-06
751453,0.010571462
641022,1.2883772e-05
677704,0.5849509
200647,2.9379922e-07
431446,0.00075288967
378151,0.3314058
430403,0.0002571871
103299,0.013355643
527169,0.0011261628
453775,1.0229127e-10
245033,0.03222252
255838,2.9426952e-09
861273,0.0017672426
551578,0.0049629565
682038,0.0006812127
381492,6.150357e-05
985274,1.9875511e-11
280482,0.013609053
538839,1.4409732e-06
240957,3.534414e-07
713190,5.0025917e-09
660450,9.4971336e-11
642465,4.5163216e-07
810636,0.009982017
822689,0.023527713
433005,6.0648745e-07
703155,9.576559e-05
257057,0.02864096
456554,0.00014407646
746116,0.9975191
712488,3.5649591e-06
552895,0.014153644
234460,1.1195666e-08
665665,8.625114e-05
148367,1.5062274e-09
330885,0.96803373
420186,0.00033131498
257498,6.6985106e-09
148661,2.304037e-05
351717,0.00019427021
576107,0.0075591127
777652,0.006127194
315043,0.008684441
815773,0.0013214906
718439,0.5860952
984482,0.00094642036
629598,0.0021953355
174422,0.12612842
394234,0.0009397455
850140,0.96053064
393846,0.00020953236
959528,6.6929333e-06
471408,8.6601595e-08
158245,0.056000363
896328,0.9951868
969380,2.9778254e-05
594183,0.0003500433
426750,0.0018360888
448666,3.5999598e-10
968480,0.0010295371
592496,0.99740565
226978,0.00029924978
354499,0.0032316286
192469,0.0063315523
681018,0.0006069732
842625,0.0016269276
401190,0.018744677
465965,0.005749857
225479,6.1164283e-06
709017,0.002884316
891858,1.7883933e-08
830886,0.9194984
390147,0.00070364383
500908,7.350188e-12
339142,0.00229327
294127,0.031486988
864064,6.435875e-05
286944,2.7351114e-06
345508,0.04816707
402343,0.0034623737
413758,1.0767793e-08
898217,0.008415558
607168,0.0057715587
368580,4.6655012e-07
661657,0.4173196
425593,0.0010654324
595679,0.06111427
250054,0.10664584
895815,5.018811e-16
816078,0.0013848995
270934,1.3205109e-08
296609,0.0017795472
302390,0.033508364
870862,0.00040524895
357208,0.00010995025
117992,0.0059356536
654471,0.17653728
553046,0.009776275
576670,1.8993229e-06
553706,0.00016625965
461513,0.009580009
663103,0.05282443
133996,0.30638927
477922,0.0036902803
719999,2.6460257e-06
636641,0.013174459
240135,0.16662867
877339,6.438373e-05
401209,9.846084e-10
645725,0.0010849227
322381,4.2838715e-06
953948,0.019455057
533376,1.9088515e-11
545058,0.0012705089
337896,9.9054645e-08
546764,0.0037806202
611845,0.0017959678
896994,4.938101e-06
895240,0.27796227
910152,0.05625353
424394,3.9970973e-07
578710,0.37331453
130286,0.015711788
933445,6.512919e-06
444630,0.21093003
689526,0.00010220547
452010,1.9948551e-10
416789,1.2572267e-08
676616,0.19224867
988479,0.022789987
967137,0.014138362
985556,0.000107548956
589597,9.093307e-05
788918,0.0025208537
317800,0.00017663329
801298,0.013831649
364698,2.401357e-05
227866,3.3361488e-05
851289,0.00021882339
712733,0.001943925
824308,1.8061306e-05
167326,0.00013796579
232766,3.2887062e-08
152816,0.0028107667
623207,3.6844655e-10
632602,0.0054774457
208958,0.0052551418
836214,0.47309726
778957,1.3306393e-08
539873,0.9983402
628464,9.866508e-06
255387,1.32646385e-11
538015,3.4448043e-05
213753,0.11961274
615783,1.5014716e-06
480965,0.011443126
116376,0.14724642
913371,0.86923367
478553,6.686894e-05
254568,1.4469014e-06
316096,2.2448474e-05
418866,0.0001582502
578595,0.0012423281
177167,0.022800837
602592,0.0065170564
399297,0.8643731
601298,2.9069632e-05
356230,3.625408e-06
943191,0.00017902149
562581,2.8727847e-05
338664,0.00021736651
558023,1.3068749e-06
971024,1.7374227e-07
789577,4.9283994e-05
748856,0.9131719
273063,1.0511902e-07
543911,0.047199722
386559,0.9751138
494721,0.0013089798
791550,0.018090747
678718,0.008007417
684478,0.012431861
883012,0.9051661
937288,0.01721831
362687,4.848343e-07
617386,0.9051522
668380,0.0024751532
457738,4.9665985e-08
451511,0.99356145
396959,6.2015795e-07
246501,7.3692113e-06
216966,0.0005600455
837550,0.010266534
807337,3.4791468e-17
940206,5.498863e-06
902172,0.3039535
535284,1.6409973e-05
593915,5.291578e-05
154712,1.4405291e-05
199270,0.009377101
660379,0.9999327
108962,0.48566216
869580,0.00013935223
975830,0.9664904
749251,6.403533e-05
124586,0.4480155
855251,0.00014558912
112906,6.071581e-08
752181,0.00023120095
476913,0.0003651256
851545,0.95815474
996737,0.0022981784
281654,0.064253904
298025,7.4103376e-08
803136,4.2422023e-05
245161,0.054662194
100499,0.058766164
654769,0.0014435471
487473,6.028251e-08
406040,0.09249103
440717,0.0034054413
436394,7.866359e-05
403307,2.5821635e-05
964877,0.014973065
648169,0.0009196987
384542,0.0024760268
778109,0.51042116
302867,2.2722876e-05
600626,1.3929504e-09
673483,0.37940446
218910,0.004917179
861265,2.1505564e-06
322632,0.00085104926
405918,0.0038369515
682275,0.0006423534
363565,8.170747e-06
288336,0.00040545507
681557,0.0026631805
393719,0.014064268
431217,0.00026600977
273798,5.385555e-05
535895,1.4650835e-05
263224,5.5617447e-06
589001,0.3363809
182910,0.4461495
331673,0.008709495
556720,5.177686e-06
300426,0.00027897223
289821,0.010019628
257453,0.023408368
153225,6.238477e-05
430198,0.00087607803
348223,0.62750506
723731,0.004913056
272940,0.013645817
848792,2.9130476e-09
705584,0.0025209337
145884,2.4217268e-06
613142,0.0051811957
299992,6.772447e-06
132161,0.14875872
707840,0.016519
603711,0.007419143
168318,3.5544183e-06
833453,0.15986855
983832,0.005478521
236503,0.007973845
316999,0.0014239537
834327,9.654428e-10
475248,4.57294e-05
964010,0.0023009067
820832,1.8102165e-12
405531,2.6126785e-09
905560,0.007670196
843668,0.012069701
958552,1.0214232e-10
238914,0.0039000693
114828,3.540215e-14
839712,0.02535552
986131,4.7055837e-06
291861,0.11146562
779486,0.3547744
902703,0.018180475
158775,0.002357217
994677,0.00012061203
129823,8.695401e-05
761467,5.78482e-07
721899,0.9900128
774068,7.4328264e-06
108947,0.0149106085
528091,0.0013180685
684477,0.00073753763
194659,0.0022283301
886964,0.02820195
431674,0.00017614385
819115,0.03396112
328569,0.00013113629
167282,0.10510879
115623,1.6111658e-10
802432,0.080295034
277344,0.0019114091
138546,4.928028e-05
334714,0.0065112216
286782,0.07315351
996959,2.2696318e-06
226262,0.046863195
444819,8.959252e-10
751622,9.414724e-08
475133,0.03777039
733530,8.293836e-08
883799,0.0013555805
566543,0.20917942
863118,0.0034184223
633480,3.8388578e-05
686264,0.0081765335
776062,8.6847973e-10
519445,1.6831497e-10
912564,0.8943637
117822,0.015513492
632230,0.025963774
383311,0.96634907
326475,2.0507386e-24
762641,0.0010034656
760308,0.0020384765
870378,8.827993e-10
461422,0.0027997845
568881,9.078163e-05
898888,5.565638e-12
391044,0.018486777
472285,0.00953682
992450,0.050961882
546268,0.071827106
586479,0.044051696
886217,5.393791e-06
914865,6.8378385e-12
430917,0.0006318616
733230,0.00045938804
619825,0.09625338
697190,9.971287e-06
140337,0.01125502
357323,0.05853489
589275,0.00032894537
421073,0.23519501
412272,0.00025709491
443261,0.4797232
223151,0.0014204438
876989,0.10946751
726801,0.73952675
644629,0.007511061
874595,6.8596e-05
610647,0.023208521
207992,4.127888e-06
107302,0.016322087
710589,2.7327258e-06
802041,4.1185445e-05
624864,3.941837e-05
282357,0.008097395
872533,0.01855527
728200,0.00043022062
203050,1.1077456e-12
558155,3.2282696e-10
622413,2.8088503e-09
635106,0.11080445
979313,0.0019669216
364253,0.008344991
979227,2.2301032e-05
464772,0.001276681
140989,1.0772006e-05
738575,0.005712802
267837,0.00037996442
980641,4.2217195e-08
432375,0.00038021352
995038,2.1562315e-07
575907,0.0002453157
690990,0.0021091758
921884,0.43428248
446158,0.00055634277
799440,1.3906975e-07
165998,4.2041495e-10
431328,0.00024662146
635964,5.339029e-07
794888,0.0015035757
572035,0.9992667
944965,7.9276346e-05
404628,2.876396e-14
481015,0.0008822242
847785,0.014186337
547611,0.00020565726
839850,0.037579358
583000,0.00028539627
896645,0.00017850961
548270,0.09958606
654122,0.005957507
886185,0.54933757
592839,4.992589e-10
886778,2.4635092e-06
844543,0.00038005447
778012,0.014749555
166121,4.4968327e-09
230489,0.3967293
571897,0.002523219
767370,0.010804909
698377,8.635995e-06
330147,3.0492636e-06
504782,0.018112116
646864,0.38874143
667116,0.00097187236
289538,0.0018576354
675282,0.0008629226
532110,0.01115808
336741,2.4555791e-05
227174,0.0026009667
919803,0.00015976121
393628,1.8091818e-11
725710,0.23807596
540065,0.08852714
359455,0.005996867
456511,0.0004596611
917170,0.058241896
647384,3.9748287e-12
108392,1.951144e-06
294726,2.1809118e-08
738904,0.016215447
394398,4.3885528e-05
576692,1.8894947e-06
326344,0.00014472348
884321,0.00051118876
254409,4.3917207e-06
386091,0.10627407
993983,0.001804644
102738,0.013569538
881327,2.2842547e-05
216258,0.00015625509
880725,4.1485305e-07
715737,2.1901643e-07
432349,0.007593211
543580,8.193868e-06
409273,3.8065568e-06
561617,0.00010323955
614445,7.808459e-07
458732,0.16141187
263532,0.007352345
252194,0.6147778
109767,0.0019416331
808935,0.9965924
639875,1.16089595e-05
318234,0.0015959266
111999,1.00710146e-07
492398,6.0505365e-05
974615,0.001977052
901384,0.10165361
640691,5.898138e-05
986035,0.0052989614
590770,0.033231307
330140,0.5362101
175351,0.011199742
627044,0.0006128443
204000,4.5766325e-07
929510,0.016288055
372264,0.0506074
650760,1.4875533e-08
530855,0.48116288
937545,0.008275984
889474,3.4461057e-06
410892,3.036059e-10
389724,0.00015273398
724750,1.9107558e-06
119540,4.1414965e-18
605972,3.2655538e-12
469644,0.15356916
750429,0.0142150875
111920,0.008001189
947151,0.0013474842
392813,0.027024893
482358,0.23850921
299320,0.13694422
315485,0.00087548763
543959,0.0012996751
845378,0.24587855
837897,0.0032413753
679638,0.06276686
192199,0.0017374742
846541,0.030047983
601960,0.039344076
428227,0.0001887764
451885,2.7071445e-07
764116,0.013095602
104065,0.0022977784
219183,1.9571413e-05
370307,0.22150013
639717,0.026365839
913722,1.0936551e-07
995410,1.7314693e-05
531102,8.579636e-05
285671,0.010661249
604275,0.027627178
492200,1.1910293e-05
646739,0.0002569496
599624,0.21011823
621212,8.140228e-06
469988,0.039301462
574841,0.0005339506
998153,2.0648327e-09
481475,2.2001604e-08
430972,3.3776105e-12
112003,0.0808214
752959,5.0831122e-06
710250,0.00038357783
670946,4.9186615e-06
342598,0.02180328
380908,4.360087e-07
745028,0.99964535
997105,1.2603459e-05
158940,0.0016935418
639824,1.0709539e-06
967553,0.0007669682
353461,0.0016859302
501819,4.33034e-06
684453,7.450584e-09
779375,1.8957684e-10
565899,1.4237028e-07
607887,0.0041124146
873845,0.004120707
511729,0.000117436466
439939,0.0009726714
278161,0.00037589058
611034,2.1407707e-11
368271,1.507356e-05
792844,0.12729925
405312,0.26216817
166949,0.000118776545
928251,0.002568346
560090,7.1523765e-09
769268,1.0436121e-05
436694,4.770737e-07
523496,0.6785345
892934,0.00780532
495557,0.065227255
304912,1.7484123e-05
562488,0.00029235595
169802,0.00051118655
690697,0.0037640687
796370,1.3637508e-05
551055,2.4751742e-08
558685,2.2200257e-07
550257,0.003388071
413089,0.00047878697
713118,0.6641433
721541,0.007959976
427331,0.083043665
363124,0.00018308654
296131,0.008641562
665548,0.034705505
560938,0.8876685
983026,7.146019e-10
877402,7.678857e-07
493496,2.9634695e-08
448097,0.006469022
211234,5.2956466e-08
305304,0.059682995
376767,0.0007076026
194951,2.3528854e-11
121560,4.606866e-06
695621,0.0066604107
844299,0.00015509133
604596,0.0048073726
761800,7.028141e-05
562958,0.004462963
745140,3.105325e-05
159811,0.0113693075
985101,0.47554633
229108,0.34031364
545697,1.72294e-06
556524,2.7485498e-09
956767,3.4964737e-06
429871,5.903018e-07
613665,9.329649e-13
621300,0.8191567
586754,7.7427006e-07
790077,2.6961914e-06
246077,4.0330356e-06
341097,0.8246862
222655,0.9473778
494823,0.0021562846
780841,0.034842823
169886,0.44072154
843302,7.471843e-05
752967,1.0519684e-07
792144,6.269525e-05
966399,0.47534353
656378,0.0013886999
415842,0.0059274216
717408,0.015619244
201497,3.9497925e-05
288745,2.365659e-09
455002,0.0001804057
522495,0.012179691
105866,6.008553e-08
780212,2.4226845e-05
459948,0.000121451405
683206,0.26650798
551549,2.0809986e-10
156018,0.0012838166
651984,0.006841532
487968,0.16731715
678319,0.00661832
879717,2.2420884e-06
222851,0.0055943695
391629,8.9722146e-10
622997,1.0
474464,0.0075637638
236397,0.55246776
502408,0.9962398
163202,0.9327552
500967,3.3447163e-16
251319,1.5925923e-05
909476,0.0008833454
114624,3.6847992e-05
197330,3.436288e-08
475141,0.016530277
936662,0.0013691997
560126,0.0015038279
618288,2.5149163e-06
919273,5.3552063e-05
711228,0.9999983
765006,2.8120357e-05
317903,1.235183e-05
485692,0.003124817
581026,1.3301087e-06
335583,0.031890854
348005,8.7227613e-07
987818,0.0055586374
600726,0.035362173
638440,0.009536239
566563,0.87950253
969263,6.610356e-05
670373,0.003627406
540338,0.0058993404
446023,4.1149587e-08
839629,2.5699876e-07
985482,0.0020478403
720988,6.534036e-13
344145,0.99945265
251345,0.47589967
800385,7.3607407e-06
284887,0.001089076
182593,0.007244699
588338,0.3914537
555700,7.023517e-16
196389,0.060987566
176356,2.3012434e-09
488066,0.00010114024
482766,0.014103923
911202,0.14540412
172951,6.5032015e-09
810774,0.42737043
244372,2.4242063e-06
340295,7.7001766e-14
483660,1.7534862e-18
284150,0.022103261
570002,0.0038230487
905734,0.0013483868
339326,2.146615e-07
331205,0.00437536
240077,0.045440957
719803,4.05415e-07
794302,0.00010348774
630836,0.0005228265
552366,0.16331327
177679,9.112963e-06
329351,0.5415972
581216,0.03961623
686951,0.00014491998
327452,5.3988033e-06
167366,0.000102953076
350157,1.5233661e-06
940421,0.00918278
267027,1.7963314e-08
631925,0.0100237215
358225,0.014292617
197688,0.008991506
388779,0.0014120023
264397,7.0253803e-12
792733,0.061283696
587082,0.001515264
436887,0.0014687702
231557,0.0013243047
435658,0.000102625796
709525,5.8876754e-08
151627,0.15038267
968477,1.0988584e-09
457140,0.12717567
364386,2.5498284e-05
787514,0.005323477
310380,1.6336224e-06
123170,0.080768965
298683,3.1143375e-06
719871,0.0018180409
756293,0.00046307547
449140,5.5818305e-06
268478,3.6083063e-06
459840,0.0021391108
946609,6.580516e-06
665222,9.022793e-09
496344,0.0031882504
525374,8.4396204e-05
820255,0.0026470923
609164,1.0369167e-06
399611,3.2803978e-06
150869,0.0034281728
472238,0.00022358769
784694,2.2621182e-06
292680,0.10414293
739979,0.000116793875
578116,3.941156e-07
820296,0.12836598
963015,0.0016688878
466414,0.0028137073
243897,0.00451012
326487,0.19382544
645229,0.05482319
539139,1.6121809e-09
390817,0.007881419
936820,2.0052744e-09
158144,0.0002201869
462761,3.1299162e-08
391121,0.06304661
826748,0.0029832546
363672,3.2308035e-05
177584,1.7267431e-06
987094,2.0175877e-11
394768,0.00016207347
689237,1.2856307e-11
300034,0.0024013584
769009,0.5356432
574431,4.7801568e-05
837562,0.24123482
261077,0.09222843
403032,0.013962825
933292,2.8006677e-11
696232,0.1866617
495748,0.14258696
659376,6.2319465e-08
291788,5.692126e-05
228286,3.3383186e-15
868609,0.05625782
964795,0.0013562165
541920,1.8331211e-05
513809,1.2325005e-06
224928,0.0036190401
422950,4.8159422e-06
666535,0.001844782
670364,0.0015750013
513458,0.58342725
442493,0.00012600631
531632,7.643931e-09
395525,0.014568279
505166,0.05520263
317190,0.024487112
288046,0.0020304816
245500,3.3833916e-07
335454,2.7182196e-07
471758,0.0073897606
338026,0.0012866007
166167,0.00012582117
280635,1.9387355e-05
211300,0.9776093
542784,4.067468e-08
394939,8.2494655e-05
325657,0.008918224
207710,6.499283e-05
737591,0.0045940992
104040,0.89483774
346154,0.00048726966
950192,0.029688308
957124,7.8763645e-05
659424,0.00023416463
399041,0.012319594
935176,3.3526314e-05
658680,0.0038843916
494783,0.0076278746
312641,0.9999952
256738,1.1048527e-06
707988,0.9593858
826081,0.14567268
249560,0.79235876
290612,4.545692e-10
815012,0.1262486
525310,8.9259665e-08
282036,6.7016316e-08
731913,1.8015438e-06
547657,0.001058867
136943,0.1163749
251385,0.012623011
246584,0.00075848075
223359,0.09199477
974785,1.4690765e-05
611992,1.7907443e-09
730247,0.006435284
622494,0.011399899
209060,4.4731266e-10
939927,0.0014093234
388928,3.0245789e-18
603035,2.5976847e-06
926510,2.8591484e-07
896650,1.7817388e-10
304660,7.219797e-06
404726,0.17056492
997426,1.6032635e-06
948690,0.33572495
480855,1.3662516e-07
244045,1.0356592e-11
484478,9.3473915e-05
931836,0.03128877
656190,3.3642177e-08
366235,5.2517503e-08
616271,6.1164246e-07
295453,0.08351471
170901,0.006882001
778714,0.0003922814
524762,0.01929248
955566,6.47527e-07
361386,1.5271976e-09
533130,0.0003569523
616359,1.6735667e-08
418819,0.00067386584
396076,0.0027708206
312247,2.6012913e-13
755885,0.13806792
555967,6.275139e-06
278263,0.0012765537
321153,1.4486324e-07
122317,0.025481628
635156,0.002788918
248448,9.685311e-08
935615,0.07535491
531641,7.661996e-07
495320,0.09256015
343219,0.00014289015
263121,0.011900895
616892,6.936172e-05
924933,0.10050189
378771,0.005308878
139366,0.0045231017
900505,0.004516781
634779,0.0025365688
372189,0.026475482
609321,0.00025578882
204721,0.9956581
801175,1.4227762e-05
283803,4.7222632e-11
155870,0.0023244957
410637,0.0079792105
208300,7.2856024e-06
517481,9.174256e-09
469719,0.13771893
521577,0.00010444234
737299,1.8324689e-06
928983,0.00020133964
260357,9.420059e-05
172767,1.0
378459,0.010797904
844891,0.0031044213
925509,0.948016
168475,4.1667815e-07
211574,0.010347224
212363,0.0016765805
900827,0.12071266
116645,0.011203385
190365,0.018543951
860832,0.0072842767
533236,5.211972e-09
799480,0.55846447
512619,0.001159073
256710,0.00469872
117592,0.0003606413
964741,4.4641132e-05
383503,0.0011295774
125117,3.792758e-06
565357,0.00031533348
568381,0.99963534
440083,0.4131111
502473,4.3262e-06
931744,0.00022358513
553154,5.536194e-08
974431,0.0003625811
334035,0.024630344
854591,3.0259556e-05
268320,0.031364314
179740,0.00021862109
646932,0.032811016
563918,0.13895988
520952,3.1645843e-06
651569,0.0015928707
401470,0.0008794863
508164,4.380455e-07
266765,0.0
228905,0.00063205685
458204,0.02356725
853928,1.7962213e-05
300760,1.8032026e-06
649033,2.0711297e-11
781186,2.2542042e-06
459029,7.3466e-08
610704,0.00085973
384443,2.661104e-05
756305,0.010659318
605088,4.3416396e-08
192822,6.6417983e-06
467850,0.0001456145
629116,0.106116794
604332,3.7666247e-08
520310,0.00019851289
410939,0.00022198434
251752,0.119799756
383623,3.1922431e-09
793097,0.0015049238
287686,0.006360035
927072,0.03133274
402138,0.00027364652
668983,0.99732864
642183,0.00069704524
371816,2.5447915e-07
703269,0.010233722
360931,0.90470004
218985,0.042307477
663599,0.15626575
135124,1.8890203e-05
709428,6.381168e-08
332191,0.0013110753
665880,0.0052906186
398716,0.001482117
885841,0.000569944
903210,0.00058471144
711142,0.24949482
446189,2.9381281e-05
149614,0.00045650193
394116,0.0007461367
646767,0.0027400048
838355,0.00062065566
565393,2.6841573e-05
655240,3.696864e-09
878030,4.332803e-12
979610,0.99706274
770868,0.17173924
786967,0.8501616
267322,3.538117e-06
539050,0.0004901579
246007,0.014182243
229814,1.666241e-12
304412,0.00037462276
746569,0.0062922244
473439,0.0007655702
444987,2.2835096e-05
169481,0.008683994
173543,0.9924304
902284,0.0005232186
667915,9.704732e-11
544652,0.5213568
863301,0.045370106
255245,0.00087606645
209867,0.010787813
233723,2.3400065e-10
140842,0.0030002769
292684,0.0008665538
229106,0.0031843612
125334,2.5194569e-12
456594,0.0004182993
589024,7.430307e-12
878695,0.016310256
829456,6.295159e-06
318356,0.00044326662
459641,0.0068148854
920623,0.04785273
438907,0.08944959
256604,0.0004449935
413390,0.006135548
526388,1.9156703e-09
949078,0.00017267063
851023,0.9984298
291748,8.1179585e-10
866645,0.044057038
132231,0.45970362
568437,4.2060203e-13
472292,2.0359062e-06
124335,0.71469986
614767,0.0001324047
743251,0.0045338124
546910,0.019457268
247536,0.32875276
884369,3.7253105e-07
787988,3.8353295e-07
574443,0.0063874125
188293,4.623e-08
280079,6.742925e-10
218223,0.00044717026
844520,0.013723125
654738,0.023939442
649486,0.016834177
319856,0.07131642
217463,0.004310977
301310,0.00016741041
614444,5.4048205e-06
386211,0.4092652
950370,9.7144395e-05
724497,9.3796444e-07
473230,3.944356e-07
589074,2.3587732e-10
319219,0.0133653665
841919,0.22592671
134788,0.00361496
149055,0.00018636983
308980,2.087106e-05
239385,0.00015429348
613848,1.5945141e-06
378012,0.058966108
998499,2.118601e-10
808639,0.011672051
634974,0.79185474
138263,0.9977791
605535,2.0235198e-06
367281,0.0012381043
432314,0.5759475
713102,0.0075402157
194442,6.532713e-05
525790,0.019483557
390489,0.0012263721
112839,8.574587e-09
206377,0.17742547
747738,0.00010153868
129511,0.0024282618
671262,0.0032067357
539765,0.0546774
917859,0.028707478
986176,0.08720673
323129,0.24617782
401068,0.00011197936
544978,0.00026572158
223133,0.005007918
343847,7.796772e-06
328006,5.8237225e-07
989076,0.0055167717
367075,0.099653594
529402,7.4557823e-07
890647,2.8349436e-09
958509,0.002278179
548200,0.355066
922741,0.00044259825
366335,0.011500017
874234,0.7391503
626838,0.6378474
323830,0.6278668
672243,0.9309637
218514,0.67512065
922076,2.2791032e-07
689873,5.227175e-05
598600,0.0009763299
256254,2.9074956e-05
300285,0.00929284
541579,7.6266086e-05
546930,0.047292423
727226,0.030525114
713780,4.754637e-15
818300,0.009245199
717482,0.00018445433
900668,0.0001882844
611525,4.062653e-08
554476,5.980321e-09
618663,0.5231606
302696,0.00019100467
403432,4.692381e-12
584853,2.0847328e-05
201623,0.99922
422218,6.53399e-05
874685,0.46307826
524571,0.000931108
614423,0.0011670853
435738,3.154839e-05
476868,5.2727045e-09
373483,0.037865415
515673,0.95456046
946291,7.422352e-05
172728,7.259566e-06
918938,0.00017381077
754734,0.2403361
299916,0.026180921
889045,9.301926e-10
211106,0.039674073
106442,0.0005126748
129244,0.022975687
539140,0.0029037986
285460,0.03131181
736120,1.4436513e-06
947831,3.9649407e-08
740030,9.3166506e-07
996433,0.5892429
445985,0.025556946
473998,0.07821
617921,0.00337582
560254,0.14575472
819761,0.0013802685
949143,0.0026712883
878794,5.504952e-07
784733,5.941092e-05
434170,8.969792e-16
161533,6.213648e-05
300353,9.300902e-07
918814,0.004002218
182386,0.0009193154
773209,0.078520216
681057,1.2636986e-08
207727,0.0021187519
824136,0.6913378
507399,0.052998614
218606,3.988431e-08
593969,0.019627258
800171,0.0086807115
697063,5.9743616e-05
118118,1.7210846e-09
110376,0.99654984
585843,0.005326986
717506,0.0027311253
141312,0.000104949606
986951,1.894247e-06
540977,0.006477572
589945,1.5304241e-06
275582,4.157793e-06
113450,2.7423566e-06
494549,0.994596
753138,0.0058482974
884993,0.24606603
247842,0.00014327995
810779,2.3923315e-08
772221,0.6842444
279266,0.019392557
182938,0.25629926
582702,0.012858915
877099,2.5250526e-07
451898,0.00046807126
386086,0.021699695
457567,0.0126729105
946217,0.11945737
333465,0.0040457807
915092,0.15987746
586559,0.00019400401
121174,0.0010224438
861287,0.03606029
213153,0.00014741911
132840,7.5338794e-06
651061,0.001581055
671029,4.385024e-08
227880,1.9453808e-05
921455,1.3184493e-05
421806,4.49259e-05
856127,0.0024993243
373033,4.2212082e-07
803004,0.012277877
371469,0.18743315
891727,0.07061395
193825,1.6365645e-08
969504,3.8815265e-10
769076,0.000534568
282935,6.269983e-06
707341,0.00039403545
284617,0.009251657
314266,1.6334542e-06
823449,0.038199082
884180,1.5800744e-11
729500,0.998159
429763,0.37776327
327999,0.32009858
751992,3.6689922e-05
136445,0.024518816
490936,1.6312315e-09
111688,8.350768e-06
706165,2.0643125e-07
494595,0.0026483652
110335,1.9314368e-07
187258,0.0023348015
887211,1.557919e-09
319240,0.06644221
733372,0.00026097623
842270,0.02641541
900233,3.5836852e-05
979294,0.96371657
679519,0.96563417
447707,5.0199364e-05
307891,0.06643883
629952,0.00046800677
447902,0.00034727628
920325,0.015618902
953830,0.004513028
464064,0.00013014296
495577,0.0074803545
525453,0.002168646
400668,0.0007635899
522649,0.006786886
162625,0.00019873676
945397,5.396876e-05
774342,9.374821e-06
653283,0.6498719
191042,4.7390263e-06
621749,0.9852189
256964,5.711546e-06
174681,8.711047e-09
137214,2.4181228e-08
247768,6.0589365e-08
576864,0.0010769063
569738,3.2304037e-08
580626,0.0015381384
607019,0.33627483
803348,5.2078144e-06
188261,0.0016701887
166402,0.019797778
946921,0.9800369
676891,0.13987666
988161,0.31904086
338094,0.017211322
304494,0.0009134427
295147,4.6707544e-07
854251,8.9021974e-08
124391,0.001448572
605302,1.4579432e-05
724487,0.00044108237
964940,3.1585757e-06
532384,6.453078e-06
417213,0.72662675
210427,2.3052072e-08
171271,0.004546841
288882,0.00010236073
622405,1.1593374e-06
962863,0.00077512505
545038,0.016126877
959839,0.14648868
110854,0.08735359
357180,7.310599e-05
292359,0.89067364
633379,0.00023756053
717022,0.00020894183
484083,4.8348822e-05
434412,0.00014015043
730894,0.0041170926
997316,0.0050313235
775807,0.8494727
818024,0.14141972
235124,1.7525306e-06
328860,0.0021938588
823817,0.0039781714
284298,1.5137269e-06
795158,0.0061576213
297211,0.33535624
660276,5.0252007e-12
482221,0.0024598015
876824,0.004561389
215613,0.99986905
239166,0.1971714
806890,0.015526422
688028,0.0004377669
765900,0.0018590656
521633,1.4537982e-08
271810,0.012146598
986242,0.010088467
209977,0.0105794445
602859,1.5490642e-07
884040,0.00023417444
552823,0.0048549008
983410,0.048186604
836604,3.1766787e-05
839704,1.8156005e-08
234100,0.06350001
643144,0.8149188
595886,1.0909058e-05
406957,0.01121322
897946,0.0007814476
955014,8.586512e-05
417161,0.0033220646
349986,6.245271e-06
277750,0.0004679909
348103,0.000117172814
380631,1.4922101e-06
644686,1.1827396e-11
962894,1.1520772e-05
916200,0.004537634
563939,0.0087716505
342913,2.2955943e-07
106501,0.003003158
272266,0.013244609
516605,7.186115e-05
932771,0.5458956
461547,0.997856
921377,3.7871298e-10
241206,0.0003126063
557313,0.0061670127
167784,0.017265504
247965,2.3157013e-06
161166,0.009479362
161425,0.0008285013
420031,7.593231e-09
996492,0.006941546
395464,0.012551674
129985,0.03291326
734629,0.00082696206
536485,0.001024184
405044,2.9510613e-07
514394,3.175279e-07
562185,0.012053201
610994,0.0002987011
534085,2.693537e-13
113811,7.410029e-15
794036,6.460527e-08
564575,0.75967723
378747,3.225647e-05
538630,1.993496e-07
894605,0.000116517556
684512,4.022249e-05
641123,0.026209038
665727,0.0008677692
348950,0.00093146734
763901,0.17185035
739722,0.00038958495
300470,0.00044233
913970,0.99999547
686290,0.0005103873
283060,1.7499002e-05
824204,9.635296e-10
122863,0.9305124
495100,0.00017654253
522118,0.00053122424
172522,0.002287876
318152,0.8100818
796636,0.0060506244
202928,3.6169e-05
278019,0.00075686804
864961,5.4225737e-08
756421,8.549965e-06
482165,0.30547357
204147,0.011608376
513864,5.304014e-09
729145,0.002048553
929796,0.000876747
709871,0.06607187
686862,0.022185095
329101,0.00011720668
621924,0.00034799462
790667,0.0005959507
332160,0.03872917
439797,1.3183114e-08
589703,0.00017445348
613961,0.008076563
920432,0.0009371195
846949,0.14598088
630529,0.032192003
708031,0.021155132
850234,0.022150178
768679,0.00037038486
226179,4.5789785e-09
711435,0.008852562
432799,0.000121088764
479922,0.0025284716
386133,0.000113682174
105317,0.0097747715
994516,0.12870029
681298,1.1210834e-06
901709,0.5892325
898285,0.0049083764
708363,0.0024895915
432209,0.005870685
481663,0.99969864
907860,1.2645855e-09
667568,0.013698494
322981,6.7052893e-06
242563,0.15398021
964378,6.808485e-06
854783,0.99154925
991005,1.26247475e-08
993066,0.015685793
836225,6.623898e-05
839334,4.0275827e-07
519610,0.0023418753
433196,0.00077414105
251690,0.001517622
661385,0.0010303103
485150,1.9102604e-08
645596,3.0125443e-07
237352,1.517087e-11
686612,0.007166513
415158,1.7129381e-05
843283,0.00014536438
691266,0.28619644
925183,1.8336175e-05
683210,0.007584341
900601,0.00016801328
545272,0.0016598158
179961,0.046609387
844165,0.001287836
760153,5.708021e-07
252923,0.6690537
901016,0.00035266165
131536,7.959045e-10
246854,2.1205426e-05
301069,0.014335952
666385,0.9285248
683292,0.037021473
524718,0.013991439
225267,1.8523302e-06
381092,0.0017500184
820889,0.00020749198
807609,0.029516308
282227,0.8714703
801066,2.889578e-07
317405,0.013208158
723912,0.00025624377
711088,7.5193624e-05
476151,0.010134105
407900,0.0005004606
772284,0.000653762
301983,0.9992493
637453,1.5733105e-08
500040,0.0002395996
549176,0.001468559
951762,0.00080999284
801872,1.3529538e-05
672914,0.008231584
655859,0.53703165
730810,0.19290572
216154,4.263746e-18
403047,0.019416612
664943,0.99977535
861812,5.4360376e-06
698657,0.00063445646
571283,0.010700485
665070,0.0024767383
383536,0.008483722
980982,2.9594607e-05
158262,9.531948e-17
882892,0.3158042
171864,2.5432549e-08
477559,0.0051634978
571895,0.0039477646
400745,7.3096024e-05
100407,1.23572145e-05
802650,0.00049454975
545813,0.0011439065
641480,0.032188833
699234,1.9629241e-10
348197,0.42106268
821042,1.8247612e-05
680474,0.00051976444
636461,0.00023755894
211831,7.425221e-08
684721,7.562255e-06
260184,3.631824e-05
873291,3.744877e-06
259684,3.4680845e-08
163137,0.00033398776
278020,0.00034298335
368766,0.41042188
327577,0.0023867823
953596,0.008409243
815851,7.345282e-07
343774,0.002824628
916629,0.29651216
164543,1.3298664e-06
661396,6.5338972e-06
936894,0.00119736
517182,5.309295e-07
850568,0.5916189
604543,0.033537332
401040,0.02338702
372365,8.892219e-08
868238,5.1318165e-07
731052,1.985911e-06
115106,0.0022749784
443734,0.7447082
159003,0.0090587
931164,0.023465728
903845,0.00044766755
130704,0.0029574712
679240,5.440285e-06
612658,0.0017726538
895424,0.911581
986699,0.00013543514
901844,0.04191095
592292,0.012747108
584337,1.7572636e-05
276110,0.15049203
618782,0.036338292
990021,0.00062486564
103101,0.12405908
249892,7.00541e-05
929971,0.31042588
659945,0.0022689458
877043,5.934973e-07
481184,0.0036610148
887326,1.6981676e-09
216658,4.2202863e-08
883344,0.02934502
866977,0.0003592913
406381,0.022962043
366316,0.99649036
661498,0.013593129
790417,0.0003463668
852910,0.0039841374
840682,0.0058506047
876212,5.95973e-06
786865,1.04476186e-07
350958,7.593843e-05
834881,0.21893203
535610,0.032824475
316616,0.00067000824
231935,3.650373e-07
691645,0.0013300725
488142,2.2054832e-12
917536,0.006368067
646700,0.032504246
892027,0.029811239
420902,5.6748155e-05
362136,1.6831243e-06
618515,3.2663816e-06
585824,0.0035393706
794318,0.0057767592
530114,5.5654765e-09
601873,0.28455952
799622,0.00131783
457376,0.078607775
229760,0.0018505977
537246,2.458255e-05
403920,0.0011818807
878439,4.861668e-07
771071,3.4837478e-05
987645,0.023693549
235832,0.082989104
359793,0.5356424
443771,3.5694632e-07
851626,4.395365e-07
195241,0.030354833
405084,0.09193731
903893,3.1823245e-05
895643,0.35726118
182209,0.003370398
869630,0.04273378
584798,0.023205817
128832,0.0025221081
413314,0.0022279485
648493,0.010702862
242967,0.012022408
650750,0.24389036
685683,7.937515e-07
733429,3.4099436e-08
409733,1.7388562e-05
140395,5.613803e-06
734221,0.03606696
862526,0.049293548
242011,0.009698606
426883,0.032485075
431789,1.0298695e-08
691082,0.00031549408
633735,5.030082e-06
248127,0.00013986768
467452,8.838959e-07
690121,1.8989625e-06
133460,0.008944069
158450,0.046775088
582734,0.000101317186
955585,3.805711e-06
918951,2.0080774e-08
676588,0.006774366
995339,0.019925516
428105,0.0003657889
102229,0.015081911
478339,0.00040703785
808270,0.0024635496
820623,1.3950589e-06
558149,0.99389213
198702,2.4009895e-08
335198,4.4803706e-05
689025,0.059059106
674930,0.11174244
582599,1.2956943e-11
807782,0.009214937
253593,2.4754943e-05
725291,0.00029055282
327394,0.014744585
966301,0.20521973
582141,0.014289715
246350,4.920763e-05
334046,2.294411e-06
317744,6.108578e-08
787367,8.73271e-06
643763,0.0029020666
203732,3.4529548e-06
724795,2.2430797e-08
379905,6.488467e-07
470216,0.0025985816
851471,0.016177686
115503,0.02427521
147395,0.0049894573
150841,0.0006974031
353706,0.00463201
919217,0.1475931
501883,0.45185757
257055,0.0448535
206916,0.024092408
680021,1.7844877e-09
671865,0.75680155
447557,6.902679e-11
970192,0.001588846
397631,0.0039328863
800219,5.186934e-07
760879,1.4179714e-09
254817,1.6148246e-07
514515,0.0014422665
940438,0.00017131031
505968,1.5565837e-15
684181,0.1950487
410728,0.00011034917
979098,0.0009954699
951595,3.77964e-06
863998,0.0059032175
327613,0.011841404
760017,0.047995333
306810,0.0009873722
651293,3.8681094e-08
217136,2.5864074e-05
148852,0.029118339
519161,0.00013798106
125622,0.0014627362
688993,7.683793e-09
792355,1.1271196e-11
648339,0.99539095
281819,0.0007835183
137932,1.8403167e-05
455116,0.00014664646
585642,0.00034244178
676268,1.1785404e-06
703495,1.9275524e-07
728185,4.6633303e-08
800886,0.008379954
272631,0.09962586
512322,0.13603589
317982,0.0050892523
808435,1.2304822e-07
104631,8.6508386e-05
450512,0.015926102
878392,2.2217179e-07
903471,5.59793e-06
702156,0.0032283217
764252,0.12930994
247595,0.000667003
150893,0.021585904
325194,5.3020517e-09
848136,3.9547326e-06
886569,0.00041236109
801655,0.0017693518
308814,0.017984238
144435,6.740802e-05
536745,5.519237e-13
836550,0.7547913
747723,9.039649e-07
231998,0.022516774
949036,0.021343954
282542,5.4900147e-07
709271,6.245803e-14
552670,6.520727e-13
683538,0.20395654
551660,0.008367964
801616,3.1104967e-12
571330,0.018419243
430742,0.01567379
927030,2.2294136e-08
927518,0.016578993
729274,0.3415109
425060,1.4907833e-07
810696,1.9723331e-05
800512,9.130914e-08
817816,3.2574018e-10
308712,2.6718029e-08
757281,0.0007227414
246227,6.6800766e-07
233841,2.3743702e-05
512279,6.452627e-05
572207,0.05550504
512531,0.0042899344
650765,0.28306127
264333,0.07948572
593345,0.0022803738
821841,7.475514e-05
567983,0.0031822824
773734,2.6966026e-08
243904,0.002405813
329316,0.30607545
568330,0.010145984
359670,0.02085488
442224,3.066092e-06
594524,1.594157e-07
699447,0.35244036
857213,9.5979696e-05
378601,1.0149204e-12
893504,0.00127467
149965,0.04615366
536089,0.00032169107
521828,0.0026747521
519632,2.0222818e-07
799729,0.00061534403
649728,0.02412835
743004,0.0008926423
430463,7.3592915e-08
552741,0.02498001
869291,0.0020106924
517756,0.031526286
629802,1.9794143e-05
853895,0.002883981
114362,0.008808527
390215,0.00020530968
705375,2.1732698e-09
249691,2.7899346e-06
236300,3.703255e-05
654755,0.44829044
771363,0.00028017303
326207,1.4207193e-06
573635,8.779264e-10
928118,0.020025365
507862,0.010914669
254743,6.855978e-08
501919,0.009232227
870884,1.5148885e-05
218799,0.46335965
893401,0.025204688
819645,0.014413158
778283,0.019293262
685446,6.913263e-07
813343,2.381229e-11
686407,8.568249e-08
791861,5.5772587e-05
296702,5.982788e-08
134739,0.79945046
812377,7.50077e-07
852090,3.5449062e-05
382204,0.0005951069
934061,0.9733939
861277,3.1306489e-09
244247,0.002787224
364059,2.7285038e-08
381404,0.0010329674
585002,0.010918829
542027,8.3848624e-07
890167,2.6493058e-06
700124,0.0031855693
941937,4.8479264e-06
875669,0.027822811
212414,8.043605e-06
713043,2.0256964e-15
878621,1.4836252e-09
707751,0.26309136
249553,0.00025950812
604101,0.0002484773
485287,8.586155e-06
786328,0.1178499
249386,5.183567e-05
435973,3.0841792e-07
918995,0.4747449
850485,3.99028e-08
967951,0.0012519541
746734,0.9677799
847335,0.0024578378
387042,5.870256e-06
601574,0.0063460823
428618,0.042579114
622938,0.0007521546
570857,0.19511247
790318,2.2788815e-07
797944,1.86002e-05
254569,2.4220239e-05
902080,1.2350511e-09
388439,0.0001877432
199157,8.82847e-07
512432,0.0007048193
238372,0.0037490646
562711,0.009007254
264118,0.0011490065
295380,1.4206354e-05
921403,6.779455e-05
639252,5.433294e-10
254340,1.3983295e-05
881870,0.08823881
990990,0.007381014
519881,0.0015107495
950237,0.011120519
416921,0.004896229
719807,0.0066164015
768012,0.0007303764
659339,0.0009649337
306838,0.011732576
505471,5.5252776e-06
553521,1.4454372e-08
675380,0.00027657973
535205,0.0697564
512665,9.860316e-07
110356,0.00017500579
217467,1.1414821e-05
996547,3.7709992e-06
330002,1.8698731e-06
210173,0.00026937228
984284,1.2560564e-05
515826,0.00078653527
775631,0.00030268382
688043,0.0034695591
313857,0.93160164
359977,0.014134482
776193,0.0035412647
959359,0.01166675
679130,1.264567e-15
426156,0.0013771907
469852,0.009503112
449411,5.110696e-09
345353,3.746849e-05
331857,8.157455e-05
175957,0.07398215
303200,0.11288544
832548,0.9737594
262173,2.8053582e-06
849749,0.026726529
313271,0.00012950024
565127,0.5305368
885096,0.00015762901
469533,0.0011042551
842248,0.0068183527
210845,9.887311e-11
627651,0.00038921446
941575,0.00044530223
242759,1.2059382e-07
259300,1.4753402e-06
316061,6.2590414e-05
821347,0.6962069
719179,2.197469e-06
524622,0.045804143
747196,0.011919553
866173,0.009779627
128209,0.013278465
868562,0.013769918
839691,0.030664561
568390,5.255671e-05
543114,0.0013809035
732367,0.0015142766
606874,0.00010942382
902411,0.0020282096
531047,0.021604754
359092,3.7372494e-05
364333,0.57093143
630473,0.0068953135
329082,2.9341243e-10
421500,1.887461e-05
156106,0.008575331
755403,0.06790742
651610,9.957618e-05
128972,0.0015999798
981753,5.3074576e-08
303989,2.2864026e-07
342203,0.0070587434
487442,0.000248429
374518,0.00045082605
220539,3.2431217e-23
579217,7.037087e-05
757502,0.90895987
179617,4.356655e-06
754330,0.0009394246
521771,0.0080589345
368970,0.011561538
669115,0.68654
562205,0.06185119
235978,0.012679011
685355,0.019592235
673514,3.4493903e-06
463416,0.0090756025
278668,1.1237822e-10
997652,0.024298448
892499,0.032248713
784390,0.00025599718
561899,0.9223406
837041,2.600366e-05
235453,4.256966e-08
898607,0.0002123242
587861,5.241222e-06
704613,1.4717427e-06
305974,0.04487763
327740,0.25971285
137297,3.96578e-07
655656,0.0005541124
826843,0.011906959
756673,0.0009838627
139436,3.7131253e-05
997863,1.4733979e-05
484242,0.00024000404
770043,3.6772925e-09
118732,0.00028060528
283699,0.21590558
661828,2.999229e-07
427644,0.0009481519
398519,0.0007376834
969404,0.99572337
835593,0.16519248
727747,0.001353982
970441,7.253324e-09
453653,9.88117e-06
385913,0.002746471
597571,0.00017679067
237136,0.088779256
850564,0.00032106292
741554,0.4331206
489055,2.2217733e-05
130826,0.08375679
206331,0.3071737
236241,6.265341e-08
817620,0.00014043096
590676,0.8652211
294140,0.0046028905
664481,0.44218862
471760,1.0995251e-09
176845,6.091357e-05
958539,3.877235e-06
422283,0.0040110247
669345,1.5456064e-05
256057,8.013294e-05
692117,1.2559869e-05
951450,1.5986274e-05
169543,0.0037949677
916174,9.449475e-06
368519,0.058366776
991636,0.0002479732
666499,0.9137409
810240,0.06839943
657802,0.001228012
198222,0.054843623
562107,3.1239023e-07
470286,1.3286316e-05
375745,1.215942e-06
468844,0.00034710445
814803,1.2053008e-08
711496,0.0018114141
348045,2.1880252e-05
852688,3.6682266e-06
872559,0.45815042
221488,0.0004620811
788103,0.001433178
509987,0.002560832
414674,0.004248918
949407,0.00013809267
752332,0.00087234797
473437,0.0005626922
873082,0.0023901877
686262,0.00082241796
613780,0.0068779476
412617,0.06652018
168119,0.040829018
776400,0.02474936
490750,0.0002876041
746176,1.6208034e-05
877505,0.007090262
356873,0.03362556
824915,2.1334068e-09
989057,2.5010284e-08
332981,0.0012043644
478632,0.0023390849
473275,8.197526e-11
967130,0.0067323567
439198,0.11661329
403297,0.002418643
244132,0.0001559672
503218,0.00051780645
238109,1.289658e-05
649516,0.0006248233
773197,7.087292e-05
128783,1.831931e-05
356426,5.6402413e-08
960229,9.808512e-12
722845,0.0035742433
793125,0.07867032
167550,1.0068095e-07
719855,0.013272175
688439,0.052631315
147113,2.5454494e-15
591877,0.99952257
438689,0.013725829
211560,1.7890048e-07
227133,0.0037905066
478724,0.00018129326
282682,0.03378027
107422,4.019751e-08
523521,0.34917426
416981,0.005567326
298128,0.0061886306
571937,6.0534544e-06
681058,2.219693e-08
283332,0.002181652
968438,0.9999698
975966,1.4498716e-08
208080,0.001416351
569336,0.020179082
581814,0.34156072
593710,0.0011003477
259427,0.00080820906
109423,0.00062870973
943743,0.9774725
711622,0.22533303
596013,1.7621518e-05
311897,0.01696517
215326,9.806535e-07
773039,0.0038215495
875882,0.0070147873
326634,0.00017498911
860993,9.195563e-12
452770,1.3353913e-08
322019,6.0202308e-12
836944,0.00023247107
627175,8.714342e-08
378819,0.12880109
759963,0.0013862527
422858,2.2376996e-08
580868,4.156403e-05
718396,5.3721806e-07
648551,2.946074e-05
630483,5.0175867e-08
883455,1.5772607e-09
254591,2.0131488e-06
607853,0.9324583
646494,0.9950274
841552,0.0020425909
423830,0.008313906
821655,4.61075e-12
163432,0.0002418991
360688,0.00014528193
504553,0.0037408348
412922,0.20604397
743229,0.7781442
169000,0.011880104
766747,0.0131274965
565949,0.0037712816
796680,0.24520239
753755,0.124553345
674091,0.036594633
207921,0.014676649
147439,0.9930795
345939,0.0097870035
766994,0.0013421817
658849,3.4257086e-05
891910,0.037668135
410871,3.9773815e-07
778345,0.11459231
932671,0.0017975655
622989,9.885144e-07
179176,3.9215156e-05
716617,0.018232599
680848,1.5281053e-07
267182,0.0061996616
974166,0.08362731
983004,0.010742742
511873,8.060611e-05
342518,0.0056933155
108853,0.001877968
607728,0.00031345536
720091,8.620115e-05
854970,0.018731682
384554,3.370974e-06
213970,0.00039093447
567440,6.4235446e-06
197669,0.0006280204
900578,0.0046291286
243303,5.8411402e-05
592406,0.00052664394
634063,0.021417474
553391,1.502131e-05
601455,1.6434837e-08
833091,4.194261e-05
979675,2.852096e-05
324677,1.326989e-09
828120,0.08535378
603886,0.002060535
415384,0.007755728
166398,0.12458826
898689,0.3793708
706256,0.014632752
972880,7.986314e-13
113692,0.07061852
713053,0.714113
135631,0.00084404135
483482,0.0003773112
315126,0.00344832
141395,0.0003642066
488824,0.010190767
875957,3.752864e-05
102507,1.00535686e-07
838930,1.1254649e-05
398711,4.7592895e-08
629368,0.48384896
305328,0.0011903124
710943,2.816051e-07
189020,0.00027650932
135220,0.24069269
253320,0.017968103
900556,8.5250825e-08
979865,0.0015822666
478309,0.00058529776
748049,0.00037882963
915943,0.18011898
779238,0.027481304
695490,0.00097023067
799144,0.0024693112
183217,0.7968291
692440,0.0
540521,3.960134e-08
673146,2.8275204e-07
103501,0.93163055
294973,0.00014909671
592207,0.0004998973
731322,6.8102835e-08
654386,4.504064e-06
983081,0.03273945
184014,0.09832622
262617,0.99999964
858688,3.202539e-08
428712,0.00021265647
835316,9.034952e-07
256962,0.009223521
941354,0.0042476836
329529,2.81998e-06
708802,6.0361183e-09
905327,0.0005344508
671294,8.813664e-07
641103,1.0013458e-11
692905,1.9498032e-07
711213,0.9472363
954034,0.12736173
965367,0.22077464
311763,1.2673746e-06
791186,5.1968615e-05
756176,6.2266537e-07
824831,9.1072245e-08
412362,0.007844847
111701,5.207994e-10
645829,0.0048545646
873644,0.9761248
112073,0.0065626255
585257,2.0511935e-08
991682,0.5220032
347812,0.053036045
966250,0.16480556
356389,4.50683e-07
915969,1.5091413e-08
539725,0.6313338
822227,0.00039183107
348689,2.8589023e-08
805875,0.08713672
825393,0.023207335
120542,0.00025178574
576514,0.012627624
783267,2.436252e-05
162767,4.7900756e-10
863541,0.04493566
706598,4.233137e-07
850476,3.2664804e-05
390424,0.005949755
903771,0.0012613751
814194,0.09068422
488943,0.5063139
459860,0.70105684
570350,0.116532534
965314,1.4341388e-05
999122,0.0066396846
732949,2.8173776e-05
123426,5.2196585e-05
114797,5.4391594e-06
482679,2.2302916e-10
474787,1.550045e-05
709169,0.011454573
517859,0.00013001371
113274,0.12973921
241717,1.8049805e-05
904222,5.635739e-18
478586,0.0013576128
632936,0.006673762
891834,3.507536e-05
688277,2.2306222e-05
259169,3.4202264e-07
712960,0.001290305
859541,0.002183989
167049,0.038450796
501905,0.0016207895
997930,5.965295e-09
942550,0.0042849556
731997,2.5783398e-05
663349,0.0044965693
835540,6.507114e-06
166096,0.0015660089
350041,0.0035358004
104061,0.018158434
623129,6.236051e-05
559465,6.230492e-05
172698,6.2959034e-11
320563,0.00042495446
531883,0.0002525226
867956,0.0023442137
995958,6.8684376e-06
540132,0.012730334
971207,4.4329911e-07
924924,0.0004304274
592710,0.061546247
638902,8.2169604e-09
136086,2.1496357e-06
826389,0.0008990556
174391,1.6859228e-06
237168,1.675742e-05
622780,1.9759725e-08
923180,7.1133036e-06
594973,8.280082e-07
926933,0.16471533
979968,0.07856392
196918,0.0012812142
220165,2.4092017e-11
576957,1.8714768e-08
113868,0.026465423
168464,2.8004642e-06
782336,0.83388186
132596,0.0012730199
913308,2.6152767e-20
373150,0.033218954
807832,0.04932106
563291,0.26807436
301758,5.6023175e-05
459837,0.0032225961
430427,0.05120196
417266,7.889362e-08
762975,5.4791853e-06
372982,3.3006102e-06
271774,0.00077786396
454830,2.288249e-05
100986,2.2427676e-05
813120,0.00080843054
904055,0.00071712956
958566,2.5677493e-05
338402,0.00012998545
219325,1.2357501e-06
107458,7.2857342e-06
584694,0.0014520318
323304,9.117466e-11
191636,0.0001162674
555063,9.692737e-07
396206,1.6255588e-05
999673,0.010037992
795901,0.47576866
479596,2.107471e-06
546236,0.0004259258
279642,0.5159203
938983,2.338484e-06
800565,1.0465343e-05
115163,0.045625936
433776,0.03434471
844091,0.44803756
109678,0.0002822
543460,9.601815e-06
822618,9.9347e-12
341734,0.40183097
653392,0.012184333
109138,4.631128e-05
180029,0.00038919202
146399,0.002575943
812497,0.006887667
859987,3.63911e-10
418939,8.138948e-07
579447,2.3014102e-09
693472,0.0033667674
986913,0.0021457952
103385,0.000102704114
395782,0.00017866817
513393,0.09599312
401311,0.005430182
385404,3.1495725e-05
400247,0.33975232
267017,0.024822347
472689,6.643736e-08
444903,2.9420562e-05
164818,0.15531199
430108,0.17079875
571062,0.10706816
273239,7.5256395e-20
577554,0.00073667074
913661,0.0832493
733748,3.066674e-06
618844,0.00014681855
866115,0.20772383
628857,0.0035413941
958309,0.013220879
650356,1.9111036e-10
414640,6.900385e-06
870822,9.664742e-07
645411,5.434303e-09
926359,5.572076e-06
679103,0.00045173478
425875,0.0017572128
437836,3.4321106e-06
896929,0.00029558994
274522,6.8769975e-07
839314,4.8784345e-06
876673,5.5050936e-05
213946,1.5699433e-06
485261,0.4938979
241026,3.093903e-05
374760,2.293155e-09
531159,0.016235512
855794,1.5407764e-05
459670,0.01864265
914236,0.014625131
657329,5.3279257e-07
863433,0.003163545
380195,0.0017547831
551633,0.7143065
874591,0.2574432
601879,0.8093524
926275,0.06468614
139605,2.8678247e-05
675532,0.111646436
453606,0.00310824
391892,3.5703586e-06
119468,6.271702e-08
149538,0.0010718859
550840,0.013634237
663333,7.254752e-12
127565,1.1682687e-06
784779,1.193384e-05
781236,0.0074967355
838108,2.7749891e-08
223363,0.037123367
201740,0.52024585
186302,0.009905637
906042,3.3894597e-05
880772,0.00015561216
233476,0.014233991
367214,0.010118245
754007,0.00018044528
464608,4.786331e-10
659852,0.01014541
643493,1.1207922e-09
287531,0.00031761237
321829,2.754145e-08
904079,0.0047821435
358849,7.086232e-05
242624,1.3589545e-10
536344,0.1318053
527471,0.0015390511
267944,0.00964383
376257,0.8851167
260716,0.006764485
282339,0.0052780937
828319,0.8356942
481804,7.907409e-12
997117,0.058675446
411213,0.016554613
472733,0.0001112452
967805,6.2703264e-05
713432,0.35892528
990378,0.00011611106
268187,0.014778255
148477,0.99778074
127227,4.7526405e-07
501766,0.7372841
101279,9.4256924e-05
478373,9.240869e-07
157152,0.010765955
187542,1.2947338e-06
554323,0.0007005398
389017,0.23276946
939288,2.6758217e-08
471942,4.7587952e-07
445359,0.053027317
777808,0.0039480515
456910,2.3008985e-07
220525,0.0015420157
406813,0.042636745
516989,0.041099206
272687,0.012256967
406951,2.2445134e-05
928226,0.00025366765
584176,2.7347462e-06
238857,0.00035339667
390871,0.012996417
675131,0.09490092
801073,0.22904041
764462,0.0036567182
638783,0.0005090563
822380,2.0101705e-11
868132,0.0001284758
323510,5.428476e-05
118466,1.4072647e-08
499296,0.32309675
167570,0.051239155
458889,7.472717e-07
524897,0.0046725166
282923,1.9785839e-05
929888,0.65555084
217401,0.07310648
979262,3.2112605e-06
172181,0.823534
484255,0.00430429
622654,5.1705782e-11
437378,0.005937407
621475,7.437806e-05
322612,0.0038775085
655888,0.012525896
146112,0.0012686877
483072,7.3862175e-06
308432,5.402571e-10
193067,0.18313642
792032,0.032589022
293998,4.8937693e-08
431157,0.011453563
796708,2.5062429e-08
458022,0.2862864
238730,0.0005305608
171818,6.2093526e-09
718447,1.7397321e-13
931448,4.33209e-05
386255,0.004993158
750954,6.4588385e-05
637961,0.22639771
671033,0.03735092
634131,0.12460405
749019,0.28203532
308097,3.3915283e-05
612901,0.000994142
683273,0.0043608104
976430,9.681245e-07
921928,1.9725046e-07
337017,0.0067462157
696926,0.0001717909
897501,3.670585e-05
770746,7.8810976e-05
767731,4.841081e-13
162591,1.1107945e-06
807517,0.0005722175
570820,8.743285e-14
487190,0.001528719
443129,0.72838557
502339,0.00016341548
842071,1.1447941e-05
180917,8.628807e-05
254661,6.245962e-06
158152,0.6511339
578390,1.2222626e-13
353681,0.06595609
601241,0.00052404334
556241,0.003036224
183922,0.00011556528
293116,1.6187998e-07
947092,0.00010797374
304796,0.8694635
575580,0.00010627349
826572,0.36393228
576433,5.6003596e-06
820004,0.0026634338
859560,2.1716029e-05
949930,1.6209116e-05
876797,0.0032859703
675485,2.0792619e-09
328537,9.6516305e-06
467608,0.0002783211
776355,0.022703191
931429,3.0150767e-07
369980,0.99984807
750513,0.0017172922
189374,0.0011115205
469832,0.10786767
347510,0.19376372
659887,0.0032381166
503788,0.0002501338
530198,0.00019139335
311439,9.611059e-06
154468,0.84773004
467251,0.15523186
834801,0.0018651215
205639,7.495912e-09
517374,0.023731317
558640,0.6699649
532532,0.96958745
940312,0.0017584269
901067,0.0012706987
747826,2.0792725e-06
150978,0.0013108151
115213,3.7307038e-07
156442,0.0014900239
850198,1.5624335e-07
335993,5.563978e-06
255147,5.953735e-09
292857,0.9995534
738441,0.04576426
144177,0.20210955
798088,0.010745112
308037,1.6614607e-06
210330,0.0050505945
577578,8.7802e-06
945208,3.333393e-08
312170,0.003532197
135873,0.0006493296
113616,0.37643322
134440,0.00077012955
904211,0.07500933
434224,0.024374686
145760,0.005388183
376144,0.0010221857
335683,1.1190054e-07
524593,0.00032479677
348945,0.0030964583
754370,0.02820451
471309,7.2842687e-09
867105,0.039609395
383042,7.305163e-14
287875,0.013288927
550595,4.647972e-05
589320,2.440849e-14
421595,1.612888e-06
987430,7.189776e-05
713186,0.014234217
480904,0.5797626
973542,1.6063152e-13
927989,0.99992454
220045,0.058914065
468261,0.019832514
402523,0.53731936
131694,0.003128097
315678,0.0026095717
702672,0.055185974
638041,1.710384e-05
206446,0.007559015
278684,0.0013113745
699586,0.00011878219
748179,0.00012090221
348818,0.0028466512
631389,1.3541554e-05
351160,0.0036773034
122538,6.461232e-06
954717,7.4083277e-09
481043,0.01890206
735643,0.0033994978
891237,0.00406337
747803,0.021421053
510571,4.5613993e-07
697156,0.08575025
981795,0.00025580637
720088,0.0007477116
772194,0.0
846083,4.3560343e-05
878806,0.07015334
440814,0.0050888485
705356,0.031611893
760841,0.0013787932
579466,5.4965067e-08
194177,0.00057485735
361109,0.45702028
620674,0.0021417893
694190,4.6363607e-06
819244,0.00058853836
458785,3.677876e-05
542792,0.0003530547
759429,8.39368e-05
164903,9.755927e-05
444135,0.024946189
713784,0.010744809
277032,0.0060900594
583669,0.009625277
170085,3.4654247e-06
465850,2.3242017e-06
771167,0.007022953
414953,2.79411e-05
176381,0.69520974
658413,1.1148849e-08
888713,0.014946847
238295,0.00047163275
143544,5.3576616e-07
568014,0.030840939
267699,3.4957266e-11
242158,0.0015132669
332436,0.00039254478
301773,0.3165684
244515,2.4420624e-05
609869,6.2758966e-07
409427,0.10665112
471755,1.4411955e-05
587755,1.817793e-05
943017,6.110358e-05
784480,0.04230023
917179,5.59309e-06
786192,0.052954882
607666,0.0004433285
592316,3.074214e-06
910665,0.001558228
483158,0.024996009
852308,0.15191428
780189,8.889816e-06
423507,0.000146113
198883,0.00012258046
849496,2.0378573e-05
178839,6.117641e-05
439994,0.00077046937
427861,0.013858798
308747,0.5635343
733622,0.0009399895
105418,7.6398887e-10
371822,5.805595e-07
396271,0.00037570857
853139,3.670861e-08
475744,3.7775026e-12
160866,0.007685989
403405,0.00027004912
123623,2.8995732e-08
790104,0.018133258
885706,0.006368339
550034,0.00089490076
169009,4.734107e-10
223620,0.048032988
829094,0.0061063366
265624,6.3968613e-09
159266,0.0033457468
952657,0.0009187248
442018,0.0003178371
455529,0.9999827
799555,6.6533556e-10
774715,7.997589e-06
412726,0.0568177
444785,0.013026238
575995,0.00434083
176478,0.0031892676
405252,2.8262524e-05
288735,0.906298
957139,4.7760835e-09
456835,7.9329126e-05
391373,0.0019285724
994708,0.0007076539
958495,6.9464906e-05
895089,2.7599853e-07
949899,0.0003146953
868473,0.00015010926
761638,0.00043777903
943945,0.26823166
226275,6.1127823e-09
213629,0.00015500204
768200,6.541228e-05
539794,3.4300232e-05
525284,0.45052114
365598,0.00026094163
795688,1.00074885e-05
101233,0.6999303
808938,1.144534e-09
546892,0.004836446
951112,0.009562912
938642,0.00010109734
277421,0.035208266
870242,2.0891312e-05
654736,0.97625756
213314,0.65008736
171211,0.010804905
746481,0.052220467
438795,6.211165e-09
570581,1.6228553e-06
687659,0.00016900644
132805,2.1245361e-05
835772,2.6201414e-07
249699,1.717009e-09
997035,5.4884982e-05
188906,0.0039272755
404225,6.053387e-07
462554,0.00032873626
247028,1.8194508e-07
176813,0.00021118787
215925,0.0021733337
174151,0.5049026
845617,0.573465
245548,0.109708846
328608,0.011109564
758891,7.48336e-06
204747,0.0160815
584979,0.023525402
440476,2.6682215e-05
699963,0.00022665987
868254,6.4435815e-05
867065,0.023236651
228779,0.0044619823
477477,0.00791566
455581,0.032065887
161194,0.006675627
761895,0.08619569
823391,0.00017527147
272179,9.459909e-05
737334,0.7088162
698964,2.5270817e-06
147695,0.607445
887246,5.2057894e-05
678499,0.0012777367
933691,0.014858427
504576,0.0012925843
289392,0.0019296337
182989,0.006497245
512221,0.00044716662
775379,4.0156032e-05
535966,0.70991933
354960,0.0037390064
797966,3.9001208e-08
312845,0.0051622023
836666,0.006302061
112352,0.006196877
164525,0.0001725485
231672,2.260751e-06
718697,0.015445276
107270,0.0005065787
454569,0.07827191
954216,0.4270065
586263,3.2025625e-06
420544,9.326923e-10
404152,5.4128854e-05
506818,0.0051053525
423071,1.3349272e-05
707293,0.04300651
441612,0.037373967
443532,0.0007463263
444164,0.0017492538
356925,0.0012581971
120621,0.16310622
690900,7.3087834e-11
395569,0.00047238098
434177,0.99865425
865537,1.82583e-07
206091,0.00055444945
986868,6.1390594e-05
649341,0.0055816667
460099,0.00029887116
535629,4.0537455e-11
974023,0.14972292
871137,0.0024008444
603257,0.11285391
569819,5.733333e-13
468081,0.0029346843
487681,1.5919784e-07
633271,2.8781431e-05
662092,0.1112586
979222,0.7488893
246635,0.0008947576
704993,0.045400072
952879,0.043118373
220090,0.0016922379
719082,0.0023236796
715453,0.00018309387
303193,1.2580178e-09
565229,2.629909e-08
163221,0.9595237
931090,0.000459205
848409,3.701991e-05
702481,0.05561915
874747,2.2310319e-10
359231,9.796442e-05
348827,0.0003224956
757376,0.000263283
783624,0.00041752504
628314,0.0003633498
823524,0.08760829
429219,1.5685904e-13
369507,0.04745675
861619,4.5772507e-05
228924,0.99527013
987713,0.0003619686
510415,5.2107116e-05
627757,0.011943834
562122,0.025982564
328720,0.5659052
384459,2.5309006e-08
691381,0.0003975584
584467,7.466784e-14
102421,0.015540802
354634,9.063958e-11
609421,0.0071174176
394051,0.009374767
806490,0.01602071
969497,0.0068866527
863820,3.31331e-09
754888,0.0006419592
363707,0.0011154826
696204,0.11686703
694592,0.0003683025
179545,0.40228596
731381,0.0027290287
529496,1.8096664e-06
334746,1.6629161e-09
251773,6.1292965e-05
774959,8.253928e-06
869920,4.0722453e-10
341079,9.827391e-11
835080,6.819864e-08
254920,0.4759766
133297,0.009324942
886327,1.9237876e-07
111295,6.11557e-05
629772,0.036216658
565035,0.007078657
214586,0.9278685
913011,2.6447024e-05
903118,0.020690668
860128,0.0002509259
212261,0.0006512016
393864,0.00010919534
884280,0.00034560508
703857,0.008914673
247167,4.8583724e-06
598290,5.9716844e-05
827464,0.0017963749
101043,0.9199414
193657,0.00017232852
694667,0.00013941973
227522,0.0011461407
707589,1.2980929e-06
636914,3.3646593e-06
484679,0.6895959
640361,0.013549599
182841,0.011743523
621206,7.331081e-05
529951,0.039584167
280696,6.667326e-11
822722,0.018489707
469024,0.0006251087
676186,3.416193e-08
629512,0.16372779
881500,1.1957544e-06
118996,0.38710645
310974,0.01193341
568822,8.623626e-05
127633,0.0021113264
655102,0.021654047
950011,3.1521014e-07
456184,0.0728209
474774,0.48337418
250332,0.002033906
946920,0.0014991338
796686,0.27841327
296922,5.539564e-08
866657,5.9066846e-08
588866,4.6885296e-10
314588,0.033696875
868811,1.542482e-05
493028,0.0009371825
602588,0.0020383962
631331,3.1027415e-07
101122,1.6952183e-05
167827,0.00028699523
150955,9.2498575e-10
356414,9.535588e-09
111444,0.0011268872
193324,0.0009749185
143102,6.594044e-05
984033,3.5413004e-07
558972,1.7408593e-22
493276,0.86637783
157882,0.7639549
644411,3.0818498e-08
737540,0.0026647476
124433,0.00041411928
212570,0.0017326269
698134,0.997571
485498,0.021769678
253914,0.043851726
390335,0.90997773
685469,0.029104741
445184,0.009792316
661262,0.07967419
172234,2.1775162e-07
884986,0.01082679
492725,4.964016e-05
744706,0.000278784
150299,0.13022909
642420,4.9334212e-05
924149,0.00030558836
572327,3.91397e-06
359038,9.228811e-06
223353,0.0072770524
784409,0.7220447
657316,0.006607131
589960,0.24112311
519255,0.006352012
198773,1.51428e-07
591082,0.00038527866
145641,0.00027544214
710477,0.12864733
375206,0.20413929
535344,0.010741718
260050,0.00047603511
786429,0.0060218466
602292,0.0013062853
477336,0.00094296946
725286,0.34375125
435975,6.936827e-07
417842,0.95605993
681239,6.302578e-09
451636,5.3134423e-05
946838,0.0009967377
187677,2.0688702e-12
160029,0.019254278
764054,7.804053e-05
772134,0.0003308611
635190,0.98505485
467184,9.692053e-09
796022,0.0004722722
389575,0.015565027
239568,0.36524266
332880,6.4546155e-05
475059,0.0014960949
684491,0.0020943675
692583,0.00022509482
640566,0.0026079107
471828,1.4733445e-05
775744,0.6365653
451060,0.089253925
975263,5.980871e-08
283171,0.07067091
654331,4.8756527e-10
820728,0.001306777
719722,0.0054159854
693847,0.00047738446
797220,0.0026700739
257911,0.009099399
188982,0.012497335
635991,0.8140671
376016,3.3714387e-05
982702,0.00056737434
844857,1.1773222e-07
912640,0.0013299014
598724,1.3227048e-05
616266,0.006282616
164990,0.0029351306
948561,0.018665971
529899,0.004892876
166383,0.05155899
585987,0.0002835401
343924,5.0184862e-08
483889,2.589636e-05
300707,0.00012000984
343161,1.03161665e-17
692395,0.9708059
499971,1.5800708e-08
493781,0.00023635589
971611,0.26227745
237123,0.00088442
705003,0.045172814
118128,0.00017796035
390321,0.00024338668
614422,1.6536867e-13
739938,7.611342e-09
356578,1.28842885e-05
824688,0.29512003
687524,0.0028515458
488052,0.0014262657
627472,2.3102104e-05
904745,3.5223722e-05
356835,0.00029174867
817286,0.0012662251
964775,2.7614817e-05
172972,2.584923e-05
984639,0.16417524
230409,0.00034612388
565750,4.36941e-05
435200,2.7282253e-05
371628,4.129343e-07
306364,2.0639514e-12
967357,0.00026992246
950621,8.440538e-05
233225,0.018352518
402284,0.047980856
109015,0.0018633344
264299,0.00081223657
937778,0.01238291
480237,0.03283625
611062,1.3550417e-07
799983,1.7400059e-11
113059,0.0030110895
240645,4.428664e-07
790134,0.07349302
641573,9.088168e-06
130446,0.0010981004
816174,0.06268781
868280,0.0004703299
796846,2.465267e-06
408100,0.000337814
287217,0.039900877
619505,0.00189045
378295,6.1544188e-09
480771,0.00024424726
591048,0.9633243
745022,0.00013201301
892058,0.99992317
336579,0.011392302
230000,8.064043e-07
759251,3.8390502e-10
294813,2.0217963e-09
349684,3.432422e-05
486162,5.04698e-05
172958,0.23157442
105358,2.7503242e-07
839466,1.6579005e-08
443570,0.11075285
989774,3.134444e-06
766354,5.3881548e-05
557968,0.002176289
676304,0.7676356
966846,0.00028399704
213252,0.00037246244
143054,0.008389573
621191,0.015263952
296823,0.70073587
696520,8.36935e-05
624063,0.0016925916
677657,8.1741106e-05
364407,3.0163872e-06
764999,0.07554383
982534,0.34048417
381958,0.061864913
662065,0.00037410296
402912,3.813664e-08
642640,0.8735488
354660,1.7927811e-09
348542,0.00013539859
867082,0.0035183374
716686,1.728732e-05
898339,0.0046847165
688996,0.0013092079
349676,2.0987838e-11
969098,1.5660519e-10
630900,0.009486766
604994,2.9213675e-06
809665,0.14840463
727350,1.2900234e-05
958937,0.050083667
733731,0.43342486
994580,2.9588196e-09
191175,3.162264e-13
277130,8.586261e-06
975823,0.0039662845
515254,0.0010242356
559780,0.8608598
758696,0.10133127
148853,2.7047001e-08
383643,9.613786e-07
665783,2.8417224e-05
846439,0.0005700187
143956,0.0018617752
856959,4.8408116e-10
605205,1.34647535e-05
443923,0.07821032
553218,7.1261995e-05
474000,2.448444e-06
379496,3.153495e-06
649145,0.00016441343
730598,0.0012535219
386344,0.0043738354
325450,4.2163134e-05
590514,1.2669916e-06
859268,0.0022257152
823062,1.2200679e-06
289954,0.008541277
332749,0.121723205
105406,6.132637e-06
368184,0.00021411687
879021,0.00071710703
656568,0.15716058
553931,0.0007989811
789290,0.0031571395
736462,1.5048232e-07
603559,1.0577927e-06
737083,1.5922366e-07
750544,1.4669975e-05
327439,0.00010411955
761154,1.0020362e-05
280614,0.00048287227
408122,3.231608e-05
162752,0.025697654
567981,0.00023431113
911867,0.43139166
194667,0.60806865
596023,0.022903608
862073,1.1515689e-06
349201,7.4913984e-08
202367,4.2146476e-07
665433,2.5249245e-05
787283,2.409266e-07
259273,4.1112773e-05
752931,2.676279e-07
168291,3.5488392e-05
689764,0.0017604386
179403,0.00012273694
772891,0.0035956043
366519,0.12165686
863086,0.0024877023
114520,0.001905041
305104,0.022513011
840126,0.0005628333
408495,2.0661673e-06
379489,5.587021e-10
588431,2.4094726e-07
354372,1.715307e-05
236320,2.1015483e-06
693022,3.083241e-05
279070,1.0773072e-08
251896,1.5577834e-05
201307,1.3438115e-10
441238,0.006634503
793593,1.7756354e-05
512968,9.596019e-08
233265,0.009154174
220162,0.018614883
818459,1.9734467e-05
310098,0.0006399476
476899,0.0025849622
956458,0.00042727424
281213,0.054134727
917308,0.99582225
534627,8.349868e-06
973434,0.038888883
716720,0.030439032
785481,1.8681163e-09
673663,0.0053204712
588607,7.2840036e-13
810400,6.9397047e-06
403791,0.0003596933
638784,0.0002981338
204059,3.008513e-08
578017,0.0045216456
772271,0.018149005
835515,0.00078575686
305309,5.8219683e-08
717091,0.027454492
420263,0.041470557
435809,0.014403522
755537,0.7212944
606768,0.03780282
797313,3.9404167e-05
315576,1.581043e-05
644959,4.5247027e-08
706159,0.020015903
138665,0.024104884
133179,4.744643e-06
609724,0.0008134518
408727,0.43558434
621833,0.004614173
309588,6.0422914e-05
436379,0.009594511
871548,0.016314175
518799,7.292491e-06
828568,0.0005556827
195758,2.257218e-06
882208,0.25297278
880387,0.91044295
834878,2.0588736e-06
980040,0.003429625
891988,0.005028655
539291,1.8388553e-05
658517,2.8011798e-05
711906,0.0126999905
638931,0.021725828
547208,0.0006357621
387465,0.032445148
934463,0.05777715
199746,0.021592395
205498,0.7600218
217203,1.4243724e-07
394137,3.0591054e-22
736215,0.1152822
995558,0.00033702736
283522,0.0078102592
622566,6.658147e-07
513777,5.4592816e-05
662834,0.025804657
681947,0.011846097
384757,0.00014298868
814254,0.0024335645
314673,0.2817431
109537,0.007853374
425468,6.4474655e-08
703519,0.0005581348
824840,0.08870064
805769,0.7084985
353694,0.01466834
979015,0.021593267
342424,0.00026794607
503510,3.958559e-07
539588,0.0024709478
124805,0.112717174
457463,0.66241574
225931,0.00397337
985475,0.99464095
557071,0.02835342
168366,0.0011706661
797675,1.4223855e-06
416342,4.0309964e-09
871865,2.2788861e-11
196377,2.3024445e-06
368361,0.00024405682
521359,0.016921503
495952,0.9419105
539883,0.0029924975
356144,0.18816869
252264,0.0038408106
635140,4.7440155e-13
862724,0.00020769841
916429,0.015569778
981318,9.290533e-08
789556,0.40710804
120283,0.054581903
997034,0.038011227
551545,0.33040446
274436,1.2680184e-05
299498,8.692533e-05
842154,2.6714604e-05
134733,7.096253e-05
977340,1.01042115e-05
562919,0.007543246
378268,3.39684e-14
692068,1.8346967e-06
821316,0.2359091
731658,0.05319615
533623,1.7823028e-05
207754,0.01669995
329872,0.0037188933
274211,0.009334109
594486,0.08162294
822361,0.032224495
532830,0.0009210141
992345,0.012261379
733035,0.00035640466
279764,0.014778186
446235,8.1659667e-16
640304,4.7112927e-09
699771,7.52747e-05
877461,0.00047775343
446288,0.0002730268
782516,2.261625e-05
360740,0.0063248985
873662,9.102731e-06
993424,0.0074529075
990981,4.5904e-05
336522,0.19059327
313182,2.8323939e-08
830507,0.0009625675
975133,8.978298e-06
612332,0.027994972
180086,0.026876362
816582,0.99137676
902050,0.9124192
939928,2.1417513e-06
162319,6.431495e-06
489237,4.0452122e-14
431213,0.33575538
573633,0.013090895
256516,0.0033186954
723541,1.8573344e-05
907829,0.00024349552
970618,0.02978282
478957,4.8234906e-11
970153,0.000104651495
788317,9.001976e-09
622017,0.0005748212
807787,0.10102693
333553,1.9575146e-17
526367,0.002638065
509462,0.0026827778
239604,0.00023877382
329948,0.010388011
562160,0.0011644711
839063,0.0001620642
740963,0.018986471
901376,0.00022719995
125327,0.15869467
490167,0.00070969644
223181,9.93606e-09
959196,0.06891247
765553,0.005391449
930133,3.1969428e-08
912243,2.8246437e-05
985323,0.00020230548
406540,4.4187837e-07
561388,9.318019e-09
285994,0.023734892
394446,3.8986505e-05
149047,0.0025082335
947942,9.0545486e-13
557896,5.3478165e-05
930042,0.00021028852
417966,3.621153e-08
632310,9.2559867e-07
138052,1.4316204e-05
118741,0.0007877504
624167,0.013197758
578593,0.011715686
146274,1.4366725e-05
356237,0.03020608
495596,2.7357931e-09
409118,0.008916821
837297,0.0002774013
408764,1.6772118e-06
394015,2.6006885e-05
168282,3.1090226e-06
352205,1.8280689e-07
289727,0.0045202556
443826,0.17701162
324654,5.1664653e-08
849595,8.273467e-07
133388,4.0029518e-06
865094,0.07153258
204653,0.0014623224
237239,0.00055642443
484635,0.008540369
931097,0.08468844
727513,5.829847e-06
981761,4.6335004e-05
394199,2.056013e-06
146344,1.9264549e-08
645410,1.0252072e-07
174782,0.016270973
708234,0.0134826265
572983,0.043795243
506070,0.043327123
957489,0.5453007
859708,0.01573816
532277,0.0011988367
475211,1.3622338e-34
507495,1.5351363e-08
371870,0.5512819
292903,0.39806458
533596,0.124058545
334278,0.0006730276
722448,0.0001906915
981891,0.00846029
344048,5.138465e-05
264511,0.0063436655
443078,0.5704788
826256,0.018945824
934235,0.1446393
916290,0.0015966317
174275,3.0292993e-05
197123,0.0014804137
451996,0.00057675515
116932,0.047596842
894109,1.6550872e-05
823717,0.00043652867
854768,8.676192e-09
460636,2.4695163e-07
488178,0.0005546123
178015,1.8033066e-05
806799,0.00017195033
374430,0.09152856
944276,0.00014415385
777257,3.6260553e-05
997075,0.4390614
336118,2.5277325e-06
754092,0.001480525
659757,0.9701786
749027,0.9953904
895286,0.0014209199
520747,0.010765631
154801,0.08724765
777586,0.0010839717
929380,0.6578132
644663,0.003460056
940828,1.8793942e-05
223393,0.00057284074
871080,0.78026044
253127,1.0180537e-08
841021,7.098991e-06
871306,4.4647877e-06
516122,0.6532245
919527,0.8534967
211315,5.2690052e-09
680432,0.00013254923
944440,2.2985959e-11
486307,1.8284649e-09
227732,0.001894321
371922,0.0046487777
239468,6.793651e-06
172788,0.0001487023
206485,0.39801842
542086,0.000638651
782618,0.0012922575
467307,0.9967073
921873,0.00034485283
370313,2.8050401e-05
359141,1.5935867e-06
841636,0.0007652004
330305,0.0170032
173635,0.0016472755
323747,0.00020168818
165258,1.1767463e-07
787481,0.00015037025
889121,0.0031988733
653697,0.040619906
200383,0.009647229
946642,0.082414195
338941,0.0017107989
411143,0.0034103761
740120,0.0008020336
550728,8.2696647e-07
385388,0.6773648
166874,1.2235438e-08
146405,2.8083963e-05
626797,0.0018161347
665692,0.05934695
